ISO-10303-21;
HEADER;
FILE_DESCRIPTION(('KiCad electronic assembly'),'2;1');
FILE_NAME('output_with_fillzone.step','2026-06-11T22:35:06',('Pcbnew'),(
    'Kicad'),'Open CASCADE STEP processor 7.9','KiCad to STEP converter'
  ,'Unknown');
FILE_SCHEMA(('AUTOMOTIVE_DESIGN { 1 0 10303 214 1 1 1 1 }'));
ENDSEC;
DATA;
#1 = APPLICATION_PROTOCOL_DEFINITION('international standard',
  'automotive_design',2000,#2);
#2 = APPLICATION_CONTEXT(
  'core data for automotive mechanical design processes');
#3 = SHAPE_DEFINITION_REPRESENTATION(#4,#10);
#4 = PRODUCT_DEFINITION_SHAPE('','',#5);
#5 = PRODUCT_DEFINITION('design','',#6,#9);
#6 = PRODUCT_DEFINITION_FORMATION('','',#7);
#7 = PRODUCT('output_with_fillzone 1','output_with_fillzone 1','',(#8));
#8 = PRODUCT_CONTEXT('',#2,'mechanical');
#9 = PRODUCT_DEFINITION_CONTEXT('part definition',#2,'design');
#10 = SHAPE_REPRESENTATION('',(#11,#15),#19);
#11 = AXIS2_PLACEMENT_3D('',#12,#13,#14);
#12 = CARTESIAN_POINT('',(0.,0.,0.));
#13 = DIRECTION('',(0.,0.,1.));
#14 = DIRECTION('',(1.,0.,-0.));
#15 = AXIS2_PLACEMENT_3D('',#16,#17,#18);
#16 = CARTESIAN_POINT('',(0.,0.,0.));
#17 = DIRECTION('',(0.,0.,1.));
#18 = DIRECTION('',(1.,0.,-0.));
#19 = ( GEOMETRIC_REPRESENTATION_CONTEXT(3) 
GLOBAL_UNCERTAINTY_ASSIGNED_CONTEXT((#23)) GLOBAL_UNIT_ASSIGNED_CONTEXT(
(#20,#21,#22)) REPRESENTATION_CONTEXT('Context #1',
  '3D Context with UNIT and UNCERTAINTY') );
#20 = ( LENGTH_UNIT() NAMED_UNIT(*) SI_UNIT(.MILLI.,.METRE.) );
#21 = ( NAMED_UNIT(*) PLANE_ANGLE_UNIT() SI_UNIT($,.RADIAN.) );
#22 = ( NAMED_UNIT(*) SI_UNIT($,.STERADIAN.) SOLID_ANGLE_UNIT() );
#23 = UNCERTAINTY_MEASURE_WITH_UNIT(LENGTH_MEASURE(1.E-07),#20,
  'distance_accuracy_value','confusion accuracy');
#24 = PRODUCT_RELATED_PRODUCT_CATEGORY('part',$,(#7));
#25 = SHAPE_DEFINITION_REPRESENTATION(#26,#32);
#26 = PRODUCT_DEFINITION_SHAPE('','',#27);
#27 = PRODUCT_DEFINITION('design','',#28,#31);
#28 = PRODUCT_DEFINITION_FORMATION('','',#29);
#29 = PRODUCT('output_with_fillzone_PCB','output_with_fillzone_PCB','',(
    #30));
#30 = PRODUCT_CONTEXT('',#2,'mechanical');
#31 = PRODUCT_DEFINITION_CONTEXT('part definition',#2,'design');
#32 = ADVANCED_BREP_SHAPE_REPRESENTATION('',(#11,#33),#19892);
#33 = MANIFOLD_SOLID_BREP('',#34);
#34 = CLOSED_SHELL('',(#35,#77,#108,#139,#5360,#10581,#10598,#10615,
    #10632,#10649,#10666,#10683,#10700,#10717,#10734,#10751,#10768,
    #10785,#10802,#10819,#10836,#10853,#10870,#10887,#10904,#10921,
    #10938,#10955,#10972,#10989,#11006,#11023,#11040,#11057,#11074,
    #11091,#11108,#11125,#11142,#11159,#11176,#11193,#11210,#11227,
    #11244,#11261,#11278,#11295,#11312,#11329,#11346,#11363,#11380,
    #11397,#11414,#11431,#11448,#11465,#11482,#11499,#11516,#11533,
    #11550,#11567,#11584,#11601,#11618,#11635,#11652,#11669,#11686,
    #11703,#11720,#11737,#11754,#11771,#11788,#11805,#11822,#11839,
    #11856,#11873,#11890,#11907,#11924,#11941,#11958,#11975,#11992,
    #12009,#12026,#12043,#12060,#12077,#12094,#12111,#12128,#12145,
    #12162,#12179,#12196,#12213,#12230,#12247,#12264,#12281,#12298,
    #12315,#12332,#12349,#12366,#12383,#12400,#12417,#12434,#12451,
    #12468,#12485,#12502,#12519,#12536,#12553,#12570,#12587,#12604,
    #12621,#12638,#12655,#12672,#12689,#12706,#12723,#12740,#12757,
    #12774,#12791,#12808,#12825,#12842,#12859,#12876,#12893,#12910,
    #12927,#12944,#12961,#12978,#12995,#13012,#13029,#13046,#13063,
    #13080,#13097,#13114,#13131,#13148,#13165,#13182,#13199,#13216,
    #13233,#13250,#13267,#13284,#13301,#13318,#13335,#13352,#13369,
    #13386,#13403,#13420,#13437,#13454,#13471,#13488,#13505,#13522,
    #13539,#13556,#13573,#13590,#13607,#13624,#13641,#13658,#13675,
    #13692,#13709,#13726,#13743,#13760,#13777,#13794,#13811,#13828,
    #13845,#13862,#13879,#13896,#13913,#13930,#13947,#13964,#13981,
    #13998,#14015,#14032,#14049,#14066,#14083,#14100,#14117,#14134,
    #14151,#14168,#14185,#14202,#14219,#14236,#14253,#14270,#14287,
    #14304,#14321,#14338,#14355,#14372,#14389,#14406,#14423,#14440,
    #14457,#14474,#14491,#14508,#14525,#14542,#14559,#14576,#14593,
    #14610,#14627,#14644,#14661,#14678,#14695,#14712,#14729,#14746,
    #14763,#14780,#14797,#14814,#14831,#14848,#14865,#14882,#14899,
    #14916,#14933,#14950,#14967,#14984,#15001,#15018,#15035,#15052,
    #15069,#15086,#15103,#15120,#15137,#15154,#15171,#15188,#15205,
    #15222,#15239,#15256,#15273,#15290,#15307,#15324,#15341,#15358,
    #15375,#15392,#15409,#15426,#15443,#15460,#15477,#15494,#15511,
    #15528,#15545,#15562,#15579,#15596,#15613,#15630,#15647,#15664,
    #15681,#15698,#15715,#15732,#15749,#15766,#15783,#15795,#15812,
    #15829,#15846,#15863,#15880,#15897,#15914,#15931,#15948,#15965,
    #15982,#15999,#16016,#16033,#16050,#16067,#16084,#16101,#16118,
    #16135,#16152,#16169,#16186,#16203,#16220,#16237,#16254,#16271,
    #16288,#16305,#16322,#16339,#16356,#16373,#16390,#16407,#16424,
    #16441,#16458,#16475,#16492,#16509,#16526,#16543,#16560,#16577,
    #16594,#16611,#16628,#16645,#16662,#16679,#16696,#16713,#16730,
    #16747,#16764,#16781,#16798,#16815,#16832,#16849,#16866,#16883,
    #16900,#16917,#16934,#16951,#16968,#16985,#17002,#17019,#17036,
    #17053,#17070,#17087,#17104,#17121,#17138,#17155,#17172,#17189,
    #17206,#17223,#17240,#17257,#17274,#17291,#17308,#17325,#17342,
    #17359,#17376,#17393,#17410,#17427,#17444,#17461,#17478,#17495,
    #17512,#17529,#17546,#17563,#17580,#17597,#17614,#17631,#17648,
    #17665,#17682,#17699,#17716,#17733,#17750,#17767,#17784,#17801,
    #17818,#17835,#17852,#17869,#17886,#17903,#17920,#17937,#17954,
    #17971,#17988,#18005,#18022,#18039,#18056,#18073,#18090,#18107,
    #18124,#18141,#18158,#18175,#18192,#18209,#18226,#18243,#18260,
    #18277,#18294,#18311,#18328,#18345,#18362,#18379,#18396,#18413,
    #18430,#18447,#18464,#18481,#18498,#18515,#18532,#18549,#18566,
    #18583,#18600,#18617,#18634,#18651,#18668,#18685,#18702,#18719,
    #18736,#18753,#18770,#18787,#18804,#18821,#18838,#18855,#18872,
    #18889,#18906,#18923,#18940,#18957,#18974,#18991,#19008,#19025,
    #19042,#19059,#19076,#19093,#19110,#19127,#19144,#19161,#19178,
    #19195,#19212,#19229,#19246,#19263,#19280,#19297,#19314,#19331,
    #19348,#19365,#19382,#19399,#19416,#19433,#19450,#19467,#19484,
    #19501,#19518,#19535,#19552,#19569,#19586,#19603,#19620,#19637,
    #19654,#19671,#19688,#19705,#19722,#19739,#19756,#19773,#19790,
    #19807,#19824,#19841,#19858,#19875));
#35 = ADVANCED_FACE('',(#36),#72,.T.);
#36 = FACE_BOUND('',#37,.T.);
#37 = EDGE_LOOP('',(#38,#48,#57,#65));
#38 = ORIENTED_EDGE('',*,*,#39,.T.);
#39 = EDGE_CURVE('',#40,#42,#44,.T.);
#40 = VERTEX_POINT('',#41);
#41 = CARTESIAN_POINT('',(-86.576947,36.74607,0.));
#42 = VERTEX_POINT('',#43);
#43 = CARTESIAN_POINT('',(-86.576947,36.74607,1.51));
#44 = LINE('',#45,#46);
#45 = CARTESIAN_POINT('',(-86.576947,36.74607,0.));
#46 = VECTOR('',#47,1.);
#47 = DIRECTION('',(0.,0.,1.));
#48 = ORIENTED_EDGE('',*,*,#49,.T.);
#49 = EDGE_CURVE('',#42,#50,#52,.T.);
#50 = VERTEX_POINT('',#51);
#51 = CARTESIAN_POINT('',(-84.232074,38.327706,1.51));
#52 = CIRCLE('',#53,2.000000481925);
#53 = AXIS2_PLACEMENT_3D('',#54,#55,#56);
#54 = CARTESIAN_POINT('',(-84.61369229905,36.364451202087,1.51));
#55 = DIRECTION('',(0.,0.,-1.));
#56 = DIRECTION('',(-0.981627113937,0.190809352978,0.));
#57 = ORIENTED_EDGE('',*,*,#58,.F.);
#58 = EDGE_CURVE('',#59,#50,#61,.T.);
#59 = VERTEX_POINT('',#60);
#60 = CARTESIAN_POINT('',(-84.232074,38.327706,0.));
#61 = LINE('',#62,#63);
#62 = CARTESIAN_POINT('',(-84.232074,38.327706,0.));
#63 = VECTOR('',#64,1.);
#64 = DIRECTION('',(0.,0.,1.));
#65 = ORIENTED_EDGE('',*,*,#66,.F.);
#66 = EDGE_CURVE('',#40,#59,#67,.T.);
#67 = CIRCLE('',#68,2.000000481925);
#68 = AXIS2_PLACEMENT_3D('',#69,#70,#71);
#69 = CARTESIAN_POINT('',(-84.61369229905,36.364451202087,0.));
#70 = DIRECTION('',(0.,0.,-1.));
#71 = DIRECTION('',(-0.981627113937,0.190809352978,0.));
#72 = CYLINDRICAL_SURFACE('',#73,2.000000481925);
#73 = AXIS2_PLACEMENT_3D('',#74,#75,#76);
#74 = CARTESIAN_POINT('',(-84.61369229905,36.364451202087,0.));
#75 = DIRECTION('',(0.,0.,-1.));
#76 = DIRECTION('',(-0.981627113937,0.190809352978,0.));
#77 = ADVANCED_FACE('',(#78),#103,.T.);
#78 = FACE_BOUND('',#79,.T.);
#79 = EDGE_LOOP('',(#80,#90,#96,#97));
#80 = ORIENTED_EDGE('',*,*,#81,.T.);
#81 = EDGE_CURVE('',#82,#84,#86,.T.);
#82 = VERTEX_POINT('',#83);
#83 = CARTESIAN_POINT('',(-86.796377,35.617198,0.));
#84 = VERTEX_POINT('',#85);
#85 = CARTESIAN_POINT('',(-86.796377,35.617198,1.51));
#86 = LINE('',#87,#88);
#87 = CARTESIAN_POINT('',(-86.796377,35.617198,0.));
#88 = VECTOR('',#89,1.);
#89 = DIRECTION('',(0.,0.,1.));
#90 = ORIENTED_EDGE('',*,*,#91,.T.);
#91 = EDGE_CURVE('',#84,#42,#92,.T.);
#92 = LINE('',#93,#94);
#93 = CARTESIAN_POINT('',(-86.796377,35.617198,1.51));
#94 = VECTOR('',#95,1.);
#95 = DIRECTION('',(0.190808586196,0.981627262984,0.));
#96 = ORIENTED_EDGE('',*,*,#39,.F.);
#97 = ORIENTED_EDGE('',*,*,#98,.F.);
#98 = EDGE_CURVE('',#82,#40,#99,.T.);
#99 = LINE('',#100,#101);
#100 = CARTESIAN_POINT('',(-86.796377,35.617198,0.));
#101 = VECTOR('',#102,1.);
#102 = DIRECTION('',(0.190808586196,0.981627262984,0.));
#103 = PLANE('',#104);
#104 = AXIS2_PLACEMENT_3D('',#105,#106,#107);
#105 = CARTESIAN_POINT('',(-86.796377,35.617198,0.));
#106 = DIRECTION('',(-0.981627262984,0.190808586196,0.));
#107 = DIRECTION('',(0.190808586196,0.981627262984,0.));
#108 = ADVANCED_FACE('',(#109),#134,.T.);
#109 = FACE_BOUND('',#110,.T.);
#110 = EDGE_LOOP('',(#111,#112,#120,#128));
#111 = ORIENTED_EDGE('',*,*,#58,.T.);
#112 = ORIENTED_EDGE('',*,*,#113,.T.);
#113 = EDGE_CURVE('',#50,#114,#116,.T.);
#114 = VERTEX_POINT('',#115);
#115 = CARTESIAN_POINT('',(-76.84533,36.891868,1.51));
#116 = LINE('',#117,#118);
#117 = CARTESIAN_POINT('',(-84.232074,38.327706,1.51));
#118 = VECTOR('',#119,1.);
#119 = DIRECTION('',(0.981627173049,-0.190809048871,0.));
#120 = ORIENTED_EDGE('',*,*,#121,.F.);
#121 = EDGE_CURVE('',#122,#114,#124,.T.);
#122 = VERTEX_POINT('',#123);
#123 = CARTESIAN_POINT('',(-76.84533,36.891868,0.));
#124 = LINE('',#125,#126);
#125 = CARTESIAN_POINT('',(-76.84533,36.891868,0.));
#126 = VECTOR('',#127,1.);
#127 = DIRECTION('',(0.,0.,1.));
#128 = ORIENTED_EDGE('',*,*,#129,.F.);
#129 = EDGE_CURVE('',#59,#122,#130,.T.);
#130 = LINE('',#131,#132);
#131 = CARTESIAN_POINT('',(-84.232074,38.327706,0.));
#132 = VECTOR('',#133,1.);
#133 = DIRECTION('',(0.981627173049,-0.190809048871,0.));
#134 = PLANE('',#135);
#135 = AXIS2_PLACEMENT_3D('',#136,#137,#138);
#136 = CARTESIAN_POINT('',(-84.232074,38.327706,0.));
#137 = DIRECTION('',(0.190809048871,0.981627173049,-0.));
#138 = DIRECTION('',(0.981627173049,-0.190809048871,0.));
#139 = ADVANCED_FACE('',(#140,#2704,#2715,#2726,#2737,#2748,#2759,#2770,
    #2781,#2792,#2803,#2814,#2825,#2836,#2847,#2858,#2869,#2880,#2891,
    #2902,#2913,#2924,#2935,#2946,#2957,#2968,#2979,#2990,#3001,#3012,
    #3023,#3034,#3045,#3056,#3067,#3078,#3089,#3100,#3111,#3122,#3133,
    #3144,#3155,#3166,#3177,#3188,#3199,#3210,#3221,#3232,#3243,#3254,
    #3265,#3276,#3287,#3298,#3309,#3320,#3331,#3342,#3353,#3364,#3375,
    #3386,#3397,#3408,#3419,#3430,#3441,#3452,#3463,#3474,#3485,#3496,
    #3507,#3518,#3529,#3540,#3551,#3562,#3573,#3584,#3595,#3606,#3617,
    #3628,#3639,#3650,#3661,#3672,#3683,#3694,#3705,#3716,#3727,#3738,
    #3749,#3760,#3771,#3782,#3793,#3804,#3815,#3826,#3837,#3848,#3859,
    #3870,#3881,#3892,#3903,#3914,#3925,#3936,#3947,#3958,#3969,#3980,
    #3991,#4002,#4013,#4024,#4035,#4046,#4057,#4068,#4079,#4090,#4101,
    #4112,#4123,#4134,#4145,#4156,#4167,#4178,#4189,#4200,#4211,#4222,
    #4233,#4244,#4255,#4266,#4277,#4288,#4299,#4310,#4321,#4332,#4343,
    #4354,#4365,#4376,#4387,#4398,#4409,#4420,#4431,#4442,#4453,#4464,
    #4475,#4486,#4497,#4508,#4519,#4530,#4541,#4552,#4563,#4574,#4585,
    #4596,#4607,#4618,#4629,#4640,#4651,#4662,#4673,#4684,#4695,#4706,
    #4717,#4728,#4739,#4750,#4761,#4772,#4783,#4794,#4805,#4816,#4827,
    #4838,#4849,#4860,#4871,#4882,#4893,#4904,#4915,#4926,#4937,#4948,
    #4959,#4970,#4981,#4992,#5003,#5014,#5025,#5036,#5047,#5058,#5069,
    #5080,#5091,#5102,#5113,#5124,#5135,#5146,#5157,#5168,#5179,#5190,
    #5201,#5212,#5223,#5234,#5245,#5256,#5267,#5278,#5289,#5300,#5311,
    #5322,#5333,#5344),#5355,.F.);
#140 = FACE_BOUND('',#141,.F.);
#141 = EDGE_LOOP('',(#142,#143,#144,#152,#161,#169,#177,#186,#194,#202,
    #211,#219,#227,#236,#244,#252,#261,#269,#277,#286,#294,#302,#311,
    #319,#327,#336,#344,#352,#361,#369,#377,#386,#394,#402,#411,#419,
    #427,#436,#445,#453,#461,#470,#478,#486,#494,#502,#510,#518,#526,
    #535,#544,#552,#560,#569,#577,#585,#594,#602,#610,#619,#628,#636,
    #644,#653,#661,#669,#678,#686,#694,#703,#712,#720,#728,#737,#745,
    #753,#761,#770,#778,#786,#795,#804,#812,#820,#829,#837,#845,#854,
    #862,#870,#879,#888,#896,#904,#913,#921,#929,#938,#946,#954,#962,
    #970,#979,#987,#995,#1004,#1012,#1020,#1029,#1038,#1046,#1054,#1063,
    #1071,#1079,#1088,#1096,#1104,#1113,#1122,#1130,#1138,#1147,#1155,
    #1163,#1171,#1180,#1188,#1196,#1205,#1214,#1222,#1230,#1239,#1247,
    #1255,#1264,#1272,#1280,#1289,#1298,#1306,#1314,#1323,#1331,#1339,
    #1348,#1356,#1364,#1373,#1382,#1390,#1398,#1406,#1414,#1422,#1430,
    #1438,#1447,#1455,#1463,#1472,#1481,#1489,#1497,#1506,#1514,#1522,
    #1531,#1539,#1547,#1556,#1564,#1572,#1581,#1589,#1597,#1606,#1614,
    #1622,#1631,#1639,#1647,#1656,#1664,#1672,#1681,#1689,#1697,#1706,
    #1714,#1722,#1731,#1739,#1747,#1756,#1764,#1772,#1781,#1789,#1797,
    #1806,#1814,#1822,#1831,#1839,#1847,#1856,#1865,#1873,#1881,#1889,
    #1897,#1905,#1913,#1921,#1930,#1938,#1946,#1955,#1963,#1971,#1980,
    #1989,#1997,#2005,#2014,#2022,#2030,#2039,#2047,#2055,#2064,#2073,
    #2081,#2089,#2098,#2106,#2114,#2123,#2131,#2139,#2148,#2157,#2165,
    #2173,#2181,#2190,#2198,#2206,#2214,#2222,#2231,#2239,#2247,#2255,
    #2263,#2272,#2280,#2288,#2296,#2304,#2313,#2321,#2329,#2337,#2346,
    #2355,#2363,#2371,#2380,#2388,#2396,#2405,#2413,#2421,#2430,#2439,
    #2447,#2455,#2464,#2472,#2480,#2489,#2497,#2505,#2514,#2523,#2531,
    #2539,#2548,#2556,#2564,#2573,#2581,#2589,#2597,#2605,#2613,#2621,
    #2629,#2638,#2647,#2655,#2663,#2672,#2680,#2688,#2697,#2703));
#142 = ORIENTED_EDGE('',*,*,#66,.F.);
#143 = ORIENTED_EDGE('',*,*,#98,.F.);
#144 = ORIENTED_EDGE('',*,*,#145,.F.);
#145 = EDGE_CURVE('',#146,#82,#148,.T.);
#146 = VERTEX_POINT('',#147);
#147 = CARTESIAN_POINT('',(-87.015807,34.488327,0.));
#148 = LINE('',#149,#150);
#149 = CARTESIAN_POINT('',(-87.015807,34.488327,0.));
#150 = VECTOR('',#151,1.);
#151 = DIRECTION('',(0.190808749068,0.981627231325,0.));
#152 = ORIENTED_EDGE('',*,*,#153,.F.);
#153 = EDGE_CURVE('',#154,#146,#156,.T.);
#154 = VERTEX_POINT('',#155);
#155 = CARTESIAN_POINT('',(-89.36068,32.906691,0.));
#156 = CIRCLE('',#157,2.000000481925);
#157 = AXIS2_PLACEMENT_3D('',#158,#159,#160);
#158 = CARTESIAN_POINT('',(-88.97906170094,34.869945797913,0.));
#159 = DIRECTION('',(0.,0.,1.));
#160 = DIRECTION('',(-0.19080910355,-0.981627162421,0.));
#161 = ORIENTED_EDGE('',*,*,#162,.F.);
#162 = EDGE_CURVE('',#163,#154,#165,.T.);
#163 = VERTEX_POINT('',#164);
#164 = CARTESIAN_POINT('',(-96.747424,34.342528,0.));
#165 = LINE('',#166,#167);
#166 = CARTESIAN_POINT('',(-96.747424,34.342528,0.));
#167 = VECTOR('',#168,1.);
#168 = DIRECTION('',(0.98162719794,-0.190808920819,0.));
#169 = ORIENTED_EDGE('',*,*,#170,.F.);
#170 = EDGE_CURVE('',#171,#163,#173,.T.);
#171 = VERTEX_POINT('',#172);
#172 = CARTESIAN_POINT('',(-104.134169,35.778366,0.));
#173 = LINE('',#174,#175);
#174 = CARTESIAN_POINT('',(-104.134169,35.778366,0.));
#175 = VECTOR('',#176,1.);
#176 = DIRECTION('',(0.981627177888,-0.190809023981,0.));
#177 = ORIENTED_EDGE('',*,*,#178,.F.);
#178 = EDGE_CURVE('',#179,#171,#181,.T.);
#179 = VERTEX_POINT('',#180);
#180 = CARTESIAN_POINT('',(-106.479041,34.19673,0.));
#181 = CIRCLE('',#182,1.999998806183);
#182 = AXIS2_PLACEMENT_3D('',#183,#184,#185);
#183 = CARTESIAN_POINT('',(-104.5157876606,33.815112979485,0.));
#184 = DIRECTION('',(0.,0.,-1.));
#185 = DIRECTION('',(-0.981627255606,0.190808624153,0.));
#186 = ORIENTED_EDGE('',*,*,#187,.F.);
#187 = EDGE_CURVE('',#188,#179,#190,.T.);
#188 = VERTEX_POINT('',#189);
#189 = CARTESIAN_POINT('',(-107.289979,30.024814,0.));
#190 = LINE('',#191,#192);
#191 = CARTESIAN_POINT('',(-107.289979,30.024814,0.));
#192 = VECTOR('',#193,1.);
#193 = DIRECTION('',(0.190808922421,0.981627197629,0.));
#194 = ORIENTED_EDGE('',*,*,#195,.F.);
#195 = EDGE_CURVE('',#196,#188,#198,.T.);
#196 = VERTEX_POINT('',#197);
#197 = CARTESIAN_POINT('',(-108.100918,25.852899,0.));
#198 = LINE('',#199,#200);
#199 = CARTESIAN_POINT('',(-108.100918,25.852899,0.));
#200 = VECTOR('',#201,1.);
#201 = DIRECTION('',(0.19080919322,0.981627144991,0.));
#202 = ORIENTED_EDGE('',*,*,#203,.F.);
#203 = EDGE_CURVE('',#204,#196,#206,.T.);
#204 = VERTEX_POINT('',#205);
#205 = CARTESIAN_POINT('',(-110.44579,24.271262,0.));
#206 = CIRCLE('',#207,2.000000481925);
#207 = AXIS2_PLACEMENT_3D('',#208,#209,#210);
#208 = CARTESIAN_POINT('',(-110.0641728518,26.234517021624,0.));
#209 = DIRECTION('',(0.,0.,1.));
#210 = DIRECTION('',(-0.190808528102,-0.981627274276,0.));
#211 = ORIENTED_EDGE('',*,*,#212,.F.);
#212 = EDGE_CURVE('',#213,#204,#215,.T.);
#213 = VERTEX_POINT('',#214);
#214 = CARTESIAN_POINT('',(-117.832535,25.7071,0.));
#215 = LINE('',#216,#217);
#216 = CARTESIAN_POINT('',(-117.832535,25.7071,0.));
#217 = VECTOR('',#218,1.);
#218 = DIRECTION('',(0.981627177888,-0.190809023981,0.));
#219 = ORIENTED_EDGE('',*,*,#220,.F.);
#220 = EDGE_CURVE('',#221,#213,#223,.T.);
#221 = VERTEX_POINT('',#222);
#222 = CARTESIAN_POINT('',(-125.219279,27.142938,0.));
#223 = LINE('',#224,#225);
#224 = CARTESIAN_POINT('',(-125.219279,27.142938,0.));
#225 = VECTOR('',#226,1.);
#226 = DIRECTION('',(0.981627173049,-0.190809048871,0.));
#227 = ORIENTED_EDGE('',*,*,#228,.F.);
#228 = EDGE_CURVE('',#229,#221,#231,.T.);
#229 = VERTEX_POINT('',#230);
#230 = CARTESIAN_POINT('',(-127.564152,25.561301,0.));
#231 = CIRCLE('',#232,2.000000156194);
#232 = AXIS2_PLACEMENT_3D('',#233,#234,#235);
#233 = CARTESIAN_POINT('',(-125.6008973693,25.179683547578,0.));
#234 = DIRECTION('',(0.,0.,-1.));
#235 = DIRECTION('',(-0.981627238665,0.190808711309,0.));
#236 = ORIENTED_EDGE('',*,*,#237,.F.);
#237 = EDGE_CURVE('',#238,#229,#240,.T.);
#238 = VERTEX_POINT('',#239);
#239 = CARTESIAN_POINT('',(-130.817445,8.824558,0.));
#240 = LINE('',#241,#242);
#241 = CARTESIAN_POINT('',(-130.817445,8.824558,0.));
#242 = VECTOR('',#243,1.);
#243 = DIRECTION('',(0.190808979648,0.981627186505,0.));
#244 = ORIENTED_EDGE('',*,*,#245,.F.);
#245 = EDGE_CURVE('',#246,#238,#248,.T.);
#246 = VERTEX_POINT('',#247);
#247 = CARTESIAN_POINT('',(-134.070738,-7.912186,0.));
#248 = LINE('',#249,#250);
#249 = CARTESIAN_POINT('',(-134.070738,-7.912186,0.));
#250 = VECTOR('',#251,1.);
#251 = DIRECTION('',(0.190808968663,0.98162718864,0.));
#252 = ORIENTED_EDGE('',*,*,#253,.F.);
#253 = EDGE_CURVE('',#254,#246,#256,.T.);
#254 = VERTEX_POINT('',#255);
#255 = CARTESIAN_POINT('',(-132.489102,-10.257058,0.));
#256 = CIRCLE('',#257,2.000000156194);
#257 = AXIS2_PLACEMENT_3D('',#258,#259,#260);
#258 = CARTESIAN_POINT('',(-132.1074833966,-8.293803593058,0.));
#259 = DIRECTION('',(0.,0.,-1.));
#260 = DIRECTION('',(-0.190809286757,-0.981627126809,-0.));
#261 = ORIENTED_EDGE('',*,*,#262,.F.);
#262 = EDGE_CURVE('',#263,#254,#265,.T.);
#263 = VERTEX_POINT('',#264);
#264 = CARTESIAN_POINT('',(-125.102357,-11.692896,0.));
#265 = LINE('',#266,#267);
#266 = CARTESIAN_POINT('',(-125.102357,-11.692896,0.));
#267 = VECTOR('',#268,1.);
#268 = DIRECTION('',(-0.981627177888,0.190809023981,0.));
#269 = ORIENTED_EDGE('',*,*,#270,.F.);
#270 = EDGE_CURVE('',#271,#263,#273,.T.);
#271 = VERTEX_POINT('',#272);
#272 = CARTESIAN_POINT('',(-117.715613,-13.128733,0.));
#273 = LINE('',#274,#275);
#274 = CARTESIAN_POINT('',(-117.715613,-13.128733,0.));
#275 = VECTOR('',#276,1.);
#276 = DIRECTION('',(-0.98162719794,0.190808920819,0.));
#277 = ORIENTED_EDGE('',*,*,#278,.F.);
#278 = EDGE_CURVE('',#279,#271,#281,.T.);
#279 = VERTEX_POINT('',#280);
#280 = CARTESIAN_POINT('',(-116.133976,-15.473606,0.));
#281 = CIRCLE('',#282,2.00000215767);
#282 = AXIS2_PLACEMENT_3D('',#283,#284,#285);
#283 = CARTESIAN_POINT('',(-118.097232799,-15.09198921345,0.));
#284 = DIRECTION('',(0.,0.,1.));
#285 = DIRECTION('',(0.981627340498,-0.190808187421,0.));
#286 = ORIENTED_EDGE('',*,*,#287,.F.);
#287 = EDGE_CURVE('',#288,#279,#290,.T.);
#288 = VERTEX_POINT('',#289);
#289 = CARTESIAN_POINT('',(-116.377258,-16.72518,0.));
#290 = LINE('',#291,#292);
#291 = CARTESIAN_POINT('',(-116.377258,-16.72518,0.));
#292 = VECTOR('',#293,1.);
#293 = DIRECTION('',(0.1908094934,0.981627086642,0.));
#294 = ORIENTED_EDGE('',*,*,#295,.F.);
#295 = EDGE_CURVE('',#296,#288,#298,.T.);
#296 = VERTEX_POINT('',#297);
#297 = CARTESIAN_POINT('',(-116.620539,-17.976755,0.));
#298 = LINE('',#299,#300);
#299 = CARTESIAN_POINT('',(-116.620539,-17.976755,0.));
#300 = VECTOR('',#301,1.);
#301 = DIRECTION('',(0.190808590737,0.981627262102,0.));
#302 = ORIENTED_EDGE('',*,*,#303,.F.);
#303 = EDGE_CURVE('',#304,#296,#306,.T.);
#304 = VERTEX_POINT('',#305);
#305 = CARTESIAN_POINT('',(-115.038903,-20.321627,0.));
#306 = CIRCLE('',#307,1.999998806183);
#307 = AXIS2_PLACEMENT_3D('',#308,#309,#310);
#308 = CARTESIAN_POINT('',(-114.6572859794,-18.35837366067,0.));
#309 = DIRECTION('',(0.,0.,-1.));
#310 = DIRECTION('',(-0.190808624153,-0.981627255606,-0.));
#311 = ORIENTED_EDGE('',*,*,#312,.F.);
#312 = EDGE_CURVE('',#313,#304,#315,.T.);
#313 = VERTEX_POINT('',#314);
#314 = CARTESIAN_POINT('',(-107.652158,-21.757465,0.));
#315 = LINE('',#316,#317);
#316 = CARTESIAN_POINT('',(-107.652158,-21.757465,0.));
#317 = VECTOR('',#318,1.);
#318 = DIRECTION('',(-0.981627177888,0.190809023981,0.));
#319 = ORIENTED_EDGE('',*,*,#320,.F.);
#320 = EDGE_CURVE('',#321,#313,#323,.T.);
#321 = VERTEX_POINT('',#322);
#322 = CARTESIAN_POINT('',(-100.265414,-23.193303,0.));
#323 = LINE('',#324,#325);
#324 = CARTESIAN_POINT('',(-100.265414,-23.193303,0.));
#325 = VECTOR('',#326,1.);
#326 = DIRECTION('',(-0.981627173049,0.190809048871,0.));
#327 = ORIENTED_EDGE('',*,*,#328,.F.);
#328 = EDGE_CURVE('',#329,#321,#331,.T.);
#329 = VERTEX_POINT('',#330);
#330 = CARTESIAN_POINT('',(-97.920542,-21.611666,0.));
#331 = CIRCLE('',#332,1.999998480454);
#332 = AXIS2_PLACEMENT_3D('',#333,#334,#335);
#333 = CARTESIAN_POINT('',(-99.88379526903,-21.23005032497,0.));
#334 = DIRECTION('',(0.,0.,-1.));
#335 = DIRECTION('',(0.981627380334,-0.190807982484,0.));
#336 = ORIENTED_EDGE('',*,*,#337,.F.);
#337 = EDGE_CURVE('',#338,#329,#340,.T.);
#338 = VERTEX_POINT('',#339);
#339 = CARTESIAN_POINT('',(-97.701111,-20.482795,0.));
#340 = LINE('',#341,#342);
#341 = CARTESIAN_POINT('',(-97.701111,-20.482795,0.));
#342 = VECTOR('',#343,1.);
#343 = DIRECTION('',(-0.190809586975,-0.981627068452,0.));
#344 = ORIENTED_EDGE('',*,*,#345,.F.);
#345 = EDGE_CURVE('',#346,#338,#348,.T.);
#346 = VERTEX_POINT('',#347);
#347 = CARTESIAN_POINT('',(-97.481681,-19.353924,0.));
#348 = LINE('',#349,#350);
#349 = CARTESIAN_POINT('',(-97.481681,-19.353924,0.));
#350 = VECTOR('',#351,1.);
#351 = DIRECTION('',(-0.190808749068,-0.981627231325,0.));
#352 = ORIENTED_EDGE('',*,*,#353,.F.);
#353 = EDGE_CURVE('',#354,#346,#356,.T.);
#354 = VERTEX_POINT('',#355);
#355 = CARTESIAN_POINT('',(-95.136808,-17.772287,0.));
#356 = CIRCLE('',#357,2.00000215767);
#357 = AXIS2_PLACEMENT_3D('',#358,#359,#360);
#358 = CARTESIAN_POINT('',(-95.51842478654,-19.73554379902,0.));
#359 = DIRECTION('',(0.,0.,1.));
#360 = DIRECTION('',(0.190808187421,0.981627340498,-0.));
#361 = ORIENTED_EDGE('',*,*,#362,.F.);
#362 = EDGE_CURVE('',#363,#354,#365,.T.);
#363 = VERTEX_POINT('',#364);
#364 = CARTESIAN_POINT('',(-87.750064,-19.208125,0.));
#365 = LINE('',#366,#367);
#366 = CARTESIAN_POINT('',(-87.750064,-19.208125,0.));
#367 = VECTOR('',#368,1.);
#368 = DIRECTION('',(-0.981627173049,0.190809048871,0.));
#369 = ORIENTED_EDGE('',*,*,#370,.F.);
#370 = EDGE_CURVE('',#371,#363,#373,.T.);
#371 = VERTEX_POINT('',#372);
#372 = CARTESIAN_POINT('',(-80.363319,-20.643963,0.));
#373 = LINE('',#374,#375);
#374 = CARTESIAN_POINT('',(-80.363319,-20.643963,0.));
#375 = VECTOR('',#376,1.);
#376 = DIRECTION('',(-0.981627177888,0.190809023981,0.));
#377 = ORIENTED_EDGE('',*,*,#378,.F.);
#378 = EDGE_CURVE('',#379,#371,#381,.T.);
#379 = VERTEX_POINT('',#380);
#380 = CARTESIAN_POINT('',(-78.781683,-22.988835,0.));
#381 = CIRCLE('',#382,1.999998806183);
#382 = AXIS2_PLACEMENT_3D('',#383,#384,#385);
#383 = CARTESIAN_POINT('',(-80.74493602051,-22.60721633932,0.));
#384 = DIRECTION('',(0.,0.,1.));
#385 = DIRECTION('',(0.981627096199,-0.190809444231,0.));
#386 = ORIENTED_EDGE('',*,*,#387,.F.);
#387 = EDGE_CURVE('',#388,#379,#390,.T.);
#388 = VERTEX_POINT('',#389);
#389 = CARTESIAN_POINT('',(-79.096518,-24.60852,0.));
#390 = LINE('',#391,#392);
#391 = CARTESIAN_POINT('',(-79.096518,-24.60852,0.));
#392 = VECTOR('',#393,1.);
#393 = DIRECTION('',(0.190809070709,0.981627168805,0.));
#394 = ORIENTED_EDGE('',*,*,#395,.F.);
#395 = EDGE_CURVE('',#396,#388,#398,.T.);
#396 = VERTEX_POINT('',#397);
#397 = CARTESIAN_POINT('',(-79.411353,-26.228205,0.));
#398 = LINE('',#399,#400);
#399 = CARTESIAN_POINT('',(-79.411353,-26.228205,0.));
#400 = VECTOR('',#401,1.);
#401 = DIRECTION('',(0.190809070709,0.981627168805,0.));
#402 = ORIENTED_EDGE('',*,*,#403,.F.);
#403 = EDGE_CURVE('',#404,#396,#406,.T.);
#404 = VERTEX_POINT('',#405);
#405 = CARTESIAN_POINT('',(-77.829716,-28.573077,0.));
#406 = CIRCLE('',#407,2.000000481925);
#407 = AXIS2_PLACEMENT_3D('',#408,#409,#410);
#408 = CARTESIAN_POINT('',(-77.44809797837,-26.60982214816,0.));
#409 = DIRECTION('',(0.,0.,-1.));
#410 = DIRECTION('',(-0.190808964834,-0.981627189385,-0.));
#411 = ORIENTED_EDGE('',*,*,#412,.F.);
#412 = EDGE_CURVE('',#413,#404,#415,.T.);
#413 = VERTEX_POINT('',#414);
#414 = CARTESIAN_POINT('',(-70.442972,-30.008915,0.));
#415 = LINE('',#416,#417);
#416 = CARTESIAN_POINT('',(-70.442972,-30.008915,0.));
#417 = VECTOR('',#418,1.);
#418 = DIRECTION('',(-0.981627173049,0.190809048871,0.));
#419 = ORIENTED_EDGE('',*,*,#420,.F.);
#420 = EDGE_CURVE('',#421,#413,#423,.T.);
#421 = VERTEX_POINT('',#422);
#422 = CARTESIAN_POINT('',(-62.712658,-31.511536,0.));
#423 = LINE('',#424,#425);
#424 = CARTESIAN_POINT('',(-62.712658,-31.511536,0.));
#425 = VECTOR('',#426,1.);
#426 = DIRECTION('',(-0.981627179287,0.190809016783,0.));
#427 = ORIENTED_EDGE('',*,*,#428,.F.);
#428 = EDGE_CURVE('',#429,#421,#431,.T.);
#429 = VERTEX_POINT('',#430);
#430 = CARTESIAN_POINT('',(-61.407808,-33.446055,0.));
#431 = CIRCLE('',#432,1.649999302567);
#432 = AXIS2_PLACEMENT_3D('',#433,#434,#435);
#433 = CARTESIAN_POINT('',(-63.0274921648,-33.1312202739,0.));
#434 = DIRECTION('',(0.,0.,1.));
#435 = DIRECTION('',(0.981627181469,-0.190809005557,0.));
#436 = ORIENTED_EDGE('',*,*,#437,.F.);
#437 = EDGE_CURVE('',#438,#429,#440,.T.);
#438 = VERTEX_POINT('',#439);
#439 = CARTESIAN_POINT('',(-60.102958,-35.380575,0.));
#440 = CIRCLE('',#441,1.649999628298);
#441 = AXIS2_PLACEMENT_3D('',#442,#443,#444);
#442 = CARTESIAN_POINT('',(-59.7881236406,-33.76089043209,0.));
#443 = DIRECTION('',(0.,0.,-1.));
#444 = DIRECTION('',(-0.190808745651,-0.981627231989,-0.));
#445 = ORIENTED_EDGE('',*,*,#446,.F.);
#446 = EDGE_CURVE('',#447,#438,#449,.T.);
#447 = VERTEX_POINT('',#448);
#448 = CARTESIAN_POINT('',(-52.372644,-36.883196,0.));
#449 = LINE('',#450,#451);
#450 = CARTESIAN_POINT('',(-52.372644,-36.883196,0.));
#451 = VECTOR('',#452,1.);
#452 = DIRECTION('',(-0.981627179287,0.190809016783,0.));
#453 = ORIENTED_EDGE('',*,*,#454,.F.);
#454 = EDGE_CURVE('',#455,#447,#457,.T.);
#455 = VERTEX_POINT('',#456);
#456 = CARTESIAN_POINT('',(-44.985899,-38.319034,0.));
#457 = LINE('',#458,#459);
#458 = CARTESIAN_POINT('',(-44.985899,-38.319034,0.));
#459 = VECTOR('',#460,1.);
#460 = DIRECTION('',(-0.981627177888,0.190809023981,0.));
#461 = ORIENTED_EDGE('',*,*,#462,.F.);
#462 = EDGE_CURVE('',#463,#455,#465,.T.);
#463 = VERTEX_POINT('',#464);
#464 = CARTESIAN_POINT('',(-42.641027,-36.737397,0.));
#465 = CIRCLE('',#466,2.000000481925);
#466 = AXIS2_PLACEMENT_3D('',#467,#468,#469);
#467 = CARTESIAN_POINT('',(-44.60428185184,-36.35577897837,0.));
#468 = DIRECTION('',(0.,0.,-1.));
#469 = DIRECTION('',(0.981627189385,-0.190808964834,0.));
#470 = ORIENTED_EDGE('',*,*,#471,.F.);
#471 = EDGE_CURVE('',#472,#463,#474,.T.);
#472 = VERTEX_POINT('',#473);
#473 = CARTESIAN_POINT('',(-38.238109,-14.08635,0.));
#474 = LINE('',#475,#476);
#475 = CARTESIAN_POINT('',(-38.238109,-14.08635,0.));
#476 = VECTOR('',#477,1.);
#477 = DIRECTION('',(-0.190809015498,-0.981627179536,0.));
#478 = ORIENTED_EDGE('',*,*,#479,.F.);
#479 = EDGE_CURVE('',#480,#472,#482,.T.);
#480 = VERTEX_POINT('',#481);
#481 = CARTESIAN_POINT('',(-33.453574,10.527952,0.));
#482 = LINE('',#483,#484);
#483 = CARTESIAN_POINT('',(-33.453574,10.527952,0.));
#484 = VECTOR('',#485,1.);
#485 = DIRECTION('',(-0.190808971091,-0.981627188168,0.));
#486 = ORIENTED_EDGE('',*,*,#487,.F.);
#487 = EDGE_CURVE('',#488,#480,#490,.T.);
#488 = VERTEX_POINT('',#489);
#489 = CARTESIAN_POINT('',(-30.999506,10.050929,0.));
#490 = LINE('',#491,#492);
#491 = CARTESIAN_POINT('',(-30.999506,10.050929,0.));
#492 = VECTOR('',#493,1.);
#493 = DIRECTION('',(-0.981627145724,0.19080918945,0.));
#494 = ORIENTED_EDGE('',*,*,#495,.F.);
#495 = EDGE_CURVE('',#496,#488,#498,.T.);
#496 = VERTEX_POINT('',#497);
#497 = CARTESIAN_POINT('',(-30.508692,9.955525,0.));
#498 = LINE('',#499,#500);
#499 = CARTESIAN_POINT('',(-30.508692,9.955525,0.));
#500 = VECTOR('',#501,1.);
#501 = DIRECTION('',(-0.981627399613,0.190807883297,0.));
#502 = ORIENTED_EDGE('',*,*,#503,.F.);
#503 = EDGE_CURVE('',#504,#496,#506,.T.);
#504 = VERTEX_POINT('',#505);
#505 = CARTESIAN_POINT('',(-26.582183,9.192289,0.));
#506 = LINE('',#507,#508);
#507 = CARTESIAN_POINT('',(-26.582183,9.192289,0.));
#508 = VECTOR('',#509,1.);
#509 = DIRECTION('',(-0.981627185005,0.190808987366,0.));
#510 = ORIENTED_EDGE('',*,*,#511,.F.);
#511 = EDGE_CURVE('',#512,#504,#514,.T.);
#512 = VERTEX_POINT('',#513);
#513 = CARTESIAN_POINT('',(-21.022719,8.111638,0.));
#514 = LINE('',#515,#516);
#515 = CARTESIAN_POINT('',(-21.022719,8.111638,0.));
#516 = VECTOR('',#517,1.);
#517 = DIRECTION('',(-0.981627161321,0.190809109207,0.));
#518 = ORIENTED_EDGE('',*,*,#519,.F.);
#519 = EDGE_CURVE('',#520,#512,#522,.T.);
#520 = VERTEX_POINT('',#521);
#521 = CARTESIAN_POINT('',(-14.,6.74656,0.));
#522 = LINE('',#523,#524);
#523 = CARTESIAN_POINT('',(-14.,6.74656,0.));
#524 = VECTOR('',#525,1.);
#525 = DIRECTION('',(-0.981627191046,0.190808956289,0.));
#526 = ORIENTED_EDGE('',*,*,#527,.F.);
#527 = EDGE_CURVE('',#528,#520,#530,.T.);
#528 = VERTEX_POINT('',#529);
#529 = CARTESIAN_POINT('',(-13.5,6.140011,0.));
#530 = CIRCLE('',#531,0.617899825514);
#531 = AXIS2_PLACEMENT_3D('',#532,#533,#534);
#532 = CARTESIAN_POINT('',(-14.11789982551,6.14001253647,0.));
#533 = DIRECTION('',(0.,0.,1.));
#534 = DIRECTION('',(0.999999999997,-2.486600695722E-06,0.));
#535 = ORIENTED_EDGE('',*,*,#536,.F.);
#536 = EDGE_CURVE('',#537,#528,#539,.T.);
#537 = VERTEX_POINT('',#538);
#538 = CARTESIAN_POINT('',(-14.,5.727843,0.));
#539 = CIRCLE('',#540,0.419882893993);
#540 = AXIS2_PLACEMENT_3D('',#541,#542,#543);
#541 = CARTESIAN_POINT('',(-13.91988289399,6.140011526203,0.));
#542 = DIRECTION('',(0.,0.,1.));
#543 = DIRECTION('',(-0.190808216181,-0.981627334908,0.));
#544 = ORIENTED_EDGE('',*,*,#545,.F.);
#545 = EDGE_CURVE('',#546,#537,#548,.T.);
#546 = VERTEX_POINT('',#547);
#547 = CARTESIAN_POINT('',(-23.081378,7.493084,0.));
#548 = LINE('',#549,#550);
#549 = CARTESIAN_POINT('',(-23.081378,7.493084,0.));
#550 = VECTOR('',#551,1.);
#551 = DIRECTION('',(0.981627184724,-0.190808988811,0.));
#552 = ORIENTED_EDGE('',*,*,#553,.F.);
#553 = EDGE_CURVE('',#554,#546,#556,.T.);
#554 = VERTEX_POINT('',#555);
#555 = CARTESIAN_POINT('',(-30.699501,8.973897,0.));
#556 = LINE('',#557,#558);
#557 = CARTESIAN_POINT('',(-30.699501,8.973897,0.));
#558 = VECTOR('',#559,1.);
#559 = DIRECTION('',(0.981627185953,-0.19080898249,0.));
#560 = ORIENTED_EDGE('',*,*,#561,.F.);
#561 = EDGE_CURVE('',#562,#554,#564,.T.);
#562 = VERTEX_POINT('',#563);
#563 = CARTESIAN_POINT('',(-33.044373,7.392261,0.));
#564 = CIRCLE('',#565,1.999998806183);
#565 = AXIS2_PLACEMENT_3D('',#566,#567,#568);
#566 = CARTESIAN_POINT('',(-31.08111966067,7.010643979485,0.));
#567 = DIRECTION('',(0.,0.,-1.));
#568 = DIRECTION('',(-0.981627255606,0.190808624153,0.));
#569 = ORIENTED_EDGE('',*,*,#570,.F.);
#570 = EDGE_CURVE('',#571,#562,#573,.T.);
#571 = VERTEX_POINT('',#572);
#572 = CARTESIAN_POINT('',(-34.093823,1.993311,0.));
#573 = LINE('',#574,#575);
#574 = CARTESIAN_POINT('',(-34.093823,1.993311,0.));
#575 = VECTOR('',#576,1.);
#576 = DIRECTION('',(0.190809070709,0.981627168805,0.));
#577 = ORIENTED_EDGE('',*,*,#578,.F.);
#578 = EDGE_CURVE('',#579,#571,#581,.T.);
#579 = VERTEX_POINT('',#580);
#580 = CARTESIAN_POINT('',(-35.143272,-3.405638,0.));
#581 = LINE('',#582,#583);
#582 = CARTESIAN_POINT('',(-35.143272,-3.405638,0.));
#583 = VECTOR('',#584,1.);
#584 = DIRECTION('',(0.190808929565,0.98162719624,0.));
#585 = ORIENTED_EDGE('',*,*,#586,.F.);
#586 = EDGE_CURVE('',#587,#579,#589,.T.);
#587 = VERTEX_POINT('',#588);
#588 = CARTESIAN_POINT('',(-33.561636,-5.75051,0.));
#589 = CIRCLE('',#590,1.999998806183);
#590 = AXIS2_PLACEMENT_3D('',#591,#592,#593);
#591 = CARTESIAN_POINT('',(-33.18001897948,-3.787256660671,0.));
#592 = DIRECTION('',(0.,0.,-1.));
#593 = DIRECTION('',(-0.190808624153,-0.981627255606,-0.));
#594 = ORIENTED_EDGE('',*,*,#595,.F.);
#595 = EDGE_CURVE('',#596,#587,#598,.T.);
#596 = VERTEX_POINT('',#597);
#597 = CARTESIAN_POINT('',(-27.512445,-6.926354,0.));
#598 = LINE('',#599,#600);
#599 = CARTESIAN_POINT('',(-27.512445,-6.926354,0.));
#600 = VECTOR('',#601,1.);
#601 = DIRECTION('',(-0.981627171795,0.190809055325,0.));
#602 = ORIENTED_EDGE('',*,*,#603,.F.);
#603 = EDGE_CURVE('',#604,#596,#606,.T.);
#604 = VERTEX_POINT('',#605);
#605 = CARTESIAN_POINT('',(-20.,-8.386625,0.));
#606 = LINE('',#607,#608);
#607 = CARTESIAN_POINT('',(-20.,-8.386625,0.));
#608 = VECTOR('',#609,1.);
#609 = DIRECTION('',(-0.981627192784,0.190808947345,0.));
#610 = ORIENTED_EDGE('',*,*,#611,.F.);
#611 = EDGE_CURVE('',#612,#604,#614,.T.);
#612 = VERTEX_POINT('',#613);
#613 = CARTESIAN_POINT('',(-19.5,-8.993174,0.));
#614 = CIRCLE('',#615,0.617899825514);
#615 = AXIS2_PLACEMENT_3D('',#616,#617,#618);
#616 = CARTESIAN_POINT('',(-20.11789982551,-8.99317246353,0.));
#617 = DIRECTION('',(0.,0.,1.));
#618 = DIRECTION('',(0.999999999997,-2.48660069716E-06,0.));
#619 = ORIENTED_EDGE('',*,*,#620,.F.);
#620 = EDGE_CURVE('',#621,#612,#623,.T.);
#621 = VERTEX_POINT('',#622);
#622 = CARTESIAN_POINT('',(-20.,-9.405342,0.));
#623 = CIRCLE('',#624,0.419881545319);
#624 = AXIS2_PLACEMENT_3D('',#625,#626,#627);
#625 = CARTESIAN_POINT('',(-19.91988154531,-8.993175109871,0.));
#626 = DIRECTION('',(0.,0.,1.));
#627 = DIRECTION('',(-0.1908120411,-0.981626591414,0.));
#628 = ORIENTED_EDGE('',*,*,#629,.F.);
#629 = EDGE_CURVE('',#630,#621,#632,.T.);
#630 = VERTEX_POINT('',#631);
#631 = CARTESIAN_POINT('',(-27.60785,-7.926526,0.));
#632 = LINE('',#633,#634);
#633 = CARTESIAN_POINT('',(-27.60785,-7.926526,0.));
#634 = VECTOR('',#635,1.);
#635 = DIRECTION('',(0.981627189124,-0.190808966175,0.));
#636 = ORIENTED_EDGE('',*,*,#637,.F.);
#637 = EDGE_CURVE('',#638,#630,#640,.T.);
#638 = VERTEX_POINT('',#639);
#639 = CARTESIAN_POINT('',(-33.752445,-6.732138,0.));
#640 = LINE('',#641,#642);
#641 = CARTESIAN_POINT('',(-33.752445,-6.732138,0.));
#642 = VECTOR('',#643,1.);
#643 = DIRECTION('',(0.981627191695,-0.190808952947,0.));
#644 = ORIENTED_EDGE('',*,*,#645,.F.);
#645 = EDGE_CURVE('',#646,#638,#648,.T.);
#646 = VERTEX_POINT('',#647);
#647 = CARTESIAN_POINT('',(-36.097317,-8.313774,0.));
#648 = CIRCLE('',#649,1.999998806183);
#649 = AXIS2_PLACEMENT_3D('',#650,#651,#652);
#650 = CARTESIAN_POINT('',(-34.13406366067,-8.695391020515,0.));
#651 = DIRECTION('',(0.,0.,-1.));
#652 = DIRECTION('',(-0.981627255606,0.190808624153,0.));
#653 = ORIENTED_EDGE('',*,*,#654,.F.);
#654 = EDGE_CURVE('',#655,#646,#657,.T.);
#655 = VERTEX_POINT('',#656);
#656 = CARTESIAN_POINT('',(-37.146767,-13.712723,0.));
#657 = LINE('',#658,#659);
#658 = CARTESIAN_POINT('',(-37.146767,-13.712723,0.));
#659 = VECTOR('',#660,1.);
#660 = DIRECTION('',(0.190809104764,0.981627162185,0.));
#661 = ORIENTED_EDGE('',*,*,#662,.F.);
#662 = EDGE_CURVE('',#663,#655,#665,.T.);
#663 = VERTEX_POINT('',#664);
#664 = CARTESIAN_POINT('',(-38.196216,-19.111673,0.));
#665 = LINE('',#666,#667);
#666 = CARTESIAN_POINT('',(-38.196216,-19.111673,0.));
#667 = VECTOR('',#668,1.);
#668 = DIRECTION('',(0.19080889551,0.98162720286,0.));
#669 = ORIENTED_EDGE('',*,*,#670,.F.);
#670 = EDGE_CURVE('',#671,#663,#673,.T.);
#671 = VERTEX_POINT('',#672);
#672 = CARTESIAN_POINT('',(-36.61458,-21.456545,0.));
#673 = CIRCLE('',#674,1.999998806183);
#674 = AXIS2_PLACEMENT_3D('',#675,#676,#677);
#675 = CARTESIAN_POINT('',(-36.23296297948,-19.49329166067,0.));
#676 = DIRECTION('',(0.,0.,-1.));
#677 = DIRECTION('',(-0.190808624153,-0.981627255606,-0.));
#678 = ORIENTED_EDGE('',*,*,#679,.F.);
#679 = EDGE_CURVE('',#680,#671,#682,.T.);
#680 = VERTEX_POINT('',#681);
#681 = CARTESIAN_POINT('',(-29.038917,-22.929105,0.));
#682 = LINE('',#683,#684);
#683 = CARTESIAN_POINT('',(-29.038917,-22.929105,0.));
#684 = VECTOR('',#685,1.);
#685 = DIRECTION('',(-0.981627176552,0.190809030854,0.));
#686 = ORIENTED_EDGE('',*,*,#687,.F.);
#687 = EDGE_CURVE('',#688,#680,#690,.T.);
#688 = VERTEX_POINT('',#689);
#689 = CARTESIAN_POINT('',(-20.,-24.686092,0.));
#690 = LINE('',#691,#692);
#691 = CARTESIAN_POINT('',(-20.,-24.686092,0.));
#692 = VECTOR('',#693,1.);
#693 = DIRECTION('',(-0.981627193226,0.19080894507,0.));
#694 = ORIENTED_EDGE('',*,*,#695,.F.);
#695 = EDGE_CURVE('',#696,#688,#698,.T.);
#696 = VERTEX_POINT('',#697);
#697 = CARTESIAN_POINT('',(-19.5,-25.292641,0.));
#698 = CIRCLE('',#699,0.617901974659);
#699 = AXIS2_PLACEMENT_3D('',#700,#701,#702);
#700 = CARTESIAN_POINT('',(-20.11790197465,-25.29264123514,0.));
#701 = DIRECTION('',(0.,0.,1.));
#702 = DIRECTION('',(1.,3.805592692167E-07,-0.));
#703 = ORIENTED_EDGE('',*,*,#704,.F.);
#704 = EDGE_CURVE('',#705,#696,#707,.T.);
#705 = VERTEX_POINT('',#706);
#706 = CARTESIAN_POINT('',(-20.,-25.704809,0.));
#707 = CIRCLE('',#708,0.419881545319);
#708 = AXIS2_PLACEMENT_3D('',#709,#710,#711);
#709 = CARTESIAN_POINT('',(-19.91988154531,-25.29264210987,0.));
#710 = DIRECTION('',(0.,0.,1.));
#711 = DIRECTION('',(-0.1908120411,-0.981626591414,0.));
#712 = ORIENTED_EDGE('',*,*,#713,.F.);
#713 = EDGE_CURVE('',#714,#705,#716,.T.);
#714 = VERTEX_POINT('',#715);
#715 = CARTESIAN_POINT('',(-29.134322,-23.929277,0.));
#716 = LINE('',#717,#718);
#717 = CARTESIAN_POINT('',(-29.134322,-23.929277,0.));
#718 = VECTOR('',#719,1.);
#719 = DIRECTION('',(0.981627190173,-0.190808960777,0.));
#720 = ORIENTED_EDGE('',*,*,#721,.F.);
#721 = EDGE_CURVE('',#722,#714,#724,.T.);
#722 = VERTEX_POINT('',#723);
#723 = CARTESIAN_POINT('',(-36.805389,-22.438172,0.));
#724 = LINE('',#725,#726);
#725 = CARTESIAN_POINT('',(-36.805389,-22.438172,0.));
#726 = VECTOR('',#727,1.);
#727 = DIRECTION('',(0.981627168465,-0.190809072458,0.));
#728 = ORIENTED_EDGE('',*,*,#729,.F.);
#729 = EDGE_CURVE('',#730,#722,#732,.T.);
#730 = VERTEX_POINT('',#731);
#731 = CARTESIAN_POINT('',(-39.150261,-24.019809,0.));
#732 = CIRCLE('',#733,2.000000481925);
#733 = AXIS2_PLACEMENT_3D('',#734,#735,#736);
#734 = CARTESIAN_POINT('',(-37.18700614816,-24.40142702162,0.));
#735 = DIRECTION('',(0.,0.,-1.));
#736 = DIRECTION('',(-0.981627189385,0.190808964834,0.));
#737 = ORIENTED_EDGE('',*,*,#738,.F.);
#738 = EDGE_CURVE('',#739,#730,#741,.T.);
#739 = VERTEX_POINT('',#740);
#740 = CARTESIAN_POINT('',(-40.199711,-29.418758,0.));
#741 = LINE('',#742,#743);
#742 = CARTESIAN_POINT('',(-40.199711,-29.418758,0.));
#743 = VECTOR('',#744,1.);
#744 = DIRECTION('',(0.190809104764,0.981627162185,0.));
#745 = ORIENTED_EDGE('',*,*,#746,.F.);
#746 = EDGE_CURVE('',#747,#739,#749,.T.);
#747 = VERTEX_POINT('',#748);
#748 = CARTESIAN_POINT('',(-41.521063,-36.216527,0.));
#749 = LINE('',#750,#751);
#750 = CARTESIAN_POINT('',(-41.521063,-36.216527,0.));
#751 = VECTOR('',#752,1.);
#752 = DIRECTION('',(0.190808934198,0.98162719534,0.));
#753 = ORIENTED_EDGE('',*,*,#754,.F.);
#754 = EDGE_CURVE('',#755,#747,#757,.T.);
#755 = VERTEX_POINT('',#756);
#756 = CARTESIAN_POINT('',(-41.740493,-37.345398,0.));
#757 = LINE('',#758,#759);
#758 = CARTESIAN_POINT('',(-41.740493,-37.345398,0.));
#759 = VECTOR('',#760,1.);
#760 = DIRECTION('',(0.190808749068,0.981627231325,0.));
#761 = ORIENTED_EDGE('',*,*,#762,.F.);
#762 = EDGE_CURVE('',#763,#755,#765,.T.);
#763 = VERTEX_POINT('',#764);
#764 = CARTESIAN_POINT('',(-42.270913,-38.301793,0.));
#765 = CIRCLE('',#766,1.768318915933);
#766 = AXIS2_PLACEMENT_3D('',#767,#768,#769);
#767 = CARTESIAN_POINT('',(-43.47632251768,-37.00798479044,0.));
#768 = DIRECTION('',(0.,0.,1.));
#769 = DIRECTION('',(0.681669752454,-0.731659995209,0.));
#770 = ORIENTED_EDGE('',*,*,#771,.F.);
#771 = EDGE_CURVE('',#772,#763,#774,.T.);
#772 = VERTEX_POINT('',#773);
#773 = CARTESIAN_POINT('',(-46.545426,-42.284247,0.));
#774 = LINE('',#775,#776);
#775 = CARTESIAN_POINT('',(-46.545426,-42.284247,0.));
#776 = VECTOR('',#777,1.);
#777 = DIRECTION('',(0.731660455397,0.681669258518,0.));
#778 = ORIENTED_EDGE('',*,*,#779,.F.);
#779 = EDGE_CURVE('',#780,#772,#782,.T.);
#780 = VERTEX_POINT('',#781);
#781 = CARTESIAN_POINT('',(-49.777323,-45.295322,0.));
#782 = LINE('',#783,#784);
#783 = CARTESIAN_POINT('',(-49.777323,-45.295322,0.));
#784 = VECTOR('',#785,1.);
#785 = DIRECTION('',(0.731660505684,0.681669204543,0.));
#786 = ORIENTED_EDGE('',*,*,#787,.F.);
#787 = EDGE_CURVE('',#788,#780,#790,.T.);
#788 = VERTEX_POINT('',#789);
#789 = CARTESIAN_POINT('',(-52.816665,-45.427337,0.));
#790 = CIRCLE('',#791,2.342767480479);
#791 = AXIS2_PLACEMENT_3D('',#792,#793,#794);
#792 = CARTESIAN_POINT('',(-51.37431416571,-43.58121036879,0.));
#793 = DIRECTION('',(0.,0.,1.));
#794 = DIRECTION('',(-0.615661112894,-0.788011036769,0.));
#795 = ORIENTED_EDGE('',*,*,#796,.F.);
#796 = EDGE_CURVE('',#797,#788,#799,.T.);
#797 = VERTEX_POINT('',#798);
#798 = CARTESIAN_POINT('',(-55.624009,-45.772036,0.));
#799 = CIRCLE('',#800,1.999998322692);
#800 = AXIS2_PLACEMENT_3D('',#801,#802,#803);
#801 = CARTESIAN_POINT('',(-54.04798774028,-47.00335654303,0.));
#802 = DIRECTION('',(0.,0.,-1.));
#803 = DIRECTION('',(-0.788011290726,0.615660787844,0.));
#804 = ORIENTED_EDGE('',*,*,#805,.F.);
#805 = EDGE_CURVE('',#806,#797,#808,.T.);
#806 = VERTEX_POINT('',#807);
#807 = CARTESIAN_POINT('',(-60.256862,-51.701816,0.));
#808 = LINE('',#809,#810);
#809 = CARTESIAN_POINT('',(-60.256862,-51.701816,0.));
#810 = VECTOR('',#811,1.);
#811 = DIRECTION('',(0.615661567554,0.78801068155,0.));
#812 = ORIENTED_EDGE('',*,*,#813,.F.);
#813 = EDGE_CURVE('',#814,#806,#816,.T.);
#814 = VERTEX_POINT('',#815);
#815 = CARTESIAN_POINT('',(-64.889715,-57.631597,0.));
#816 = LINE('',#817,#818);
#817 = CARTESIAN_POINT('',(-64.889715,-57.631597,0.));
#818 = VECTOR('',#819,1.);
#819 = DIRECTION('',(0.615661503083,0.788010731921,0.));
#820 = ORIENTED_EDGE('',*,*,#821,.F.);
#821 = EDGE_CURVE('',#822,#814,#824,.T.);
#822 = VERTEX_POINT('',#823);
#823 = CARTESIAN_POINT('',(-64.545016,-60.438942,0.));
#824 = CIRCLE('',#825,2.00000206413);
#825 = AXIS2_PLACEMENT_3D('',#826,#827,#828);
#826 = CARTESIAN_POINT('',(-63.31369069036,-58.86291971641,0.));
#827 = DIRECTION('',(0.,0.,-1.));
#828 = DIRECTION('',(-0.615662019416,-0.788010328516,-0.));
#829 = ORIENTED_EDGE('',*,*,#830,.F.);
#830 = EDGE_CURVE('',#831,#822,#833,.T.);
#831 = VERTEX_POINT('',#832);
#832 = CARTESIAN_POINT('',(-58.615235,-65.071794,0.));
#833 = LINE('',#834,#835);
#834 = CARTESIAN_POINT('',(-58.615235,-65.071794,0.));
#835 = VECTOR('',#836,1.);
#836 = DIRECTION('',(-0.788010796392,0.615661420563,0.));
#837 = ORIENTED_EDGE('',*,*,#838,.F.);
#838 = EDGE_CURVE('',#839,#831,#841,.T.);
#839 = VERTEX_POINT('',#840);
#840 = CARTESIAN_POINT('',(-52.685454,-69.704647,0.));
#841 = LINE('',#842,#843);
#842 = CARTESIAN_POINT('',(-52.685454,-69.704647,0.));
#843 = VECTOR('',#844,1.);
#844 = DIRECTION('',(-0.788010731921,0.615661503083,0.));
#845 = ORIENTED_EDGE('',*,*,#846,.F.);
#846 = EDGE_CURVE('',#847,#839,#849,.T.);
#847 = VERTEX_POINT('',#848);
#848 = CARTESIAN_POINT('',(-49.87811,-69.359949,0.));
#849 = CIRCLE('',#850,1.999999667909);
#850 = AXIS2_PLACEMENT_3D('',#851,#852,#853);
#851 = CARTESIAN_POINT('',(-51.45413100641,-68.12862594776,0.));
#852 = DIRECTION('',(-0.,0.,-1.));
#853 = DIRECTION('',(0.788010634053,-0.615661628348,-0.));
#854 = ORIENTED_EDGE('',*,*,#855,.F.);
#855 = EDGE_CURVE('',#856,#847,#858,.T.);
#856 = VERTEX_POINT('',#857);
#857 = CARTESIAN_POINT('',(-45.245257,-63.430168,0.));
#858 = LINE('',#859,#860);
#859 = CARTESIAN_POINT('',(-45.245257,-63.430168,0.));
#860 = VECTOR('',#861,1.);
#861 = DIRECTION('',(-0.615661503083,-0.788010731921,0.));
#862 = ORIENTED_EDGE('',*,*,#863,.F.);
#863 = EDGE_CURVE('',#864,#856,#866,.T.);
#864 = VERTEX_POINT('',#865);
#865 = CARTESIAN_POINT('',(-40.612405,-57.500387,0.));
#866 = LINE('',#867,#868);
#867 = CARTESIAN_POINT('',(-40.612405,-57.500387,0.));
#868 = VECTOR('',#869,1.);
#869 = DIRECTION('',(-0.615661420563,-0.788010796392,0.));
#870 = ORIENTED_EDGE('',*,*,#871,.F.);
#871 = EDGE_CURVE('',#872,#864,#874,.T.);
#872 = VERTEX_POINT('',#873);
#873 = CARTESIAN_POINT('',(-40.957103,-54.693042,0.));
#874 = CIRCLE('',#875,2.000000718909);
#875 = AXIS2_PLACEMENT_3D('',#876,#877,#878);
#876 = CARTESIAN_POINT('',(-42.18842704235,-56.26906356659,0.));
#877 = DIRECTION('',(0.,0.,-1.));
#878 = DIRECTION('',(0.615661799873,0.788010500042,0.));
#879 = ORIENTED_EDGE('',*,*,#880,.F.);
#880 = EDGE_CURVE('',#881,#872,#883,.T.);
#881 = VERTEX_POINT('',#882);
#882 = CARTESIAN_POINT('',(-41.060671,-52.10825,0.));
#883 = CIRCLE('',#884,1.695793762195);
#884 = AXIS2_PLACEMENT_3D('',#885,#886,#887);
#885 = CARTESIAN_POINT('',(-39.91306784958,-53.35673848335,0.));
#886 = DIRECTION('',(0.,0.,1.));
#887 = DIRECTION('',(-0.676735093616,0.736226604429,0.));
#888 = ORIENTED_EDGE('',*,*,#889,.F.);
#889 = EDGE_CURVE('',#890,#881,#892,.T.);
#890 = VERTEX_POINT('',#891);
#891 = CARTESIAN_POINT('',(-35.779372,-47.253714,0.));
#892 = LINE('',#893,#894);
#893 = CARTESIAN_POINT('',(-35.779372,-47.253714,0.));
#894 = VECTOR('',#895,1.);
#895 = DIRECTION('',(-0.73622677592,-0.676734907049,0.));
#896 = ORIENTED_EDGE('',*,*,#897,.F.);
#897 = EDGE_CURVE('',#898,#890,#900,.T.);
#898 = VERTEX_POINT('',#899);
#899 = CARTESIAN_POINT('',(-30.498073,-42.399179,0.));
#900 = LINE('',#901,#902);
#901 = CARTESIAN_POINT('',(-30.498073,-42.399179,0.));
#902 = VECTOR('',#903,1.);
#903 = DIRECTION('',(-0.736226845374,-0.676734831489,0.));
#904 = ORIENTED_EDGE('',*,*,#905,.F.);
#905 = EDGE_CURVE('',#906,#898,#908,.T.);
#906 = VERTEX_POINT('',#907);
#907 = CARTESIAN_POINT('',(-27.062598,-41.428522,0.));
#908 = CIRCLE('',#909,3.957271548697);
#909 = AXIS2_PLACEMENT_3D('',#910,#911,#912);
#910 = CARTESIAN_POINT('',(-27.82004738485,-45.31262659945,0.));
#911 = DIRECTION('',(0.,0.,1.));
#912 = DIRECTION('',(0.19140697714,0.981510758526,-0.));
#913 = ORIENTED_EDGE('',*,*,#914,.F.);
#914 = EDGE_CURVE('',#915,#906,#917,.T.);
#915 = VERTEX_POINT('',#916);
#916 = CARTESIAN_POINT('',(-21.16281,-42.579052,0.));
#917 = LINE('',#918,#919);
#918 = CARTESIAN_POINT('',(-21.16281,-42.579052,0.));
#919 = VECTOR('',#920,1.);
#920 = DIRECTION('',(-0.981510854496,0.191406485017,0.));
#921 = ORIENTED_EDGE('',*,*,#922,.F.);
#922 = EDGE_CURVE('',#923,#915,#925,.T.);
#923 = VERTEX_POINT('',#924);
#924 = CARTESIAN_POINT('',(-15.263022,-43.729582,0.));
#925 = LINE('',#926,#927);
#926 = CARTESIAN_POINT('',(-15.263022,-43.729582,0.));
#927 = VECTOR('',#928,1.);
#928 = DIRECTION('',(-0.981510854496,0.191406485017,0.));
#929 = ORIENTED_EDGE('',*,*,#930,.F.);
#930 = EDGE_CURVE('',#931,#923,#933,.T.);
#931 = VERTEX_POINT('',#932);
#932 = CARTESIAN_POINT('',(-11.3,-44.112395,0.));
#933 = CIRCLE('',#934,20.704645876293);
#934 = AXIS2_PLACEMENT_3D('',#935,#936,#937);
#935 = CARTESIAN_POINT('',(-11.30000933148,-23.4077491237,0.));
#936 = DIRECTION('',(0.,0.,-1.));
#937 = DIRECTION('',(4.506952929513E-07,-1.,0.));
#938 = ORIENTED_EDGE('',*,*,#939,.F.);
#939 = EDGE_CURVE('',#940,#931,#942,.T.);
#940 = VERTEX_POINT('',#941);
#941 = CARTESIAN_POINT('',(-6.65,-44.112395,0.));
#942 = LINE('',#943,#944);
#943 = CARTESIAN_POINT('',(-6.65,-44.112395,0.));
#944 = VECTOR('',#945,1.);
#945 = DIRECTION('',(-1.,0.,0.));
#946 = ORIENTED_EDGE('',*,*,#947,.F.);
#947 = EDGE_CURVE('',#948,#940,#950,.T.);
#948 = VERTEX_POINT('',#949);
#949 = CARTESIAN_POINT('',(0.,-44.112395,0.));
#950 = LINE('',#951,#952);
#951 = CARTESIAN_POINT('',(0.,-44.112395,0.));
#952 = VECTOR('',#953,1.);
#953 = DIRECTION('',(-1.,0.,0.));
#954 = ORIENTED_EDGE('',*,*,#955,.F.);
#955 = EDGE_CURVE('',#956,#948,#958,.T.);
#956 = VERTEX_POINT('',#957);
#957 = CARTESIAN_POINT('',(6.65,-44.112395,0.));
#958 = LINE('',#959,#960);
#959 = CARTESIAN_POINT('',(6.65,-44.112395,0.));
#960 = VECTOR('',#961,1.);
#961 = DIRECTION('',(-1.,0.,0.));
#962 = ORIENTED_EDGE('',*,*,#963,.F.);
#963 = EDGE_CURVE('',#964,#956,#966,.T.);
#964 = VERTEX_POINT('',#965);
#965 = CARTESIAN_POINT('',(11.3,-44.112395,0.));
#966 = LINE('',#967,#968);
#967 = CARTESIAN_POINT('',(11.3,-44.112395,0.));
#968 = VECTOR('',#969,1.);
#969 = DIRECTION('',(-1.,0.,0.));
#970 = ORIENTED_EDGE('',*,*,#971,.F.);
#971 = EDGE_CURVE('',#972,#964,#974,.T.);
#972 = VERTEX_POINT('',#973);
#973 = CARTESIAN_POINT('',(15.263022,-43.729582,0.));
#974 = CIRCLE('',#975,20.704645876293);
#975 = AXIS2_PLACEMENT_3D('',#976,#977,#978);
#976 = CARTESIAN_POINT('',(11.300009331486,-23.4077491237,0.));
#977 = DIRECTION('',(0.,0.,-1.));
#978 = DIRECTION('',(0.19140692829,-0.981510768052,0.));
#979 = ORIENTED_EDGE('',*,*,#980,.F.);
#980 = EDGE_CURVE('',#981,#972,#983,.T.);
#981 = VERTEX_POINT('',#982);
#982 = CARTESIAN_POINT('',(21.16281,-42.579052,0.));
#983 = LINE('',#984,#985);
#984 = CARTESIAN_POINT('',(21.16281,-42.579052,0.));
#985 = VECTOR('',#986,1.);
#986 = DIRECTION('',(-0.981510854496,-0.191406485017,0.));
#987 = ORIENTED_EDGE('',*,*,#988,.F.);
#988 = EDGE_CURVE('',#989,#981,#991,.T.);
#989 = VERTEX_POINT('',#990);
#990 = CARTESIAN_POINT('',(27.062598,-41.428522,0.));
#991 = LINE('',#992,#993);
#992 = CARTESIAN_POINT('',(27.062598,-41.428522,0.));
#993 = VECTOR('',#994,1.);
#994 = DIRECTION('',(-0.981510854496,-0.191406485017,0.));
#995 = ORIENTED_EDGE('',*,*,#996,.F.);
#996 = EDGE_CURVE('',#997,#989,#999,.T.);
#997 = VERTEX_POINT('',#998);
#998 = CARTESIAN_POINT('',(30.498073,-42.399179,0.));
#999 = CIRCLE('',#1000,3.957263559871);
#1000 = AXIS2_PLACEMENT_3D('',#1001,#1002,#1003);
#1001 = CARTESIAN_POINT('',(27.820049818633,-45.31261798552,0.));
#1002 = DIRECTION('',(0.,0.,1.));
#1003 = DIRECTION('',(0.676736118494,0.736225662365,-0.));
#1004 = ORIENTED_EDGE('',*,*,#1005,.F.);
#1005 = EDGE_CURVE('',#1006,#997,#1008,.T.);
#1006 = VERTEX_POINT('',#1007);
#1007 = CARTESIAN_POINT('',(35.779372,-47.253714,0.));
#1008 = LINE('',#1009,#1010);
#1009 = CARTESIAN_POINT('',(35.779372,-47.253714,0.));
#1010 = VECTOR('',#1011,1.);
#1011 = DIRECTION('',(-0.736226845374,0.676734831489,0.));
#1012 = ORIENTED_EDGE('',*,*,#1013,.F.);
#1013 = EDGE_CURVE('',#1014,#1006,#1016,.T.);
#1014 = VERTEX_POINT('',#1015);
#1015 = CARTESIAN_POINT('',(41.060671,-52.10825,0.));
#1016 = LINE('',#1017,#1018);
#1017 = CARTESIAN_POINT('',(41.060671,-52.10825,0.));
#1018 = VECTOR('',#1019,1.);
#1019 = DIRECTION('',(-0.73622677592,0.676734907049,0.));
#1020 = ORIENTED_EDGE('',*,*,#1021,.F.);
#1021 = EDGE_CURVE('',#1022,#1014,#1024,.T.);
#1022 = VERTEX_POINT('',#1023);
#1023 = CARTESIAN_POINT('',(40.957103,-54.693042,0.));
#1024 = CIRCLE('',#1025,1.695790030675);
#1025 = AXIS2_PLACEMENT_3D('',#1026,#1027,#1028);
#1026 = CARTESIAN_POINT('',(39.913073614914,-53.35673871435,0.));
#1027 = DIRECTION('',(0.,-0.,1.));
#1028 = DIRECTION('',(0.615659584147,-0.788012231154,-0.));
#1029 = ORIENTED_EDGE('',*,*,#1030,.F.);
#1030 = EDGE_CURVE('',#1031,#1022,#1033,.T.);
#1031 = VERTEX_POINT('',#1032);
#1032 = CARTESIAN_POINT('',(40.612405,-57.500387,0.));
#1033 = CIRCLE('',#1034,2.000000718909);
#1034 = AXIS2_PLACEMENT_3D('',#1035,#1036,#1037);
#1035 = CARTESIAN_POINT('',(42.188427042352,-56.26906356659,0.));
#1036 = DIRECTION('',(0.,0.,-1.));
#1037 = DIRECTION('',(-0.788010737922,-0.615661495402,-0.));
#1038 = ORIENTED_EDGE('',*,*,#1039,.F.);
#1039 = EDGE_CURVE('',#1040,#1031,#1042,.T.);
#1040 = VERTEX_POINT('',#1041);
#1041 = CARTESIAN_POINT('',(45.245257,-63.430168,0.));
#1042 = LINE('',#1043,#1044);
#1043 = CARTESIAN_POINT('',(45.245257,-63.430168,0.));
#1044 = VECTOR('',#1045,1.);
#1045 = DIRECTION('',(-0.615661420563,0.788010796392,0.));
#1046 = ORIENTED_EDGE('',*,*,#1047,.F.);
#1047 = EDGE_CURVE('',#1048,#1040,#1050,.T.);
#1048 = VERTEX_POINT('',#1049);
#1049 = CARTESIAN_POINT('',(49.87811,-69.359949,0.));
#1050 = LINE('',#1051,#1052);
#1051 = CARTESIAN_POINT('',(49.87811,-69.359949,0.));
#1052 = VECTOR('',#1053,1.);
#1053 = DIRECTION('',(-0.615661503083,0.788010731921,0.));
#1054 = ORIENTED_EDGE('',*,*,#1055,.F.);
#1055 = EDGE_CURVE('',#1056,#1048,#1058,.T.);
#1056 = VERTEX_POINT('',#1057);
#1057 = CARTESIAN_POINT('',(52.685454,-69.704647,0.));
#1058 = CIRCLE('',#1059,1.999999667909);
#1059 = AXIS2_PLACEMENT_3D('',#1060,#1061,#1062);
#1060 = CARTESIAN_POINT('',(51.454131006414,-68.12862594776,0.));
#1061 = DIRECTION('',(-0.,0.,-1.));
#1062 = DIRECTION('',(0.615661599021,-0.788010656965,-0.));
#1063 = ORIENTED_EDGE('',*,*,#1064,.F.);
#1064 = EDGE_CURVE('',#1065,#1056,#1067,.T.);
#1065 = VERTEX_POINT('',#1066);
#1066 = CARTESIAN_POINT('',(58.615235,-65.071794,0.));
#1067 = LINE('',#1068,#1069);
#1068 = CARTESIAN_POINT('',(58.615235,-65.071794,0.));
#1069 = VECTOR('',#1070,1.);
#1070 = DIRECTION('',(-0.788010731921,-0.615661503083,0.));
#1071 = ORIENTED_EDGE('',*,*,#1072,.F.);
#1072 = EDGE_CURVE('',#1073,#1065,#1075,.T.);
#1073 = VERTEX_POINT('',#1074);
#1074 = CARTESIAN_POINT('',(64.545016,-60.438942,0.));
#1075 = LINE('',#1076,#1077);
#1076 = CARTESIAN_POINT('',(64.545016,-60.438942,0.));
#1077 = VECTOR('',#1078,1.);
#1078 = DIRECTION('',(-0.788010796392,-0.615661420563,0.));
#1079 = ORIENTED_EDGE('',*,*,#1080,.F.);
#1080 = EDGE_CURVE('',#1081,#1073,#1083,.T.);
#1081 = VERTEX_POINT('',#1082);
#1082 = CARTESIAN_POINT('',(64.889715,-57.631597,0.));
#1083 = CIRCLE('',#1084,2.00000206413);
#1084 = AXIS2_PLACEMENT_3D('',#1085,#1086,#1087);
#1085 = CARTESIAN_POINT('',(63.313690690362,-58.86291971641,0.));
#1086 = DIRECTION('',(0.,0.,-1.));
#1087 = DIRECTION('',(0.78801134154,0.615660722804,0.));
#1088 = ORIENTED_EDGE('',*,*,#1089,.F.);
#1089 = EDGE_CURVE('',#1090,#1081,#1092,.T.);
#1090 = VERTEX_POINT('',#1091);
#1091 = CARTESIAN_POINT('',(60.256862,-51.701816,0.));
#1092 = LINE('',#1093,#1094);
#1093 = CARTESIAN_POINT('',(60.256862,-51.701816,0.));
#1094 = VECTOR('',#1095,1.);
#1095 = DIRECTION('',(0.615661503083,-0.788010731921,0.));
#1096 = ORIENTED_EDGE('',*,*,#1097,.F.);
#1097 = EDGE_CURVE('',#1098,#1090,#1100,.T.);
#1098 = VERTEX_POINT('',#1099);
#1099 = CARTESIAN_POINT('',(55.624009,-45.772036,0.));
#1100 = LINE('',#1101,#1102);
#1101 = CARTESIAN_POINT('',(55.624009,-45.772036,0.));
#1102 = VECTOR('',#1103,1.);
#1103 = DIRECTION('',(0.615661567554,-0.78801068155,0.));
#1104 = ORIENTED_EDGE('',*,*,#1105,.F.);
#1105 = EDGE_CURVE('',#1106,#1098,#1108,.T.);
#1106 = VERTEX_POINT('',#1107);
#1107 = CARTESIAN_POINT('',(52.816665,-45.427337,0.));
#1108 = CIRCLE('',#1109,1.999998322692);
#1109 = AXIS2_PLACEMENT_3D('',#1110,#1111,#1112);
#1110 = CARTESIAN_POINT('',(54.047987740286,-47.00335654303,0.));
#1111 = DIRECTION('',(0.,0.,-1.));
#1112 = DIRECTION('',(-0.61566188647,0.788010432385,0.));
#1113 = ORIENTED_EDGE('',*,*,#1114,.F.);
#1114 = EDGE_CURVE('',#1115,#1106,#1117,.T.);
#1115 = VERTEX_POINT('',#1116);
#1116 = CARTESIAN_POINT('',(49.777323,-45.295322,0.));
#1117 = CIRCLE('',#1118,2.342744716459);
#1118 = AXIS2_PLACEMENT_3D('',#1119,#1120,#1121);
#1119 = CARTESIAN_POINT('',(51.374312866875,-43.58124027161,0.));
#1120 = DIRECTION('',(0.,0.,1.));
#1121 = DIRECTION('',(-0.681674727791,-0.731655359778,0.));
#1122 = ORIENTED_EDGE('',*,*,#1123,.F.);
#1123 = EDGE_CURVE('',#1124,#1115,#1126,.T.);
#1124 = VERTEX_POINT('',#1125);
#1125 = CARTESIAN_POINT('',(46.545426,-42.284247,0.));
#1126 = LINE('',#1127,#1128);
#1127 = CARTESIAN_POINT('',(46.545426,-42.284247,0.));
#1128 = VECTOR('',#1129,1.);
#1129 = DIRECTION('',(0.731660505684,-0.681669204543,0.));
#1130 = ORIENTED_EDGE('',*,*,#1131,.F.);
#1131 = EDGE_CURVE('',#1132,#1124,#1134,.T.);
#1132 = VERTEX_POINT('',#1133);
#1133 = CARTESIAN_POINT('',(42.270913,-38.301793,0.));
#1134 = LINE('',#1135,#1136);
#1135 = CARTESIAN_POINT('',(42.270913,-38.301793,0.));
#1136 = VECTOR('',#1137,1.);
#1137 = DIRECTION('',(0.731660455397,-0.681669258518,0.));
#1138 = ORIENTED_EDGE('',*,*,#1139,.F.);
#1139 = EDGE_CURVE('',#1140,#1132,#1142,.T.);
#1140 = VERTEX_POINT('',#1141);
#1141 = CARTESIAN_POINT('',(41.740493,-37.345398,0.));
#1142 = CIRCLE('',#1143,1.768318915933);
#1143 = AXIS2_PLACEMENT_3D('',#1144,#1145,#1146);
#1144 = CARTESIAN_POINT('',(43.476322517683,-37.00798479044,0.));
#1145 = DIRECTION('',(0.,0.,1.));
#1146 = DIRECTION('',(-0.981626957696,-0.190810156765,0.));
#1147 = ORIENTED_EDGE('',*,*,#1148,.F.);
#1148 = EDGE_CURVE('',#1149,#1140,#1151,.T.);
#1149 = VERTEX_POINT('',#1150);
#1150 = CARTESIAN_POINT('',(41.521063,-36.216527,0.));
#1151 = LINE('',#1152,#1153);
#1152 = CARTESIAN_POINT('',(41.521063,-36.216527,0.));
#1153 = VECTOR('',#1154,1.);
#1154 = DIRECTION('',(0.190808749068,-0.981627231325,0.));
#1155 = ORIENTED_EDGE('',*,*,#1156,.F.);
#1156 = EDGE_CURVE('',#1157,#1149,#1159,.T.);
#1157 = VERTEX_POINT('',#1158);
#1158 = CARTESIAN_POINT('',(40.199711,-29.418758,0.));
#1159 = LINE('',#1160,#1161);
#1160 = CARTESIAN_POINT('',(40.199711,-29.418758,0.));
#1161 = VECTOR('',#1162,1.);
#1162 = DIRECTION('',(0.190808934198,-0.98162719534,0.));
#1163 = ORIENTED_EDGE('',*,*,#1164,.F.);
#1164 = EDGE_CURVE('',#1165,#1157,#1167,.T.);
#1165 = VERTEX_POINT('',#1166);
#1166 = CARTESIAN_POINT('',(39.150261,-24.019809,0.));
#1167 = LINE('',#1168,#1169);
#1168 = CARTESIAN_POINT('',(39.150261,-24.019809,0.));
#1169 = VECTOR('',#1170,1.);
#1170 = DIRECTION('',(0.190809104764,-0.981627162185,0.));
#1171 = ORIENTED_EDGE('',*,*,#1172,.F.);
#1172 = EDGE_CURVE('',#1173,#1165,#1175,.T.);
#1173 = VERTEX_POINT('',#1174);
#1174 = CARTESIAN_POINT('',(36.805389,-22.438172,0.));
#1175 = CIRCLE('',#1176,2.000000481925);
#1176 = AXIS2_PLACEMENT_3D('',#1177,#1178,#1179);
#1177 = CARTESIAN_POINT('',(37.18700614816,-24.40142702162,0.));
#1178 = DIRECTION('',(0.,0.,-1.));
#1179 = DIRECTION('',(-0.190808528102,0.981627274276,0.));
#1180 = ORIENTED_EDGE('',*,*,#1181,.F.);
#1181 = EDGE_CURVE('',#1182,#1173,#1184,.T.);
#1182 = VERTEX_POINT('',#1183);
#1183 = CARTESIAN_POINT('',(29.134322,-23.929277,0.));
#1184 = LINE('',#1185,#1186);
#1185 = CARTESIAN_POINT('',(29.134322,-23.929277,0.));
#1186 = VECTOR('',#1187,1.);
#1187 = DIRECTION('',(0.981627168465,0.190809072458,0.));
#1188 = ORIENTED_EDGE('',*,*,#1189,.F.);
#1189 = EDGE_CURVE('',#1190,#1182,#1192,.T.);
#1190 = VERTEX_POINT('',#1191);
#1191 = CARTESIAN_POINT('',(20.,-25.704809,0.));
#1192 = LINE('',#1193,#1194);
#1193 = CARTESIAN_POINT('',(20.,-25.704809,0.));
#1194 = VECTOR('',#1195,1.);
#1195 = DIRECTION('',(0.981627190173,0.190808960777,0.));
#1196 = ORIENTED_EDGE('',*,*,#1197,.F.);
#1197 = EDGE_CURVE('',#1198,#1190,#1200,.T.);
#1198 = VERTEX_POINT('',#1199);
#1199 = CARTESIAN_POINT('',(19.5,-25.292641,0.));
#1200 = CIRCLE('',#1201,0.419893447043);
#1201 = AXIS2_PLACEMENT_3D('',#1202,#1203,#1204);
#1202 = CARTESIAN_POINT('',(19.919893446831,-25.29262767217,0.));
#1203 = DIRECTION('',(0.,0.,1.));
#1204 = DIRECTION('',(-0.999999999496,-3.17409728298E-05,0.));
#1205 = ORIENTED_EDGE('',*,*,#1206,.F.);
#1206 = EDGE_CURVE('',#1207,#1198,#1209,.T.);
#1207 = VERTEX_POINT('',#1208);
#1208 = CARTESIAN_POINT('',(20.,-24.686092,0.));
#1209 = CIRCLE('',#1210,0.617815603958);
#1210 = AXIS2_PLACEMENT_3D('',#1211,#1212,#1213);
#1211 = CARTESIAN_POINT('',(20.117815599882,-25.29257003333,0.));
#1212 = DIRECTION('',(0.,0.,1.));
#1213 = DIRECTION('',(-0.190697028575,0.981648940962,0.));
#1214 = ORIENTED_EDGE('',*,*,#1215,.F.);
#1215 = EDGE_CURVE('',#1216,#1207,#1218,.T.);
#1216 = VERTEX_POINT('',#1217);
#1217 = CARTESIAN_POINT('',(29.038917,-22.929105,0.));
#1218 = LINE('',#1219,#1220);
#1219 = CARTESIAN_POINT('',(29.038917,-22.929105,0.));
#1220 = VECTOR('',#1221,1.);
#1221 = DIRECTION('',(-0.981627193226,-0.19080894507,0.));
#1222 = ORIENTED_EDGE('',*,*,#1223,.F.);
#1223 = EDGE_CURVE('',#1224,#1216,#1226,.T.);
#1224 = VERTEX_POINT('',#1225);
#1225 = CARTESIAN_POINT('',(36.61458,-21.456545,0.));
#1226 = LINE('',#1227,#1228);
#1227 = CARTESIAN_POINT('',(36.61458,-21.456545,0.));
#1228 = VECTOR('',#1229,1.);
#1229 = DIRECTION('',(-0.981627176552,-0.190809030854,0.));
#1230 = ORIENTED_EDGE('',*,*,#1231,.F.);
#1231 = EDGE_CURVE('',#1232,#1224,#1234,.T.);
#1232 = VERTEX_POINT('',#1233);
#1233 = CARTESIAN_POINT('',(38.196216,-19.111673,0.));
#1234 = CIRCLE('',#1235,1.999998806183);
#1235 = AXIS2_PLACEMENT_3D('',#1236,#1237,#1238);
#1236 = CARTESIAN_POINT('',(36.232962979485,-19.49329166067,0.));
#1237 = DIRECTION('',(0.,0.,-1.));
#1238 = DIRECTION('',(0.981627096199,0.190809444231,0.));
#1239 = ORIENTED_EDGE('',*,*,#1240,.F.);
#1240 = EDGE_CURVE('',#1241,#1232,#1243,.T.);
#1241 = VERTEX_POINT('',#1242);
#1242 = CARTESIAN_POINT('',(37.146767,-13.712723,0.));
#1243 = LINE('',#1244,#1245);
#1244 = CARTESIAN_POINT('',(37.146767,-13.712723,0.));
#1245 = VECTOR('',#1246,1.);
#1246 = DIRECTION('',(0.19080889551,-0.98162720286,0.));
#1247 = ORIENTED_EDGE('',*,*,#1248,.F.);
#1248 = EDGE_CURVE('',#1249,#1241,#1251,.T.);
#1249 = VERTEX_POINT('',#1250);
#1250 = CARTESIAN_POINT('',(36.097317,-8.313774,0.));
#1251 = LINE('',#1252,#1253);
#1252 = CARTESIAN_POINT('',(36.097317,-8.313774,0.));
#1253 = VECTOR('',#1254,1.);
#1254 = DIRECTION('',(0.190809104764,-0.981627162185,0.));
#1255 = ORIENTED_EDGE('',*,*,#1256,.F.);
#1256 = EDGE_CURVE('',#1257,#1249,#1259,.T.);
#1257 = VERTEX_POINT('',#1258);
#1258 = CARTESIAN_POINT('',(33.752445,-6.732138,0.));
#1259 = CIRCLE('',#1260,1.999998806183);
#1260 = AXIS2_PLACEMENT_3D('',#1261,#1262,#1263);
#1261 = CARTESIAN_POINT('',(34.134063660671,-8.695391020515,0.));
#1262 = DIRECTION('',(0.,0.,-1.));
#1263 = DIRECTION('',(-0.190809444231,0.981627096199,0.));
#1264 = ORIENTED_EDGE('',*,*,#1265,.F.);
#1265 = EDGE_CURVE('',#1266,#1257,#1268,.T.);
#1266 = VERTEX_POINT('',#1267);
#1267 = CARTESIAN_POINT('',(27.60785,-7.926526,0.));
#1268 = LINE('',#1269,#1270);
#1269 = CARTESIAN_POINT('',(27.60785,-7.926526,0.));
#1270 = VECTOR('',#1271,1.);
#1271 = DIRECTION('',(0.981627191695,0.190808952947,0.));
#1272 = ORIENTED_EDGE('',*,*,#1273,.F.);
#1273 = EDGE_CURVE('',#1274,#1266,#1276,.T.);
#1274 = VERTEX_POINT('',#1275);
#1275 = CARTESIAN_POINT('',(20.,-9.405342,0.));
#1276 = LINE('',#1277,#1278);
#1277 = CARTESIAN_POINT('',(20.,-9.405342,0.));
#1278 = VECTOR('',#1279,1.);
#1279 = DIRECTION('',(0.981627189124,0.190808966175,0.));
#1280 = ORIENTED_EDGE('',*,*,#1281,.F.);
#1281 = EDGE_CURVE('',#1282,#1274,#1284,.T.);
#1282 = VERTEX_POINT('',#1283);
#1283 = CARTESIAN_POINT('',(19.5,-8.993174,0.));
#1284 = CIRCLE('',#1285,0.419918148097);
#1285 = AXIS2_PLACEMENT_3D('',#1286,#1287,#1288);
#1286 = CARTESIAN_POINT('',(19.919918145865,-8.993130709835,0.));
#1287 = DIRECTION('',(0.,0.,1.));
#1288 = DIRECTION('',(-0.999999994686,-1.030919126331E-04,0.));
#1289 = ORIENTED_EDGE('',*,*,#1290,.F.);
#1290 = EDGE_CURVE('',#1291,#1282,#1293,.T.);
#1291 = VERTEX_POINT('',#1292);
#1292 = CARTESIAN_POINT('',(20.,-8.386625,0.));
#1293 = CIRCLE('',#1294,0.617958141774);
#1294 = AXIS2_PLACEMENT_3D('',#1295,#1296,#1297);
#1295 = CARTESIAN_POINT('',(20.117958140022,-8.993220534262,0.));
#1296 = DIRECTION('',(0.,0.,1.));
#1297 = DIRECTION('',(-0.190883705623,0.981612658296,0.));
#1298 = ORIENTED_EDGE('',*,*,#1299,.F.);
#1299 = EDGE_CURVE('',#1300,#1291,#1302,.T.);
#1300 = VERTEX_POINT('',#1301);
#1301 = CARTESIAN_POINT('',(27.512445,-6.926354,0.));
#1302 = LINE('',#1303,#1304);
#1303 = CARTESIAN_POINT('',(27.512445,-6.926354,0.));
#1304 = VECTOR('',#1305,1.);
#1305 = DIRECTION('',(-0.981627192784,-0.190808947345,0.));
#1306 = ORIENTED_EDGE('',*,*,#1307,.F.);
#1307 = EDGE_CURVE('',#1308,#1300,#1310,.T.);
#1308 = VERTEX_POINT('',#1309);
#1309 = CARTESIAN_POINT('',(33.561636,-5.75051,0.));
#1310 = LINE('',#1311,#1312);
#1311 = CARTESIAN_POINT('',(33.561636,-5.75051,0.));
#1312 = VECTOR('',#1313,1.);
#1313 = DIRECTION('',(-0.981627171795,-0.190809055325,0.));
#1314 = ORIENTED_EDGE('',*,*,#1315,.F.);
#1315 = EDGE_CURVE('',#1316,#1308,#1318,.T.);
#1316 = VERTEX_POINT('',#1317);
#1317 = CARTESIAN_POINT('',(35.143272,-3.405638,0.));
#1318 = CIRCLE('',#1319,1.999998806183);
#1319 = AXIS2_PLACEMENT_3D('',#1320,#1321,#1322);
#1320 = CARTESIAN_POINT('',(33.180018979485,-3.787256660671,0.));
#1321 = DIRECTION('',(0.,0.,-1.));
#1322 = DIRECTION('',(0.981627096199,0.190809444231,0.));
#1323 = ORIENTED_EDGE('',*,*,#1324,.F.);
#1324 = EDGE_CURVE('',#1325,#1316,#1327,.T.);
#1325 = VERTEX_POINT('',#1326);
#1326 = CARTESIAN_POINT('',(34.093823,1.993311,0.));
#1327 = LINE('',#1328,#1329);
#1328 = CARTESIAN_POINT('',(34.093823,1.993311,0.));
#1329 = VECTOR('',#1330,1.);
#1330 = DIRECTION('',(0.190808929565,-0.98162719624,0.));
#1331 = ORIENTED_EDGE('',*,*,#1332,.F.);
#1332 = EDGE_CURVE('',#1333,#1325,#1335,.T.);
#1333 = VERTEX_POINT('',#1334);
#1334 = CARTESIAN_POINT('',(33.044373,7.392261,0.));
#1335 = LINE('',#1336,#1337);
#1336 = CARTESIAN_POINT('',(33.044373,7.392261,0.));
#1337 = VECTOR('',#1338,1.);
#1338 = DIRECTION('',(0.190809070709,-0.981627168805,0.));
#1339 = ORIENTED_EDGE('',*,*,#1340,.F.);
#1340 = EDGE_CURVE('',#1341,#1333,#1343,.T.);
#1341 = VERTEX_POINT('',#1342);
#1342 = CARTESIAN_POINT('',(30.699501,8.973897,0.));
#1343 = CIRCLE('',#1344,1.999998806183);
#1344 = AXIS2_PLACEMENT_3D('',#1345,#1346,#1347);
#1345 = CARTESIAN_POINT('',(31.081119660671,7.010643979485,0.));
#1346 = DIRECTION('',(0.,0.,-1.));
#1347 = DIRECTION('',(-0.190809444231,0.981627096199,0.));
#1348 = ORIENTED_EDGE('',*,*,#1349,.F.);
#1349 = EDGE_CURVE('',#1350,#1341,#1352,.T.);
#1350 = VERTEX_POINT('',#1351);
#1351 = CARTESIAN_POINT('',(23.081378,7.493084,0.));
#1352 = LINE('',#1353,#1354);
#1353 = CARTESIAN_POINT('',(23.081378,7.493084,0.));
#1354 = VECTOR('',#1355,1.);
#1355 = DIRECTION('',(0.981627185953,0.19080898249,0.));
#1356 = ORIENTED_EDGE('',*,*,#1357,.F.);
#1357 = EDGE_CURVE('',#1358,#1350,#1360,.T.);
#1358 = VERTEX_POINT('',#1359);
#1359 = CARTESIAN_POINT('',(14.,5.727843,0.));
#1360 = LINE('',#1361,#1362);
#1361 = CARTESIAN_POINT('',(14.,5.727843,0.));
#1362 = VECTOR('',#1363,1.);
#1363 = DIRECTION('',(0.981627184724,0.190808988811,0.));
#1364 = ORIENTED_EDGE('',*,*,#1365,.F.);
#1365 = EDGE_CURVE('',#1366,#1358,#1368,.T.);
#1366 = VERTEX_POINT('',#1367);
#1367 = CARTESIAN_POINT('',(13.5,6.140011,0.));
#1368 = CIRCLE('',#1369,0.419912587663);
#1369 = AXIS2_PLACEMENT_3D('',#1370,#1371,#1372);
#1370 = CARTESIAN_POINT('',(13.919912586073,6.140047545594,0.));
#1371 = DIRECTION('',(0.,0.,1.));
#1372 = DIRECTION('',(-0.999999996213,-8.703143299095E-05,0.));
#1373 = ORIENTED_EDGE('',*,*,#1374,.F.);
#1374 = EDGE_CURVE('',#1375,#1366,#1377,.T.);
#1375 = VERTEX_POINT('',#1376);
#1376 = CARTESIAN_POINT('',(14.,6.74656,0.));
#1377 = CIRCLE('',#1378,0.617927906905);
#1378 = AXIS2_PLACEMENT_3D('',#1379,#1380,#1381);
#1379 = CARTESIAN_POINT('',(14.117927906527,6.139989388287,0.));
#1380 = DIRECTION('',(0.,0.,1.));
#1381 = DIRECTION('',(-0.190844118236,0.981620355603,0.));
#1382 = ORIENTED_EDGE('',*,*,#1383,.F.);
#1383 = EDGE_CURVE('',#1384,#1375,#1386,.T.);
#1384 = VERTEX_POINT('',#1385);
#1385 = CARTESIAN_POINT('',(21.022719,8.111638,0.));
#1386 = LINE('',#1387,#1388);
#1387 = CARTESIAN_POINT('',(21.022719,8.111638,0.));
#1388 = VECTOR('',#1389,1.);
#1389 = DIRECTION('',(-0.981627191046,-0.190808956289,0.));
#1390 = ORIENTED_EDGE('',*,*,#1391,.F.);
#1391 = EDGE_CURVE('',#1392,#1384,#1394,.T.);
#1392 = VERTEX_POINT('',#1393);
#1393 = CARTESIAN_POINT('',(26.582183,9.192289,0.));
#1394 = LINE('',#1395,#1396);
#1395 = CARTESIAN_POINT('',(26.582183,9.192289,0.));
#1396 = VECTOR('',#1397,1.);
#1397 = DIRECTION('',(-0.981627161321,-0.190809109207,0.));
#1398 = ORIENTED_EDGE('',*,*,#1399,.F.);
#1399 = EDGE_CURVE('',#1400,#1392,#1402,.T.);
#1400 = VERTEX_POINT('',#1401);
#1401 = CARTESIAN_POINT('',(30.508692,9.955525,0.));
#1402 = LINE('',#1403,#1404);
#1403 = CARTESIAN_POINT('',(30.508692,9.955525,0.));
#1404 = VECTOR('',#1405,1.);
#1405 = DIRECTION('',(-0.981627185005,-0.190808987366,0.));
#1406 = ORIENTED_EDGE('',*,*,#1407,.F.);
#1407 = EDGE_CURVE('',#1408,#1400,#1410,.T.);
#1408 = VERTEX_POINT('',#1409);
#1409 = CARTESIAN_POINT('',(30.999506,10.050929,0.));
#1410 = LINE('',#1411,#1412);
#1411 = CARTESIAN_POINT('',(30.999506,10.050929,0.));
#1412 = VECTOR('',#1413,1.);
#1413 = DIRECTION('',(-0.981627399613,-0.190807883297,0.));
#1414 = ORIENTED_EDGE('',*,*,#1415,.F.);
#1415 = EDGE_CURVE('',#1416,#1408,#1418,.T.);
#1416 = VERTEX_POINT('',#1417);
#1417 = CARTESIAN_POINT('',(33.453574,10.527952,0.));
#1418 = LINE('',#1419,#1420);
#1419 = CARTESIAN_POINT('',(33.453574,10.527952,0.));
#1420 = VECTOR('',#1421,1.);
#1421 = DIRECTION('',(-0.981627145724,-0.19080918945,0.));
#1422 = ORIENTED_EDGE('',*,*,#1423,.F.);
#1423 = EDGE_CURVE('',#1424,#1416,#1426,.T.);
#1424 = VERTEX_POINT('',#1425);
#1425 = CARTESIAN_POINT('',(38.238109,-14.08635,0.));
#1426 = LINE('',#1427,#1428);
#1427 = CARTESIAN_POINT('',(38.238109,-14.08635,0.));
#1428 = VECTOR('',#1429,1.);
#1429 = DIRECTION('',(-0.190808971091,0.981627188168,0.));
#1430 = ORIENTED_EDGE('',*,*,#1431,.F.);
#1431 = EDGE_CURVE('',#1432,#1424,#1434,.T.);
#1432 = VERTEX_POINT('',#1433);
#1433 = CARTESIAN_POINT('',(42.641027,-36.737397,0.));
#1434 = LINE('',#1435,#1436);
#1435 = CARTESIAN_POINT('',(42.641027,-36.737397,0.));
#1436 = VECTOR('',#1437,1.);
#1437 = DIRECTION('',(-0.190809015498,0.981627179536,0.));
#1438 = ORIENTED_EDGE('',*,*,#1439,.F.);
#1439 = EDGE_CURVE('',#1440,#1432,#1442,.T.);
#1440 = VERTEX_POINT('',#1441);
#1441 = CARTESIAN_POINT('',(44.985899,-38.319034,0.));
#1442 = CIRCLE('',#1443,2.000040096704);
#1443 = AXIS2_PLACEMENT_3D('',#1444,#1445,#1446);
#1444 = CARTESIAN_POINT('',(44.604313179622,-36.35573253305,0.));
#1445 = DIRECTION('',(0.,0.,-1.));
#1446 = DIRECTION('',(0.190789085182,-0.981631053388,0.));
#1447 = ORIENTED_EDGE('',*,*,#1448,.F.);
#1448 = EDGE_CURVE('',#1449,#1440,#1451,.T.);
#1449 = VERTEX_POINT('',#1450);
#1450 = CARTESIAN_POINT('',(52.372644,-36.883196,0.));
#1451 = LINE('',#1452,#1453);
#1452 = CARTESIAN_POINT('',(52.372644,-36.883196,0.));
#1453 = VECTOR('',#1454,1.);
#1454 = DIRECTION('',(-0.981627177888,-0.190809023981,0.));
#1455 = ORIENTED_EDGE('',*,*,#1456,.F.);
#1456 = EDGE_CURVE('',#1457,#1449,#1459,.T.);
#1457 = VERTEX_POINT('',#1458);
#1458 = CARTESIAN_POINT('',(60.102958,-35.380575,0.));
#1459 = LINE('',#1460,#1461);
#1460 = CARTESIAN_POINT('',(60.102958,-35.380575,0.));
#1461 = VECTOR('',#1462,1.);
#1462 = DIRECTION('',(-0.981627179287,-0.190809016783,0.));
#1463 = ORIENTED_EDGE('',*,*,#1464,.F.);
#1464 = EDGE_CURVE('',#1465,#1457,#1467,.T.);
#1465 = VERTEX_POINT('',#1466);
#1466 = CARTESIAN_POINT('',(61.407808,-33.446055,0.));
#1467 = CIRCLE('',#1468,1.649972770081);
#1468 = AXIS2_PLACEMENT_3D('',#1469,#1470,#1471);
#1469 = CARTESIAN_POINT('',(59.788155130414,-33.76091167223,0.));
#1470 = DIRECTION('',(0.,0.,-1.));
#1471 = DIRECTION('',(0.981623999472,0.190825374784,0.));
#1472 = ORIENTED_EDGE('',*,*,#1473,.F.);
#1473 = EDGE_CURVE('',#1474,#1465,#1476,.T.);
#1474 = VERTEX_POINT('',#1475);
#1475 = CARTESIAN_POINT('',(62.712658,-31.511536,0.));
#1476 = CIRCLE('',#1477,1.649999302567);
#1477 = AXIS2_PLACEMENT_3D('',#1478,#1479,#1480);
#1478 = CARTESIAN_POINT('',(63.027492164804,-33.1312202739,0.));
#1479 = DIRECTION('',(0.,0.,1.));
#1480 = DIRECTION('',(-0.190808665382,0.981627247592,0.));
#1481 = ORIENTED_EDGE('',*,*,#1482,.F.);
#1482 = EDGE_CURVE('',#1483,#1474,#1485,.T.);
#1483 = VERTEX_POINT('',#1484);
#1484 = CARTESIAN_POINT('',(70.442972,-30.008915,0.));
#1485 = LINE('',#1486,#1487);
#1486 = CARTESIAN_POINT('',(70.442972,-30.008915,0.));
#1487 = VECTOR('',#1488,1.);
#1488 = DIRECTION('',(-0.981627179287,-0.190809016783,0.));
#1489 = ORIENTED_EDGE('',*,*,#1490,.F.);
#1490 = EDGE_CURVE('',#1491,#1483,#1493,.T.);
#1491 = VERTEX_POINT('',#1492);
#1492 = CARTESIAN_POINT('',(77.829716,-28.573077,0.));
#1493 = LINE('',#1494,#1495);
#1494 = CARTESIAN_POINT('',(77.829716,-28.573077,0.));
#1495 = VECTOR('',#1496,1.);
#1496 = DIRECTION('',(-0.981627173049,-0.190809048871,0.));
#1497 = ORIENTED_EDGE('',*,*,#1498,.F.);
#1498 = EDGE_CURVE('',#1499,#1491,#1501,.T.);
#1499 = VERTEX_POINT('',#1500);
#1500 = CARTESIAN_POINT('',(79.411353,-26.228205,0.));
#1501 = CIRCLE('',#1502,2.000042749843);
#1502 = AXIS2_PLACEMENT_3D('',#1503,#1504,#1505);
#1503 = CARTESIAN_POINT('',(77.448048422483,-26.60978872227,0.));
#1504 = DIRECTION('',(0.,0.,-1.));
#1505 = DIRECTION('',(0.981631306466,0.190787783061,0.));
#1506 = ORIENTED_EDGE('',*,*,#1507,.F.);
#1507 = EDGE_CURVE('',#1508,#1499,#1510,.T.);
#1508 = VERTEX_POINT('',#1509);
#1509 = CARTESIAN_POINT('',(79.096518,-24.60852,0.));
#1510 = LINE('',#1511,#1512);
#1511 = CARTESIAN_POINT('',(79.096518,-24.60852,0.));
#1512 = VECTOR('',#1513,1.);
#1513 = DIRECTION('',(0.190809070709,-0.981627168805,0.));
#1514 = ORIENTED_EDGE('',*,*,#1515,.F.);
#1515 = EDGE_CURVE('',#1516,#1508,#1518,.T.);
#1516 = VERTEX_POINT('',#1517);
#1517 = CARTESIAN_POINT('',(78.781683,-22.988835,0.));
#1518 = LINE('',#1519,#1520);
#1519 = CARTESIAN_POINT('',(78.781683,-22.988835,0.));
#1520 = VECTOR('',#1521,1.);
#1521 = DIRECTION('',(0.190809070709,-0.981627168805,0.));
#1522 = ORIENTED_EDGE('',*,*,#1523,.F.);
#1523 = EDGE_CURVE('',#1524,#1516,#1526,.T.);
#1524 = VERTEX_POINT('',#1525);
#1525 = CARTESIAN_POINT('',(80.363319,-20.643963,0.));
#1526 = CIRCLE('',#1527,1.999998806183);
#1527 = AXIS2_PLACEMENT_3D('',#1528,#1529,#1530);
#1528 = CARTESIAN_POINT('',(80.744936020515,-22.60721633932,0.));
#1529 = DIRECTION('',(0.,0.,1.));
#1530 = DIRECTION('',(-0.190808624153,0.981627255606,0.));
#1531 = ORIENTED_EDGE('',*,*,#1532,.F.);
#1532 = EDGE_CURVE('',#1533,#1524,#1535,.T.);
#1533 = VERTEX_POINT('',#1534);
#1534 = CARTESIAN_POINT('',(87.750064,-19.208125,0.));
#1535 = LINE('',#1536,#1537);
#1536 = CARTESIAN_POINT('',(87.750064,-19.208125,0.));
#1537 = VECTOR('',#1538,1.);
#1538 = DIRECTION('',(-0.981627177888,-0.190809023981,0.));
#1539 = ORIENTED_EDGE('',*,*,#1540,.F.);
#1540 = EDGE_CURVE('',#1541,#1533,#1543,.T.);
#1541 = VERTEX_POINT('',#1542);
#1542 = CARTESIAN_POINT('',(95.136808,-17.772287,0.));
#1543 = LINE('',#1544,#1545);
#1544 = CARTESIAN_POINT('',(95.136808,-17.772287,0.));
#1545 = VECTOR('',#1546,1.);
#1546 = DIRECTION('',(-0.981627173049,-0.190809048871,0.));
#1547 = ORIENTED_EDGE('',*,*,#1548,.F.);
#1548 = EDGE_CURVE('',#1549,#1541,#1551,.T.);
#1549 = VERTEX_POINT('',#1550);
#1550 = CARTESIAN_POINT('',(97.481681,-19.353924,0.));
#1551 = CIRCLE('',#1552,2.00000215767);
#1552 = AXIS2_PLACEMENT_3D('',#1553,#1554,#1555);
#1553 = CARTESIAN_POINT('',(95.518424786543,-19.73554379902,0.));
#1554 = DIRECTION('',(0.,0.,1.));
#1555 = DIRECTION('',(0.981627047715,0.19080969366,-0.));
#1556 = ORIENTED_EDGE('',*,*,#1557,.F.);
#1557 = EDGE_CURVE('',#1558,#1549,#1560,.T.);
#1558 = VERTEX_POINT('',#1559);
#1559 = CARTESIAN_POINT('',(97.701111,-20.482795,0.));
#1560 = LINE('',#1561,#1562);
#1561 = CARTESIAN_POINT('',(97.701111,-20.482795,0.));
#1562 = VECTOR('',#1563,1.);
#1563 = DIRECTION('',(-0.190808749068,0.981627231325,0.));
#1564 = ORIENTED_EDGE('',*,*,#1565,.F.);
#1565 = EDGE_CURVE('',#1566,#1558,#1568,.T.);
#1566 = VERTEX_POINT('',#1567);
#1567 = CARTESIAN_POINT('',(97.920542,-21.611666,0.));
#1568 = LINE('',#1569,#1570);
#1569 = CARTESIAN_POINT('',(97.920542,-21.611666,0.));
#1570 = VECTOR('',#1571,1.);
#1571 = DIRECTION('',(-0.190809586975,0.981627068452,0.));
#1572 = ORIENTED_EDGE('',*,*,#1573,.F.);
#1573 = EDGE_CURVE('',#1574,#1566,#1576,.T.);
#1574 = VERTEX_POINT('',#1575);
#1575 = CARTESIAN_POINT('',(100.265414,-23.193303,0.));
#1576 = CIRCLE('',#1577,2.000025387002);
#1577 = AXIS2_PLACEMENT_3D('',#1578,#1579,#1580);
#1578 = CARTESIAN_POINT('',(99.883816547108,-21.23001877895,0.));
#1579 = DIRECTION('',(0.,0.,-1.));
#1580 = DIRECTION('',(0.190796304573,-0.981629650205,0.));
#1581 = ORIENTED_EDGE('',*,*,#1582,.F.);
#1582 = EDGE_CURVE('',#1583,#1574,#1585,.T.);
#1583 = VERTEX_POINT('',#1584);
#1584 = CARTESIAN_POINT('',(107.652158,-21.757465,0.));
#1585 = LINE('',#1586,#1587);
#1586 = CARTESIAN_POINT('',(107.652158,-21.757465,0.));
#1587 = VECTOR('',#1588,1.);
#1588 = DIRECTION('',(-0.981627173049,-0.190809048871,0.));
#1589 = ORIENTED_EDGE('',*,*,#1590,.F.);
#1590 = EDGE_CURVE('',#1591,#1583,#1593,.T.);
#1591 = VERTEX_POINT('',#1592);
#1592 = CARTESIAN_POINT('',(115.038903,-20.321627,0.));
#1593 = LINE('',#1594,#1595);
#1594 = CARTESIAN_POINT('',(115.038903,-20.321627,0.));
#1595 = VECTOR('',#1596,1.);
#1596 = DIRECTION('',(-0.981627177888,-0.190809023981,0.));
#1597 = ORIENTED_EDGE('',*,*,#1598,.F.);
#1598 = EDGE_CURVE('',#1599,#1591,#1601,.T.);
#1599 = VERTEX_POINT('',#1600);
#1600 = CARTESIAN_POINT('',(116.620539,-17.976755,0.));
#1601 = CIRCLE('',#1602,1.999957239877);
#1602 = AXIS2_PLACEMENT_3D('',#1603,#1604,#1605);
#1603 = CARTESIAN_POINT('',(114.65733471385,-18.35840653241,0.));
#1604 = DIRECTION('',(0.,0.,-1.));
#1605 = DIRECTION('',(0.981623130236,0.190829846161,0.));
#1606 = ORIENTED_EDGE('',*,*,#1607,.F.);
#1607 = EDGE_CURVE('',#1608,#1599,#1610,.T.);
#1608 = VERTEX_POINT('',#1609);
#1609 = CARTESIAN_POINT('',(116.377258,-16.72518,0.));
#1610 = LINE('',#1611,#1612);
#1611 = CARTESIAN_POINT('',(116.377258,-16.72518,0.));
#1612 = VECTOR('',#1613,1.);
#1613 = DIRECTION('',(0.190808590737,-0.981627262102,0.));
#1614 = ORIENTED_EDGE('',*,*,#1615,.F.);
#1615 = EDGE_CURVE('',#1616,#1608,#1618,.T.);
#1616 = VERTEX_POINT('',#1617);
#1617 = CARTESIAN_POINT('',(116.133976,-15.473606,0.));
#1618 = LINE('',#1619,#1620);
#1619 = CARTESIAN_POINT('',(116.133976,-15.473606,0.));
#1620 = VECTOR('',#1621,1.);
#1621 = DIRECTION('',(0.1908094934,-0.981627086642,0.));
#1622 = ORIENTED_EDGE('',*,*,#1623,.F.);
#1623 = EDGE_CURVE('',#1624,#1616,#1626,.T.);
#1624 = VERTEX_POINT('',#1625);
#1625 = CARTESIAN_POINT('',(117.715613,-13.128733,0.));
#1626 = CIRCLE('',#1627,2.00000215767);
#1627 = AXIS2_PLACEMENT_3D('',#1628,#1629,#1630);
#1628 = CARTESIAN_POINT('',(118.09723279902,-15.09198921345,0.));
#1629 = DIRECTION('',(0.,0.,1.));
#1630 = DIRECTION('',(-0.19080969366,0.981627047715,0.));
#1631 = ORIENTED_EDGE('',*,*,#1632,.F.);
#1632 = EDGE_CURVE('',#1633,#1624,#1635,.T.);
#1633 = VERTEX_POINT('',#1634);
#1634 = CARTESIAN_POINT('',(125.102357,-11.692896,0.));
#1635 = LINE('',#1636,#1637);
#1636 = CARTESIAN_POINT('',(125.102357,-11.692896,0.));
#1637 = VECTOR('',#1638,1.);
#1638 = DIRECTION('',(-0.98162719794,-0.190808920819,0.));
#1639 = ORIENTED_EDGE('',*,*,#1640,.F.);
#1640 = EDGE_CURVE('',#1641,#1633,#1643,.T.);
#1641 = VERTEX_POINT('',#1642);
#1642 = CARTESIAN_POINT('',(132.489102,-10.257058,0.));
#1643 = LINE('',#1644,#1645);
#1644 = CARTESIAN_POINT('',(132.489102,-10.257058,0.));
#1645 = VECTOR('',#1646,1.);
#1646 = DIRECTION('',(-0.981627177888,-0.190809023981,0.));
#1647 = ORIENTED_EDGE('',*,*,#1648,.F.);
#1648 = EDGE_CURVE('',#1649,#1641,#1651,.T.);
#1649 = VERTEX_POINT('',#1650);
#1650 = CARTESIAN_POINT('',(134.070738,-7.912186,0.));
#1651 = CIRCLE('',#1652,2.000012910815);
#1652 = AXIS2_PLACEMENT_3D('',#1653,#1654,#1655);
#1653 = CARTESIAN_POINT('',(132.10746844275,-8.293793506507,0.));
#1654 = DIRECTION('',(0.,0.,-1.));
#1655 = DIRECTION('',(0.981628441811,0.190802521545,0.));
#1656 = ORIENTED_EDGE('',*,*,#1657,.F.);
#1657 = EDGE_CURVE('',#1658,#1649,#1660,.T.);
#1658 = VERTEX_POINT('',#1659);
#1659 = CARTESIAN_POINT('',(130.817445,8.824558,0.));
#1660 = LINE('',#1661,#1662);
#1661 = CARTESIAN_POINT('',(130.817445,8.824558,0.));
#1662 = VECTOR('',#1663,1.);
#1663 = DIRECTION('',(0.190808968663,-0.98162718864,0.));
#1664 = ORIENTED_EDGE('',*,*,#1665,.F.);
#1665 = EDGE_CURVE('',#1666,#1658,#1668,.T.);
#1666 = VERTEX_POINT('',#1667);
#1667 = CARTESIAN_POINT('',(127.564152,25.561301,0.));
#1668 = LINE('',#1669,#1670);
#1669 = CARTESIAN_POINT('',(127.564152,25.561301,0.));
#1670 = VECTOR('',#1671,1.);
#1671 = DIRECTION('',(0.190808979648,-0.981627186505,0.));
#1672 = ORIENTED_EDGE('',*,*,#1673,.F.);
#1673 = EDGE_CURVE('',#1674,#1666,#1676,.T.);
#1674 = VERTEX_POINT('',#1675);
#1675 = CARTESIAN_POINT('',(125.219279,27.142938,0.));
#1676 = CIRCLE('',#1677,2.000002856218);
#1677 = AXIS2_PLACEMENT_3D('',#1678,#1679,#1680);
#1678 = CARTESIAN_POINT('',(125.60089523411,25.179680381974,0.));
#1679 = DIRECTION('',(0.,0.,-1.));
#1680 = DIRECTION('',(-0.190807844565,0.981627407142,0.));
#1681 = ORIENTED_EDGE('',*,*,#1682,.F.);
#1682 = EDGE_CURVE('',#1683,#1674,#1685,.T.);
#1683 = VERTEX_POINT('',#1684);
#1684 = CARTESIAN_POINT('',(117.832535,25.7071,0.));
#1685 = LINE('',#1686,#1687);
#1686 = CARTESIAN_POINT('',(117.832535,25.7071,0.));
#1687 = VECTOR('',#1688,1.);
#1688 = DIRECTION('',(0.981627173049,0.190809048871,0.));
#1689 = ORIENTED_EDGE('',*,*,#1690,.F.);
#1690 = EDGE_CURVE('',#1691,#1683,#1693,.T.);
#1691 = VERTEX_POINT('',#1692);
#1692 = CARTESIAN_POINT('',(110.44579,24.271262,0.));
#1693 = LINE('',#1694,#1695);
#1694 = CARTESIAN_POINT('',(110.44579,24.271262,0.));
#1695 = VECTOR('',#1696,1.);
#1696 = DIRECTION('',(0.981627177888,0.190809023981,0.));
#1697 = ORIENTED_EDGE('',*,*,#1698,.F.);
#1698 = EDGE_CURVE('',#1699,#1691,#1701,.T.);
#1699 = VERTEX_POINT('',#1700);
#1700 = CARTESIAN_POINT('',(108.100918,25.852899,0.));
#1701 = CIRCLE('',#1702,2.000000481925);
#1702 = AXIS2_PLACEMENT_3D('',#1703,#1704,#1705);
#1703 = CARTESIAN_POINT('',(110.06417285184,26.234517021624,0.));
#1704 = DIRECTION('',(0.,0.,1.));
#1705 = DIRECTION('',(-0.981627189385,-0.190808964834,0.));
#1706 = ORIENTED_EDGE('',*,*,#1707,.F.);
#1707 = EDGE_CURVE('',#1708,#1699,#1710,.T.);
#1708 = VERTEX_POINT('',#1709);
#1709 = CARTESIAN_POINT('',(107.289979,30.024814,0.));
#1710 = LINE('',#1711,#1712);
#1711 = CARTESIAN_POINT('',(107.289979,30.024814,0.));
#1712 = VECTOR('',#1713,1.);
#1713 = DIRECTION('',(0.19080919322,-0.981627144991,0.));
#1714 = ORIENTED_EDGE('',*,*,#1715,.F.);
#1715 = EDGE_CURVE('',#1716,#1708,#1718,.T.);
#1716 = VERTEX_POINT('',#1717);
#1717 = CARTESIAN_POINT('',(106.479041,34.19673,0.));
#1718 = LINE('',#1719,#1720);
#1719 = CARTESIAN_POINT('',(106.479041,34.19673,0.));
#1720 = VECTOR('',#1721,1.);
#1721 = DIRECTION('',(0.190808922421,-0.981627197629,0.));
#1722 = ORIENTED_EDGE('',*,*,#1723,.F.);
#1723 = EDGE_CURVE('',#1724,#1716,#1726,.T.);
#1724 = VERTEX_POINT('',#1725);
#1725 = CARTESIAN_POINT('',(104.134169,35.778366,0.));
#1726 = CIRCLE('',#1727,1.999971296429);
#1727 = AXIS2_PLACEMENT_3D('',#1728,#1729,#1730);
#1728 = CARTESIAN_POINT('',(104.51580941604,33.815145233153,0.));
#1729 = DIRECTION('',(0.,0.,-1.));
#1730 = DIRECTION('',(-0.190822946671,0.981624471488,0.));
#1731 = ORIENTED_EDGE('',*,*,#1732,.F.);
#1732 = EDGE_CURVE('',#1733,#1724,#1735,.T.);
#1733 = VERTEX_POINT('',#1734);
#1734 = CARTESIAN_POINT('',(96.747424,34.342528,0.));
#1735 = LINE('',#1736,#1737);
#1736 = CARTESIAN_POINT('',(96.747424,34.342528,0.));
#1737 = VECTOR('',#1738,1.);
#1738 = DIRECTION('',(0.981627177888,0.190809023981,0.));
#1739 = ORIENTED_EDGE('',*,*,#1740,.F.);
#1740 = EDGE_CURVE('',#1741,#1733,#1743,.T.);
#1741 = VERTEX_POINT('',#1742);
#1742 = CARTESIAN_POINT('',(89.36068,32.906691,0.));
#1743 = LINE('',#1744,#1745);
#1744 = CARTESIAN_POINT('',(89.36068,32.906691,0.));
#1745 = VECTOR('',#1746,1.);
#1746 = DIRECTION('',(0.98162719794,0.190808920819,0.));
#1747 = ORIENTED_EDGE('',*,*,#1748,.F.);
#1748 = EDGE_CURVE('',#1749,#1741,#1751,.T.);
#1749 = VERTEX_POINT('',#1750);
#1750 = CARTESIAN_POINT('',(87.015807,34.488327,0.));
#1751 = CIRCLE('',#1752,2.000000481925);
#1752 = AXIS2_PLACEMENT_3D('',#1753,#1754,#1755);
#1753 = CARTESIAN_POINT('',(88.979061700945,34.869945797913,0.));
#1754 = DIRECTION('',(0.,0.,1.));
#1755 = DIRECTION('',(-0.981627113937,-0.190809352978,0.));
#1756 = ORIENTED_EDGE('',*,*,#1757,.F.);
#1757 = EDGE_CURVE('',#1758,#1749,#1760,.T.);
#1758 = VERTEX_POINT('',#1759);
#1759 = CARTESIAN_POINT('',(86.796377,35.617198,0.));
#1760 = LINE('',#1761,#1762);
#1761 = CARTESIAN_POINT('',(86.796377,35.617198,0.));
#1762 = VECTOR('',#1763,1.);
#1763 = DIRECTION('',(0.190808749068,-0.981627231325,0.));
#1764 = ORIENTED_EDGE('',*,*,#1765,.F.);
#1765 = EDGE_CURVE('',#1766,#1758,#1768,.T.);
#1766 = VERTEX_POINT('',#1767);
#1767 = CARTESIAN_POINT('',(86.576947,36.74607,0.));
#1768 = LINE('',#1769,#1770);
#1769 = CARTESIAN_POINT('',(86.576947,36.74607,0.));
#1770 = VECTOR('',#1771,1.);
#1771 = DIRECTION('',(0.190808586196,-0.981627262984,0.));
#1772 = ORIENTED_EDGE('',*,*,#1773,.F.);
#1773 = EDGE_CURVE('',#1774,#1766,#1776,.T.);
#1774 = VERTEX_POINT('',#1775);
#1775 = CARTESIAN_POINT('',(84.232074,38.327706,0.));
#1776 = CIRCLE('',#1777,2.000004579035);
#1777 = AXIS2_PLACEMENT_3D('',#1778,#1779,#1780);
#1778 = CARTESIAN_POINT('',(84.613689058992,36.364446398493,0.));
#1779 = DIRECTION('',(0.,0.,-1.));
#1780 = DIRECTION('',(-0.19080709264,0.9816275533,0.));
#1781 = ORIENTED_EDGE('',*,*,#1782,.F.);
#1782 = EDGE_CURVE('',#1783,#1774,#1785,.T.);
#1783 = VERTEX_POINT('',#1784);
#1784 = CARTESIAN_POINT('',(76.84533,36.891868,0.));
#1785 = LINE('',#1786,#1787);
#1786 = CARTESIAN_POINT('',(76.84533,36.891868,0.));
#1787 = VECTOR('',#1788,1.);
#1788 = DIRECTION('',(0.981627173049,0.190809048871,0.));
#1789 = ORIENTED_EDGE('',*,*,#1790,.F.);
#1790 = EDGE_CURVE('',#1791,#1783,#1793,.T.);
#1791 = VERTEX_POINT('',#1792);
#1792 = CARTESIAN_POINT('',(69.458585,35.456031,0.));
#1793 = LINE('',#1794,#1795);
#1794 = CARTESIAN_POINT('',(69.458585,35.456031,0.));
#1795 = VECTOR('',#1796,1.);
#1796 = DIRECTION('',(0.981627202778,0.190808895929,0.));
#1797 = ORIENTED_EDGE('',*,*,#1798,.F.);
#1798 = EDGE_CURVE('',#1799,#1791,#1801,.T.);
#1799 = VERTEX_POINT('',#1800);
#1800 = CARTESIAN_POINT('',(67.876949,33.111158,0.));
#1801 = CIRCLE('',#1802,1.999959566955);
#1802 = AXIS2_PLACEMENT_3D('',#1803,#1804,#1805);
#1803 = CARTESIAN_POINT('',(69.840155827229,33.492808655674,0.));
#1804 = DIRECTION('',(0.,0.,-1.));
#1805 = DIRECTION('',(-0.981623258623,-0.190829185739,-0.));
#1806 = ORIENTED_EDGE('',*,*,#1807,.F.);
#1807 = EDGE_CURVE('',#1808,#1799,#1810,.T.);
#1808 = VERTEX_POINT('',#1809);
#1809 = CARTESIAN_POINT('',(68.191784,31.491473,0.));
#1810 = LINE('',#1811,#1812);
#1811 = CARTESIAN_POINT('',(68.191784,31.491473,0.));
#1812 = VECTOR('',#1813,1.);
#1813 = DIRECTION('',(-0.190809070709,0.981627168805,0.));
#1814 = ORIENTED_EDGE('',*,*,#1815,.F.);
#1815 = EDGE_CURVE('',#1816,#1808,#1818,.T.);
#1816 = VERTEX_POINT('',#1817);
#1817 = CARTESIAN_POINT('',(68.506619,29.871789,0.));
#1818 = LINE('',#1819,#1820);
#1819 = CARTESIAN_POINT('',(68.506619,29.871789,0.));
#1820 = VECTOR('',#1821,1.);
#1821 = DIRECTION('',(-0.190809184226,0.981627146739,0.));
#1822 = ORIENTED_EDGE('',*,*,#1823,.F.);
#1823 = EDGE_CURVE('',#1824,#1816,#1826,.T.);
#1824 = VERTEX_POINT('',#1825);
#1825 = CARTESIAN_POINT('',(66.924982,27.526916,0.));
#1826 = CIRCLE('',#1827,2.00000215767);
#1827 = AXIS2_PLACEMENT_3D('',#1828,#1829,#1830);
#1828 = CARTESIAN_POINT('',(66.543362200977,29.490172213457,0.));
#1829 = DIRECTION('',(0.,0.,1.));
#1830 = DIRECTION('',(0.19080969366,-0.981627047715,0.));
#1831 = ORIENTED_EDGE('',*,*,#1832,.F.);
#1832 = EDGE_CURVE('',#1833,#1824,#1835,.T.);
#1833 = VERTEX_POINT('',#1834);
#1834 = CARTESIAN_POINT('',(59.538238,26.091079,0.));
#1835 = LINE('',#1836,#1837);
#1836 = CARTESIAN_POINT('',(59.538238,26.091079,0.));
#1837 = VECTOR('',#1838,1.);
#1838 = DIRECTION('',(0.98162719794,0.190808920819,0.));
#1839 = ORIENTED_EDGE('',*,*,#1840,.F.);
#1840 = EDGE_CURVE('',#1841,#1833,#1843,.T.);
#1841 = VERTEX_POINT('',#1842);
#1842 = CARTESIAN_POINT('',(51.807924,24.588458,0.));
#1843 = LINE('',#1844,#1845);
#1844 = CARTESIAN_POINT('',(51.807924,24.588458,0.));
#1845 = VECTOR('',#1846,1.);
#1846 = DIRECTION('',(0.981627179287,0.190809016783,0.));
#1847 = ORIENTED_EDGE('',*,*,#1848,.F.);
#1848 = EDGE_CURVE('',#1849,#1841,#1851,.T.);
#1849 = VERTEX_POINT('',#1850);
#1850 = CARTESIAN_POINT('',(50.503074,22.653938,0.));
#1851 = CIRCLE('',#1852,1.649935860072);
#1852 = AXIS2_PLACEMENT_3D('',#1853,#1854,#1855);
#1853 = CARTESIAN_POINT('',(52.122683593751,22.968823862149,0.));
#1854 = DIRECTION('',(0.,0.,-1.));
#1855 = DIRECTION('',(-0.981619730164,-0.190847335202,-0.));
#1856 = ORIENTED_EDGE('',*,*,#1857,.F.);
#1857 = EDGE_CURVE('',#1858,#1849,#1860,.T.);
#1858 = VERTEX_POINT('',#1859);
#1859 = CARTESIAN_POINT('',(49.198224,20.719418,0.));
#1860 = CIRCLE('',#1861,1.65000097831);
#1861 = AXIS2_PLACEMENT_3D('',#1862,#1863,#1864);
#1862 = CARTESIAN_POINT('',(48.883388057798,22.339103635523,0.));
#1863 = DIRECTION('',(0.,0.,1.));
#1864 = DIRECTION('',(0.190809548807,-0.981627075872,0.));
#1865 = ORIENTED_EDGE('',*,*,#1866,.F.);
#1866 = EDGE_CURVE('',#1867,#1858,#1869,.T.);
#1867 = VERTEX_POINT('',#1868);
#1868 = CARTESIAN_POINT('',(41.467909,19.216798,0.));
#1869 = LINE('',#1870,#1871);
#1870 = CARTESIAN_POINT('',(41.467909,19.216798,0.));
#1871 = VECTOR('',#1872,1.);
#1872 = DIRECTION('',(0.981627207694,0.190808870638,0.));
#1873 = ORIENTED_EDGE('',*,*,#1874,.F.);
#1874 = EDGE_CURVE('',#1875,#1867,#1877,.T.);
#1875 = VERTEX_POINT('',#1876);
#1876 = CARTESIAN_POINT('',(32.117911,17.399342,0.));
#1877 = LINE('',#1878,#1879);
#1878 = CARTESIAN_POINT('',(32.117911,17.399342,0.));
#1879 = VECTOR('',#1880,1.);
#1880 = DIRECTION('',(0.981627173648,0.190809045789,0.));
#1881 = ORIENTED_EDGE('',*,*,#1882,.F.);
#1882 = EDGE_CURVE('',#1883,#1875,#1885,.T.);
#1883 = VERTEX_POINT('',#1884);
#1884 = CARTESIAN_POINT('',(29.663843,16.922319,0.));
#1885 = LINE('',#1886,#1887);
#1886 = CARTESIAN_POINT('',(29.663843,16.922319,0.));
#1887 = VECTOR('',#1888,1.);
#1888 = DIRECTION('',(0.981627145724,0.19080918945,0.));
#1889 = ORIENTED_EDGE('',*,*,#1890,.F.);
#1890 = EDGE_CURVE('',#1891,#1883,#1893,.T.);
#1891 = VERTEX_POINT('',#1892);
#1892 = CARTESIAN_POINT('',(29.173029,16.826915,0.));
#1893 = LINE('',#1894,#1895);
#1894 = CARTESIAN_POINT('',(29.173029,16.826915,0.));
#1895 = VECTOR('',#1896,1.);
#1896 = DIRECTION('',(0.981627399613,0.190807883297,0.));
#1897 = ORIENTED_EDGE('',*,*,#1898,.F.);
#1898 = EDGE_CURVE('',#1899,#1891,#1901,.T.);
#1899 = VERTEX_POINT('',#1900);
#1900 = CARTESIAN_POINT('',(25.24652,16.063679,0.));
#1901 = LINE('',#1902,#1903);
#1902 = CARTESIAN_POINT('',(25.24652,16.063679,0.));
#1903 = VECTOR('',#1904,1.);
#1904 = DIRECTION('',(0.981627185005,0.190808987366,0.));
#1905 = ORIENTED_EDGE('',*,*,#1906,.F.);
#1906 = EDGE_CURVE('',#1907,#1899,#1909,.T.);
#1907 = VERTEX_POINT('',#1908);
#1908 = CARTESIAN_POINT('',(16.854887,14.432511,0.));
#1909 = LINE('',#1910,#1911);
#1910 = CARTESIAN_POINT('',(16.854887,14.432511,0.));
#1911 = VECTOR('',#1912,1.);
#1912 = DIRECTION('',(0.981627188196,0.190808970949,0.));
#1913 = ORIENTED_EDGE('',*,*,#1914,.F.);
#1914 = EDGE_CURVE('',#1915,#1907,#1917,.T.);
#1915 = VERTEX_POINT('',#1916);
#1916 = CARTESIAN_POINT('',(8.463254,12.801342,0.));
#1917 = LINE('',#1918,#1919);
#1918 = CARTESIAN_POINT('',(8.463254,12.801342,0.));
#1919 = VECTOR('',#1920,1.);
#1920 = DIRECTION('',(0.981627166286,0.190809083667,0.));
#1921 = ORIENTED_EDGE('',*,*,#1922,.F.);
#1922 = EDGE_CURVE('',#1923,#1915,#1925,.T.);
#1923 = VERTEX_POINT('',#1924);
#1924 = CARTESIAN_POINT('',(6.5,10.419724,0.));
#1925 = CIRCLE('',#1926,2.426184851515);
#1926 = AXIS2_PLACEMENT_3D('',#1927,#1928,#1929);
#1927 = CARTESIAN_POINT('',(8.926184851503,10.41973162875,0.));
#1928 = DIRECTION('',(0.,0.,-1.));
#1929 = DIRECTION('',(-0.999999999995,-3.144339769403E-06,-0.));
#1930 = ORIENTED_EDGE('',*,*,#1931,.F.);
#1931 = EDGE_CURVE('',#1932,#1923,#1934,.T.);
#1932 = VERTEX_POINT('',#1933);
#1933 = CARTESIAN_POINT('',(6.5,4.779349,0.));
#1934 = LINE('',#1935,#1936);
#1935 = CARTESIAN_POINT('',(6.5,4.779349,0.));
#1936 = VECTOR('',#1937,1.);
#1937 = DIRECTION('',(0.,1.,0.));
#1938 = ORIENTED_EDGE('',*,*,#1939,.F.);
#1939 = EDGE_CURVE('',#1940,#1932,#1942,.T.);
#1940 = VERTEX_POINT('',#1941);
#1941 = CARTESIAN_POINT('',(6.5,-0.861026,0.));
#1942 = LINE('',#1943,#1944);
#1943 = CARTESIAN_POINT('',(6.5,-0.861026,0.));
#1944 = VECTOR('',#1945,1.);
#1945 = DIRECTION('',(0.,1.,0.));
#1946 = ORIENTED_EDGE('',*,*,#1947,.F.);
#1947 = EDGE_CURVE('',#1948,#1940,#1950,.T.);
#1948 = VERTEX_POINT('',#1949);
#1949 = CARTESIAN_POINT('',(8.463254,-2.479408,0.));
#1950 = CIRCLE('',#1951,1.648670875384);
#1951 = AXIS2_PLACEMENT_3D('',#1952,#1953,#1954);
#1952 = CARTESIAN_POINT('',(8.148670875382,-0.861028219774,0.));
#1953 = DIRECTION('',(0.,0.,-1.));
#1954 = DIRECTION('',(0.19081014247,-0.981626960475,0.));
#1955 = ORIENTED_EDGE('',*,*,#1956,.F.);
#1956 = EDGE_CURVE('',#1957,#1948,#1959,.T.);
#1957 = VERTEX_POINT('',#1958);
#1958 = CARTESIAN_POINT('',(16.813514,-0.856282,0.));
#1959 = LINE('',#1960,#1961);
#1960 = CARTESIAN_POINT('',(16.813514,-0.856282,0.));
#1961 = VECTOR('',#1962,1.);
#1962 = DIRECTION('',(-0.981627186094,-0.190808981763,0.));
#1963 = ORIENTED_EDGE('',*,*,#1964,.F.);
#1964 = EDGE_CURVE('',#1965,#1957,#1967,.T.);
#1965 = VERTEX_POINT('',#1966);
#1966 = CARTESIAN_POINT('',(26.636214,1.053058,0.));
#1967 = LINE('',#1968,#1969);
#1968 = CARTESIAN_POINT('',(26.636214,1.053058,0.));
#1969 = VECTOR('',#1970,1.);
#1970 = DIRECTION('',(-0.981627173388,-0.190809047129,0.));
#1971 = ORIENTED_EDGE('',*,*,#1972,.F.);
#1972 = EDGE_CURVE('',#1973,#1965,#1975,.T.);
#1973 = VERTEX_POINT('',#1974);
#1974 = CARTESIAN_POINT('',(27.222433,0.657649,0.));
#1975 = CIRCLE('',#1976,0.500001877663);
#1976 = AXIS2_PLACEMENT_3D('',#1977,#1978,#1979);
#1977 = CARTESIAN_POINT('',(26.731617907849,0.562242380817,0.));
#1978 = DIRECTION('',(0.,0.,1.));
#1979 = DIRECTION('',(0.981626497973,0.190812521802,-0.));
#1980 = ORIENTED_EDGE('',*,*,#1981,.F.);
#1981 = EDGE_CURVE('',#1982,#1973,#1984,.T.);
#1982 = VERTEX_POINT('',#1983);
#1983 = CARTESIAN_POINT('',(26.827023,7.143E-02,0.));
#1984 = CIRCLE('',#1985,0.500001551926);
#1985 = AXIS2_PLACEMENT_3D('',#1986,#1987,#1988);
#1986 = CARTESIAN_POINT('',(26.731617726314,0.562245021858,0.));
#1987 = DIRECTION('',(0.,0.,1.));
#1988 = DIRECTION('',(0.190809955126,-0.981626996891,0.));
#1989 = ORIENTED_EDGE('',*,*,#1990,.F.);
#1990 = EDGE_CURVE('',#1991,#1982,#1993,.T.);
#1991 = VERTEX_POINT('',#1992);
#1992 = CARTESIAN_POINT('',(19.908919,-1.273313,0.));
#1993 = LINE('',#1994,#1995);
#1994 = CARTESIAN_POINT('',(19.908919,-1.273313,0.));
#1995 = VECTOR('',#1996,1.);
#1996 = DIRECTION('',(0.981627188608,0.190808968829,0.));
#1997 = ORIENTED_EDGE('',*,*,#1998,.F.);
#1998 = EDGE_CURVE('',#1999,#1991,#2001,.T.);
#1999 = VERTEX_POINT('',#2000);
#2000 = CARTESIAN_POINT('',(14.463254,-2.331843,0.));
#2001 = LINE('',#2002,#2003);
#2002 = CARTESIAN_POINT('',(14.463254,-2.331843,0.));
#2003 = VECTOR('',#2004,1.);
#2004 = DIRECTION('',(0.981627185006,0.190808987359,0.));
#2005 = ORIENTED_EDGE('',*,*,#2006,.F.);
#2006 = EDGE_CURVE('',#2007,#1999,#2009,.T.);
#2007 = VERTEX_POINT('',#2008);
#2008 = CARTESIAN_POINT('',(12.5,-4.713461,0.));
#2009 = CIRCLE('',#2010,2.426273850801);
#2010 = AXIS2_PLACEMENT_3D('',#2011,#2012,#2013);
#2011 = CARTESIAN_POINT('',(14.926273849911,-4.713526735862,0.));
#2012 = DIRECTION('',(0.,0.,-1.));
#2013 = DIRECTION('',(-0.999999999633,2.709333997846E-05,0.));
#2014 = ORIENTED_EDGE('',*,*,#2015,.F.);
#2015 = EDGE_CURVE('',#2016,#2007,#2018,.T.);
#2016 = VERTEX_POINT('',#2017);
#2017 = CARTESIAN_POINT('',(12.5,-10.353836,0.));
#2018 = LINE('',#2019,#2020);
#2019 = CARTESIAN_POINT('',(12.5,-10.353836,0.));
#2020 = VECTOR('',#2021,1.);
#2021 = DIRECTION('',(0.,1.,0.));
#2022 = ORIENTED_EDGE('',*,*,#2023,.F.);
#2023 = EDGE_CURVE('',#2024,#2016,#2026,.T.);
#2024 = VERTEX_POINT('',#2025);
#2025 = CARTESIAN_POINT('',(12.5,-15.994211,0.));
#2026 = LINE('',#2027,#2028);
#2027 = CARTESIAN_POINT('',(12.5,-15.994211,0.));
#2028 = VECTOR('',#2029,1.);
#2029 = DIRECTION('',(0.,1.,0.));
#2030 = ORIENTED_EDGE('',*,*,#2031,.F.);
#2031 = EDGE_CURVE('',#2032,#2024,#2034,.T.);
#2032 = VERTEX_POINT('',#2033);
#2033 = CARTESIAN_POINT('',(14.463254,-17.612593,0.));
#2034 = CIRCLE('',#2035,1.648667303205);
#2035 = AXIS2_PLACEMENT_3D('',#2036,#2037,#2038);
#2036 = CARTESIAN_POINT('',(14.148667303192,-15.99421755318,0.));
#2037 = DIRECTION('',(0.,0.,-1.));
#2038 = DIRECTION('',(0.190812722613,-0.981626458939,0.));
#2039 = ORIENTED_EDGE('',*,*,#2040,.F.);
#2040 = EDGE_CURVE('',#2041,#2032,#2043,.T.);
#2041 = VERTEX_POINT('',#2042);
#2042 = CARTESIAN_POINT('',(21.339986,-16.275892,0.));
#2043 = LINE('',#2044,#2045);
#2044 = CARTESIAN_POINT('',(21.339986,-16.275892,0.));
#2045 = VECTOR('',#2046,1.);
#2046 = DIRECTION('',(-0.981627191255,-0.19080895521,0.));
#2047 = ORIENTED_EDGE('',*,*,#2048,.F.);
#2048 = EDGE_CURVE('',#2049,#2041,#2051,.T.);
#2049 = VERTEX_POINT('',#2050);
#2050 = CARTESIAN_POINT('',(29.689158,-14.652977,0.));
#2051 = LINE('',#2052,#2053);
#2052 = CARTESIAN_POINT('',(29.689158,-14.652977,0.));
#2053 = VECTOR('',#2054,1.);
#2054 = DIRECTION('',(-0.981627175397,-0.190809036795,0.));
#2055 = ORIENTED_EDGE('',*,*,#2056,.F.);
#2056 = EDGE_CURVE('',#2057,#2049,#2059,.T.);
#2057 = VERTEX_POINT('',#2058);
#2058 = CARTESIAN_POINT('',(30.275376,-15.048386,0.));
#2059 = CIRCLE('',#2060,0.500000201914);
#2060 = AXIS2_PLACEMENT_3D('',#2061,#2062,#2063);
#2061 = CARTESIAN_POINT('',(29.784562269467,-15.14379084177,0.));
#2062 = DIRECTION('',(0.,0.,1.));
#2063 = DIRECTION('',(0.981627064656,0.190809606503,-0.));
#2064 = ORIENTED_EDGE('',*,*,#2065,.F.);
#2065 = EDGE_CURVE('',#2066,#2057,#2068,.T.);
#2066 = VERTEX_POINT('',#2067);
#2067 = CARTESIAN_POINT('',(29.879967,-15.634605,0.));
#2068 = CIRCLE('',#2069,0.499999876182);
#2069 = AXIS2_PLACEMENT_3D('',#2070,#2071,#2072);
#2070 = CARTESIAN_POINT('',(29.784562727426,-15.14379149065,0.));
#2071 = DIRECTION('',(0.,0.,1.));
#2072 = DIRECTION('',(0.1908085924,-0.981627261778,0.));
#2073 = ORIENTED_EDGE('',*,*,#2074,.F.);
#2074 = EDGE_CURVE('',#2075,#2066,#2077,.T.);
#2075 = VERTEX_POINT('',#2076);
#2076 = CARTESIAN_POINT('',(21.43539,-17.276064,0.));
#2077 = LINE('',#2078,#2079);
#2078 = CARTESIAN_POINT('',(21.43539,-17.276064,0.));
#2079 = VECTOR('',#2080,1.);
#2080 = DIRECTION('',(0.981627194068,0.190808940738,0.));
#2081 = ORIENTED_EDGE('',*,*,#2082,.F.);
#2082 = EDGE_CURVE('',#2083,#2075,#2085,.T.);
#2083 = VERTEX_POINT('',#2084);
#2084 = CARTESIAN_POINT('',(14.463254,-18.63131,0.));
#2085 = LINE('',#2086,#2087);
#2086 = CARTESIAN_POINT('',(14.463254,-18.63131,0.));
#2087 = VECTOR('',#2088,1.);
#2088 = DIRECTION('',(0.981627182156,0.19080900202,0.));
#2089 = ORIENTED_EDGE('',*,*,#2090,.F.);
#2090 = EDGE_CURVE('',#2091,#2083,#2093,.T.);
#2091 = VERTEX_POINT('',#2092);
#2092 = CARTESIAN_POINT('',(12.5,-21.012928,0.));
#2093 = CIRCLE('',#2094,2.426129152546);
#2094 = AXIS2_PLACEMENT_3D('',#2095,#2096,#2097);
#2095 = CARTESIAN_POINT('',(14.926129151955,-21.01287445609,0.));
#2096 = DIRECTION('',(0.,0.,-1.));
#2097 = DIRECTION('',(-0.999999999756,-2.206968449615E-05,-0.));
#2098 = ORIENTED_EDGE('',*,*,#2099,.F.);
#2099 = EDGE_CURVE('',#2100,#2091,#2102,.T.);
#2100 = VERTEX_POINT('',#2101);
#2101 = CARTESIAN_POINT('',(12.5,-26.653303,0.));
#2102 = LINE('',#2103,#2104);
#2103 = CARTESIAN_POINT('',(12.5,-26.653303,0.));
#2104 = VECTOR('',#2105,1.);
#2105 = DIRECTION('',(0.,1.,0.));
#2106 = ORIENTED_EDGE('',*,*,#2107,.F.);
#2107 = EDGE_CURVE('',#2108,#2100,#2110,.T.);
#2108 = VERTEX_POINT('',#2109);
#2109 = CARTESIAN_POINT('',(12.5,-32.293678,0.));
#2110 = LINE('',#2111,#2112);
#2111 = CARTESIAN_POINT('',(12.5,-32.293678,0.));
#2112 = VECTOR('',#2113,1.);
#2113 = DIRECTION('',(0.,1.,0.));
#2114 = ORIENTED_EDGE('',*,*,#2115,.F.);
#2115 = EDGE_CURVE('',#2116,#2108,#2118,.T.);
#2116 = VERTEX_POINT('',#2117);
#2117 = CARTESIAN_POINT('',(14.463254,-33.91206,0.));
#2118 = CIRCLE('',#2119,1.648668414958);
#2119 = AXIS2_PLACEMENT_3D('',#2120,#2121,#2122);
#2120 = CARTESIAN_POINT('',(14.148668414949,-32.29368320451,0.));
#2121 = DIRECTION('',(0.,0.,-1.));
#2122 = DIRECTION('',(0.190811919605,-0.981626615031,0.));
#2123 = ORIENTED_EDGE('',*,*,#2124,.F.);
#2124 = EDGE_CURVE('',#2125,#2116,#2127,.T.);
#2125 = VERTEX_POINT('',#2126);
#2126 = CARTESIAN_POINT('',(22.866458,-32.278643,0.));
#2127 = LINE('',#2128,#2129);
#2128 = CARTESIAN_POINT('',(22.866458,-32.278643,0.));
#2129 = VECTOR('',#2130,1.);
#2130 = DIRECTION('',(-0.981627192009,-0.190808951334,0.));
#2131 = ORIENTED_EDGE('',*,*,#2132,.F.);
#2132 = EDGE_CURVE('',#2133,#2125,#2135,.T.);
#2133 = VERTEX_POINT('',#2134);
#2134 = CARTESIAN_POINT('',(32.742102,-30.359012,0.));
#2135 = LINE('',#2136,#2137);
#2136 = CARTESIAN_POINT('',(32.742102,-30.359012,0.));
#2137 = VECTOR('',#2138,1.);
#2138 = DIRECTION('',(-0.981627178489,-0.190809020887,0.));
#2139 = ORIENTED_EDGE('',*,*,#2140,.F.);
#2140 = EDGE_CURVE('',#2141,#2133,#2143,.T.);
#2141 = VERTEX_POINT('',#2142);
#2142 = CARTESIAN_POINT('',(33.32832,-30.754421,0.));
#2143 = CIRCLE('',#2144,0.500000201914);
#2144 = AXIS2_PLACEMENT_3D('',#2145,#2146,#2147);
#2145 = CARTESIAN_POINT('',(32.837506269467,-30.84982584177,0.));
#2146 = DIRECTION('',(0.,0.,1.));
#2147 = DIRECTION('',(0.981627064656,0.190809606503,-0.));
#2148 = ORIENTED_EDGE('',*,*,#2149,.F.);
#2149 = EDGE_CURVE('',#2150,#2141,#2152,.T.);
#2150 = VERTEX_POINT('',#2151);
#2151 = CARTESIAN_POINT('',(32.932911,-31.340639,0.));
#2152 = CIRCLE('',#2153,0.49999820045);
#2153 = AXIS2_PLACEMENT_3D('',#2154,#2155,#2156);
#2154 = CARTESIAN_POINT('',(32.837508504814,-30.84982685226,0.));
#2155 = DIRECTION('',(0.,0.,1.));
#2156 = DIRECTION('',(0.190805677102,-0.981627828449,0.));
#2157 = ORIENTED_EDGE('',*,*,#2158,.F.);
#2158 = EDGE_CURVE('',#2159,#2150,#2161,.T.);
#2159 = VERTEX_POINT('',#2160);
#2160 = CARTESIAN_POINT('',(22.961862,-33.278815,0.));
#2161 = LINE('',#2162,#2163);
#2162 = CARTESIAN_POINT('',(22.961862,-33.278815,0.));
#2163 = VECTOR('',#2164,1.);
#2164 = DIRECTION('',(0.981627175833,0.190809034551,0.));
#2165 = ORIENTED_EDGE('',*,*,#2166,.F.);
#2166 = EDGE_CURVE('',#2167,#2159,#2169,.T.);
#2167 = VERTEX_POINT('',#2168);
#2168 = CARTESIAN_POINT('',(12.5,-35.312395,0.));
#2169 = LINE('',#2170,#2171);
#2170 = CARTESIAN_POINT('',(12.5,-35.312395,0.));
#2171 = VECTOR('',#2172,1.);
#2172 = DIRECTION('',(0.981627182915,0.190808998115,0.));
#2173 = ORIENTED_EDGE('',*,*,#2174,.F.);
#2174 = EDGE_CURVE('',#2175,#2167,#2177,.T.);
#2175 = VERTEX_POINT('',#2176);
#2176 = CARTESIAN_POINT('',(12.,-35.312395,0.));
#2177 = LINE('',#2178,#2179);
#2178 = CARTESIAN_POINT('',(12.,-35.312395,0.));
#2179 = VECTOR('',#2180,1.);
#2180 = DIRECTION('',(1.,0.,0.));
#2181 = ORIENTED_EDGE('',*,*,#2182,.F.);
#2182 = EDGE_CURVE('',#2183,#2175,#2185,.T.);
#2183 = VERTEX_POINT('',#2184);
#2184 = CARTESIAN_POINT('',(11.5,-34.812395,0.));
#2185 = CIRCLE('',#2186,0.500001333575);
#2186 = AXIS2_PLACEMENT_3D('',#2187,#2188,#2189);
#2187 = CARTESIAN_POINT('',(12.000001333573,-34.81239366642,0.));
#2188 = DIRECTION('',(0.,0.,1.));
#2189 = DIRECTION('',(-0.999999999996,-2.667139191042E-06,0.));
#2190 = ORIENTED_EDGE('',*,*,#2191,.F.);
#2191 = EDGE_CURVE('',#2192,#2183,#2194,.T.);
#2192 = VERTEX_POINT('',#2193);
#2193 = CARTESIAN_POINT('',(11.5,-30.312395,0.));
#2194 = LINE('',#2195,#2196);
#2195 = CARTESIAN_POINT('',(11.5,-30.312395,0.));
#2196 = VECTOR('',#2197,1.);
#2197 = DIRECTION('',(0.,-1.,0.));
#2198 = ORIENTED_EDGE('',*,*,#2199,.F.);
#2199 = EDGE_CURVE('',#2200,#2192,#2202,.T.);
#2200 = VERTEX_POINT('',#2201);
#2201 = CARTESIAN_POINT('',(11.5,-25.312395,0.));
#2202 = LINE('',#2203,#2204);
#2203 = CARTESIAN_POINT('',(11.5,-25.312395,0.));
#2204 = VECTOR('',#2205,1.);
#2205 = DIRECTION('',(0.,-1.,0.));
#2206 = ORIENTED_EDGE('',*,*,#2207,.F.);
#2207 = EDGE_CURVE('',#2208,#2200,#2210,.T.);
#2208 = VERTEX_POINT('',#2209);
#2209 = CARTESIAN_POINT('',(11.5,-14.406198,0.));
#2210 = LINE('',#2211,#2212);
#2211 = CARTESIAN_POINT('',(11.5,-14.406198,0.));
#2212 = VECTOR('',#2213,1.);
#2213 = DIRECTION('',(0.,-1.,0.));
#2214 = ORIENTED_EDGE('',*,*,#2215,.F.);
#2215 = EDGE_CURVE('',#2216,#2208,#2218,.T.);
#2216 = VERTEX_POINT('',#2217);
#2217 = CARTESIAN_POINT('',(11.5,-5.5,0.));
#2218 = LINE('',#2219,#2220);
#2219 = CARTESIAN_POINT('',(11.5,-5.5,0.));
#2220 = VECTOR('',#2221,1.);
#2221 = DIRECTION('',(0.,-1.,0.));
#2222 = ORIENTED_EDGE('',*,*,#2223,.F.);
#2223 = EDGE_CURVE('',#2224,#2216,#2226,.T.);
#2224 = VERTEX_POINT('',#2225);
#2225 = CARTESIAN_POINT('',(9.5,-3.5,0.));
#2226 = CIRCLE('',#2227,1.99999850585);
#2227 = AXIS2_PLACEMENT_3D('',#2228,#2229,#2230);
#2228 = CARTESIAN_POINT('',(9.50000149415,-5.49999850585,0.));
#2229 = DIRECTION('',(0.,0.,-1.));
#2230 = DIRECTION('',(-7.470757420593E-07,1.,0.));
#2231 = ORIENTED_EDGE('',*,*,#2232,.F.);
#2232 = EDGE_CURVE('',#2233,#2224,#2235,.T.);
#2233 = VERTEX_POINT('',#2234);
#2234 = CARTESIAN_POINT('',(5.75,-3.5,0.));
#2235 = LINE('',#2236,#2237);
#2236 = CARTESIAN_POINT('',(5.75,-3.5,0.));
#2237 = VECTOR('',#2238,1.);
#2238 = DIRECTION('',(1.,0.,0.));
#2239 = ORIENTED_EDGE('',*,*,#2240,.F.);
#2240 = EDGE_CURVE('',#2241,#2233,#2243,.T.);
#2241 = VERTEX_POINT('',#2242);
#2242 = CARTESIAN_POINT('',(0.,-3.5,0.));
#2243 = LINE('',#2244,#2245);
#2244 = CARTESIAN_POINT('',(0.,-3.5,0.));
#2245 = VECTOR('',#2246,1.);
#2246 = DIRECTION('',(1.,0.,0.));
#2247 = ORIENTED_EDGE('',*,*,#2248,.F.);
#2248 = EDGE_CURVE('',#2249,#2241,#2251,.T.);
#2249 = VERTEX_POINT('',#2250);
#2250 = CARTESIAN_POINT('',(-5.75,-3.5,0.));
#2251 = LINE('',#2252,#2253);
#2252 = CARTESIAN_POINT('',(-5.75,-3.5,0.));
#2253 = VECTOR('',#2254,1.);
#2254 = DIRECTION('',(1.,0.,0.));
#2255 = ORIENTED_EDGE('',*,*,#2256,.F.);
#2256 = EDGE_CURVE('',#2257,#2249,#2259,.T.);
#2257 = VERTEX_POINT('',#2258);
#2258 = CARTESIAN_POINT('',(-9.5,-3.5,0.));
#2259 = LINE('',#2260,#2261);
#2260 = CARTESIAN_POINT('',(-9.5,-3.5,0.));
#2261 = VECTOR('',#2262,1.);
#2262 = DIRECTION('',(1.,0.,0.));
#2263 = ORIENTED_EDGE('',*,*,#2264,.F.);
#2264 = EDGE_CURVE('',#2265,#2257,#2267,.T.);
#2265 = VERTEX_POINT('',#2266);
#2266 = CARTESIAN_POINT('',(-11.5,-5.5,0.));
#2267 = CIRCLE('',#2268,1.99999850585);
#2268 = AXIS2_PLACEMENT_3D('',#2269,#2270,#2271);
#2269 = CARTESIAN_POINT('',(-9.50000149415,-5.49999850585,0.));
#2270 = DIRECTION('',(0.,0.,-1.));
#2271 = DIRECTION('',(-1.,-7.470757416152E-07,-0.));
#2272 = ORIENTED_EDGE('',*,*,#2273,.F.);
#2273 = EDGE_CURVE('',#2274,#2265,#2276,.T.);
#2274 = VERTEX_POINT('',#2275);
#2275 = CARTESIAN_POINT('',(-11.5,-14.406198,0.));
#2276 = LINE('',#2277,#2278);
#2277 = CARTESIAN_POINT('',(-11.5,-14.406198,0.));
#2278 = VECTOR('',#2279,1.);
#2279 = DIRECTION('',(0.,1.,0.));
#2280 = ORIENTED_EDGE('',*,*,#2281,.F.);
#2281 = EDGE_CURVE('',#2282,#2274,#2284,.T.);
#2282 = VERTEX_POINT('',#2283);
#2283 = CARTESIAN_POINT('',(-11.5,-25.312395,0.));
#2284 = LINE('',#2285,#2286);
#2285 = CARTESIAN_POINT('',(-11.5,-25.312395,0.));
#2286 = VECTOR('',#2287,1.);
#2287 = DIRECTION('',(0.,1.,0.));
#2288 = ORIENTED_EDGE('',*,*,#2289,.F.);
#2289 = EDGE_CURVE('',#2290,#2282,#2292,.T.);
#2290 = VERTEX_POINT('',#2291);
#2291 = CARTESIAN_POINT('',(-11.5,-30.312395,0.));
#2292 = LINE('',#2293,#2294);
#2293 = CARTESIAN_POINT('',(-11.5,-30.312395,0.));
#2294 = VECTOR('',#2295,1.);
#2295 = DIRECTION('',(0.,1.,0.));
#2296 = ORIENTED_EDGE('',*,*,#2297,.F.);
#2297 = EDGE_CURVE('',#2298,#2290,#2300,.T.);
#2298 = VERTEX_POINT('',#2299);
#2299 = CARTESIAN_POINT('',(-11.5,-34.812395,0.));
#2300 = LINE('',#2301,#2302);
#2301 = CARTESIAN_POINT('',(-11.5,-34.812395,0.));
#2302 = VECTOR('',#2303,1.);
#2303 = DIRECTION('',(0.,1.,0.));
#2304 = ORIENTED_EDGE('',*,*,#2305,.F.);
#2305 = EDGE_CURVE('',#2306,#2298,#2308,.T.);
#2306 = VERTEX_POINT('',#2307);
#2307 = CARTESIAN_POINT('',(-12.,-35.312395,0.));
#2308 = CIRCLE('',#2309,0.500001333575);
#2309 = AXIS2_PLACEMENT_3D('',#2310,#2311,#2312);
#2310 = CARTESIAN_POINT('',(-12.00000133357,-34.81239366642,0.));
#2311 = DIRECTION('',(0.,0.,1.));
#2312 = DIRECTION('',(2.66713918749E-06,-0.999999999996,0.));
#2313 = ORIENTED_EDGE('',*,*,#2314,.F.);
#2314 = EDGE_CURVE('',#2315,#2306,#2317,.T.);
#2315 = VERTEX_POINT('',#2316);
#2316 = CARTESIAN_POINT('',(-12.5,-35.312395,0.));
#2317 = LINE('',#2318,#2319);
#2318 = CARTESIAN_POINT('',(-12.5,-35.312395,0.));
#2319 = VECTOR('',#2320,1.);
#2320 = DIRECTION('',(1.,0.,0.));
#2321 = ORIENTED_EDGE('',*,*,#2322,.F.);
#2322 = EDGE_CURVE('',#2323,#2315,#2325,.T.);
#2323 = VERTEX_POINT('',#2324);
#2324 = CARTESIAN_POINT('',(-22.961862,-33.278815,0.));
#2325 = LINE('',#2326,#2327);
#2326 = CARTESIAN_POINT('',(-22.961862,-33.278815,0.));
#2327 = VECTOR('',#2328,1.);
#2328 = DIRECTION('',(0.981627182915,-0.190808998115,0.));
#2329 = ORIENTED_EDGE('',*,*,#2330,.F.);
#2330 = EDGE_CURVE('',#2331,#2323,#2333,.T.);
#2331 = VERTEX_POINT('',#2332);
#2332 = CARTESIAN_POINT('',(-32.932911,-31.340639,0.));
#2333 = LINE('',#2334,#2335);
#2334 = CARTESIAN_POINT('',(-32.932911,-31.340639,0.));
#2335 = VECTOR('',#2336,1.);
#2336 = DIRECTION('',(0.981627175833,-0.190809034551,0.));
#2337 = ORIENTED_EDGE('',*,*,#2338,.F.);
#2338 = EDGE_CURVE('',#2339,#2331,#2341,.T.);
#2339 = VERTEX_POINT('',#2340);
#2340 = CARTESIAN_POINT('',(-33.32832,-30.754421,0.));
#2341 = CIRCLE('',#2342,0.49999820045);
#2342 = AXIS2_PLACEMENT_3D('',#2343,#2344,#2345);
#2343 = CARTESIAN_POINT('',(-32.83750850481,-30.84982685226,0.));
#2344 = DIRECTION('',(0.,0.,1.));
#2345 = DIRECTION('',(-0.981626523345,0.19081239128,0.));
#2346 = ORIENTED_EDGE('',*,*,#2347,.F.);
#2347 = EDGE_CURVE('',#2348,#2339,#2350,.T.);
#2348 = VERTEX_POINT('',#2349);
#2349 = CARTESIAN_POINT('',(-32.742102,-30.359012,0.));
#2350 = CIRCLE('',#2351,0.500000201914);
#2351 = AXIS2_PLACEMENT_3D('',#2352,#2353,#2354);
#2352 = CARTESIAN_POINT('',(-32.83750626946,-30.84982584177,0.));
#2353 = DIRECTION('',(0.,0.,1.));
#2354 = DIRECTION('',(0.190808461881,0.981627287149,-0.));
#2355 = ORIENTED_EDGE('',*,*,#2356,.F.);
#2356 = EDGE_CURVE('',#2357,#2348,#2359,.T.);
#2357 = VERTEX_POINT('',#2358);
#2358 = CARTESIAN_POINT('',(-22.866458,-32.278643,0.));
#2359 = LINE('',#2360,#2361);
#2360 = CARTESIAN_POINT('',(-22.866458,-32.278643,0.));
#2361 = VECTOR('',#2362,1.);
#2362 = DIRECTION('',(-0.981627178489,0.190809020887,0.));
#2363 = ORIENTED_EDGE('',*,*,#2364,.F.);
#2364 = EDGE_CURVE('',#2365,#2357,#2367,.T.);
#2365 = VERTEX_POINT('',#2366);
#2366 = CARTESIAN_POINT('',(-14.463254,-33.91206,0.));
#2367 = LINE('',#2368,#2369);
#2368 = CARTESIAN_POINT('',(-14.463254,-33.91206,0.));
#2369 = VECTOR('',#2370,1.);
#2370 = DIRECTION('',(-0.981627192009,0.190808951334,0.));
#2371 = ORIENTED_EDGE('',*,*,#2372,.F.);
#2372 = EDGE_CURVE('',#2373,#2365,#2375,.T.);
#2373 = VERTEX_POINT('',#2374);
#2374 = CARTESIAN_POINT('',(-12.5,-32.293678,0.));
#2375 = CIRCLE('',#2376,1.648671987146);
#2376 = AXIS2_PLACEMENT_3D('',#2377,#2378,#2379);
#2377 = CARTESIAN_POINT('',(-14.14867198714,-32.29367887109,0.));
#2378 = DIRECTION('',(0.,0.,-1.));
#2379 = DIRECTION('',(1.,5.283633064327E-07,0.));
#2380 = ORIENTED_EDGE('',*,*,#2381,.F.);
#2381 = EDGE_CURVE('',#2382,#2373,#2384,.T.);
#2382 = VERTEX_POINT('',#2383);
#2383 = CARTESIAN_POINT('',(-12.5,-26.653303,0.));
#2384 = LINE('',#2385,#2386);
#2385 = CARTESIAN_POINT('',(-12.5,-26.653303,0.));
#2386 = VECTOR('',#2387,1.);
#2387 = DIRECTION('',(0.,-1.,0.));
#2388 = ORIENTED_EDGE('',*,*,#2389,.F.);
#2389 = EDGE_CURVE('',#2390,#2382,#2392,.T.);
#2390 = VERTEX_POINT('',#2391);
#2391 = CARTESIAN_POINT('',(-12.5,-21.012928,0.));
#2392 = LINE('',#2393,#2394);
#2393 = CARTESIAN_POINT('',(-12.5,-21.012928,0.));
#2394 = VECTOR('',#2395,1.);
#2395 = DIRECTION('',(0.,-1.,0.));
#2396 = ORIENTED_EDGE('',*,*,#2397,.F.);
#2397 = EDGE_CURVE('',#2398,#2390,#2400,.T.);
#2398 = VERTEX_POINT('',#2399);
#2399 = CARTESIAN_POINT('',(-14.463254,-18.63131,0.));
#2400 = CIRCLE('',#2401,2.426194364032);
#2401 = AXIS2_PLACEMENT_3D('',#2402,#2403,#2404);
#2402 = CARTESIAN_POINT('',(-14.92619436403,-21.01292821277,0.));
#2403 = DIRECTION('',(0.,0.,-1.));
#2404 = DIRECTION('',(0.190809265282,0.981627130983,0.));
#2405 = ORIENTED_EDGE('',*,*,#2406,.F.);
#2406 = EDGE_CURVE('',#2407,#2398,#2409,.T.);
#2407 = VERTEX_POINT('',#2408);
#2408 = CARTESIAN_POINT('',(-21.43539,-17.276064,0.));
#2409 = LINE('',#2410,#2411);
#2410 = CARTESIAN_POINT('',(-21.43539,-17.276064,0.));
#2411 = VECTOR('',#2412,1.);
#2412 = DIRECTION('',(0.981627182156,-0.19080900202,0.));
#2413 = ORIENTED_EDGE('',*,*,#2414,.F.);
#2414 = EDGE_CURVE('',#2415,#2407,#2417,.T.);
#2415 = VERTEX_POINT('',#2416);
#2416 = CARTESIAN_POINT('',(-29.879967,-15.634605,0.));
#2417 = LINE('',#2418,#2419);
#2418 = CARTESIAN_POINT('',(-29.879967,-15.634605,0.));
#2419 = VECTOR('',#2420,1.);
#2420 = DIRECTION('',(0.981627194068,-0.190808940738,0.));
#2421 = ORIENTED_EDGE('',*,*,#2422,.F.);
#2422 = EDGE_CURVE('',#2423,#2415,#2425,.T.);
#2423 = VERTEX_POINT('',#2424);
#2424 = CARTESIAN_POINT('',(-30.275376,-15.048386,0.));
#2425 = CIRCLE('',#2426,0.499998526185);
#2426 = AXIS2_PLACEMENT_3D('',#2427,#2428,#2429);
#2427 = CARTESIAN_POINT('',(-29.78456431021,-15.14379255825,0.));
#2428 = DIRECTION('',(0.,0.,1.));
#2429 = DIRECTION('',(-0.981626273039,0.190813678962,0.));
#2430 = ORIENTED_EDGE('',*,*,#2431,.F.);
#2431 = EDGE_CURVE('',#2432,#2423,#2434,.T.);
#2432 = VERTEX_POINT('',#2433);
#2433 = CARTESIAN_POINT('',(-29.689158,-14.652977,0.));
#2434 = CIRCLE('',#2435,0.500000201914);
#2435 = AXIS2_PLACEMENT_3D('',#2436,#2437,#2438);
#2436 = CARTESIAN_POINT('',(-29.78456226946,-15.14379084177,0.));
#2437 = DIRECTION('',(0.,0.,1.));
#2438 = DIRECTION('',(0.190808461881,0.981627287149,-0.));
#2439 = ORIENTED_EDGE('',*,*,#2440,.F.);
#2440 = EDGE_CURVE('',#2441,#2432,#2443,.T.);
#2441 = VERTEX_POINT('',#2442);
#2442 = CARTESIAN_POINT('',(-21.339986,-16.275892,0.));
#2443 = LINE('',#2444,#2445);
#2444 = CARTESIAN_POINT('',(-21.339986,-16.275892,0.));
#2445 = VECTOR('',#2446,1.);
#2446 = DIRECTION('',(-0.981627175397,0.190809036795,0.));
#2447 = ORIENTED_EDGE('',*,*,#2448,.F.);
#2448 = EDGE_CURVE('',#2449,#2441,#2451,.T.);
#2449 = VERTEX_POINT('',#2450);
#2450 = CARTESIAN_POINT('',(-14.463254,-17.612593,0.));
#2451 = LINE('',#2452,#2453);
#2452 = CARTESIAN_POINT('',(-14.463254,-17.612593,0.));
#2453 = VECTOR('',#2454,1.);
#2454 = DIRECTION('',(-0.981627191255,0.19080895521,0.));
#2455 = ORIENTED_EDGE('',*,*,#2456,.F.);
#2456 = EDGE_CURVE('',#2457,#2449,#2459,.T.);
#2457 = VERTEX_POINT('',#2458);
#2458 = CARTESIAN_POINT('',(-12.5,-15.994211,0.));
#2459 = CIRCLE('',#2460,1.648671987146);
#2460 = AXIS2_PLACEMENT_3D('',#2461,#2462,#2463);
#2461 = CARTESIAN_POINT('',(-14.14867198714,-15.99421187109,0.));
#2462 = DIRECTION('',(0.,0.,-1.));
#2463 = DIRECTION('',(1.,5.283633085876E-07,0.));
#2464 = ORIENTED_EDGE('',*,*,#2465,.F.);
#2465 = EDGE_CURVE('',#2466,#2457,#2468,.T.);
#2466 = VERTEX_POINT('',#2467);
#2467 = CARTESIAN_POINT('',(-12.5,-10.353836,0.));
#2468 = LINE('',#2469,#2470);
#2469 = CARTESIAN_POINT('',(-12.5,-10.353836,0.));
#2470 = VECTOR('',#2471,1.);
#2471 = DIRECTION('',(0.,-1.,0.));
#2472 = ORIENTED_EDGE('',*,*,#2473,.F.);
#2473 = EDGE_CURVE('',#2474,#2466,#2476,.T.);
#2474 = VERTEX_POINT('',#2475);
#2475 = CARTESIAN_POINT('',(-12.5,-4.713461,0.));
#2476 = LINE('',#2477,#2478);
#2477 = CARTESIAN_POINT('',(-12.5,-4.713461,0.));
#2478 = VECTOR('',#2479,1.);
#2479 = DIRECTION('',(0.,-1.,0.));
#2480 = ORIENTED_EDGE('',*,*,#2481,.F.);
#2481 = EDGE_CURVE('',#2482,#2474,#2484,.T.);
#2482 = VERTEX_POINT('',#2483);
#2483 = CARTESIAN_POINT('',(-14.463254,-2.331843,0.));
#2484 = CIRCLE('',#2485,2.426194364032);
#2485 = AXIS2_PLACEMENT_3D('',#2486,#2487,#2488);
#2486 = CARTESIAN_POINT('',(-14.92619436403,-4.713461212772,0.));
#2487 = DIRECTION('',(0.,0.,-1.));
#2488 = DIRECTION('',(0.190809265282,0.981627130983,0.));
#2489 = ORIENTED_EDGE('',*,*,#2490,.F.);
#2490 = EDGE_CURVE('',#2491,#2482,#2493,.T.);
#2491 = VERTEX_POINT('',#2492);
#2492 = CARTESIAN_POINT('',(-19.908919,-1.273313,0.));
#2493 = LINE('',#2494,#2495);
#2494 = CARTESIAN_POINT('',(-19.908919,-1.273313,0.));
#2495 = VECTOR('',#2496,1.);
#2496 = DIRECTION('',(0.981627185006,-0.190808987359,0.));
#2497 = ORIENTED_EDGE('',*,*,#2498,.F.);
#2498 = EDGE_CURVE('',#2499,#2491,#2501,.T.);
#2499 = VERTEX_POINT('',#2500);
#2500 = CARTESIAN_POINT('',(-26.827023,7.143E-02,0.));
#2501 = LINE('',#2502,#2503);
#2502 = CARTESIAN_POINT('',(-26.827023,7.143E-02,0.));
#2503 = VECTOR('',#2504,1.);
#2504 = DIRECTION('',(0.981627188608,-0.190808968829,0.));
#2505 = ORIENTED_EDGE('',*,*,#2506,.F.);
#2506 = EDGE_CURVE('',#2507,#2499,#2509,.T.);
#2507 = VERTEX_POINT('',#2508);
#2508 = CARTESIAN_POINT('',(-27.222433,0.657649,0.));
#2509 = CIRCLE('',#2510,0.500001551926);
#2510 = AXIS2_PLACEMENT_3D('',#2511,#2512,#2513);
#2511 = CARTESIAN_POINT('',(-26.73161772631,0.562245021858,0.));
#2512 = DIRECTION('',(0.,0.,1.));
#2513 = DIRECTION('',(-0.981627500545,0.190807364045,0.));
#2514 = ORIENTED_EDGE('',*,*,#2515,.F.);
#2515 = EDGE_CURVE('',#2516,#2507,#2518,.T.);
#2516 = VERTEX_POINT('',#2517);
#2517 = CARTESIAN_POINT('',(-26.636214,1.053058,0.));
#2518 = CIRCLE('',#2519,0.500001877663);
#2519 = AXIS2_PLACEMENT_3D('',#2520,#2521,#2522);
#2520 = CARTESIAN_POINT('',(-26.73161790784,0.562242380817,0.));
#2521 = DIRECTION('',(0.,0.,1.));
#2522 = DIRECTION('',(0.190807099156,0.981627552034,-0.));
#2523 = ORIENTED_EDGE('',*,*,#2524,.F.);
#2524 = EDGE_CURVE('',#2525,#2516,#2527,.T.);
#2525 = VERTEX_POINT('',#2526);
#2526 = CARTESIAN_POINT('',(-16.813514,-0.856282,0.));
#2527 = LINE('',#2528,#2529);
#2528 = CARTESIAN_POINT('',(-16.813514,-0.856282,0.));
#2529 = VECTOR('',#2530,1.);
#2530 = DIRECTION('',(-0.981627173388,0.190809047129,0.));
#2531 = ORIENTED_EDGE('',*,*,#2532,.F.);
#2532 = EDGE_CURVE('',#2533,#2525,#2535,.T.);
#2533 = VERTEX_POINT('',#2534);
#2534 = CARTESIAN_POINT('',(-8.463254,-2.479408,0.));
#2535 = LINE('',#2536,#2537);
#2536 = CARTESIAN_POINT('',(-8.463254,-2.479408,0.));
#2537 = VECTOR('',#2538,1.);
#2538 = DIRECTION('',(-0.981627186094,0.190808981763,0.));
#2539 = ORIENTED_EDGE('',*,*,#2540,.F.);
#2540 = EDGE_CURVE('',#2541,#2533,#2543,.T.);
#2541 = VERTEX_POINT('',#2542);
#2542 = CARTESIAN_POINT('',(-6.5,-0.861026,0.));
#2543 = CIRCLE('',#2544,1.648673335825);
#2544 = AXIS2_PLACEMENT_3D('',#2545,#2546,#2547);
#2545 = CARTESIAN_POINT('',(-8.148673335825,-0.861025235019,0.));
#2546 = DIRECTION('',(0.,0.,-1.));
#2547 = DIRECTION('',(1.,-4.639976950616E-07,0.));
#2548 = ORIENTED_EDGE('',*,*,#2549,.F.);
#2549 = EDGE_CURVE('',#2550,#2541,#2552,.T.);
#2550 = VERTEX_POINT('',#2551);
#2551 = CARTESIAN_POINT('',(-6.5,4.779349,0.));
#2552 = LINE('',#2553,#2554);
#2553 = CARTESIAN_POINT('',(-6.5,4.779349,0.));
#2554 = VECTOR('',#2555,1.);
#2555 = DIRECTION('',(0.,-1.,0.));
#2556 = ORIENTED_EDGE('',*,*,#2557,.F.);
#2557 = EDGE_CURVE('',#2558,#2550,#2560,.T.);
#2558 = VERTEX_POINT('',#2559);
#2559 = CARTESIAN_POINT('',(-6.5,10.419724,0.));
#2560 = LINE('',#2561,#2562);
#2561 = CARTESIAN_POINT('',(-6.5,10.419724,0.));
#2562 = VECTOR('',#2563,1.);
#2563 = DIRECTION('',(0.,-1.,0.));
#2564 = ORIENTED_EDGE('',*,*,#2565,.F.);
#2565 = EDGE_CURVE('',#2566,#2558,#2568,.T.);
#2566 = VERTEX_POINT('',#2567);
#2567 = CARTESIAN_POINT('',(-8.463254,12.801342,0.));
#2568 = CIRCLE('',#2569,2.42619221488);
#2569 = AXIS2_PLACEMENT_3D('',#2570,#2571,#2572);
#2570 = CARTESIAN_POINT('',(-8.92619221488,10.419725558851,0.));
#2571 = DIRECTION('',(0.,0.,-1.));
#2572 = DIRECTION('',(0.19080854849,0.981627270313,0.));
#2573 = ORIENTED_EDGE('',*,*,#2574,.F.);
#2574 = EDGE_CURVE('',#2575,#2566,#2577,.T.);
#2575 = VERTEX_POINT('',#2576);
#2576 = CARTESIAN_POINT('',(-16.854887,14.432511,0.));
#2577 = LINE('',#2578,#2579);
#2578 = CARTESIAN_POINT('',(-16.854887,14.432511,0.));
#2579 = VECTOR('',#2580,1.);
#2580 = DIRECTION('',(0.981627166286,-0.190809083667,0.));
#2581 = ORIENTED_EDGE('',*,*,#2582,.F.);
#2582 = EDGE_CURVE('',#2583,#2575,#2585,.T.);
#2583 = VERTEX_POINT('',#2584);
#2584 = CARTESIAN_POINT('',(-25.24652,16.063679,0.));
#2585 = LINE('',#2586,#2587);
#2586 = CARTESIAN_POINT('',(-25.24652,16.063679,0.));
#2587 = VECTOR('',#2588,1.);
#2588 = DIRECTION('',(0.981627188196,-0.190808970949,0.));
#2589 = ORIENTED_EDGE('',*,*,#2590,.F.);
#2590 = EDGE_CURVE('',#2591,#2583,#2593,.T.);
#2591 = VERTEX_POINT('',#2592);
#2592 = CARTESIAN_POINT('',(-29.173029,16.826915,0.));
#2593 = LINE('',#2594,#2595);
#2594 = CARTESIAN_POINT('',(-29.173029,16.826915,0.));
#2595 = VECTOR('',#2596,1.);
#2596 = DIRECTION('',(0.981627185005,-0.190808987366,0.));
#2597 = ORIENTED_EDGE('',*,*,#2598,.F.);
#2598 = EDGE_CURVE('',#2599,#2591,#2601,.T.);
#2599 = VERTEX_POINT('',#2600);
#2600 = CARTESIAN_POINT('',(-29.663843,16.922319,0.));
#2601 = LINE('',#2602,#2603);
#2602 = CARTESIAN_POINT('',(-29.663843,16.922319,0.));
#2603 = VECTOR('',#2604,1.);
#2604 = DIRECTION('',(0.981627399613,-0.190807883297,0.));
#2605 = ORIENTED_EDGE('',*,*,#2606,.F.);
#2606 = EDGE_CURVE('',#2607,#2599,#2609,.T.);
#2607 = VERTEX_POINT('',#2608);
#2608 = CARTESIAN_POINT('',(-32.117911,17.399342,0.));
#2609 = LINE('',#2610,#2611);
#2610 = CARTESIAN_POINT('',(-32.117911,17.399342,0.));
#2611 = VECTOR('',#2612,1.);
#2612 = DIRECTION('',(0.981627145724,-0.19080918945,0.));
#2613 = ORIENTED_EDGE('',*,*,#2614,.F.);
#2614 = EDGE_CURVE('',#2615,#2607,#2617,.T.);
#2615 = VERTEX_POINT('',#2616);
#2616 = CARTESIAN_POINT('',(-41.467909,19.216798,0.));
#2617 = LINE('',#2618,#2619);
#2618 = CARTESIAN_POINT('',(-41.467909,19.216798,0.));
#2619 = VECTOR('',#2620,1.);
#2620 = DIRECTION('',(0.981627173648,-0.190809045789,0.));
#2621 = ORIENTED_EDGE('',*,*,#2622,.F.);
#2622 = EDGE_CURVE('',#2623,#2615,#2625,.T.);
#2623 = VERTEX_POINT('',#2624);
#2624 = CARTESIAN_POINT('',(-49.198224,20.719418,0.));
#2625 = LINE('',#2626,#2627);
#2626 = CARTESIAN_POINT('',(-49.198224,20.719418,0.));
#2627 = VECTOR('',#2628,1.);
#2628 = DIRECTION('',(0.981627207694,-0.190808870638,0.));
#2629 = ORIENTED_EDGE('',*,*,#2630,.F.);
#2630 = EDGE_CURVE('',#2631,#2623,#2633,.T.);
#2631 = VERTEX_POINT('',#2632);
#2632 = CARTESIAN_POINT('',(-50.503074,22.653938,0.));
#2633 = CIRCLE('',#2634,1.65000097831);
#2634 = AXIS2_PLACEMENT_3D('',#2635,#2636,#2637);
#2635 = CARTESIAN_POINT('',(-48.88338805779,22.339103635523,0.));
#2636 = DIRECTION('',(0.,0.,1.));
#2637 = DIRECTION('',(-0.981627261737,0.19080859261,0.));
#2638 = ORIENTED_EDGE('',*,*,#2639,.F.);
#2639 = EDGE_CURVE('',#2640,#2631,#2642,.T.);
#2640 = VERTEX_POINT('',#2641);
#2641 = CARTESIAN_POINT('',(-51.807924,24.588458,0.));
#2642 = CIRCLE('',#2643,1.649998976836);
#2643 = AXIS2_PLACEMENT_3D('',#2644,#2645,#2646);
#2644 = CARTESIAN_POINT('',(-52.1227575956,22.968773947278,0.));
#2645 = DIRECTION('',(0.,0.,-1.));
#2646 = DIRECTION('',(0.190808358079,0.981627307326,0.));
#2647 = ORIENTED_EDGE('',*,*,#2648,.F.);
#2648 = EDGE_CURVE('',#2649,#2640,#2651,.T.);
#2649 = VERTEX_POINT('',#2650);
#2650 = CARTESIAN_POINT('',(-59.538238,26.091079,0.));
#2651 = LINE('',#2652,#2653);
#2652 = CARTESIAN_POINT('',(-59.538238,26.091079,0.));
#2653 = VECTOR('',#2654,1.);
#2654 = DIRECTION('',(0.981627179287,-0.190809016783,0.));
#2655 = ORIENTED_EDGE('',*,*,#2656,.F.);
#2656 = EDGE_CURVE('',#2657,#2649,#2659,.T.);
#2657 = VERTEX_POINT('',#2658);
#2658 = CARTESIAN_POINT('',(-66.924982,27.526916,0.));
#2659 = LINE('',#2660,#2661);
#2660 = CARTESIAN_POINT('',(-66.924982,27.526916,0.));
#2661 = VECTOR('',#2662,1.);
#2662 = DIRECTION('',(0.98162719794,-0.190808920819,0.));
#2663 = ORIENTED_EDGE('',*,*,#2664,.F.);
#2664 = EDGE_CURVE('',#2665,#2657,#2667,.T.);
#2665 = VERTEX_POINT('',#2666);
#2666 = CARTESIAN_POINT('',(-68.506619,29.871789,0.));
#2667 = CIRCLE('',#2668,2.00000215767);
#2668 = AXIS2_PLACEMENT_3D('',#2669,#2670,#2671);
#2669 = CARTESIAN_POINT('',(-66.54336220097,29.490172213457,0.));
#2670 = DIRECTION('',(0.,0.,1.));
#2671 = DIRECTION('',(-0.981627340498,0.190808187421,0.));
#2672 = ORIENTED_EDGE('',*,*,#2673,.F.);
#2673 = EDGE_CURVE('',#2674,#2665,#2676,.T.);
#2674 = VERTEX_POINT('',#2675);
#2675 = CARTESIAN_POINT('',(-68.191784,31.491473,0.));
#2676 = LINE('',#2677,#2678);
#2677 = CARTESIAN_POINT('',(-68.191784,31.491473,0.));
#2678 = VECTOR('',#2679,1.);
#2679 = DIRECTION('',(-0.190809184226,-0.981627146739,0.));
#2680 = ORIENTED_EDGE('',*,*,#2681,.F.);
#2681 = EDGE_CURVE('',#2682,#2674,#2684,.T.);
#2682 = VERTEX_POINT('',#2683);
#2683 = CARTESIAN_POINT('',(-67.876949,33.111158,0.));
#2684 = LINE('',#2685,#2686);
#2685 = CARTESIAN_POINT('',(-67.876949,33.111158,0.));
#2686 = VECTOR('',#2687,1.);
#2687 = DIRECTION('',(-0.190809070709,-0.981627168805,0.));
#2688 = ORIENTED_EDGE('',*,*,#2689,.F.);
#2689 = EDGE_CURVE('',#2690,#2682,#2692,.T.);
#2690 = VERTEX_POINT('',#2691);
#2691 = CARTESIAN_POINT('',(-69.458585,35.456031,0.));
#2692 = CIRCLE('',#2693,2.000000481925);
#2693 = AXIS2_PLACEMENT_3D('',#2694,#2695,#2696);
#2694 = CARTESIAN_POINT('',(-69.84020379791,33.492776299055,0.));
#2695 = DIRECTION('',(0.,0.,-1.));
#2696 = DIRECTION('',(0.190809352978,0.981627113937,0.));
#2697 = ORIENTED_EDGE('',*,*,#2698,.F.);
#2698 = EDGE_CURVE('',#122,#2690,#2699,.T.);
#2699 = LINE('',#2700,#2701);
#2700 = CARTESIAN_POINT('',(-76.84533,36.891868,0.));
#2701 = VECTOR('',#2702,1.);
#2702 = DIRECTION('',(0.981627202778,-0.190808895929,0.));
#2703 = ORIENTED_EDGE('',*,*,#129,.F.);
#2704 = FACE_BOUND('',#2705,.F.);
#2705 = EDGE_LOOP('',(#2706));
#2706 = ORIENTED_EDGE('',*,*,#2707,.T.);
#2707 = EDGE_CURVE('',#2708,#2708,#2710,.T.);
#2708 = VERTEX_POINT('',#2709);
#2709 = CARTESIAN_POINT('',(-55.31232,-66.212362,0.));
#2710 = CIRCLE('',#2711,0.4953);
#2711 = AXIS2_PLACEMENT_3D('',#2712,#2713,#2714);
#2712 = CARTESIAN_POINT('',(-55.31232,-65.717062,0.));
#2713 = DIRECTION('',(-0.,0.,-1.));
#2714 = DIRECTION('',(-0.,-1.,0.));
#2715 = FACE_BOUND('',#2716,.F.);
#2716 = EDGE_LOOP('',(#2717));
#2717 = ORIENTED_EDGE('',*,*,#2718,.T.);
#2718 = EDGE_CURVE('',#2719,#2719,#2721,.T.);
#2719 = VERTEX_POINT('',#2720);
#2720 = CARTESIAN_POINT('',(-60.040384,-62.518394,0.));
#2721 = CIRCLE('',#2722,0.4953);
#2722 = AXIS2_PLACEMENT_3D('',#2723,#2724,#2725);
#2723 = CARTESIAN_POINT('',(-60.040384,-62.023094,0.));
#2724 = DIRECTION('',(-0.,0.,-1.));
#2725 = DIRECTION('',(-0.,-1.,0.));
#2726 = FACE_BOUND('',#2727,.F.);
#2727 = EDGE_LOOP('',(#2728));
#2728 = ORIENTED_EDGE('',*,*,#2729,.T.);
#2729 = EDGE_CURVE('',#2730,#2730,#2732,.T.);
#2730 = VERTEX_POINT('',#2731);
#2731 = CARTESIAN_POINT('',(-48.747965,-61.643552,0.));
#2732 = CIRCLE('',#2733,0.95);
#2733 = AXIS2_PLACEMENT_3D('',#2734,#2735,#2736);
#2734 = CARTESIAN_POINT('',(-48.747965,-60.693552,0.));
#2735 = DIRECTION('',(-0.,0.,-1.));
#2736 = DIRECTION('',(-0.,-1.,0.));
#2737 = FACE_BOUND('',#2738,.F.);
#2738 = EDGE_LOOP('',(#2739));
#2739 = ORIENTED_EDGE('',*,*,#2740,.T.);
#2740 = EDGE_CURVE('',#2741,#2741,#2743,.T.);
#2741 = VERTEX_POINT('',#2742);
#2742 = CARTESIAN_POINT('',(-52.75106,-59.615992,0.));
#2743 = CIRCLE('',#2744,2.05);
#2744 = AXIS2_PLACEMENT_3D('',#2745,#2746,#2747);
#2745 = CARTESIAN_POINT('',(-52.75106,-57.565992,0.));
#2746 = DIRECTION('',(-0.,0.,-1.));
#2747 = DIRECTION('',(-3.466062125659E-15,-1.,0.));
#2748 = FACE_BOUND('',#2749,.F.);
#2749 = EDGE_LOOP('',(#2750));
#2750 = ORIENTED_EDGE('',*,*,#2751,.T.);
#2751 = EDGE_CURVE('',#2752,#2752,#2754,.T.);
#2752 = VERTEX_POINT('',#2753);
#2753 = CARTESIAN_POINT('',(-56.754155,-55.388432,0.));
#2754 = CIRCLE('',#2755,0.95);
#2755 = AXIS2_PLACEMENT_3D('',#2756,#2757,#2758);
#2756 = CARTESIAN_POINT('',(-56.754155,-54.438432,0.));
#2757 = DIRECTION('',(-0.,0.,-1.));
#2758 = DIRECTION('',(-0.,-1.,0.));
#2759 = FACE_BOUND('',#2760,.F.);
#2760 = EDGE_LOOP('',(#2761));
#2761 = ORIENTED_EDGE('',*,*,#2762,.T.);
#2762 = EDGE_CURVE('',#2763,#2763,#2765,.T.);
#2763 = VERTEX_POINT('',#2764);
#2764 = CARTESIAN_POINT('',(-47.621952,-56.626678,0.));
#2765 = CIRCLE('',#2766,1.5);
#2766 = AXIS2_PLACEMENT_3D('',#2767,#2768,#2769);
#2767 = CARTESIAN_POINT('',(-47.621952,-55.126678,0.));
#2768 = DIRECTION('',(-0.,0.,-1.));
#2769 = DIRECTION('',(-0.,-1.,0.));
#2770 = FACE_BOUND('',#2771,.F.);
#2771 = EDGE_LOOP('',(#2772));
#2772 = ORIENTED_EDGE('',*,*,#2773,.T.);
#2773 = EDGE_CURVE('',#2774,#2774,#2776,.T.);
#2774 = VERTEX_POINT('',#2775);
#2775 = CARTESIAN_POINT('',(-54.189601,-54.718774,0.));
#2776 = CIRCLE('',#2777,1.5);
#2777 = AXIS2_PLACEMENT_3D('',#2778,#2779,#2780);
#2778 = CARTESIAN_POINT('',(-54.189601,-53.218774,0.));
#2779 = DIRECTION('',(-0.,0.,-1.));
#2780 = DIRECTION('',(-0.,-1.,0.));
#2781 = FACE_BOUND('',#2782,.F.);
#2782 = EDGE_LOOP('',(#2783));
#2783 = ORIENTED_EDGE('',*,*,#2784,.T.);
#2784 = EDGE_CURVE('',#2785,#2785,#2787,.T.);
#2785 = VERTEX_POINT('',#2786);
#2786 = CARTESIAN_POINT('',(-67.207106,-29.579658,0.));
#2787 = CIRCLE('',#2788,0.4953);
#2788 = AXIS2_PLACEMENT_3D('',#2789,#2790,#2791);
#2789 = CARTESIAN_POINT('',(-67.207106,-29.084358,0.));
#2790 = DIRECTION('',(-0.,0.,-1.));
#2791 = DIRECTION('',(-0.,-1.,0.));
#2792 = FACE_BOUND('',#2793,.F.);
#2793 = EDGE_LOOP('',(#2794));
#2794 = ORIENTED_EDGE('',*,*,#2795,.T.);
#2795 = EDGE_CURVE('',#2796,#2796,#2798,.T.);
#2796 = VERTEX_POINT('',#2797);
#2797 = CARTESIAN_POINT('',(-110.306057,-20.183356,0.));
#2798 = CIRCLE('',#2799,0.4953);
#2799 = AXIS2_PLACEMENT_3D('',#2800,#2801,#2802);
#2800 = CARTESIAN_POINT('',(-110.306057,-19.688056,0.));
#2801 = DIRECTION('',(-0.,0.,-1.));
#2802 = DIRECTION('',(-0.,-1.,0.));
#2803 = FACE_BOUND('',#2804,.F.);
#2804 = EDGE_LOOP('',(#2805));
#2805 = ORIENTED_EDGE('',*,*,#2806,.T.);
#2806 = EDGE_CURVE('',#2807,#2807,#2809,.T.);
#2807 = VERTEX_POINT('',#2808);
#2808 = CARTESIAN_POINT('',(-104.416293,-21.328208,0.));
#2809 = CIRCLE('',#2810,0.4953);
#2810 = AXIS2_PLACEMENT_3D('',#2811,#2812,#2813);
#2811 = CARTESIAN_POINT('',(-104.416293,-20.832908,0.));
#2812 = DIRECTION('',(-0.,0.,-1.));
#2813 = DIRECTION('',(-0.,-1.,0.));
#2814 = FACE_BOUND('',#2815,.F.);
#2815 = EDGE_LOOP('',(#2816));
#2816 = ORIENTED_EDGE('',*,*,#2817,.T.);
#2817 = EDGE_CURVE('',#2818,#2818,#2820,.T.);
#2818 = VERTEX_POINT('',#2819);
#2819 = CARTESIAN_POINT('',(-73.09687,-28.434806,0.));
#2820 = CIRCLE('',#2821,0.4953);
#2821 = AXIS2_PLACEMENT_3D('',#2822,#2823,#2824);
#2822 = CARTESIAN_POINT('',(-73.09687,-27.939506,0.));
#2823 = DIRECTION('',(-0.,0.,-1.));
#2824 = DIRECTION('',(-0.,-1.,0.));
#2825 = FACE_BOUND('',#2826,.F.);
#2826 = EDGE_LOOP('',(#2827));
#2827 = ORIENTED_EDGE('',*,*,#2828,.T.);
#2828 = EDGE_CURVE('',#2829,#2829,#2831,.T.);
#2829 = VERTEX_POINT('',#2830);
#2830 = CARTESIAN_POINT('',(-90.403962,-17.634016,0.));
#2831 = CIRCLE('',#2832,0.4953);
#2832 = AXIS2_PLACEMENT_3D('',#2833,#2834,#2835);
#2833 = CARTESIAN_POINT('',(-90.403962,-17.138716,0.));
#2834 = DIRECTION('',(-0.,0.,-1.));
#2835 = DIRECTION('',(-0.,-1.,0.));
#2836 = FACE_BOUND('',#2837,.F.);
#2837 = EDGE_LOOP('',(#2838));
#2838 = ORIENTED_EDGE('',*,*,#2839,.T.);
#2839 = EDGE_CURVE('',#2840,#2840,#2842,.T.);
#2840 = VERTEX_POINT('',#2841);
#2841 = CARTESIAN_POINT('',(-84.514198,-18.778868,0.));
#2842 = CIRCLE('',#2843,0.4953);
#2843 = AXIS2_PLACEMENT_3D('',#2844,#2845,#2846);
#2844 = CARTESIAN_POINT('',(-84.514198,-18.283568,0.));
#2845 = DIRECTION('',(-0.,0.,-1.));
#2846 = DIRECTION('',(-0.,-1.,0.));
#2847 = FACE_BOUND('',#2848,.F.);
#2848 = EDGE_LOOP('',(#2849));
#2849 = ORIENTED_EDGE('',*,*,#2850,.T.);
#2850 = EDGE_CURVE('',#2851,#2851,#2853,.T.);
#2851 = VERTEX_POINT('',#2852);
#2852 = CARTESIAN_POINT('',(-73.612182,-20.639606,0.));
#2853 = CIRCLE('',#2854,0.95);
#2854 = AXIS2_PLACEMENT_3D('',#2855,#2856,#2857);
#2855 = CARTESIAN_POINT('',(-73.612182,-19.689606,0.));
#2856 = DIRECTION('',(-0.,0.,-1.));
#2857 = DIRECTION('',(-0.,-1.,0.));
#2858 = FACE_BOUND('',#2859,.F.);
#2859 = EDGE_LOOP('',(#2860));
#2860 = ORIENTED_EDGE('',*,*,#2861,.T.);
#2861 = EDGE_CURVE('',#2862,#2862,#2864,.T.);
#2862 = VERTEX_POINT('',#2863);
#2863 = CARTESIAN_POINT('',(-68.625516,-22.708916,0.));
#2864 = CIRCLE('',#2865,2.05);
#2865 = AXIS2_PLACEMENT_3D('',#2866,#2867,#2868);
#2866 = CARTESIAN_POINT('',(-68.625516,-20.658916,0.));
#2867 = DIRECTION('',(-0.,0.,-1.));
#2868 = DIRECTION('',(-0.,-1.,0.));
#2869 = FACE_BOUND('',#2870,.F.);
#2870 = EDGE_LOOP('',(#2871));
#2871 = ORIENTED_EDGE('',*,*,#2872,.T.);
#2872 = EDGE_CURVE('',#2873,#2873,#2875,.T.);
#2873 = VERTEX_POINT('',#2874);
#2874 = CARTESIAN_POINT('',(-71.880861,-18.938601,0.));
#2875 = CIRCLE('',#2876,1.5);
#2876 = AXIS2_PLACEMENT_3D('',#2877,#2878,#2879);
#2877 = CARTESIAN_POINT('',(-71.880861,-17.438601,0.));
#2878 = DIRECTION('',(-0.,0.,-1.));
#2879 = DIRECTION('',(-0.,-1.,0.));
#2880 = FACE_BOUND('',#2881,.F.);
#2881 = EDGE_LOOP('',(#2882));
#2882 = ORIENTED_EDGE('',*,*,#2883,.T.);
#2883 = EDGE_CURVE('',#2884,#2884,#2886,.T.);
#2884 = VERTEX_POINT('',#2885);
#2885 = CARTESIAN_POINT('',(-65.162873,-17.656905,0.));
#2886 = CIRCLE('',#2887,1.5);
#2887 = AXIS2_PLACEMENT_3D('',#2888,#2889,#2890);
#2888 = CARTESIAN_POINT('',(-65.162873,-16.156905,0.));
#2889 = DIRECTION('',(-0.,0.,-1.));
#2890 = DIRECTION('',(-0.,-1.,0.));
#2891 = FACE_BOUND('',#2892,.F.);
#2892 = EDGE_LOOP('',(#2893));
#2893 = ORIENTED_EDGE('',*,*,#2894,.T.);
#2894 = EDGE_CURVE('',#2895,#2895,#2897,.T.);
#2895 = VERTEX_POINT('',#2896);
#2896 = CARTESIAN_POINT('',(-55.026542,-35.309087,0.));
#2897 = CIRCLE('',#2898,0.4953);
#2898 = AXIS2_PLACEMENT_3D('',#2899,#2900,#2901);
#2899 = CARTESIAN_POINT('',(-55.026542,-34.813787,0.));
#2900 = DIRECTION('',(-0.,0.,-1.));
#2901 = DIRECTION('',(-0.,-1.,0.));
#2902 = FACE_BOUND('',#2903,.F.);
#2903 = EDGE_LOOP('',(#2904));
#2904 = ORIENTED_EDGE('',*,*,#2905,.T.);
#2905 = EDGE_CURVE('',#2906,#2906,#2908,.T.);
#2906 = VERTEX_POINT('',#2907);
#2907 = CARTESIAN_POINT('',(-49.136778,-36.453939,0.));
#2908 = CIRCLE('',#2909,0.4953);
#2909 = AXIS2_PLACEMENT_3D('',#2910,#2911,#2912);
#2910 = CARTESIAN_POINT('',(-49.136778,-35.958639,0.));
#2911 = DIRECTION('',(-0.,0.,-1.));
#2912 = DIRECTION('',(-0.,-1.,0.));
#2913 = FACE_BOUND('',#2914,.F.);
#2914 = EDGE_LOOP('',(#2915));
#2915 = ORIENTED_EDGE('',*,*,#2916,.T.);
#2916 = EDGE_CURVE('',#2917,#2917,#2919,.T.);
#2917 = VERTEX_POINT('',#2918);
#2918 = CARTESIAN_POINT('',(-45.568522,-29.452507,0.));
#2919 = CIRCLE('',#2920,0.95);
#2920 = AXIS2_PLACEMENT_3D('',#2921,#2922,#2923);
#2921 = CARTESIAN_POINT('',(-45.568522,-28.502507,0.));
#2922 = DIRECTION('',(-0.,0.,-1.));
#2923 = DIRECTION('',(-0.,-1.,0.));
#2924 = FACE_BOUND('',#2925,.F.);
#2925 = EDGE_LOOP('',(#2926));
#2926 = ORIENTED_EDGE('',*,*,#2927,.T.);
#2927 = EDGE_CURVE('',#2928,#2928,#2930,.T.);
#2928 = VERTEX_POINT('',#2929);
#2929 = CARTESIAN_POINT('',(-7.64,-38.121,0.));
#2930 = CIRCLE('',#2931,0.381);
#2931 = AXIS2_PLACEMENT_3D('',#2932,#2933,#2934);
#2932 = CARTESIAN_POINT('',(-7.64,-37.74,0.));
#2933 = DIRECTION('',(-0.,0.,-1.));
#2934 = DIRECTION('',(2.331176954594E-15,-1.,-0.));
#2935 = FACE_BOUND('',#2936,.F.);
#2936 = EDGE_LOOP('',(#2937));
#2937 = ORIENTED_EDGE('',*,*,#2938,.T.);
#2938 = EDGE_CURVE('',#2939,#2939,#2941,.T.);
#2939 = VERTEX_POINT('',#2940);
#2940 = CARTESIAN_POINT('',(-5.1,-38.121,0.));
#2941 = CIRCLE('',#2942,0.381);
#2942 = AXIS2_PLACEMENT_3D('',#2943,#2944,#2945);
#2943 = CARTESIAN_POINT('',(-5.1,-37.74,0.));
#2944 = DIRECTION('',(-0.,0.,-1.));
#2945 = DIRECTION('',(-0.,-1.,0.));
#2946 = FACE_BOUND('',#2947,.F.);
#2947 = EDGE_LOOP('',(#2948));
#2948 = ORIENTED_EDGE('',*,*,#2949,.T.);
#2949 = EDGE_CURVE('',#2950,#2950,#2952,.T.);
#2950 = VERTEX_POINT('',#2951);
#2951 = CARTESIAN_POINT('',(-2.56,-38.121,0.));
#2952 = CIRCLE('',#2953,0.381);
#2953 = AXIS2_PLACEMENT_3D('',#2954,#2955,#2956);
#2954 = CARTESIAN_POINT('',(-2.56,-37.74,0.));
#2955 = DIRECTION('',(-0.,0.,-1.));
#2956 = DIRECTION('',(-1.165588477297E-15,-1.,0.));
#2957 = FACE_BOUND('',#2958,.F.);
#2958 = EDGE_LOOP('',(#2959));
#2959 = ORIENTED_EDGE('',*,*,#2960,.T.);
#2960 = EDGE_CURVE('',#2961,#2961,#2963,.T.);
#2961 = VERTEX_POINT('',#2962);
#2962 = CARTESIAN_POINT('',(-2.E-02,-38.121,0.));
#2963 = CIRCLE('',#2964,0.381);
#2964 = AXIS2_PLACEMENT_3D('',#2965,#2966,#2967);
#2965 = CARTESIAN_POINT('',(-2.E-02,-37.74,0.));
#2966 = DIRECTION('',(-0.,0.,-1.));
#2967 = DIRECTION('',(1.183800797255E-16,-1.,-0.));
#2968 = FACE_BOUND('',#2969,.F.);
#2969 = EDGE_LOOP('',(#2970));
#2970 = ORIENTED_EDGE('',*,*,#2971,.T.);
#2971 = EDGE_CURVE('',#2972,#2972,#2974,.T.);
#2972 = VERTEX_POINT('',#2973);
#2973 = CARTESIAN_POINT('',(-7.64,-35.581,0.));
#2974 = CIRCLE('',#2975,0.381);
#2975 = AXIS2_PLACEMENT_3D('',#2976,#2977,#2978);
#2976 = CARTESIAN_POINT('',(-7.64,-35.2,0.));
#2977 = DIRECTION('',(-0.,0.,-1.));
#2978 = DIRECTION('',(2.331176954594E-15,-1.,-0.));
#2979 = FACE_BOUND('',#2980,.F.);
#2980 = EDGE_LOOP('',(#2981));
#2981 = ORIENTED_EDGE('',*,*,#2982,.T.);
#2982 = EDGE_CURVE('',#2983,#2983,#2985,.T.);
#2983 = VERTEX_POINT('',#2984);
#2984 = CARTESIAN_POINT('',(-7.64,-33.041,0.));
#2985 = CIRCLE('',#2986,0.381);
#2986 = AXIS2_PLACEMENT_3D('',#2987,#2988,#2989);
#2987 = CARTESIAN_POINT('',(-7.64,-32.66,0.));
#2988 = DIRECTION('',(-0.,0.,-1.));
#2989 = DIRECTION('',(2.331176954594E-15,-1.,-0.));
#2990 = FACE_BOUND('',#2991,.F.);
#2991 = EDGE_LOOP('',(#2992));
#2992 = ORIENTED_EDGE('',*,*,#2993,.T.);
#2993 = EDGE_CURVE('',#2994,#2994,#2996,.T.);
#2994 = VERTEX_POINT('',#2995);
#2995 = CARTESIAN_POINT('',(-7.64,-30.501,0.));
#2996 = CIRCLE('',#2997,0.381);
#2997 = AXIS2_PLACEMENT_3D('',#2998,#2999,#3000);
#2998 = CARTESIAN_POINT('',(-7.64,-30.12,0.));
#2999 = DIRECTION('',(-0.,0.,-1.));
#3000 = DIRECTION('',(2.331176954594E-15,-1.,-0.));
#3001 = FACE_BOUND('',#3002,.F.);
#3002 = EDGE_LOOP('',(#3003));
#3003 = ORIENTED_EDGE('',*,*,#3004,.T.);
#3004 = EDGE_CURVE('',#3005,#3005,#3007,.T.);
#3005 = VERTEX_POINT('',#3006);
#3006 = CARTESIAN_POINT('',(-50.555188,-29.583197,0.));
#3007 = CIRCLE('',#3008,2.05);
#3008 = AXIS2_PLACEMENT_3D('',#3009,#3010,#3011);
#3009 = CARTESIAN_POINT('',(-50.555188,-27.533197,0.));
#3010 = DIRECTION('',(-0.,0.,-1.));
#3011 = DIRECTION('',(-0.,-1.,0.));
#3012 = FACE_BOUND('',#3013,.F.);
#3013 = EDGE_LOOP('',(#3014));
#3014 = ORIENTED_EDGE('',*,*,#3015,.T.);
#3015 = EDGE_CURVE('',#3016,#3016,#3018,.T.);
#3016 = VERTEX_POINT('',#3017);
#3017 = CARTESIAN_POINT('',(-55.541854,-27.513887,0.));
#3018 = CIRCLE('',#3019,0.95);
#3019 = AXIS2_PLACEMENT_3D('',#3020,#3021,#3022);
#3020 = CARTESIAN_POINT('',(-55.541854,-26.563887,0.));
#3021 = DIRECTION('',(-0.,0.,-1.));
#3022 = DIRECTION('',(-0.,-1.,0.));
#3023 = FACE_BOUND('',#3024,.F.);
#3024 = EDGE_LOOP('',(#3025));
#3025 = ORIENTED_EDGE('',*,*,#3026,.T.);
#3026 = EDGE_CURVE('',#3027,#3027,#3029,.T.);
#3027 = VERTEX_POINT('',#3028);
#3028 = CARTESIAN_POINT('',(-53.810533,-25.812882,0.));
#3029 = CIRCLE('',#3030,1.5);
#3030 = AXIS2_PLACEMENT_3D('',#3031,#3032,#3033);
#3031 = CARTESIAN_POINT('',(-53.810533,-24.312882,0.));
#3032 = DIRECTION('',(-0.,0.,-1.));
#3033 = DIRECTION('',(-0.,-1.,0.));
#3034 = FACE_BOUND('',#3035,.F.);
#3035 = EDGE_LOOP('',(#3036));
#3036 = ORIENTED_EDGE('',*,*,#3037,.T.);
#3037 = EDGE_CURVE('',#3038,#3038,#3040,.T.);
#3038 = VERTEX_POINT('',#3039);
#3039 = CARTESIAN_POINT('',(-47.092545,-24.531186,0.));
#3040 = CIRCLE('',#3041,1.5);
#3041 = AXIS2_PLACEMENT_3D('',#3042,#3043,#3044);
#3042 = CARTESIAN_POINT('',(-47.092545,-23.031186,0.));
#3043 = DIRECTION('',(-0.,0.,-1.));
#3044 = DIRECTION('',(-0.,-1.,0.));
#3045 = FACE_BOUND('',#3046,.F.);
#3046 = EDGE_LOOP('',(#3047));
#3047 = ORIENTED_EDGE('',*,*,#3048,.T.);
#3048 = EDGE_CURVE('',#3049,#3049,#3051,.T.);
#3049 = VERTEX_POINT('',#3050);
#3050 = CARTESIAN_POINT('',(-63.63885,-22.578226,0.));
#3051 = CIRCLE('',#3052,0.95);
#3052 = AXIS2_PLACEMENT_3D('',#3053,#3054,#3055);
#3053 = CARTESIAN_POINT('',(-63.63885,-21.628226,0.));
#3054 = DIRECTION('',(-0.,0.,-1.));
#3055 = DIRECTION('',(-0.,-1.,0.));
#3056 = FACE_BOUND('',#3057,.F.);
#3057 = EDGE_LOOP('',(#3058));
#3058 = ORIENTED_EDGE('',*,*,#3059,.T.);
#3059 = EDGE_CURVE('',#3060,#3060,#3062,.T.);
#3060 = VERTEX_POINT('',#3061);
#3061 = CARTESIAN_POINT('',(-51.391631,-16.609089,0.));
#3062 = CIRCLE('',#3063,0.4953);
#3063 = AXIS2_PLACEMENT_3D('',#3064,#3065,#3066);
#3064 = CARTESIAN_POINT('',(-51.391631,-16.113789,0.));
#3065 = DIRECTION('',(-0.,0.,-1.));
#3066 = DIRECTION('',(1.434570433596E-14,-1.,-0.));
#3067 = FACE_BOUND('',#3068,.F.);
#3068 = EDGE_LOOP('',(#3069));
#3069 = ORIENTED_EDGE('',*,*,#3070,.T.);
#3070 = EDGE_CURVE('',#3071,#3071,#3073,.T.);
#3071 = VERTEX_POINT('',#3072);
#3072 = CARTESIAN_POINT('',(-45.501867,-17.753941,0.));
#3073 = CIRCLE('',#3074,0.4953);
#3074 = AXIS2_PLACEMENT_3D('',#3075,#3076,#3077);
#3075 = CARTESIAN_POINT('',(-45.501867,-17.258641,0.));
#3076 = DIRECTION('',(-0.,0.,-1.));
#3077 = DIRECTION('',(-0.,-1.,0.));
#3078 = FACE_BOUND('',#3079,.F.);
#3079 = EDGE_LOOP('',(#3080));
#3080 = ORIENTED_EDGE('',*,*,#3081,.T.);
#3081 = EDGE_CURVE('',#3082,#3082,#3084,.T.);
#3082 = VERTEX_POINT('',#3083);
#3083 = CARTESIAN_POINT('',(-7.64,-27.961,0.));
#3084 = CIRCLE('',#3085,0.381);
#3085 = AXIS2_PLACEMENT_3D('',#3086,#3087,#3088);
#3086 = CARTESIAN_POINT('',(-7.64,-27.58,0.));
#3087 = DIRECTION('',(-0.,0.,-1.));
#3088 = DIRECTION('',(2.331176954594E-15,-1.,-0.));
#3089 = FACE_BOUND('',#3090,.F.);
#3090 = EDGE_LOOP('',(#3091));
#3091 = ORIENTED_EDGE('',*,*,#3092,.T.);
#3092 = EDGE_CURVE('',#3093,#3093,#3095,.T.);
#3093 = VERTEX_POINT('',#3094);
#3094 = CARTESIAN_POINT('',(-7.64,-25.421,0.));
#3095 = CIRCLE('',#3096,0.381);
#3096 = AXIS2_PLACEMENT_3D('',#3097,#3098,#3099);
#3097 = CARTESIAN_POINT('',(-7.64,-25.04,0.));
#3098 = DIRECTION('',(-0.,0.,-1.));
#3099 = DIRECTION('',(2.331176954594E-15,-1.,-0.));
#3100 = FACE_BOUND('',#3101,.F.);
#3101 = EDGE_LOOP('',(#3102));
#3102 = ORIENTED_EDGE('',*,*,#3103,.T.);
#3103 = EDGE_CURVE('',#3104,#3104,#3106,.T.);
#3104 = VERTEX_POINT('',#3105);
#3105 = CARTESIAN_POINT('',(-7.64,-22.881,0.));
#3106 = CIRCLE('',#3107,0.381);
#3107 = AXIS2_PLACEMENT_3D('',#3108,#3109,#3110);
#3108 = CARTESIAN_POINT('',(-7.64,-22.5,0.));
#3109 = DIRECTION('',(-0.,0.,-1.));
#3110 = DIRECTION('',(2.331176954594E-15,-1.,-0.));
#3111 = FACE_BOUND('',#3112,.F.);
#3112 = EDGE_LOOP('',(#3113));
#3113 = ORIENTED_EDGE('',*,*,#3114,.T.);
#3114 = EDGE_CURVE('',#3115,#3115,#3117,.T.);
#3115 = VERTEX_POINT('',#3116);
#3116 = CARTESIAN_POINT('',(-7.64,-20.341,0.));
#3117 = CIRCLE('',#3118,0.381);
#3118 = AXIS2_PLACEMENT_3D('',#3119,#3120,#3121);
#3119 = CARTESIAN_POINT('',(-7.64,-19.96,0.));
#3120 = DIRECTION('',(-0.,0.,-1.));
#3121 = DIRECTION('',(2.331176954594E-15,-1.,-0.));
#3122 = FACE_BOUND('',#3123,.F.);
#3123 = EDGE_LOOP('',(#3124));
#3124 = ORIENTED_EDGE('',*,*,#3125,.T.);
#3125 = EDGE_CURVE('',#3126,#3126,#3128,.T.);
#3126 = VERTEX_POINT('',#3127);
#3127 = CARTESIAN_POINT('',(-7.64,-17.801,0.));
#3128 = CIRCLE('',#3129,0.381);
#3129 = AXIS2_PLACEMENT_3D('',#3130,#3131,#3132);
#3130 = CARTESIAN_POINT('',(-7.64,-17.42,0.));
#3131 = DIRECTION('',(-0.,0.,-1.));
#3132 = DIRECTION('',(2.331176954594E-15,-1.,-0.));
#3133 = FACE_BOUND('',#3134,.F.);
#3134 = EDGE_LOOP('',(#3135));
#3135 = ORIENTED_EDGE('',*,*,#3136,.T.);
#3136 = EDGE_CURVE('',#3137,#3137,#3139,.T.);
#3137 = VERTEX_POINT('',#3138);
#3138 = CARTESIAN_POINT('',(55.31232,-66.212362,0.));
#3139 = CIRCLE('',#3140,0.4953);
#3140 = AXIS2_PLACEMENT_3D('',#3141,#3142,#3143);
#3141 = CARTESIAN_POINT('',(55.31232,-65.717062,0.));
#3142 = DIRECTION('',(-0.,0.,-1.));
#3143 = DIRECTION('',(-0.,-1.,0.));
#3144 = FACE_BOUND('',#3145,.F.);
#3145 = EDGE_LOOP('',(#3146));
#3146 = ORIENTED_EDGE('',*,*,#3147,.T.);
#3147 = EDGE_CURVE('',#3148,#3148,#3150,.T.);
#3148 = VERTEX_POINT('',#3149);
#3149 = CARTESIAN_POINT('',(48.747965,-61.643552,0.));
#3150 = CIRCLE('',#3151,0.95);
#3151 = AXIS2_PLACEMENT_3D('',#3152,#3153,#3154);
#3152 = CARTESIAN_POINT('',(48.747965,-60.693552,0.));
#3153 = DIRECTION('',(-0.,0.,-1.));
#3154 = DIRECTION('',(-0.,-1.,0.));
#3155 = FACE_BOUND('',#3156,.F.);
#3156 = EDGE_LOOP('',(#3157));
#3157 = ORIENTED_EDGE('',*,*,#3158,.T.);
#3158 = EDGE_CURVE('',#3159,#3159,#3161,.T.);
#3159 = VERTEX_POINT('',#3160);
#3160 = CARTESIAN_POINT('',(60.040384,-62.518394,0.));
#3161 = CIRCLE('',#3162,0.4953);
#3162 = AXIS2_PLACEMENT_3D('',#3163,#3164,#3165);
#3163 = CARTESIAN_POINT('',(60.040384,-62.023094,0.));
#3164 = DIRECTION('',(-0.,0.,-1.));
#3165 = DIRECTION('',(-0.,-1.,0.));
#3166 = FACE_BOUND('',#3167,.F.);
#3167 = EDGE_LOOP('',(#3168));
#3168 = ORIENTED_EDGE('',*,*,#3169,.T.);
#3169 = EDGE_CURVE('',#3170,#3170,#3172,.T.);
#3170 = VERTEX_POINT('',#3171);
#3171 = CARTESIAN_POINT('',(48.184959,-59.410115,0.));
#3172 = CIRCLE('',#3173,1.5);
#3173 = AXIS2_PLACEMENT_3D('',#3174,#3175,#3176);
#3174 = CARTESIAN_POINT('',(48.184959,-57.910115,0.));
#3175 = DIRECTION('',(-0.,0.,-1.));
#3176 = DIRECTION('',(-0.,-1.,0.));
#3177 = FACE_BOUND('',#3178,.F.);
#3178 = EDGE_LOOP('',(#3179));
#3179 = ORIENTED_EDGE('',*,*,#3180,.T.);
#3180 = EDGE_CURVE('',#3181,#3181,#3183,.T.);
#3181 = VERTEX_POINT('',#3182);
#3182 = CARTESIAN_POINT('',(52.75106,-59.615992,0.));
#3183 = CIRCLE('',#3184,2.05);
#3184 = AXIS2_PLACEMENT_3D('',#3185,#3186,#3187);
#3185 = CARTESIAN_POINT('',(52.75106,-57.565992,0.));
#3186 = DIRECTION('',(-0.,0.,-1.));
#3187 = DIRECTION('',(3.466062125659E-15,-1.,-0.));
#3188 = FACE_BOUND('',#3189,.F.);
#3189 = EDGE_LOOP('',(#3190));
#3190 = ORIENTED_EDGE('',*,*,#3191,.T.);
#3191 = EDGE_CURVE('',#3192,#3192,#3194,.T.);
#3192 = VERTEX_POINT('',#3193);
#3193 = CARTESIAN_POINT('',(56.754155,-55.388432,0.));
#3194 = CIRCLE('',#3195,0.95);
#3195 = AXIS2_PLACEMENT_3D('',#3196,#3197,#3198);
#3196 = CARTESIAN_POINT('',(56.754155,-54.438432,0.));
#3197 = DIRECTION('',(-0.,0.,-1.));
#3198 = DIRECTION('',(-0.,-1.,0.));
#3199 = FACE_BOUND('',#3200,.F.);
#3200 = EDGE_LOOP('',(#3201));
#3201 = ORIENTED_EDGE('',*,*,#3202,.T.);
#3202 = EDGE_CURVE('',#3203,#3203,#3205,.T.);
#3203 = VERTEX_POINT('',#3204);
#3204 = CARTESIAN_POINT('',(51.625047,-53.499117,0.));
#3205 = CIRCLE('',#3206,1.5);
#3206 = AXIS2_PLACEMENT_3D('',#3207,#3208,#3209);
#3207 = CARTESIAN_POINT('',(51.625047,-51.999117,0.));
#3208 = DIRECTION('',(-0.,0.,-1.));
#3209 = DIRECTION('',(-0.,-1.,0.));
#3210 = FACE_BOUND('',#3211,.F.);
#3211 = EDGE_LOOP('',(#3212));
#3212 = ORIENTED_EDGE('',*,*,#3213,.T.);
#3213 = EDGE_CURVE('',#3214,#3214,#3216,.T.);
#3214 = VERTEX_POINT('',#3215);
#3215 = CARTESIAN_POINT('',(2.52,-38.121,0.));
#3216 = CIRCLE('',#3217,0.381);
#3217 = AXIS2_PLACEMENT_3D('',#3218,#3219,#3220);
#3218 = CARTESIAN_POINT('',(2.52,-37.74,0.));
#3219 = DIRECTION('',(-0.,0.,-1.));
#3220 = DIRECTION('',(1.165588477297E-15,-1.,-0.));
#3221 = FACE_BOUND('',#3222,.F.);
#3222 = EDGE_LOOP('',(#3223));
#3223 = ORIENTED_EDGE('',*,*,#3224,.T.);
#3224 = EDGE_CURVE('',#3225,#3225,#3227,.T.);
#3225 = VERTEX_POINT('',#3226);
#3226 = CARTESIAN_POINT('',(5.06,-38.121,0.));
#3227 = CIRCLE('',#3228,0.381);
#3228 = AXIS2_PLACEMENT_3D('',#3229,#3230,#3231);
#3229 = CARTESIAN_POINT('',(5.06,-37.74,0.));
#3230 = DIRECTION('',(-0.,0.,-1.));
#3231 = DIRECTION('',(-2.331176954594E-15,-1.,0.));
#3232 = FACE_BOUND('',#3233,.F.);
#3233 = EDGE_LOOP('',(#3234));
#3234 = ORIENTED_EDGE('',*,*,#3235,.T.);
#3235 = EDGE_CURVE('',#3236,#3236,#3238,.T.);
#3236 = VERTEX_POINT('',#3237);
#3237 = CARTESIAN_POINT('',(7.6,-38.121,0.));
#3238 = CIRCLE('',#3239,0.381);
#3239 = AXIS2_PLACEMENT_3D('',#3240,#3241,#3242);
#3240 = CARTESIAN_POINT('',(7.6,-37.74,0.));
#3241 = DIRECTION('',(-0.,0.,-1.));
#3242 = DIRECTION('',(-0.,-1.,0.));
#3243 = FACE_BOUND('',#3244,.F.);
#3244 = EDGE_LOOP('',(#3245));
#3245 = ORIENTED_EDGE('',*,*,#3246,.T.);
#3246 = EDGE_CURVE('',#3247,#3247,#3249,.T.);
#3247 = VERTEX_POINT('',#3248);
#3248 = CARTESIAN_POINT('',(7.6,-35.581,0.));
#3249 = CIRCLE('',#3250,0.381);
#3250 = AXIS2_PLACEMENT_3D('',#3251,#3252,#3253);
#3251 = CARTESIAN_POINT('',(7.6,-35.2,0.));
#3252 = DIRECTION('',(-0.,0.,-1.));
#3253 = DIRECTION('',(-0.,-1.,0.));
#3254 = FACE_BOUND('',#3255,.F.);
#3255 = EDGE_LOOP('',(#3256));
#3256 = ORIENTED_EDGE('',*,*,#3257,.T.);
#3257 = EDGE_CURVE('',#3258,#3258,#3260,.T.);
#3258 = VERTEX_POINT('',#3259);
#3259 = CARTESIAN_POINT('',(7.6,-33.041,0.));
#3260 = CIRCLE('',#3261,0.381);
#3261 = AXIS2_PLACEMENT_3D('',#3262,#3263,#3264);
#3262 = CARTESIAN_POINT('',(7.6,-32.66,0.));
#3263 = DIRECTION('',(-0.,0.,-1.));
#3264 = DIRECTION('',(-0.,-1.,0.));
#3265 = FACE_BOUND('',#3266,.F.);
#3266 = EDGE_LOOP('',(#3267));
#3267 = ORIENTED_EDGE('',*,*,#3268,.T.);
#3268 = EDGE_CURVE('',#3269,#3269,#3271,.T.);
#3269 = VERTEX_POINT('',#3270);
#3270 = CARTESIAN_POINT('',(7.6,-30.501,0.));
#3271 = CIRCLE('',#3272,0.381);
#3272 = AXIS2_PLACEMENT_3D('',#3273,#3274,#3275);
#3273 = CARTESIAN_POINT('',(7.6,-30.12,0.));
#3274 = DIRECTION('',(-0.,0.,-1.));
#3275 = DIRECTION('',(-0.,-1.,0.));
#3276 = FACE_BOUND('',#3277,.F.);
#3277 = EDGE_LOOP('',(#3278));
#3278 = ORIENTED_EDGE('',*,*,#3279,.T.);
#3279 = EDGE_CURVE('',#3280,#3280,#3282,.T.);
#3280 = VERTEX_POINT('',#3281);
#3281 = CARTESIAN_POINT('',(49.136778,-36.453939,0.));
#3282 = CIRCLE('',#3283,0.4953);
#3283 = AXIS2_PLACEMENT_3D('',#3284,#3285,#3286);
#3284 = CARTESIAN_POINT('',(49.136778,-35.958639,0.));
#3285 = DIRECTION('',(-0.,0.,-1.));
#3286 = DIRECTION('',(-0.,-1.,0.));
#3287 = FACE_BOUND('',#3288,.F.);
#3288 = EDGE_LOOP('',(#3289));
#3289 = ORIENTED_EDGE('',*,*,#3290,.T.);
#3290 = EDGE_CURVE('',#3291,#3291,#3293,.T.);
#3291 = VERTEX_POINT('',#3292);
#3292 = CARTESIAN_POINT('',(55.026542,-35.309087,0.));
#3293 = CIRCLE('',#3294,0.4953);
#3294 = AXIS2_PLACEMENT_3D('',#3295,#3296,#3297);
#3295 = CARTESIAN_POINT('',(55.026542,-34.813787,0.));
#3296 = DIRECTION('',(-0.,0.,-1.));
#3297 = DIRECTION('',(-0.,-1.,0.));
#3298 = FACE_BOUND('',#3299,.F.);
#3299 = EDGE_LOOP('',(#3300));
#3300 = ORIENTED_EDGE('',*,*,#3301,.T.);
#3301 = EDGE_CURVE('',#3302,#3302,#3304,.T.);
#3302 = VERTEX_POINT('',#3303);
#3303 = CARTESIAN_POINT('',(45.568522,-29.452507,0.));
#3304 = CIRCLE('',#3305,0.95);
#3305 = AXIS2_PLACEMENT_3D('',#3306,#3307,#3308);
#3306 = CARTESIAN_POINT('',(45.568522,-28.502507,0.));
#3307 = DIRECTION('',(-0.,0.,-1.));
#3308 = DIRECTION('',(-0.,-1.,0.));
#3309 = FACE_BOUND('',#3310,.F.);
#3310 = EDGE_LOOP('',(#3311));
#3311 = ORIENTED_EDGE('',*,*,#3312,.T.);
#3312 = EDGE_CURVE('',#3313,#3313,#3315,.T.);
#3313 = VERTEX_POINT('',#3314);
#3314 = CARTESIAN_POINT('',(7.6,-27.961,0.));
#3315 = CIRCLE('',#3316,0.381);
#3316 = AXIS2_PLACEMENT_3D('',#3317,#3318,#3319);
#3317 = CARTESIAN_POINT('',(7.6,-27.58,0.));
#3318 = DIRECTION('',(-0.,0.,-1.));
#3319 = DIRECTION('',(-0.,-1.,0.));
#3320 = FACE_BOUND('',#3321,.F.);
#3321 = EDGE_LOOP('',(#3322));
#3322 = ORIENTED_EDGE('',*,*,#3323,.T.);
#3323 = EDGE_CURVE('',#3324,#3324,#3326,.T.);
#3324 = VERTEX_POINT('',#3325);
#3325 = CARTESIAN_POINT('',(7.6,-25.421,0.));
#3326 = CIRCLE('',#3327,0.381);
#3327 = AXIS2_PLACEMENT_3D('',#3328,#3329,#3330);
#3328 = CARTESIAN_POINT('',(7.6,-25.04,0.));
#3329 = DIRECTION('',(-0.,0.,-1.));
#3330 = DIRECTION('',(-0.,-1.,0.));
#3331 = FACE_BOUND('',#3332,.F.);
#3332 = EDGE_LOOP('',(#3333));
#3333 = ORIENTED_EDGE('',*,*,#3334,.T.);
#3334 = EDGE_CURVE('',#3335,#3335,#3337,.T.);
#3335 = VERTEX_POINT('',#3336);
#3336 = CARTESIAN_POINT('',(7.6,-22.881,0.));
#3337 = CIRCLE('',#3338,0.381);
#3338 = AXIS2_PLACEMENT_3D('',#3339,#3340,#3341);
#3339 = CARTESIAN_POINT('',(7.6,-22.5,0.));
#3340 = DIRECTION('',(-0.,0.,-1.));
#3341 = DIRECTION('',(-0.,-1.,0.));
#3342 = FACE_BOUND('',#3343,.F.);
#3343 = EDGE_LOOP('',(#3344));
#3344 = ORIENTED_EDGE('',*,*,#3345,.T.);
#3345 = EDGE_CURVE('',#3346,#3346,#3348,.T.);
#3346 = VERTEX_POINT('',#3347);
#3347 = CARTESIAN_POINT('',(7.6,-20.341,0.));
#3348 = CIRCLE('',#3349,0.381);
#3349 = AXIS2_PLACEMENT_3D('',#3350,#3351,#3352);
#3350 = CARTESIAN_POINT('',(7.6,-19.96,0.));
#3351 = DIRECTION('',(-0.,0.,-1.));
#3352 = DIRECTION('',(-0.,-1.,0.));
#3353 = FACE_BOUND('',#3354,.F.);
#3354 = EDGE_LOOP('',(#3355));
#3355 = ORIENTED_EDGE('',*,*,#3356,.T.);
#3356 = EDGE_CURVE('',#3357,#3357,#3359,.T.);
#3357 = VERTEX_POINT('',#3358);
#3358 = CARTESIAN_POINT('',(7.6,-17.801,0.));
#3359 = CIRCLE('',#3360,0.381);
#3360 = AXIS2_PLACEMENT_3D('',#3361,#3362,#3363);
#3361 = CARTESIAN_POINT('',(7.6,-17.42,0.));
#3362 = DIRECTION('',(-0.,0.,-1.));
#3363 = DIRECTION('',(-0.,-1.,0.));
#3364 = FACE_BOUND('',#3365,.F.);
#3365 = EDGE_LOOP('',(#3366));
#3366 = ORIENTED_EDGE('',*,*,#3367,.T.);
#3367 = EDGE_CURVE('',#3368,#3368,#3370,.T.);
#3368 = VERTEX_POINT('',#3369);
#3369 = CARTESIAN_POINT('',(46.330534,-27.266846,0.));
#3370 = CIRCLE('',#3371,1.5);
#3371 = AXIS2_PLACEMENT_3D('',#3372,#3373,#3374);
#3372 = CARTESIAN_POINT('',(46.330534,-25.766846,0.));
#3373 = DIRECTION('',(-0.,0.,-1.));
#3374 = DIRECTION('',(-0.,-1.,0.));
#3375 = FACE_BOUND('',#3376,.F.);
#3376 = EDGE_LOOP('',(#3377));
#3377 = ORIENTED_EDGE('',*,*,#3378,.T.);
#3378 = EDGE_CURVE('',#3379,#3379,#3381,.T.);
#3379 = VERTEX_POINT('',#3380);
#3380 = CARTESIAN_POINT('',(50.555188,-29.583197,0.));
#3381 = CIRCLE('',#3382,2.05);
#3382 = AXIS2_PLACEMENT_3D('',#3383,#3384,#3385);
#3383 = CARTESIAN_POINT('',(50.555188,-27.533197,0.));
#3384 = DIRECTION('',(-0.,0.,-1.));
#3385 = DIRECTION('',(-0.,-1.,0.));
#3386 = FACE_BOUND('',#3387,.F.);
#3387 = EDGE_LOOP('',(#3388));
#3388 = ORIENTED_EDGE('',*,*,#3389,.T.);
#3389 = EDGE_CURVE('',#3390,#3390,#3392,.T.);
#3390 = VERTEX_POINT('',#3391);
#3391 = CARTESIAN_POINT('',(55.541854,-27.513887,0.));
#3392 = CIRCLE('',#3393,0.95);
#3393 = AXIS2_PLACEMENT_3D('',#3394,#3395,#3396);
#3394 = CARTESIAN_POINT('',(55.541854,-26.563887,0.));
#3395 = DIRECTION('',(-0.,0.,-1.));
#3396 = DIRECTION('',(-0.,-1.,0.));
#3397 = FACE_BOUND('',#3398,.F.);
#3398 = EDGE_LOOP('',(#3399));
#3399 = ORIENTED_EDGE('',*,*,#3400,.T.);
#3400 = EDGE_CURVE('',#3401,#3401,#3403,.T.);
#3401 = VERTEX_POINT('',#3402);
#3402 = CARTESIAN_POINT('',(45.501867,-17.753941,0.));
#3403 = CIRCLE('',#3404,0.4953);
#3404 = AXIS2_PLACEMENT_3D('',#3405,#3406,#3407);
#3405 = CARTESIAN_POINT('',(45.501867,-17.258641,0.));
#3406 = DIRECTION('',(-0.,0.,-1.));
#3407 = DIRECTION('',(-0.,-1.,0.));
#3408 = FACE_BOUND('',#3409,.F.);
#3409 = EDGE_LOOP('',(#3410));
#3410 = ORIENTED_EDGE('',*,*,#3411,.T.);
#3411 = EDGE_CURVE('',#3412,#3412,#3414,.T.);
#3412 = VERTEX_POINT('',#3413);
#3413 = CARTESIAN_POINT('',(52.079211,-23.561876,0.));
#3414 = CIRCLE('',#3415,1.5);
#3415 = AXIS2_PLACEMENT_3D('',#3416,#3417,#3418);
#3416 = CARTESIAN_POINT('',(52.079211,-22.061876,0.));
#3417 = DIRECTION('',(-0.,0.,-1.));
#3418 = DIRECTION('',(-0.,-1.,0.));
#3419 = FACE_BOUND('',#3420,.F.);
#3420 = EDGE_LOOP('',(#3421));
#3421 = ORIENTED_EDGE('',*,*,#3422,.T.);
#3422 = EDGE_CURVE('',#3423,#3423,#3425,.T.);
#3423 = VERTEX_POINT('',#3424);
#3424 = CARTESIAN_POINT('',(63.63885,-22.578226,0.));
#3425 = CIRCLE('',#3426,0.95);
#3426 = AXIS2_PLACEMENT_3D('',#3427,#3428,#3429);
#3427 = CARTESIAN_POINT('',(63.63885,-21.628226,0.));
#3428 = DIRECTION('',(-0.,0.,-1.));
#3429 = DIRECTION('',(-0.,-1.,0.));
#3430 = FACE_BOUND('',#3431,.F.);
#3431 = EDGE_LOOP('',(#3432));
#3432 = ORIENTED_EDGE('',*,*,#3433,.T.);
#3433 = EDGE_CURVE('',#3434,#3434,#3436,.T.);
#3434 = VERTEX_POINT('',#3435);
#3435 = CARTESIAN_POINT('',(51.391631,-16.609089,0.));
#3436 = CIRCLE('',#3437,0.4953);
#3437 = AXIS2_PLACEMENT_3D('',#3438,#3439,#3440);
#3438 = CARTESIAN_POINT('',(51.391631,-16.113789,0.));
#3439 = DIRECTION('',(-0.,0.,-1.));
#3440 = DIRECTION('',(-1.434570433596E-14,-1.,0.));
#3441 = FACE_BOUND('',#3442,.F.);
#3442 = EDGE_LOOP('',(#3443));
#3443 = ORIENTED_EDGE('',*,*,#3444,.T.);
#3444 = EDGE_CURVE('',#3445,#3445,#3447,.T.);
#3445 = VERTEX_POINT('',#3446);
#3446 = CARTESIAN_POINT('',(64.400862,-20.392565,0.));
#3447 = CIRCLE('',#3448,1.5);
#3448 = AXIS2_PLACEMENT_3D('',#3449,#3450,#3451);
#3449 = CARTESIAN_POINT('',(64.400862,-18.892565,0.));
#3450 = DIRECTION('',(-0.,0.,-1.));
#3451 = DIRECTION('',(-0.,-1.,0.));
#3452 = FACE_BOUND('',#3453,.F.);
#3453 = EDGE_LOOP('',(#3454));
#3454 = ORIENTED_EDGE('',*,*,#3455,.T.);
#3455 = EDGE_CURVE('',#3456,#3456,#3458,.T.);
#3456 = VERTEX_POINT('',#3457);
#3457 = CARTESIAN_POINT('',(67.207106,-29.579658,0.));
#3458 = CIRCLE('',#3459,0.4953);
#3459 = AXIS2_PLACEMENT_3D('',#3460,#3461,#3462);
#3460 = CARTESIAN_POINT('',(67.207106,-29.084358,0.));
#3461 = DIRECTION('',(-0.,0.,-1.));
#3462 = DIRECTION('',(-0.,-1.,0.));
#3463 = FACE_BOUND('',#3464,.F.);
#3464 = EDGE_LOOP('',(#3465));
#3465 = ORIENTED_EDGE('',*,*,#3466,.T.);
#3466 = EDGE_CURVE('',#3467,#3467,#3469,.T.);
#3467 = VERTEX_POINT('',#3468);
#3468 = CARTESIAN_POINT('',(73.09687,-28.434806,0.));
#3469 = CIRCLE('',#3470,0.4953);
#3470 = AXIS2_PLACEMENT_3D('',#3471,#3472,#3473);
#3471 = CARTESIAN_POINT('',(73.09687,-27.939506,0.));
#3472 = DIRECTION('',(-0.,0.,-1.));
#3473 = DIRECTION('',(-0.,-1.,0.));
#3474 = FACE_BOUND('',#3475,.F.);
#3475 = EDGE_LOOP('',(#3476));
#3476 = ORIENTED_EDGE('',*,*,#3477,.T.);
#3477 = EDGE_CURVE('',#3478,#3478,#3480,.T.);
#3478 = VERTEX_POINT('',#3479);
#3479 = CARTESIAN_POINT('',(68.625516,-22.708916,0.));
#3480 = CIRCLE('',#3481,2.05);
#3481 = AXIS2_PLACEMENT_3D('',#3482,#3483,#3484);
#3482 = CARTESIAN_POINT('',(68.625516,-20.658916,0.));
#3483 = DIRECTION('',(-0.,0.,-1.));
#3484 = DIRECTION('',(-0.,-1.,0.));
#3485 = FACE_BOUND('',#3486,.F.);
#3486 = EDGE_LOOP('',(#3487));
#3487 = ORIENTED_EDGE('',*,*,#3488,.T.);
#3488 = EDGE_CURVE('',#3489,#3489,#3491,.T.);
#3489 = VERTEX_POINT('',#3490);
#3490 = CARTESIAN_POINT('',(73.612182,-20.639606,0.));
#3491 = CIRCLE('',#3492,0.95);
#3492 = AXIS2_PLACEMENT_3D('',#3493,#3494,#3495);
#3493 = CARTESIAN_POINT('',(73.612182,-19.689606,0.));
#3494 = DIRECTION('',(-0.,0.,-1.));
#3495 = DIRECTION('',(-0.,-1.,0.));
#3496 = FACE_BOUND('',#3497,.F.);
#3497 = EDGE_LOOP('',(#3498));
#3498 = ORIENTED_EDGE('',*,*,#3499,.T.);
#3499 = EDGE_CURVE('',#3500,#3500,#3502,.T.);
#3500 = VERTEX_POINT('',#3501);
#3501 = CARTESIAN_POINT('',(84.514198,-18.778868,0.));
#3502 = CIRCLE('',#3503,0.4953);
#3503 = AXIS2_PLACEMENT_3D('',#3504,#3505,#3506);
#3504 = CARTESIAN_POINT('',(84.514198,-18.283568,0.));
#3505 = DIRECTION('',(-0.,0.,-1.));
#3506 = DIRECTION('',(-0.,-1.,0.));
#3507 = FACE_BOUND('',#3508,.F.);
#3508 = EDGE_LOOP('',(#3509));
#3509 = ORIENTED_EDGE('',*,*,#3510,.T.);
#3510 = EDGE_CURVE('',#3511,#3511,#3513,.T.);
#3511 = VERTEX_POINT('',#3512);
#3512 = CARTESIAN_POINT('',(90.403962,-17.634016,0.));
#3513 = CIRCLE('',#3514,0.4953);
#3514 = AXIS2_PLACEMENT_3D('',#3515,#3516,#3517);
#3515 = CARTESIAN_POINT('',(90.403962,-17.138716,0.));
#3516 = DIRECTION('',(-0.,0.,-1.));
#3517 = DIRECTION('',(-0.,-1.,0.));
#3518 = FACE_BOUND('',#3519,.F.);
#3519 = EDGE_LOOP('',(#3520));
#3520 = ORIENTED_EDGE('',*,*,#3521,.T.);
#3521 = EDGE_CURVE('',#3522,#3522,#3524,.T.);
#3522 = VERTEX_POINT('',#3523);
#3523 = CARTESIAN_POINT('',(104.416293,-21.328208,0.));
#3524 = CIRCLE('',#3525,0.4953);
#3525 = AXIS2_PLACEMENT_3D('',#3526,#3527,#3528);
#3526 = CARTESIAN_POINT('',(104.416293,-20.832908,0.));
#3527 = DIRECTION('',(-0.,0.,-1.));
#3528 = DIRECTION('',(-0.,-1.,0.));
#3529 = FACE_BOUND('',#3530,.F.);
#3530 = EDGE_LOOP('',(#3531));
#3531 = ORIENTED_EDGE('',*,*,#3532,.T.);
#3532 = EDGE_CURVE('',#3533,#3533,#3535,.T.);
#3533 = VERTEX_POINT('',#3534);
#3534 = CARTESIAN_POINT('',(110.306057,-20.183356,0.));
#3535 = CIRCLE('',#3536,0.4953);
#3536 = AXIS2_PLACEMENT_3D('',#3537,#3538,#3539);
#3537 = CARTESIAN_POINT('',(110.306057,-19.688056,0.));
#3538 = DIRECTION('',(-0.,0.,-1.));
#3539 = DIRECTION('',(-0.,-1.,0.));
#3540 = FACE_BOUND('',#3541,.F.);
#3541 = EDGE_LOOP('',(#3542));
#3542 = ORIENTED_EDGE('',*,*,#3543,.T.);
#3543 = EDGE_CURVE('',#3544,#3544,#3546,.T.);
#3544 = VERTEX_POINT('',#3545);
#3545 = CARTESIAN_POINT('',(-127.756256,-10.118787,0.));
#3546 = CIRCLE('',#3547,0.4953);
#3547 = AXIS2_PLACEMENT_3D('',#3548,#3549,#3550);
#3548 = CARTESIAN_POINT('',(-127.756256,-9.623487,0.));
#3549 = DIRECTION('',(-0.,0.,-1.));
#3550 = DIRECTION('',(-0.,-1.,0.));
#3551 = FACE_BOUND('',#3552,.F.);
#3552 = EDGE_LOOP('',(#3553));
#3553 = ORIENTED_EDGE('',*,*,#3554,.T.);
#3554 = EDGE_CURVE('',#3555,#3555,#3557,.T.);
#3555 = VERTEX_POINT('',#3556);
#3556 = CARTESIAN_POINT('',(-121.866492,-11.263639,0.));
#3557 = CIRCLE('',#3558,0.4953);
#3558 = AXIS2_PLACEMENT_3D('',#3559,#3560,#3561);
#3559 = CARTESIAN_POINT('',(-121.866492,-10.768339,0.));
#3560 = DIRECTION('',(-0.,0.,-1.));
#3561 = DIRECTION('',(-0.,-1.,0.));
#3562 = FACE_BOUND('',#3563,.F.);
#3563 = EDGE_LOOP('',(#3564));
#3564 = ORIENTED_EDGE('',*,*,#3565,.T.);
#3565 = EDGE_CURVE('',#3566,#3566,#3568,.T.);
#3566 = VERTEX_POINT('',#3567);
#3567 = CARTESIAN_POINT('',(-100.848037,-14.326776,0.));
#3568 = CIRCLE('',#3569,0.95);
#3569 = AXIS2_PLACEMENT_3D('',#3570,#3571,#3572);
#3570 = CARTESIAN_POINT('',(-100.848037,-13.376776,0.));
#3571 = DIRECTION('',(-0.,0.,-1.));
#3572 = DIRECTION('',(-0.,-1.,0.));
#3573 = FACE_BOUND('',#3574,.F.);
#3574 = EDGE_LOOP('',(#3575));
#3575 = ORIENTED_EDGE('',*,*,#3576,.T.);
#3576 = EDGE_CURVE('',#3577,#3577,#3579,.T.);
#3577 = VERTEX_POINT('',#3578);
#3578 = CARTESIAN_POINT('',(-110.821369,-12.388156,0.));
#3579 = CIRCLE('',#3580,0.95);
#3580 = AXIS2_PLACEMENT_3D('',#3581,#3582,#3583);
#3581 = CARTESIAN_POINT('',(-110.821369,-11.438156,0.));
#3582 = DIRECTION('',(-0.,0.,-1.));
#3583 = DIRECTION('',(-0.,-1.,0.));
#3584 = FACE_BOUND('',#3585,.F.);
#3585 = EDGE_LOOP('',(#3586));
#3586 = ORIENTED_EDGE('',*,*,#3587,.T.);
#3587 = EDGE_CURVE('',#3588,#3588,#3590,.T.);
#3588 = VERTEX_POINT('',#3589);
#3589 = CARTESIAN_POINT('',(-105.834703,-14.457466,0.));
#3590 = CIRCLE('',#3591,2.05);
#3591 = AXIS2_PLACEMENT_3D('',#3592,#3593,#3594);
#3592 = CARTESIAN_POINT('',(-105.834703,-12.407466,0.));
#3593 = DIRECTION('',(-0.,0.,-1.));
#3594 = DIRECTION('',(-6.932124251318E-15,-1.,0.));
#3595 = FACE_BOUND('',#3596,.F.);
#3596 = EDGE_LOOP('',(#3597));
#3597 = ORIENTED_EDGE('',*,*,#3598,.T.);
#3598 = EDGE_CURVE('',#3599,#3599,#3601,.T.);
#3599 = VERTEX_POINT('',#3600);
#3600 = CARTESIAN_POINT('',(-118.298236,-4.262207,0.));
#3601 = CIRCLE('',#3602,0.95);
#3602 = AXIS2_PLACEMENT_3D('',#3603,#3604,#3605);
#3603 = CARTESIAN_POINT('',(-118.298236,-3.312207,0.));
#3604 = DIRECTION('',(-0.,0.,-1.));
#3605 = DIRECTION('',(-0.,-1.,0.));
#3606 = FACE_BOUND('',#3607,.F.);
#3607 = EDGE_LOOP('',(#3608));
#3608 = ORIENTED_EDGE('',*,*,#3609,.T.);
#3609 = EDGE_CURVE('',#3610,#3610,#3612,.T.);
#3610 = VERTEX_POINT('',#3611);
#3611 = CARTESIAN_POINT('',(-109.090048,-10.687151,0.));
#3612 = CIRCLE('',#3613,1.5);
#3613 = AXIS2_PLACEMENT_3D('',#3614,#3615,#3616);
#3614 = CARTESIAN_POINT('',(-109.090048,-9.187151,0.));
#3615 = DIRECTION('',(-0.,0.,-1.));
#3616 = DIRECTION('',(-0.,-1.,0.));
#3617 = FACE_BOUND('',#3618,.F.);
#3618 = EDGE_LOOP('',(#3619));
#3619 = ORIENTED_EDGE('',*,*,#3620,.T.);
#3620 = EDGE_CURVE('',#3621,#3621,#3623,.T.);
#3621 = VERTEX_POINT('',#3622);
#3622 = CARTESIAN_POINT('',(-102.37206,-9.405455,0.));
#3623 = CIRCLE('',#3624,1.5);
#3624 = AXIS2_PLACEMENT_3D('',#3625,#3626,#3627);
#3625 = CARTESIAN_POINT('',(-102.37206,-7.905455,0.));
#3626 = DIRECTION('',(-0.,0.,-1.));
#3627 = DIRECTION('',(-0.,-1.,0.));
#3628 = FACE_BOUND('',#3629,.F.);
#3629 = EDGE_LOOP('',(#3630));
#3630 = ORIENTED_EDGE('',*,*,#3631,.T.);
#3631 = EDGE_CURVE('',#3632,#3632,#3634,.T.);
#3632 = VERTEX_POINT('',#3633);
#3633 = CARTESIAN_POINT('',(-85.932608,-11.908126,0.));
#3634 = CIRCLE('',#3635,2.05);
#3635 = AXIS2_PLACEMENT_3D('',#3636,#3637,#3638);
#3636 = CARTESIAN_POINT('',(-85.932608,-9.858126,0.));
#3637 = DIRECTION('',(-0.,0.,-1.));
#3638 = DIRECTION('',(-0.,-1.,0.));
#3639 = FACE_BOUND('',#3640,.F.);
#3640 = EDGE_LOOP('',(#3641));
#3641 = ORIENTED_EDGE('',*,*,#3642,.T.);
#3642 = EDGE_CURVE('',#3643,#3643,#3645,.T.);
#3643 = VERTEX_POINT('',#3644);
#3644 = CARTESIAN_POINT('',(-80.945942,-11.777436,0.));
#3645 = CIRCLE('',#3646,0.95);
#3646 = AXIS2_PLACEMENT_3D('',#3647,#3648,#3649);
#3647 = CARTESIAN_POINT('',(-80.945942,-10.827436,0.));
#3648 = DIRECTION('',(-0.,0.,-1.));
#3649 = DIRECTION('',(-0.,-1.,0.));
#3650 = FACE_BOUND('',#3651,.F.);
#3651 = EDGE_LOOP('',(#3652));
#3652 = ORIENTED_EDGE('',*,*,#3653,.T.);
#3653 = EDGE_CURVE('',#3654,#3654,#3656,.T.);
#3654 = VERTEX_POINT('',#3655);
#3655 = CARTESIAN_POINT('',(-90.919274,-9.838816,0.));
#3656 = CIRCLE('',#3657,0.95);
#3657 = AXIS2_PLACEMENT_3D('',#3658,#3659,#3660);
#3658 = CARTESIAN_POINT('',(-90.919274,-8.888816,0.));
#3659 = DIRECTION('',(-0.,0.,-1.));
#3660 = DIRECTION('',(-0.,-1.,0.));
#3661 = FACE_BOUND('',#3662,.F.);
#3662 = EDGE_LOOP('',(#3663));
#3663 = ORIENTED_EDGE('',*,*,#3664,.T.);
#3664 = EDGE_CURVE('',#3665,#3665,#3667,.T.);
#3665 = VERTEX_POINT('',#3666);
#3666 = CARTESIAN_POINT('',(-89.187953,-8.137811,0.));
#3667 = CIRCLE('',#3668,1.5);
#3668 = AXIS2_PLACEMENT_3D('',#3669,#3670,#3671);
#3669 = CARTESIAN_POINT('',(-89.187953,-6.637811,0.));
#3670 = DIRECTION('',(-0.,0.,-1.));
#3671 = DIRECTION('',(-0.,-1.,0.));
#3672 = FACE_BOUND('',#3673,.F.);
#3673 = EDGE_LOOP('',(#3674));
#3674 = ORIENTED_EDGE('',*,*,#3675,.T.);
#3675 = EDGE_CURVE('',#3676,#3676,#3678,.T.);
#3676 = VERTEX_POINT('',#3677);
#3677 = CARTESIAN_POINT('',(-82.469965,-6.856115,0.));
#3678 = CIRCLE('',#3679,1.5);
#3679 = AXIS2_PLACEMENT_3D('',#3680,#3681,#3682);
#3680 = CARTESIAN_POINT('',(-82.469965,-5.356115,0.));
#3681 = DIRECTION('',(-0.,0.,-1.));
#3682 = DIRECTION('',(-0.,-1.,0.));
#3683 = FACE_BOUND('',#3684,.F.);
#3684 = EDGE_LOOP('',(#3685));
#3685 = ORIENTED_EDGE('',*,*,#3686,.T.);
#3686 = EDGE_CURVE('',#3687,#3687,#3689,.T.);
#3687 = VERTEX_POINT('',#3688);
#3688 = CARTESIAN_POINT('',(-69.461959,-9.734808,0.));
#3689 = CIRCLE('',#3690,0.4953);
#3690 = AXIS2_PLACEMENT_3D('',#3691,#3692,#3693);
#3691 = CARTESIAN_POINT('',(-69.461959,-9.239508,0.));
#3692 = DIRECTION('',(-0.,0.,-1.));
#3693 = DIRECTION('',(2.869140867192E-14,-1.,-0.));
#3694 = FACE_BOUND('',#3695,.F.);
#3695 = EDGE_LOOP('',(#3696));
#3696 = ORIENTED_EDGE('',*,*,#3697,.T.);
#3697 = EDGE_CURVE('',#3698,#3698,#3700,.T.);
#3698 = VERTEX_POINT('',#3699);
#3699 = CARTESIAN_POINT('',(-123.284902,-4.392897,0.));
#3700 = CIRCLE('',#3701,2.05);
#3701 = AXIS2_PLACEMENT_3D('',#3702,#3703,#3704);
#3702 = CARTESIAN_POINT('',(-123.284902,-2.342897,0.));
#3703 = DIRECTION('',(-0.,0.,-1.));
#3704 = DIRECTION('',(-0.,-1.,0.));
#3705 = FACE_BOUND('',#3706,.F.);
#3706 = EDGE_LOOP('',(#3707));
#3707 = ORIENTED_EDGE('',*,*,#3708,.T.);
#3708 = EDGE_CURVE('',#3709,#3709,#3711,.T.);
#3709 = VERTEX_POINT('',#3710);
#3710 = CARTESIAN_POINT('',(-128.271568,-2.323587,0.));
#3711 = CIRCLE('',#3712,0.95);
#3712 = AXIS2_PLACEMENT_3D('',#3713,#3714,#3715);
#3713 = CARTESIAN_POINT('',(-128.271568,-1.373587,0.));
#3714 = DIRECTION('',(-0.,0.,-1.));
#3715 = DIRECTION('',(-0.,-1.,0.));
#3716 = FACE_BOUND('',#3717,.F.);
#3717 = EDGE_LOOP('',(#3718));
#3718 = ORIENTED_EDGE('',*,*,#3719,.T.);
#3719 = EDGE_CURVE('',#3720,#3720,#3722,.T.);
#3720 = VERTEX_POINT('',#3721);
#3721 = CARTESIAN_POINT('',(-126.540247,-0.622582,0.));
#3722 = CIRCLE('',#3723,1.5);
#3723 = AXIS2_PLACEMENT_3D('',#3724,#3725,#3726);
#3724 = CARTESIAN_POINT('',(-126.540247,0.877418,0.));
#3725 = DIRECTION('',(-0.,0.,-1.));
#3726 = DIRECTION('',(-0.,-1.,0.));
#3727 = FACE_BOUND('',#3728,.F.);
#3728 = EDGE_LOOP('',(#3729));
#3729 = ORIENTED_EDGE('',*,*,#3730,.T.);
#3730 = EDGE_CURVE('',#3731,#3731,#3733,.T.);
#3731 = VERTEX_POINT('',#3732);
#3732 = CARTESIAN_POINT('',(-119.822259,0.659114,0.));
#3733 = CIRCLE('',#3734,1.5);
#3734 = AXIS2_PLACEMENT_3D('',#3735,#3736,#3737);
#3735 = CARTESIAN_POINT('',(-119.822259,2.159114,0.));
#3736 = DIRECTION('',(-0.,0.,-1.));
#3737 = DIRECTION('',(-0.,-1.,0.));
#3738 = FACE_BOUND('',#3739,.F.);
#3739 = EDGE_LOOP('',(#3740));
#3740 = ORIENTED_EDGE('',*,*,#3741,.T.);
#3741 = EDGE_CURVE('',#3742,#3742,#3744,.T.);
#3742 = VERTEX_POINT('',#3743);
#3743 = CARTESIAN_POINT('',(-106.671145,-1.483358,0.));
#3744 = CIRCLE('',#3745,0.4953);
#3745 = AXIS2_PLACEMENT_3D('',#3746,#3747,#3748);
#3746 = CARTESIAN_POINT('',(-106.671145,-0.988058,0.));
#3747 = DIRECTION('',(-0.,0.,-1.));
#3748 = DIRECTION('',(-0.,-1.,0.));
#3749 = FACE_BOUND('',#3750,.F.);
#3750 = EDGE_LOOP('',(#3751));
#3751 = ORIENTED_EDGE('',*,*,#3752,.T.);
#3752 = EDGE_CURVE('',#3753,#3753,#3755,.T.);
#3753 = VERTEX_POINT('',#3754);
#3754 = CARTESIAN_POINT('',(-100.781381,-2.62821,0.));
#3755 = CIRCLE('',#3756,0.4953);
#3756 = AXIS2_PLACEMENT_3D('',#3757,#3758,#3759);
#3757 = CARTESIAN_POINT('',(-100.781381,-2.13291,0.));
#3758 = DIRECTION('',(-0.,0.,-1.));
#3759 = DIRECTION('',(-0.,-1.,0.));
#3760 = FACE_BOUND('',#3761,.F.);
#3761 = EDGE_LOOP('',(#3762));
#3762 = ORIENTED_EDGE('',*,*,#3763,.T.);
#3763 = EDGE_CURVE('',#3764,#3764,#3766,.T.);
#3764 = VERTEX_POINT('',#3765);
#3765 = CARTESIAN_POINT('',(-124.121344,8.581211,0.));
#3766 = CIRCLE('',#3767,0.4953);
#3767 = AXIS2_PLACEMENT_3D('',#3768,#3769,#3770);
#3768 = CARTESIAN_POINT('',(-124.121344,9.076511,0.));
#3769 = DIRECTION('',(-0.,0.,-1.));
#3770 = DIRECTION('',(-0.,-1.,0.));
#3771 = FACE_BOUND('',#3772,.F.);
#3772 = EDGE_LOOP('',(#3773));
#3773 = ORIENTED_EDGE('',*,*,#3774,.T.);
#3774 = EDGE_CURVE('',#3775,#3775,#3777,.T.);
#3775 = VERTEX_POINT('',#3776);
#3776 = CARTESIAN_POINT('',(-118.23158,7.436359,0.));
#3777 = CIRCLE('',#3778,0.4953);
#3778 = AXIS2_PLACEMENT_3D('',#3779,#3780,#3781);
#3779 = CARTESIAN_POINT('',(-118.23158,7.931659,0.));
#3780 = DIRECTION('',(-0.,0.,-1.));
#3781 = DIRECTION('',(-0.,-1.,0.));
#3782 = FACE_BOUND('',#3783,.F.);
#3783 = EDGE_LOOP('',(#3784));
#3784 = ORIENTED_EDGE('',*,*,#3785,.T.);
#3785 = EDGE_CURVE('',#3786,#3786,#3788,.T.);
#3786 = VERTEX_POINT('',#3787);
#3787 = CARTESIAN_POINT('',(-97.213125,4.373222,0.));
#3788 = CIRCLE('',#3789,0.95);
#3789 = AXIS2_PLACEMENT_3D('',#3790,#3791,#3792);
#3790 = CARTESIAN_POINT('',(-97.213125,5.323222,0.));
#3791 = DIRECTION('',(-0.,0.,-1.));
#3792 = DIRECTION('',(-1.495879443705E-14,-1.,0.));
#3793 = FACE_BOUND('',#3794,.F.);
#3794 = EDGE_LOOP('',(#3795));
#3795 = ORIENTED_EDGE('',*,*,#3796,.T.);
#3796 = EDGE_CURVE('',#3797,#3797,#3799,.T.);
#3797 = VERTEX_POINT('',#3798);
#3798 = CARTESIAN_POINT('',(-107.186457,6.311842,0.));
#3799 = CIRCLE('',#3800,0.95);
#3800 = AXIS2_PLACEMENT_3D('',#3801,#3802,#3803);
#3801 = CARTESIAN_POINT('',(-107.186457,7.261842,0.));
#3802 = DIRECTION('',(-0.,0.,-1.));
#3803 = DIRECTION('',(-1.495879443705E-14,-1.,0.));
#3804 = FACE_BOUND('',#3805,.F.);
#3805 = EDGE_LOOP('',(#3806));
#3806 = ORIENTED_EDGE('',*,*,#3807,.T.);
#3807 = EDGE_CURVE('',#3808,#3808,#3810,.T.);
#3808 = VERTEX_POINT('',#3809);
#3809 = CARTESIAN_POINT('',(-102.199791,4.242532,0.));
#3810 = CIRCLE('',#3811,2.05);
#3811 = AXIS2_PLACEMENT_3D('',#3812,#3813,#3814);
#3812 = CARTESIAN_POINT('',(-102.199791,6.292532,0.));
#3813 = DIRECTION('',(-0.,0.,-1.));
#3814 = DIRECTION('',(-0.,-1.,0.));
#3815 = FACE_BOUND('',#3816,.F.);
#3816 = EDGE_LOOP('',(#3817));
#3817 = ORIENTED_EDGE('',*,*,#3818,.T.);
#3818 = EDGE_CURVE('',#3819,#3819,#3821,.T.);
#3819 = VERTEX_POINT('',#3820);
#3820 = CARTESIAN_POINT('',(-80.879287,-7.887E-02,0.));
#3821 = CIRCLE('',#3822,0.4953);
#3822 = AXIS2_PLACEMENT_3D('',#3823,#3824,#3825);
#3823 = CARTESIAN_POINT('',(-80.879287,0.41643,0.));
#3824 = DIRECTION('',(-0.,0.,-1.));
#3825 = DIRECTION('',(-0.,-1.,0.));
#3826 = FACE_BOUND('',#3827,.F.);
#3827 = EDGE_LOOP('',(#3828));
#3828 = ORIENTED_EDGE('',*,*,#3829,.T.);
#3829 = EDGE_CURVE('',#3830,#3830,#3832,.T.);
#3830 = VERTEX_POINT('',#3831);
#3831 = CARTESIAN_POINT('',(-86.769051,1.065982,0.));
#3832 = CIRCLE('',#3833,0.4953);
#3833 = AXIS2_PLACEMENT_3D('',#3834,#3835,#3836);
#3834 = CARTESIAN_POINT('',(-86.769051,1.561282,0.));
#3835 = DIRECTION('',(-0.,0.,-1.));
#3836 = DIRECTION('',(-0.,-1.,0.));
#3837 = FACE_BOUND('',#3838,.F.);
#3838 = EDGE_LOOP('',(#3839));
#3839 = ORIENTED_EDGE('',*,*,#3840,.T.);
#3840 = EDGE_CURVE('',#3841,#3841,#3843,.T.);
#3841 = VERTEX_POINT('',#3842);
#3842 = CARTESIAN_POINT('',(-64.990605,-4.008918,0.));
#3843 = CIRCLE('',#3844,2.05);
#3844 = AXIS2_PLACEMENT_3D('',#3845,#3846,#3847);
#3845 = CARTESIAN_POINT('',(-64.990605,-1.958918,0.));
#3846 = DIRECTION('',(-0.,0.,-1.));
#3847 = DIRECTION('',(-0.,-1.,0.));
#3848 = FACE_BOUND('',#3849,.F.);
#3849 = EDGE_LOOP('',(#3850));
#3850 = ORIENTED_EDGE('',*,*,#3851,.T.);
#3851 = EDGE_CURVE('',#3852,#3852,#3854,.T.);
#3852 = VERTEX_POINT('',#3853);
#3853 = CARTESIAN_POINT('',(-69.977271,-1.939608,0.));
#3854 = CIRCLE('',#3855,0.95);
#3855 = AXIS2_PLACEMENT_3D('',#3856,#3857,#3858);
#3856 = CARTESIAN_POINT('',(-69.977271,-0.989608,0.));
#3857 = DIRECTION('',(-0.,0.,-1.));
#3858 = DIRECTION('',(-0.,-1.,0.));
#3859 = FACE_BOUND('',#3860,.F.);
#3860 = EDGE_LOOP('',(#3861));
#3861 = ORIENTED_EDGE('',*,*,#3862,.T.);
#3862 = EDGE_CURVE('',#3863,#3863,#3865,.T.);
#3863 = VERTEX_POINT('',#3864);
#3864 = CARTESIAN_POINT('',(-68.24595,-0.238603,0.));
#3865 = CIRCLE('',#3866,1.5);
#3866 = AXIS2_PLACEMENT_3D('',#3867,#3868,#3869);
#3867 = CARTESIAN_POINT('',(-68.24595,1.261397,0.));
#3868 = DIRECTION('',(-0.,0.,-1.));
#3869 = DIRECTION('',(-0.,-1.,0.));
#3870 = FACE_BOUND('',#3871,.F.);
#3871 = EDGE_LOOP('',(#3872));
#3872 = ORIENTED_EDGE('',*,*,#3873,.T.);
#3873 = EDGE_CURVE('',#3874,#3874,#3876,.T.);
#3874 = VERTEX_POINT('',#3875);
#3875 = CARTESIAN_POINT('',(-82.297697,6.791872,0.));
#3876 = CIRCLE('',#3877,2.05);
#3877 = AXIS2_PLACEMENT_3D('',#3878,#3879,#3880);
#3878 = CARTESIAN_POINT('',(-82.297697,8.841872,0.));
#3879 = DIRECTION('',(-0.,0.,-1.));
#3880 = DIRECTION('',(-0.,-1.,0.));
#3881 = FACE_BOUND('',#3882,.F.);
#3882 = EDGE_LOOP('',(#3883));
#3883 = ORIENTED_EDGE('',*,*,#3884,.T.);
#3884 = EDGE_CURVE('',#3885,#3885,#3887,.T.);
#3885 = VERTEX_POINT('',#3886);
#3886 = CARTESIAN_POINT('',(-77.311031,6.922562,0.));
#3887 = CIRCLE('',#3888,0.95);
#3888 = AXIS2_PLACEMENT_3D('',#3889,#3890,#3891);
#3889 = CARTESIAN_POINT('',(-77.311031,7.872562,0.));
#3890 = DIRECTION('',(-0.,0.,-1.));
#3891 = DIRECTION('',(-0.,-1.,0.));
#3892 = FACE_BOUND('',#3893,.F.);
#3893 = EDGE_LOOP('',(#3894));
#3894 = ORIENTED_EDGE('',*,*,#3895,.T.);
#3895 = EDGE_CURVE('',#3896,#3896,#3898,.T.);
#3896 = VERTEX_POINT('',#3897);
#3897 = CARTESIAN_POINT('',(-63.572195,-10.87966,0.));
#3898 = CIRCLE('',#3899,0.4953);
#3899 = AXIS2_PLACEMENT_3D('',#3900,#3901,#3902);
#3900 = CARTESIAN_POINT('',(-63.572195,-10.38436,0.));
#3901 = DIRECTION('',(-0.,0.,-1.));
#3902 = DIRECTION('',(-1.434570433596E-14,-1.,0.));
#3903 = FACE_BOUND('',#3904,.F.);
#3904 = EDGE_LOOP('',(#3905));
#3905 = ORIENTED_EDGE('',*,*,#3906,.T.);
#3906 = EDGE_CURVE('',#3907,#3907,#3909,.T.);
#3907 = VERTEX_POINT('',#3908);
#3908 = CARTESIAN_POINT('',(-41.933611,-10.752509,0.));
#3909 = CIRCLE('',#3910,0.95);
#3910 = AXIS2_PLACEMENT_3D('',#3911,#3912,#3913);
#3911 = CARTESIAN_POINT('',(-41.933611,-9.802509,0.));
#3912 = DIRECTION('',(-0.,0.,-1.));
#3913 = DIRECTION('',(-0.,-1.,0.));
#3914 = FACE_BOUND('',#3915,.F.);
#3915 = EDGE_LOOP('',(#3916));
#3916 = ORIENTED_EDGE('',*,*,#3917,.T.);
#3917 = EDGE_CURVE('',#3918,#3918,#3920,.T.);
#3918 = VERTEX_POINT('',#3919);
#3919 = CARTESIAN_POINT('',(-51.906943,-8.813889,0.));
#3920 = CIRCLE('',#3921,0.95);
#3921 = AXIS2_PLACEMENT_3D('',#3922,#3923,#3924);
#3922 = CARTESIAN_POINT('',(-51.906943,-7.863889,0.));
#3923 = DIRECTION('',(-0.,0.,-1.));
#3924 = DIRECTION('',(-0.,-1.,0.));
#3925 = FACE_BOUND('',#3926,.F.);
#3926 = EDGE_LOOP('',(#3927));
#3927 = ORIENTED_EDGE('',*,*,#3928,.T.);
#3928 = EDGE_CURVE('',#3929,#3929,#3931,.T.);
#3929 = VERTEX_POINT('',#3930);
#3930 = CARTESIAN_POINT('',(-50.175622,-7.112884,0.));
#3931 = CIRCLE('',#3932,1.5);
#3932 = AXIS2_PLACEMENT_3D('',#3933,#3934,#3935);
#3933 = CARTESIAN_POINT('',(-50.175622,-5.612884,0.));
#3934 = DIRECTION('',(-0.,0.,-1.));
#3935 = DIRECTION('',(-0.,-1.,0.));
#3936 = FACE_BOUND('',#3937,.F.);
#3937 = EDGE_LOOP('',(#3938));
#3938 = ORIENTED_EDGE('',*,*,#3939,.T.);
#3939 = EDGE_CURVE('',#3940,#3940,#3942,.T.);
#3940 = VERTEX_POINT('',#3941);
#3941 = CARTESIAN_POINT('',(-46.920277,-10.883199,0.));
#3942 = CIRCLE('',#3943,2.05);
#3943 = AXIS2_PLACEMENT_3D('',#3944,#3945,#3946);
#3944 = CARTESIAN_POINT('',(-46.920277,-8.833199,0.));
#3945 = DIRECTION('',(-0.,0.,-1.));
#3946 = DIRECTION('',(-0.,-1.,0.));
#3947 = FACE_BOUND('',#3948,.F.);
#3948 = EDGE_LOOP('',(#3949));
#3949 = ORIENTED_EDGE('',*,*,#3950,.T.);
#3950 = EDGE_CURVE('',#3951,#3951,#3953,.T.);
#3951 = VERTEX_POINT('',#3952);
#3952 = CARTESIAN_POINT('',(-43.457634,-5.831188,0.));
#3953 = CIRCLE('',#3954,1.5);
#3954 = AXIS2_PLACEMENT_3D('',#3955,#3956,#3957);
#3955 = CARTESIAN_POINT('',(-43.457634,-4.331188,0.));
#3956 = DIRECTION('',(-0.,0.,-1.));
#3957 = DIRECTION('',(-0.,-1.,0.));
#3958 = FACE_BOUND('',#3959,.F.);
#3959 = EDGE_LOOP('',(#3960));
#3960 = ORIENTED_EDGE('',*,*,#3961,.T.);
#3961 = EDGE_CURVE('',#3962,#3962,#3964,.T.);
#3962 = VERTEX_POINT('',#3963);
#3963 = CARTESIAN_POINT('',(-7.64,-15.261,0.));
#3964 = CIRCLE('',#3965,0.381);
#3965 = AXIS2_PLACEMENT_3D('',#3966,#3967,#3968);
#3966 = CARTESIAN_POINT('',(-7.64,-14.88,0.));
#3967 = DIRECTION('',(-0.,0.,-1.));
#3968 = DIRECTION('',(2.331176954594E-15,-1.,-0.));
#3969 = FACE_BOUND('',#3970,.F.);
#3970 = EDGE_LOOP('',(#3971));
#3971 = ORIENTED_EDGE('',*,*,#3972,.T.);
#3972 = EDGE_CURVE('',#3973,#3973,#3975,.T.);
#3973 = VERTEX_POINT('',#3974);
#3974 = CARTESIAN_POINT('',(-7.64,-12.721,0.));
#3975 = CIRCLE('',#3976,0.381);
#3976 = AXIS2_PLACEMENT_3D('',#3977,#3978,#3979);
#3977 = CARTESIAN_POINT('',(-7.64,-12.34,0.));
#3978 = DIRECTION('',(-0.,0.,-1.));
#3979 = DIRECTION('',(2.331176954594E-15,-1.,-0.));
#3980 = FACE_BOUND('',#3981,.F.);
#3981 = EDGE_LOOP('',(#3982));
#3982 = ORIENTED_EDGE('',*,*,#3983,.T.);
#3983 = EDGE_CURVE('',#3984,#3984,#3986,.T.);
#3984 = VERTEX_POINT('',#3985);
#3985 = CARTESIAN_POINT('',(-7.64,-10.181,0.));
#3986 = CIRCLE('',#3987,0.381);
#3987 = AXIS2_PLACEMENT_3D('',#3988,#3989,#3990);
#3988 = CARTESIAN_POINT('',(-7.64,-9.8,0.));
#3989 = DIRECTION('',(-0.,0.,-1.));
#3990 = DIRECTION('',(2.331176954594E-15,-1.,-0.));
#3991 = FACE_BOUND('',#3992,.F.);
#3992 = EDGE_LOOP('',(#3993));
#3993 = ORIENTED_EDGE('',*,*,#3994,.T.);
#3994 = EDGE_CURVE('',#3995,#3995,#3997,.T.);
#3995 = VERTEX_POINT('',#3996);
#3996 = CARTESIAN_POINT('',(-7.59,-7.641,0.));
#3997 = CIRCLE('',#3998,0.381);
#3998 = AXIS2_PLACEMENT_3D('',#3999,#4000,#4001);
#3999 = CARTESIAN_POINT('',(-7.59,-7.26,0.));
#4000 = DIRECTION('',(-0.,0.,-1.));
#4001 = DIRECTION('',(-0.,-1.,0.));
#4002 = FACE_BOUND('',#4003,.F.);
#4003 = EDGE_LOOP('',(#4004));
#4004 = ORIENTED_EDGE('',*,*,#4005,.T.);
#4005 = EDGE_CURVE('',#4006,#4006,#4008,.T.);
#4006 = VERTEX_POINT('',#4007);
#4007 = CARTESIAN_POINT('',(-60.003939,-3.878228,0.));
#4008 = CIRCLE('',#4009,0.95);
#4009 = AXIS2_PLACEMENT_3D('',#4010,#4011,#4012);
#4010 = CARTESIAN_POINT('',(-60.003939,-2.928228,0.));
#4011 = DIRECTION('',(-0.,0.,-1.));
#4012 = DIRECTION('',(-0.,-1.,0.));
#4013 = FACE_BOUND('',#4014,.F.);
#4014 = EDGE_LOOP('',(#4015));
#4015 = ORIENTED_EDGE('',*,*,#4016,.T.);
#4016 = EDGE_CURVE('',#4017,#4017,#4019,.T.);
#4017 = VERTEX_POINT('',#4018);
#4018 = CARTESIAN_POINT('',(-61.527962,1.043093,0.));
#4019 = CIRCLE('',#4020,1.5);
#4020 = AXIS2_PLACEMENT_3D('',#4021,#4022,#4023);
#4021 = CARTESIAN_POINT('',(-61.527962,2.543093,0.));
#4022 = DIRECTION('',(-0.,0.,-1.));
#4023 = DIRECTION('',(-0.,-1.,0.));
#4024 = FACE_BOUND('',#4025,.F.);
#4025 = EDGE_LOOP('',(#4026));
#4026 = ORIENTED_EDGE('',*,*,#4027,.T.);
#4027 = EDGE_CURVE('',#4028,#4028,#4030,.T.);
#4028 = VERTEX_POINT('',#4029);
#4029 = CARTESIAN_POINT('',(-41.866955,0.946057,0.));
#4030 = CIRCLE('',#4031,0.4953);
#4031 = AXIS2_PLACEMENT_3D('',#4032,#4033,#4034);
#4032 = CARTESIAN_POINT('',(-41.866955,1.441357,0.));
#4033 = DIRECTION('',(-0.,0.,-1.));
#4034 = DIRECTION('',(-0.,-1.,0.));
#4035 = FACE_BOUND('',#4036,.F.);
#4036 = EDGE_LOOP('',(#4037));
#4037 = ORIENTED_EDGE('',*,*,#4038,.T.);
#4038 = EDGE_CURVE('',#4039,#4039,#4041,.T.);
#4039 = VERTEX_POINT('',#4040);
#4040 = CARTESIAN_POINT('',(-47.756719,2.090909,0.));
#4041 = CIRCLE('',#4042,0.4953);
#4042 = AXIS2_PLACEMENT_3D('',#4043,#4044,#4045);
#4043 = CARTESIAN_POINT('',(-47.756719,2.586209,0.));
#4044 = DIRECTION('',(-0.,0.,-1.));
#4045 = DIRECTION('',(-0.,-1.,0.));
#4046 = FACE_BOUND('',#4047,.F.);
#4047 = EDGE_LOOP('',(#4048));
#4048 = ORIENTED_EDGE('',*,*,#4049,.T.);
#4049 = EDGE_CURVE('',#4050,#4050,#4052,.T.);
#4050 = VERTEX_POINT('',#4051);
#4051 = CARTESIAN_POINT('',(-59.937283,7.820338,0.));
#4052 = CIRCLE('',#4053,0.4953);
#4053 = AXIS2_PLACEMENT_3D('',#4054,#4055,#4056);
#4054 = CARTESIAN_POINT('',(-59.937283,8.315638,0.));
#4055 = DIRECTION('',(-0.,0.,-1.));
#4056 = DIRECTION('',(-0.,-1.,0.));
#4057 = FACE_BOUND('',#4058,.F.);
#4058 = EDGE_LOOP('',(#4059));
#4059 = ORIENTED_EDGE('',*,*,#4060,.T.);
#4060 = EDGE_CURVE('',#4061,#4061,#4063,.T.);
#4061 = VERTEX_POINT('',#4062);
#4062 = CARTESIAN_POINT('',(-38.298699,7.947489,0.));
#4063 = CIRCLE('',#4064,0.95);
#4064 = AXIS2_PLACEMENT_3D('',#4065,#4066,#4067);
#4065 = CARTESIAN_POINT('',(-38.298699,8.897489,0.));
#4066 = DIRECTION('',(-0.,0.,-1.));
#4067 = DIRECTION('',(-0.,-1.,0.));
#4068 = FACE_BOUND('',#4069,.F.);
#4069 = EDGE_LOOP('',(#4070));
#4070 = ORIENTED_EDGE('',*,*,#4071,.T.);
#4071 = EDGE_CURVE('',#4072,#4072,#4074,.T.);
#4072 = VERTEX_POINT('',#4073);
#4073 = CARTESIAN_POINT('',(-114.663324,14.437791,0.));
#4074 = CIRCLE('',#4075,0.95);
#4075 = AXIS2_PLACEMENT_3D('',#4076,#4077,#4078);
#4076 = CARTESIAN_POINT('',(-114.663324,15.387791,0.));
#4077 = DIRECTION('',(-0.,0.,-1.));
#4078 = DIRECTION('',(-0.,-1.,0.));
#4079 = FACE_BOUND('',#4080,.F.);
#4080 = EDGE_LOOP('',(#4081));
#4081 = ORIENTED_EDGE('',*,*,#4082,.T.);
#4082 = EDGE_CURVE('',#4083,#4083,#4085,.T.);
#4083 = VERTEX_POINT('',#4084);
#4084 = CARTESIAN_POINT('',(-105.455136,8.012847,0.));
#4085 = CIRCLE('',#4086,1.5);
#4086 = AXIS2_PLACEMENT_3D('',#4087,#4088,#4089);
#4087 = CARTESIAN_POINT('',(-105.455136,9.512847,0.));
#4088 = DIRECTION('',(-0.,0.,-1.));
#4089 = DIRECTION('',(-0.,-1.,0.));
#4090 = FACE_BOUND('',#4091,.F.);
#4091 = EDGE_LOOP('',(#4092));
#4092 = ORIENTED_EDGE('',*,*,#4093,.T.);
#4093 = EDGE_CURVE('',#4094,#4094,#4096,.T.);
#4094 = VERTEX_POINT('',#4095);
#4095 = CARTESIAN_POINT('',(-98.737148,9.294543,0.));
#4096 = CIRCLE('',#4097,1.5);
#4097 = AXIS2_PLACEMENT_3D('',#4098,#4099,#4100);
#4098 = CARTESIAN_POINT('',(-98.737148,10.794543,0.));
#4099 = DIRECTION('',(-0.,0.,-1.));
#4100 = DIRECTION('',(-0.,-1.,0.));
#4101 = FACE_BOUND('',#4102,.F.);
#4102 = EDGE_LOOP('',(#4103));
#4103 = ORIENTED_EDGE('',*,*,#4104,.T.);
#4104 = EDGE_CURVE('',#4105,#4105,#4107,.T.);
#4105 = VERTEX_POINT('',#4106);
#4106 = CARTESIAN_POINT('',(-124.636656,16.376411,0.));
#4107 = CIRCLE('',#4108,0.95);
#4108 = AXIS2_PLACEMENT_3D('',#4109,#4110,#4111);
#4109 = CARTESIAN_POINT('',(-124.636656,17.326411,0.));
#4110 = DIRECTION('',(-0.,0.,-1.));
#4111 = DIRECTION('',(-0.,-1.,0.));
#4112 = FACE_BOUND('',#4113,.F.);
#4113 = EDGE_LOOP('',(#4114));
#4114 = ORIENTED_EDGE('',*,*,#4115,.T.);
#4115 = EDGE_CURVE('',#4116,#4116,#4118,.T.);
#4116 = VERTEX_POINT('',#4117);
#4117 = CARTESIAN_POINT('',(-119.64999,14.307101,0.));
#4118 = CIRCLE('',#4119,2.05);
#4119 = AXIS2_PLACEMENT_3D('',#4120,#4121,#4122);
#4120 = CARTESIAN_POINT('',(-119.64999,16.357101,0.));
#4121 = DIRECTION('',(-0.,0.,-1.));
#4122 = DIRECTION('',(-0.,-1.,0.));
#4123 = FACE_BOUND('',#4124,.F.);
#4124 = EDGE_LOOP('',(#4125));
#4125 = ORIENTED_EDGE('',*,*,#4126,.T.);
#4126 = EDGE_CURVE('',#4127,#4127,#4129,.T.);
#4127 = VERTEX_POINT('',#4128);
#4128 = CARTESIAN_POINT('',(-122.905335,18.077416,0.));
#4129 = CIRCLE('',#4130,1.5);
#4130 = AXIS2_PLACEMENT_3D('',#4131,#4132,#4133);
#4131 = CARTESIAN_POINT('',(-122.905335,19.577416,0.));
#4132 = DIRECTION('',(-0.,0.,-1.));
#4133 = DIRECTION('',(-0.,-1.,0.));
#4134 = FACE_BOUND('',#4135,.F.);
#4135 = EDGE_LOOP('',(#4136));
#4136 = ORIENTED_EDGE('',*,*,#4137,.T.);
#4137 = EDGE_CURVE('',#4138,#4138,#4140,.T.);
#4138 = VERTEX_POINT('',#4139);
#4139 = CARTESIAN_POINT('',(-116.187347,19.359112,0.));
#4140 = CIRCLE('',#4141,1.5);
#4141 = AXIS2_PLACEMENT_3D('',#4142,#4143,#4144);
#4142 = CARTESIAN_POINT('',(-116.187347,20.859112,0.));
#4143 = DIRECTION('',(-0.,0.,-1.));
#4144 = DIRECTION('',(-0.,-1.,0.));
#4145 = FACE_BOUND('',#4146,.F.);
#4146 = EDGE_LOOP('',(#4147));
#4147 = ORIENTED_EDGE('',*,*,#4148,.T.);
#4148 = EDGE_CURVE('',#4149,#4149,#4151,.T.);
#4149 = VERTEX_POINT('',#4150);
#4150 = CARTESIAN_POINT('',(-97.14647,16.071788,0.));
#4151 = CIRCLE('',#4152,0.4953);
#4152 = AXIS2_PLACEMENT_3D('',#4153,#4154,#4155);
#4153 = CARTESIAN_POINT('',(-97.14647,16.567088,0.));
#4154 = DIRECTION('',(-0.,0.,-1.));
#4155 = DIRECTION('',(-0.,-1.,0.));
#4156 = FACE_BOUND('',#4157,.F.);
#4157 = EDGE_LOOP('',(#4158));
#4158 = ORIENTED_EDGE('',*,*,#4159,.T.);
#4159 = EDGE_CURVE('',#4160,#4160,#4162,.T.);
#4160 = VERTEX_POINT('',#4161);
#4161 = CARTESIAN_POINT('',(-103.036234,17.21664,0.));
#4162 = CIRCLE('',#4163,0.4953);
#4163 = AXIS2_PLACEMENT_3D('',#4164,#4165,#4166);
#4164 = CARTESIAN_POINT('',(-103.036234,17.71194,0.));
#4165 = DIRECTION('',(-0.,0.,-1.));
#4166 = DIRECTION('',(-0.,-1.,0.));
#4167 = FACE_BOUND('',#4168,.F.);
#4168 = EDGE_LOOP('',(#4169));
#4169 = ORIENTED_EDGE('',*,*,#4170,.T.);
#4170 = EDGE_CURVE('',#4171,#4171,#4173,.T.);
#4171 = VERTEX_POINT('',#4172);
#4172 = CARTESIAN_POINT('',(-87.284363,8.861182,0.));
#4173 = CIRCLE('',#4174,0.95);
#4174 = AXIS2_PLACEMENT_3D('',#4175,#4176,#4177);
#4175 = CARTESIAN_POINT('',(-87.284363,9.811182,0.));
#4176 = DIRECTION('',(-0.,0.,-1.));
#4177 = DIRECTION('',(-0.,-1.,0.));
#4178 = FACE_BOUND('',#4179,.F.);
#4179 = EDGE_LOOP('',(#4180));
#4180 = ORIENTED_EDGE('',*,*,#4181,.T.);
#4181 = EDGE_CURVE('',#4182,#4182,#4184,.T.);
#4182 = VERTEX_POINT('',#4183);
#4183 = CARTESIAN_POINT('',(-85.553042,10.562187,0.));
#4184 = CIRCLE('',#4185,1.5);
#4185 = AXIS2_PLACEMENT_3D('',#4186,#4187,#4188);
#4186 = CARTESIAN_POINT('',(-85.553042,12.062187,0.));
#4187 = DIRECTION('',(-0.,0.,-1.));
#4188 = DIRECTION('',(-0.,-1.,0.));
#4189 = FACE_BOUND('',#4190,.F.);
#4190 = EDGE_LOOP('',(#4191));
#4191 = ORIENTED_EDGE('',*,*,#4192,.T.);
#4192 = EDGE_CURVE('',#4193,#4193,#4195,.T.);
#4193 = VERTEX_POINT('',#4194);
#4194 = CARTESIAN_POINT('',(-65.827047,8.96519,0.));
#4195 = CIRCLE('',#4196,0.4953);
#4196 = AXIS2_PLACEMENT_3D('',#4197,#4198,#4199);
#4197 = CARTESIAN_POINT('',(-65.827047,9.46049,0.));
#4198 = DIRECTION('',(-0.,0.,-1.));
#4199 = DIRECTION('',(-0.,-1.,0.));
#4200 = FACE_BOUND('',#4201,.F.);
#4201 = EDGE_LOOP('',(#4202));
#4202 = ORIENTED_EDGE('',*,*,#4203,.T.);
#4203 = EDGE_CURVE('',#4204,#4204,#4206,.T.);
#4204 = VERTEX_POINT('',#4205);
#4205 = CARTESIAN_POINT('',(-78.835054,11.843883,0.));
#4206 = CIRCLE('',#4207,1.5);
#4207 = AXIS2_PLACEMENT_3D('',#4208,#4209,#4210);
#4208 = CARTESIAN_POINT('',(-78.835054,13.343883,0.));
#4209 = DIRECTION('',(-0.,0.,-1.));
#4210 = DIRECTION('',(-0.,-1.,0.));
#4211 = FACE_BOUND('',#4212,.F.);
#4212 = EDGE_LOOP('',(#4213));
#4213 = ORIENTED_EDGE('',*,*,#4214,.T.);
#4214 = EDGE_CURVE('',#4215,#4215,#4217,.T.);
#4215 = VERTEX_POINT('',#4216);
#4216 = CARTESIAN_POINT('',(-83.134139,19.765979,0.));
#4217 = CIRCLE('',#4218,0.4953);
#4218 = AXIS2_PLACEMENT_3D('',#4219,#4220,#4221);
#4219 = CARTESIAN_POINT('',(-83.134139,20.261279,0.));
#4220 = DIRECTION('',(-0.,0.,-1.));
#4221 = DIRECTION('',(-0.,-1.,0.));
#4222 = FACE_BOUND('',#4223,.F.);
#4223 = EDGE_LOOP('',(#4224));
#4224 = ORIENTED_EDGE('',*,*,#4225,.T.);
#4225 = EDGE_CURVE('',#4226,#4226,#4228,.T.);
#4226 = VERTEX_POINT('',#4227);
#4227 = CARTESIAN_POINT('',(-66.342359,16.76039,0.));
#4228 = CIRCLE('',#4229,0.95);
#4229 = AXIS2_PLACEMENT_3D('',#4230,#4231,#4232);
#4230 = CARTESIAN_POINT('',(-66.342359,17.71039,0.));
#4231 = DIRECTION('',(-0.,0.,-1.));
#4232 = DIRECTION('',(-0.,-1.,0.));
#4233 = FACE_BOUND('',#4234,.F.);
#4234 = EDGE_LOOP('',(#4235));
#4235 = ORIENTED_EDGE('',*,*,#4236,.T.);
#4236 = EDGE_CURVE('',#4237,#4237,#4239,.T.);
#4237 = VERTEX_POINT('',#4238);
#4238 = CARTESIAN_POINT('',(-77.244375,18.621127,0.));
#4239 = CIRCLE('',#4240,0.4953);
#4240 = AXIS2_PLACEMENT_3D('',#4241,#4242,#4243);
#4241 = CARTESIAN_POINT('',(-77.244375,19.116427,0.));
#4242 = DIRECTION('',(-0.,0.,-1.));
#4243 = DIRECTION('',(-0.,-1.,0.));
#4244 = FACE_BOUND('',#4245,.F.);
#4245 = EDGE_LOOP('',(#4246));
#4246 = ORIENTED_EDGE('',*,*,#4247,.T.);
#4247 = EDGE_CURVE('',#4248,#4248,#4250,.T.);
#4248 = VERTEX_POINT('',#4249);
#4249 = CARTESIAN_POINT('',(-64.611038,18.461395,0.));
#4250 = CIRCLE('',#4251,1.5);
#4251 = AXIS2_PLACEMENT_3D('',#4252,#4253,#4254);
#4252 = CARTESIAN_POINT('',(-64.611038,19.961395,0.));
#4253 = DIRECTION('',(-0.,0.,-1.));
#4254 = DIRECTION('',(-0.,-1.,0.));
#4255 = FACE_BOUND('',#4256,.F.);
#4256 = EDGE_LOOP('',(#4257));
#4257 = ORIENTED_EDGE('',*,*,#4258,.T.);
#4258 = EDGE_CURVE('',#4259,#4259,#4261,.T.);
#4259 = VERTEX_POINT('',#4260);
#4260 = CARTESIAN_POINT('',(-98.56488,22.94253,0.));
#4261 = CIRCLE('',#4262,2.05);
#4262 = AXIS2_PLACEMENT_3D('',#4263,#4264,#4265);
#4263 = CARTESIAN_POINT('',(-98.56488,24.99253,0.));
#4264 = DIRECTION('',(-0.,0.,-1.));
#4265 = DIRECTION('',(-0.,-1.,0.));
#4266 = FACE_BOUND('',#4267,.F.);
#4267 = EDGE_LOOP('',(#4268));
#4268 = ORIENTED_EDGE('',*,*,#4269,.T.);
#4269 = EDGE_CURVE('',#4270,#4270,#4272,.T.);
#4270 = VERTEX_POINT('',#4271);
#4271 = CARTESIAN_POINT('',(-103.551546,25.01184,0.));
#4272 = CIRCLE('',#4273,0.95);
#4273 = AXIS2_PLACEMENT_3D('',#4274,#4275,#4276);
#4274 = CARTESIAN_POINT('',(-103.551546,25.96184,0.));
#4275 = DIRECTION('',(-0.,0.,-1.));
#4276 = DIRECTION('',(-0.,-1.,0.));
#4277 = FACE_BOUND('',#4278,.F.);
#4278 = EDGE_LOOP('',(#4279));
#4279 = ORIENTED_EDGE('',*,*,#4280,.T.);
#4280 = EDGE_CURVE('',#4281,#4281,#4283,.T.);
#4281 = VERTEX_POINT('',#4282);
#4282 = CARTESIAN_POINT('',(-101.820225,26.712845,0.));
#4283 = CIRCLE('',#4284,1.5);
#4284 = AXIS2_PLACEMENT_3D('',#4285,#4286,#4287);
#4285 = CARTESIAN_POINT('',(-101.820225,28.212845,0.));
#4286 = DIRECTION('',(-0.,0.,-1.));
#4287 = DIRECTION('',(-0.,-1.,0.));
#4288 = FACE_BOUND('',#4289,.F.);
#4289 = EDGE_LOOP('',(#4290));
#4290 = ORIENTED_EDGE('',*,*,#4291,.T.);
#4291 = EDGE_CURVE('',#4292,#4292,#4294,.T.);
#4292 = VERTEX_POINT('',#4293);
#4293 = CARTESIAN_POINT('',(-93.578214,23.07322,0.));
#4294 = CIRCLE('',#4295,0.95);
#4295 = AXIS2_PLACEMENT_3D('',#4296,#4297,#4298);
#4296 = CARTESIAN_POINT('',(-93.578214,24.02322,0.));
#4297 = DIRECTION('',(-0.,0.,-1.));
#4298 = DIRECTION('',(-0.,-1.,0.));
#4299 = FACE_BOUND('',#4300,.F.);
#4300 = EDGE_LOOP('',(#4301));
#4301 = ORIENTED_EDGE('',*,*,#4302,.T.);
#4302 = EDGE_CURVE('',#4303,#4303,#4305,.T.);
#4303 = VERTEX_POINT('',#4304);
#4304 = CARTESIAN_POINT('',(-73.676119,25.622559,0.));
#4305 = CIRCLE('',#4306,0.95);
#4306 = AXIS2_PLACEMENT_3D('',#4307,#4308,#4309);
#4307 = CARTESIAN_POINT('',(-73.676119,26.572559,0.));
#4308 = DIRECTION('',(-0.,0.,-1.));
#4309 = DIRECTION('',(-0.,-1.,0.));
#4310 = FACE_BOUND('',#4311,.F.);
#4311 = EDGE_LOOP('',(#4312));
#4312 = ORIENTED_EDGE('',*,*,#4313,.T.);
#4313 = EDGE_CURVE('',#4314,#4314,#4316,.T.);
#4314 = VERTEX_POINT('',#4315);
#4315 = CARTESIAN_POINT('',(-78.662785,25.491869,0.));
#4316 = CIRCLE('',#4317,2.05);
#4317 = AXIS2_PLACEMENT_3D('',#4318,#4319,#4320);
#4318 = CARTESIAN_POINT('',(-78.662785,27.541869,0.));
#4319 = DIRECTION('',(-0.,0.,-1.));
#4320 = DIRECTION('',(-0.,-1.,0.));
#4321 = FACE_BOUND('',#4322,.F.);
#4322 = EDGE_LOOP('',(#4323));
#4323 = ORIENTED_EDGE('',*,*,#4324,.T.);
#4324 = EDGE_CURVE('',#4325,#4325,#4327,.T.);
#4325 = VERTEX_POINT('',#4326);
#4326 = CARTESIAN_POINT('',(-95.102237,27.994541,0.));
#4327 = CIRCLE('',#4328,1.5);
#4328 = AXIS2_PLACEMENT_3D('',#4329,#4330,#4331);
#4329 = CARTESIAN_POINT('',(-95.102237,29.494541,0.));
#4330 = DIRECTION('',(-0.,0.,-1.));
#4331 = DIRECTION('',(-0.,-1.,0.));
#4332 = FACE_BOUND('',#4333,.F.);
#4333 = EDGE_LOOP('',(#4334));
#4334 = ORIENTED_EDGE('',*,*,#4335,.T.);
#4335 = EDGE_CURVE('',#4336,#4336,#4338,.T.);
#4336 = VERTEX_POINT('',#4337);
#4337 = CARTESIAN_POINT('',(-83.649451,27.561179,0.));
#4338 = CIRCLE('',#4339,0.95);
#4339 = AXIS2_PLACEMENT_3D('',#4340,#4341,#4342);
#4340 = CARTESIAN_POINT('',(-83.649451,28.511179,0.));
#4341 = DIRECTION('',(-0.,0.,-1.));
#4342 = DIRECTION('',(-0.,-1.,0.));
#4343 = FACE_BOUND('',#4344,.F.);
#4344 = EDGE_LOOP('',(#4345));
#4345 = ORIENTED_EDGE('',*,*,#4346,.T.);
#4346 = EDGE_CURVE('',#4347,#4347,#4349,.T.);
#4347 = VERTEX_POINT('',#4348);
#4348 = CARTESIAN_POINT('',(-81.91813,29.262184,0.));
#4349 = CIRCLE('',#4350,1.5);
#4350 = AXIS2_PLACEMENT_3D('',#4351,#4352,#4353);
#4351 = CARTESIAN_POINT('',(-81.91813,30.762184,0.));
#4352 = DIRECTION('',(-0.,0.,-1.));
#4353 = DIRECTION('',(-0.,-1.,0.));
#4354 = FACE_BOUND('',#4355,.F.);
#4355 = EDGE_LOOP('',(#4356));
#4356 = ORIENTED_EDGE('',*,*,#4357,.T.);
#4357 = EDGE_CURVE('',#4358,#4358,#4360,.T.);
#4358 = VERTEX_POINT('',#4359);
#4359 = CARTESIAN_POINT('',(-75.200142,30.54388,0.));
#4360 = CIRCLE('',#4361,1.5);
#4361 = AXIS2_PLACEMENT_3D('',#4362,#4363,#4364);
#4362 = CARTESIAN_POINT('',(-75.200142,32.04388,0.));
#4363 = DIRECTION('',(-0.,0.,-1.));
#4364 = DIRECTION('',(-0.,-1.,0.));
#4365 = FACE_BOUND('',#4366,.F.);
#4366 = EDGE_LOOP('',(#4367));
#4367 = ORIENTED_EDGE('',*,*,#4368,.T.);
#4368 = EDGE_CURVE('',#4369,#4369,#4371,.T.);
#4369 = VERTEX_POINT('',#4370);
#4370 = CARTESIAN_POINT('',(-48.272031,9.886109,0.));
#4371 = CIRCLE('',#4372,0.95);
#4372 = AXIS2_PLACEMENT_3D('',#4373,#4374,#4375);
#4373 = CARTESIAN_POINT('',(-48.272031,10.836109,0.));
#4374 = DIRECTION('',(-0.,0.,-1.));
#4375 = DIRECTION('',(-0.,-1.,0.));
#4376 = FACE_BOUND('',#4377,.F.);
#4377 = EDGE_LOOP('',(#4378));
#4378 = ORIENTED_EDGE('',*,*,#4379,.T.);
#4379 = EDGE_CURVE('',#4380,#4380,#4382,.T.);
#4380 = VERTEX_POINT('',#4381);
#4381 = CARTESIAN_POINT('',(-43.285365,7.816799,0.));
#4382 = CIRCLE('',#4383,2.05);
#4383 = AXIS2_PLACEMENT_3D('',#4384,#4385,#4386);
#4384 = CARTESIAN_POINT('',(-43.285365,9.866799,0.));
#4385 = DIRECTION('',(-0.,0.,-1.));
#4386 = DIRECTION('',(-0.,-1.,0.));
#4387 = FACE_BOUND('',#4388,.F.);
#4388 = EDGE_LOOP('',(#4389));
#4389 = ORIENTED_EDGE('',*,*,#4390,.T.);
#4390 = EDGE_CURVE('',#4391,#4391,#4393,.T.);
#4391 = VERTEX_POINT('',#4392);
#4392 = CARTESIAN_POINT('',(-46.54071,11.587114,0.));
#4393 = CIRCLE('',#4394,1.5);
#4394 = AXIS2_PLACEMENT_3D('',#4395,#4396,#4397);
#4395 = CARTESIAN_POINT('',(-46.54071,13.087114,0.));
#4396 = DIRECTION('',(-0.,0.,-1.));
#4397 = DIRECTION('',(-0.,-1.,0.));
#4398 = FACE_BOUND('',#4399,.F.);
#4399 = EDGE_LOOP('',(#4400));
#4400 = ORIENTED_EDGE('',*,*,#4401,.T.);
#4401 = EDGE_CURVE('',#4402,#4402,#4404,.T.);
#4402 = VERTEX_POINT('',#4403);
#4403 = CARTESIAN_POINT('',(-39.822722,12.86881,0.));
#4404 = CIRCLE('',#4405,1.5);
#4405 = AXIS2_PLACEMENT_3D('',#4406,#4407,#4408);
#4406 = CARTESIAN_POINT('',(-39.822722,14.36881,0.));
#4407 = DIRECTION('',(-0.,0.,-1.));
#4408 = DIRECTION('',(-0.,-1.,0.));
#4409 = FACE_BOUND('',#4410,.F.);
#4410 = EDGE_LOOP('',(#4411));
#4411 = ORIENTED_EDGE('',*,*,#4412,.T.);
#4412 = EDGE_CURVE('',#4413,#4413,#4415,.T.);
#4413 = VERTEX_POINT('',#4414);
#4414 = CARTESIAN_POINT('',(-61.355693,14.69108,0.));
#4415 = CIRCLE('',#4416,2.05);
#4416 = AXIS2_PLACEMENT_3D('',#4417,#4418,#4419);
#4417 = CARTESIAN_POINT('',(-61.355693,16.74108,0.));
#4418 = DIRECTION('',(-0.,0.,-1.));
#4419 = DIRECTION('',(-0.,-1.,0.));
#4420 = FACE_BOUND('',#4421,.F.);
#4421 = EDGE_LOOP('',(#4422));
#4422 = ORIENTED_EDGE('',*,*,#4423,.T.);
#4423 = EDGE_CURVE('',#4424,#4424,#4426,.T.);
#4424 = VERTEX_POINT('',#4425);
#4425 = CARTESIAN_POINT('',(-56.369027,14.82177,0.));
#4426 = CIRCLE('',#4427,0.95);
#4427 = AXIS2_PLACEMENT_3D('',#4428,#4429,#4430);
#4428 = CARTESIAN_POINT('',(-56.369027,15.77177,0.));
#4429 = DIRECTION('',(-0.,0.,-1.));
#4430 = DIRECTION('',(-0.,-1.,0.));
#4431 = FACE_BOUND('',#4432,.F.);
#4432 = EDGE_LOOP('',(#4433));
#4433 = ORIENTED_EDGE('',*,*,#4434,.T.);
#4434 = EDGE_CURVE('',#4435,#4435,#4437,.T.);
#4435 = VERTEX_POINT('',#4436);
#4436 = CARTESIAN_POINT('',(-57.89305,19.743091,0.));
#4437 = CIRCLE('',#4438,1.5);
#4438 = AXIS2_PLACEMENT_3D('',#4439,#4440,#4441);
#4439 = CARTESIAN_POINT('',(-57.89305,21.243091,0.));
#4440 = DIRECTION('',(-0.,0.,-1.));
#4441 = DIRECTION('',(-0.,-1.,0.));
#4442 = FACE_BOUND('',#4443,.F.);
#4443 = EDGE_LOOP('',(#4444));
#4444 = ORIENTED_EDGE('',*,*,#4445,.T.);
#4445 = EDGE_CURVE('',#4446,#4446,#4448,.T.);
#4446 = VERTEX_POINT('',#4447);
#4447 = CARTESIAN_POINT('',(7.6,-15.261,0.));
#4448 = CIRCLE('',#4449,0.381);
#4449 = AXIS2_PLACEMENT_3D('',#4450,#4451,#4452);
#4450 = CARTESIAN_POINT('',(7.6,-14.88,0.));
#4451 = DIRECTION('',(-0.,0.,-1.));
#4452 = DIRECTION('',(-0.,-1.,0.));
#4453 = FACE_BOUND('',#4454,.F.);
#4454 = EDGE_LOOP('',(#4455));
#4455 = ORIENTED_EDGE('',*,*,#4456,.T.);
#4456 = EDGE_CURVE('',#4457,#4457,#4459,.T.);
#4457 = VERTEX_POINT('',#4458);
#4458 = CARTESIAN_POINT('',(7.6,-12.721,0.));
#4459 = CIRCLE('',#4460,0.381);
#4460 = AXIS2_PLACEMENT_3D('',#4461,#4462,#4463);
#4461 = CARTESIAN_POINT('',(7.6,-12.34,0.));
#4462 = DIRECTION('',(-0.,0.,-1.));
#4463 = DIRECTION('',(-0.,-1.,0.));
#4464 = FACE_BOUND('',#4465,.F.);
#4465 = EDGE_LOOP('',(#4466));
#4466 = ORIENTED_EDGE('',*,*,#4467,.T.);
#4467 = EDGE_CURVE('',#4468,#4468,#4470,.T.);
#4468 = VERTEX_POINT('',#4469);
#4469 = CARTESIAN_POINT('',(7.6,-10.181,0.));
#4470 = CIRCLE('',#4471,0.381);
#4471 = AXIS2_PLACEMENT_3D('',#4472,#4473,#4474);
#4472 = CARTESIAN_POINT('',(7.6,-9.8,0.));
#4473 = DIRECTION('',(-0.,0.,-1.));
#4474 = DIRECTION('',(-0.,-1.,0.));
#4475 = FACE_BOUND('',#4476,.F.);
#4476 = EDGE_LOOP('',(#4477));
#4477 = ORIENTED_EDGE('',*,*,#4478,.T.);
#4478 = EDGE_CURVE('',#4479,#4479,#4481,.T.);
#4479 = VERTEX_POINT('',#4480);
#4480 = CARTESIAN_POINT('',(7.6,-7.641,0.));
#4481 = CIRCLE('',#4482,0.381);
#4482 = AXIS2_PLACEMENT_3D('',#4483,#4484,#4485);
#4483 = CARTESIAN_POINT('',(7.6,-7.26,0.));
#4484 = DIRECTION('',(-0.,0.,-1.));
#4485 = DIRECTION('',(-0.,-1.,0.));
#4486 = FACE_BOUND('',#4487,.F.);
#4487 = EDGE_LOOP('',(#4488));
#4488 = ORIENTED_EDGE('',*,*,#4489,.T.);
#4489 = EDGE_CURVE('',#4490,#4490,#4492,.T.);
#4490 = VERTEX_POINT('',#4491);
#4491 = CARTESIAN_POINT('',(41.933611,-10.752509,0.));
#4492 = CIRCLE('',#4493,0.95);
#4493 = AXIS2_PLACEMENT_3D('',#4494,#4495,#4496);
#4494 = CARTESIAN_POINT('',(41.933611,-9.802509,0.));
#4495 = DIRECTION('',(-0.,0.,-1.));
#4496 = DIRECTION('',(-0.,-1.,0.));
#4497 = FACE_BOUND('',#4498,.F.);
#4498 = EDGE_LOOP('',(#4499));
#4499 = ORIENTED_EDGE('',*,*,#4500,.T.);
#4500 = EDGE_CURVE('',#4501,#4501,#4503,.T.);
#4501 = VERTEX_POINT('',#4502);
#4502 = CARTESIAN_POINT('',(63.572195,-10.87966,0.));
#4503 = CIRCLE('',#4504,0.4953);
#4504 = AXIS2_PLACEMENT_3D('',#4505,#4506,#4507);
#4505 = CARTESIAN_POINT('',(63.572195,-10.38436,0.));
#4506 = DIRECTION('',(-0.,0.,-1.));
#4507 = DIRECTION('',(1.434570433596E-14,-1.,-0.));
#4508 = FACE_BOUND('',#4509,.F.);
#4509 = EDGE_LOOP('',(#4510));
#4510 = ORIENTED_EDGE('',*,*,#4511,.T.);
#4511 = EDGE_CURVE('',#4512,#4512,#4514,.T.);
#4512 = VERTEX_POINT('',#4513);
#4513 = CARTESIAN_POINT('',(46.920277,-10.883199,0.));
#4514 = CIRCLE('',#4515,2.05);
#4515 = AXIS2_PLACEMENT_3D('',#4516,#4517,#4518);
#4516 = CARTESIAN_POINT('',(46.920277,-8.833199,0.));
#4517 = DIRECTION('',(-0.,0.,-1.));
#4518 = DIRECTION('',(-0.,-1.,0.));
#4519 = FACE_BOUND('',#4520,.F.);
#4520 = EDGE_LOOP('',(#4521));
#4521 = ORIENTED_EDGE('',*,*,#4522,.T.);
#4522 = EDGE_CURVE('',#4523,#4523,#4525,.T.);
#4523 = VERTEX_POINT('',#4524);
#4524 = CARTESIAN_POINT('',(42.695623,-8.566848,0.));
#4525 = CIRCLE('',#4526,1.5);
#4526 = AXIS2_PLACEMENT_3D('',#4527,#4528,#4529);
#4527 = CARTESIAN_POINT('',(42.695623,-7.066848,0.));
#4528 = DIRECTION('',(-0.,0.,-1.));
#4529 = DIRECTION('',(-0.,-1.,0.));
#4530 = FACE_BOUND('',#4531,.F.);
#4531 = EDGE_LOOP('',(#4532));
#4532 = ORIENTED_EDGE('',*,*,#4533,.T.);
#4533 = EDGE_CURVE('',#4534,#4534,#4536,.T.);
#4534 = VERTEX_POINT('',#4535);
#4535 = CARTESIAN_POINT('',(48.4443,-4.861878,0.));
#4536 = CIRCLE('',#4537,1.5);
#4537 = AXIS2_PLACEMENT_3D('',#4538,#4539,#4540);
#4538 = CARTESIAN_POINT('',(48.4443,-3.361878,0.));
#4539 = DIRECTION('',(-0.,0.,-1.));
#4540 = DIRECTION('',(-0.,-1.,0.));
#4541 = FACE_BOUND('',#4542,.F.);
#4542 = EDGE_LOOP('',(#4543));
#4543 = ORIENTED_EDGE('',*,*,#4544,.T.);
#4544 = EDGE_CURVE('',#4545,#4545,#4547,.T.);
#4545 = VERTEX_POINT('',#4546);
#4546 = CARTESIAN_POINT('',(51.906943,-8.813889,0.));
#4547 = CIRCLE('',#4548,0.95);
#4548 = AXIS2_PLACEMENT_3D('',#4549,#4550,#4551);
#4549 = CARTESIAN_POINT('',(51.906943,-7.863889,0.));
#4550 = DIRECTION('',(-0.,0.,-1.));
#4551 = DIRECTION('',(-0.,-1.,0.));
#4552 = FACE_BOUND('',#4553,.F.);
#4553 = EDGE_LOOP('',(#4554));
#4554 = ORIENTED_EDGE('',*,*,#4555,.T.);
#4555 = EDGE_CURVE('',#4556,#4556,#4558,.T.);
#4556 = VERTEX_POINT('',#4557);
#4557 = CARTESIAN_POINT('',(41.866955,0.946057,0.));
#4558 = CIRCLE('',#4559,0.4953);
#4559 = AXIS2_PLACEMENT_3D('',#4560,#4561,#4562);
#4560 = CARTESIAN_POINT('',(41.866955,1.441357,0.));
#4561 = DIRECTION('',(-0.,0.,-1.));
#4562 = DIRECTION('',(-0.,-1.,0.));
#4563 = FACE_BOUND('',#4564,.F.);
#4564 = EDGE_LOOP('',(#4565));
#4565 = ORIENTED_EDGE('',*,*,#4566,.T.);
#4566 = EDGE_CURVE('',#4567,#4567,#4569,.T.);
#4567 = VERTEX_POINT('',#4568);
#4568 = CARTESIAN_POINT('',(47.756719,2.090909,0.));
#4569 = CIRCLE('',#4570,0.4953);
#4570 = AXIS2_PLACEMENT_3D('',#4571,#4572,#4573);
#4571 = CARTESIAN_POINT('',(47.756719,2.586209,0.));
#4572 = DIRECTION('',(-0.,0.,-1.));
#4573 = DIRECTION('',(-0.,-1.,0.));
#4574 = FACE_BOUND('',#4575,.F.);
#4575 = EDGE_LOOP('',(#4576));
#4576 = ORIENTED_EDGE('',*,*,#4577,.T.);
#4577 = EDGE_CURVE('',#4578,#4578,#4580,.T.);
#4578 = VERTEX_POINT('',#4579);
#4579 = CARTESIAN_POINT('',(60.003939,-3.878228,0.));
#4580 = CIRCLE('',#4581,0.95);
#4581 = AXIS2_PLACEMENT_3D('',#4582,#4583,#4584);
#4582 = CARTESIAN_POINT('',(60.003939,-2.928228,0.));
#4583 = DIRECTION('',(-0.,0.,-1.));
#4584 = DIRECTION('',(-0.,-1.,0.));
#4585 = FACE_BOUND('',#4586,.F.);
#4586 = EDGE_LOOP('',(#4587));
#4587 = ORIENTED_EDGE('',*,*,#4588,.T.);
#4588 = EDGE_CURVE('',#4589,#4589,#4591,.T.);
#4589 = VERTEX_POINT('',#4590);
#4590 = CARTESIAN_POINT('',(60.765951,-1.692567,0.));
#4591 = CIRCLE('',#4592,1.5);
#4592 = AXIS2_PLACEMENT_3D('',#4593,#4594,#4595);
#4593 = CARTESIAN_POINT('',(60.765951,-0.192567,0.));
#4594 = DIRECTION('',(-0.,0.,-1.));
#4595 = DIRECTION('',(-0.,-1.,0.));
#4596 = FACE_BOUND('',#4597,.F.);
#4597 = EDGE_LOOP('',(#4598));
#4598 = ORIENTED_EDGE('',*,*,#4599,.T.);
#4599 = EDGE_CURVE('',#4600,#4600,#4602,.T.);
#4600 = VERTEX_POINT('',#4601);
#4601 = CARTESIAN_POINT('',(38.298699,7.947489,0.));
#4602 = CIRCLE('',#4603,0.95);
#4603 = AXIS2_PLACEMENT_3D('',#4604,#4605,#4606);
#4604 = CARTESIAN_POINT('',(38.298699,8.897489,0.));
#4605 = DIRECTION('',(-0.,0.,-1.));
#4606 = DIRECTION('',(-0.,-1.,0.));
#4607 = FACE_BOUND('',#4608,.F.);
#4608 = EDGE_LOOP('',(#4609));
#4609 = ORIENTED_EDGE('',*,*,#4610,.T.);
#4610 = EDGE_CURVE('',#4611,#4611,#4613,.T.);
#4611 = VERTEX_POINT('',#4612);
#4612 = CARTESIAN_POINT('',(59.937283,7.820338,0.));
#4613 = CIRCLE('',#4614,0.4953);
#4614 = AXIS2_PLACEMENT_3D('',#4615,#4616,#4617);
#4615 = CARTESIAN_POINT('',(59.937283,8.315638,0.));
#4616 = DIRECTION('',(-0.,0.,-1.));
#4617 = DIRECTION('',(-0.,-1.,0.));
#4618 = FACE_BOUND('',#4619,.F.);
#4619 = EDGE_LOOP('',(#4620));
#4620 = ORIENTED_EDGE('',*,*,#4621,.T.);
#4621 = EDGE_CURVE('',#4622,#4622,#4624,.T.);
#4622 = VERTEX_POINT('',#4623);
#4623 = CARTESIAN_POINT('',(70.149539,-16.687595,0.));
#4624 = CIRCLE('',#4625,1.5);
#4625 = AXIS2_PLACEMENT_3D('',#4626,#4627,#4628);
#4626 = CARTESIAN_POINT('',(70.149539,-15.187595,0.));
#4627 = DIRECTION('',(-0.,0.,-1.));
#4628 = DIRECTION('',(-0.,-1.,0.));
#4629 = FACE_BOUND('',#4630,.F.);
#4630 = EDGE_LOOP('',(#4631));
#4631 = ORIENTED_EDGE('',*,*,#4632,.T.);
#4632 = EDGE_CURVE('',#4633,#4633,#4635,.T.);
#4633 = VERTEX_POINT('',#4634);
#4634 = CARTESIAN_POINT('',(80.945942,-11.777436,0.));
#4635 = CIRCLE('',#4636,0.95);
#4636 = AXIS2_PLACEMENT_3D('',#4637,#4638,#4639);
#4637 = CARTESIAN_POINT('',(80.945942,-10.827436,0.));
#4638 = DIRECTION('',(-0.,0.,-1.));
#4639 = DIRECTION('',(-0.,-1.,0.));
#4640 = FACE_BOUND('',#4641,.F.);
#4641 = EDGE_LOOP('',(#4642));
#4642 = ORIENTED_EDGE('',*,*,#4643,.T.);
#4643 = EDGE_CURVE('',#4644,#4644,#4646,.T.);
#4644 = VERTEX_POINT('',#4645);
#4645 = CARTESIAN_POINT('',(85.932608,-11.908126,0.));
#4646 = CIRCLE('',#4647,2.05);
#4647 = AXIS2_PLACEMENT_3D('',#4648,#4649,#4650);
#4648 = CARTESIAN_POINT('',(85.932608,-9.858126,0.));
#4649 = DIRECTION('',(-0.,0.,-1.));
#4650 = DIRECTION('',(-0.,-1.,0.));
#4651 = FACE_BOUND('',#4652,.F.);
#4652 = EDGE_LOOP('',(#4653));
#4653 = ORIENTED_EDGE('',*,*,#4654,.T.);
#4654 = EDGE_CURVE('',#4655,#4655,#4657,.T.);
#4655 = VERTEX_POINT('',#4656);
#4656 = CARTESIAN_POINT('',(69.461959,-9.734808,0.));
#4657 = CIRCLE('',#4658,0.4953);
#4658 = AXIS2_PLACEMENT_3D('',#4659,#4660,#4661);
#4659 = CARTESIAN_POINT('',(69.461959,-9.239508,0.));
#4660 = DIRECTION('',(-0.,0.,-1.));
#4661 = DIRECTION('',(-2.869140867192E-14,-1.,0.));
#4662 = FACE_BOUND('',#4663,.F.);
#4663 = EDGE_LOOP('',(#4664));
#4664 = ORIENTED_EDGE('',*,*,#4665,.T.);
#4665 = EDGE_CURVE('',#4666,#4666,#4668,.T.);
#4666 = VERTEX_POINT('',#4667);
#4667 = CARTESIAN_POINT('',(81.707954,-9.591775,0.));
#4668 = CIRCLE('',#4669,1.5);
#4669 = AXIS2_PLACEMENT_3D('',#4670,#4671,#4672);
#4670 = CARTESIAN_POINT('',(81.707954,-8.091775,0.));
#4671 = DIRECTION('',(-0.,0.,-1.));
#4672 = DIRECTION('',(-0.,-1.,0.));
#4673 = FACE_BOUND('',#4674,.F.);
#4674 = EDGE_LOOP('',(#4675));
#4675 = ORIENTED_EDGE('',*,*,#4676,.T.);
#4676 = EDGE_CURVE('',#4677,#4677,#4679,.T.);
#4677 = VERTEX_POINT('',#4678);
#4678 = CARTESIAN_POINT('',(90.919274,-9.838816,0.));
#4679 = CIRCLE('',#4680,0.95);
#4680 = AXIS2_PLACEMENT_3D('',#4681,#4682,#4683);
#4681 = CARTESIAN_POINT('',(90.919274,-8.888816,0.));
#4682 = DIRECTION('',(-0.,0.,-1.));
#4683 = DIRECTION('',(-0.,-1.,0.));
#4684 = FACE_BOUND('',#4685,.F.);
#4685 = EDGE_LOOP('',(#4686));
#4686 = ORIENTED_EDGE('',*,*,#4687,.T.);
#4687 = EDGE_CURVE('',#4688,#4688,#4690,.T.);
#4688 = VERTEX_POINT('',#4689);
#4689 = CARTESIAN_POINT('',(87.456631,-5.886805,0.));
#4690 = CIRCLE('',#4691,1.5);
#4691 = AXIS2_PLACEMENT_3D('',#4692,#4693,#4694);
#4692 = CARTESIAN_POINT('',(87.456631,-4.386805,0.));
#4693 = DIRECTION('',(-0.,0.,-1.));
#4694 = DIRECTION('',(-0.,-1.,0.));
#4695 = FACE_BOUND('',#4696,.F.);
#4696 = EDGE_LOOP('',(#4697));
#4697 = ORIENTED_EDGE('',*,*,#4698,.T.);
#4698 = EDGE_CURVE('',#4699,#4699,#4701,.T.);
#4699 = VERTEX_POINT('',#4700);
#4700 = CARTESIAN_POINT('',(100.848037,-14.326776,0.));
#4701 = CIRCLE('',#4702,0.95);
#4702 = AXIS2_PLACEMENT_3D('',#4703,#4704,#4705);
#4703 = CARTESIAN_POINT('',(100.848037,-13.376776,0.));
#4704 = DIRECTION('',(-0.,0.,-1.));
#4705 = DIRECTION('',(-0.,-1.,0.));
#4706 = FACE_BOUND('',#4707,.F.);
#4707 = EDGE_LOOP('',(#4708));
#4708 = ORIENTED_EDGE('',*,*,#4709,.T.);
#4709 = EDGE_CURVE('',#4710,#4710,#4712,.T.);
#4710 = VERTEX_POINT('',#4711);
#4711 = CARTESIAN_POINT('',(101.610049,-12.141115,0.));
#4712 = CIRCLE('',#4713,1.5);
#4713 = AXIS2_PLACEMENT_3D('',#4714,#4715,#4716);
#4714 = CARTESIAN_POINT('',(101.610049,-10.641115,0.));
#4715 = DIRECTION('',(-0.,0.,-1.));
#4716 = DIRECTION('',(-0.,-1.,0.));
#4717 = FACE_BOUND('',#4718,.F.);
#4718 = EDGE_LOOP('',(#4719));
#4719 = ORIENTED_EDGE('',*,*,#4720,.T.);
#4720 = EDGE_CURVE('',#4721,#4721,#4723,.T.);
#4721 = VERTEX_POINT('',#4722);
#4722 = CARTESIAN_POINT('',(105.834703,-14.457466,0.));
#4723 = CIRCLE('',#4724,2.05);
#4724 = AXIS2_PLACEMENT_3D('',#4725,#4726,#4727);
#4725 = CARTESIAN_POINT('',(105.834703,-12.407466,0.));
#4726 = DIRECTION('',(-0.,0.,-1.));
#4727 = DIRECTION('',(6.932124251318E-15,-1.,-0.));
#4728 = FACE_BOUND('',#4729,.F.);
#4729 = EDGE_LOOP('',(#4730));
#4730 = ORIENTED_EDGE('',*,*,#4731,.T.);
#4731 = EDGE_CURVE('',#4732,#4732,#4734,.T.);
#4732 = VERTEX_POINT('',#4733);
#4733 = CARTESIAN_POINT('',(110.821369,-12.388156,0.));
#4734 = CIRCLE('',#4735,0.95);
#4735 = AXIS2_PLACEMENT_3D('',#4736,#4737,#4738);
#4736 = CARTESIAN_POINT('',(110.821369,-11.438156,0.));
#4737 = DIRECTION('',(-0.,0.,-1.));
#4738 = DIRECTION('',(-0.,-1.,0.));
#4739 = FACE_BOUND('',#4740,.F.);
#4740 = EDGE_LOOP('',(#4741));
#4741 = ORIENTED_EDGE('',*,*,#4742,.T.);
#4742 = EDGE_CURVE('',#4743,#4743,#4745,.T.);
#4743 = VERTEX_POINT('',#4744);
#4744 = CARTESIAN_POINT('',(121.866492,-11.263639,0.));
#4745 = CIRCLE('',#4746,0.4953);
#4746 = AXIS2_PLACEMENT_3D('',#4747,#4748,#4749);
#4747 = CARTESIAN_POINT('',(121.866492,-10.768339,0.));
#4748 = DIRECTION('',(-0.,0.,-1.));
#4749 = DIRECTION('',(-0.,-1.,0.));
#4750 = FACE_BOUND('',#4751,.F.);
#4751 = EDGE_LOOP('',(#4752));
#4752 = ORIENTED_EDGE('',*,*,#4753,.T.);
#4753 = EDGE_CURVE('',#4754,#4754,#4756,.T.);
#4754 = VERTEX_POINT('',#4755);
#4755 = CARTESIAN_POINT('',(127.756256,-10.118787,0.));
#4756 = CIRCLE('',#4757,0.4953);
#4757 = AXIS2_PLACEMENT_3D('',#4758,#4759,#4760);
#4758 = CARTESIAN_POINT('',(127.756256,-9.623487,0.));
#4759 = DIRECTION('',(-0.,0.,-1.));
#4760 = DIRECTION('',(-0.,-1.,0.));
#4761 = FACE_BOUND('',#4762,.F.);
#4762 = EDGE_LOOP('',(#4763));
#4763 = ORIENTED_EDGE('',*,*,#4764,.T.);
#4764 = EDGE_CURVE('',#4765,#4765,#4767,.T.);
#4765 = VERTEX_POINT('',#4766);
#4766 = CARTESIAN_POINT('',(107.358726,-8.436145,0.));
#4767 = CIRCLE('',#4768,1.5);
#4768 = AXIS2_PLACEMENT_3D('',#4769,#4770,#4771);
#4769 = CARTESIAN_POINT('',(107.358726,-6.936145,0.));
#4770 = DIRECTION('',(-0.,0.,-1.));
#4771 = DIRECTION('',(-0.,-1.,0.));
#4772 = FACE_BOUND('',#4773,.F.);
#4773 = EDGE_LOOP('',(#4774));
#4774 = ORIENTED_EDGE('',*,*,#4775,.T.);
#4775 = EDGE_CURVE('',#4776,#4776,#4778,.T.);
#4776 = VERTEX_POINT('',#4777);
#4777 = CARTESIAN_POINT('',(118.298236,-4.262207,0.));
#4778 = CIRCLE('',#4779,0.95);
#4779 = AXIS2_PLACEMENT_3D('',#4780,#4781,#4782);
#4780 = CARTESIAN_POINT('',(118.298236,-3.312207,0.));
#4781 = DIRECTION('',(-0.,0.,-1.));
#4782 = DIRECTION('',(-0.,-1.,0.));
#4783 = FACE_BOUND('',#4784,.F.);
#4784 = EDGE_LOOP('',(#4785));
#4785 = ORIENTED_EDGE('',*,*,#4786,.T.);
#4786 = EDGE_CURVE('',#4787,#4787,#4789,.T.);
#4787 = VERTEX_POINT('',#4788);
#4788 = CARTESIAN_POINT('',(64.990605,-4.008918,0.));
#4789 = CIRCLE('',#4790,2.05);
#4790 = AXIS2_PLACEMENT_3D('',#4791,#4792,#4793);
#4791 = CARTESIAN_POINT('',(64.990605,-1.958918,0.));
#4792 = DIRECTION('',(-0.,0.,-1.));
#4793 = DIRECTION('',(-0.,-1.,0.));
#4794 = FACE_BOUND('',#4795,.F.);
#4795 = EDGE_LOOP('',(#4796));
#4796 = ORIENTED_EDGE('',*,*,#4797,.T.);
#4797 = EDGE_CURVE('',#4798,#4798,#4800,.T.);
#4798 = VERTEX_POINT('',#4799);
#4799 = CARTESIAN_POINT('',(69.977271,-1.939608,0.));
#4800 = CIRCLE('',#4801,0.95);
#4801 = AXIS2_PLACEMENT_3D('',#4802,#4803,#4804);
#4802 = CARTESIAN_POINT('',(69.977271,-0.989608,0.));
#4803 = DIRECTION('',(-0.,0.,-1.));
#4804 = DIRECTION('',(-0.,-1.,0.));
#4805 = FACE_BOUND('',#4806,.F.);
#4806 = EDGE_LOOP('',(#4807));
#4807 = ORIENTED_EDGE('',*,*,#4808,.T.);
#4808 = EDGE_CURVE('',#4809,#4809,#4811,.T.);
#4809 = VERTEX_POINT('',#4810);
#4810 = CARTESIAN_POINT('',(80.879287,-7.887E-02,0.));
#4811 = CIRCLE('',#4812,0.4953);
#4812 = AXIS2_PLACEMENT_3D('',#4813,#4814,#4815);
#4813 = CARTESIAN_POINT('',(80.879287,0.41643,0.));
#4814 = DIRECTION('',(-0.,0.,-1.));
#4815 = DIRECTION('',(-0.,-1.,0.));
#4816 = FACE_BOUND('',#4817,.F.);
#4817 = EDGE_LOOP('',(#4818));
#4818 = ORIENTED_EDGE('',*,*,#4819,.T.);
#4819 = EDGE_CURVE('',#4820,#4820,#4822,.T.);
#4820 = VERTEX_POINT('',#4821);
#4821 = CARTESIAN_POINT('',(86.769051,1.065982,0.));
#4822 = CIRCLE('',#4823,0.4953);
#4823 = AXIS2_PLACEMENT_3D('',#4824,#4825,#4826);
#4824 = CARTESIAN_POINT('',(86.769051,1.561282,0.));
#4825 = DIRECTION('',(-0.,0.,-1.));
#4826 = DIRECTION('',(-0.,-1.,0.));
#4827 = FACE_BOUND('',#4828,.F.);
#4828 = EDGE_LOOP('',(#4829));
#4829 = ORIENTED_EDGE('',*,*,#4830,.T.);
#4830 = EDGE_CURVE('',#4831,#4831,#4833,.T.);
#4831 = VERTEX_POINT('',#4832);
#4832 = CARTESIAN_POINT('',(66.514628,2.012403,0.));
#4833 = CIRCLE('',#4834,1.5);
#4834 = AXIS2_PLACEMENT_3D('',#4835,#4836,#4837);
#4835 = CARTESIAN_POINT('',(66.514628,3.512403,0.));
#4836 = DIRECTION('',(-0.,0.,-1.));
#4837 = DIRECTION('',(-0.,-1.,0.));
#4838 = FACE_BOUND('',#4839,.F.);
#4839 = EDGE_LOOP('',(#4840));
#4840 = ORIENTED_EDGE('',*,*,#4841,.T.);
#4841 = EDGE_CURVE('',#4842,#4842,#4844,.T.);
#4842 = VERTEX_POINT('',#4843);
#4843 = CARTESIAN_POINT('',(77.311031,6.922562,0.));
#4844 = CIRCLE('',#4845,0.95);
#4845 = AXIS2_PLACEMENT_3D('',#4846,#4847,#4848);
#4846 = CARTESIAN_POINT('',(77.311031,7.872562,0.));
#4847 = DIRECTION('',(-0.,0.,-1.));
#4848 = DIRECTION('',(-0.,-1.,0.));
#4849 = FACE_BOUND('',#4850,.F.);
#4850 = EDGE_LOOP('',(#4851));
#4851 = ORIENTED_EDGE('',*,*,#4852,.T.);
#4852 = EDGE_CURVE('',#4853,#4853,#4855,.T.);
#4853 = VERTEX_POINT('',#4854);
#4854 = CARTESIAN_POINT('',(82.297697,6.791872,0.));
#4855 = CIRCLE('',#4856,2.05);
#4856 = AXIS2_PLACEMENT_3D('',#4857,#4858,#4859);
#4857 = CARTESIAN_POINT('',(82.297697,8.841872,0.));
#4858 = DIRECTION('',(-0.,0.,-1.));
#4859 = DIRECTION('',(-0.,-1.,0.));
#4860 = FACE_BOUND('',#4861,.F.);
#4861 = EDGE_LOOP('',(#4862));
#4862 = ORIENTED_EDGE('',*,*,#4863,.T.);
#4863 = EDGE_CURVE('',#4864,#4864,#4866,.T.);
#4864 = VERTEX_POINT('',#4865);
#4865 = CARTESIAN_POINT('',(100.781381,-2.62821,0.));
#4866 = CIRCLE('',#4867,0.4953);
#4867 = AXIS2_PLACEMENT_3D('',#4868,#4869,#4870);
#4868 = CARTESIAN_POINT('',(100.781381,-2.13291,0.));
#4869 = DIRECTION('',(-0.,0.,-1.));
#4870 = DIRECTION('',(-0.,-1.,0.));
#4871 = FACE_BOUND('',#4872,.F.);
#4872 = EDGE_LOOP('',(#4873));
#4873 = ORIENTED_EDGE('',*,*,#4874,.T.);
#4874 = EDGE_CURVE('',#4875,#4875,#4877,.T.);
#4875 = VERTEX_POINT('',#4876);
#4876 = CARTESIAN_POINT('',(106.671145,-1.483358,0.));
#4877 = CIRCLE('',#4878,0.4953);
#4878 = AXIS2_PLACEMENT_3D('',#4879,#4880,#4881);
#4879 = CARTESIAN_POINT('',(106.671145,-0.988058,0.));
#4880 = DIRECTION('',(-0.,0.,-1.));
#4881 = DIRECTION('',(-0.,-1.,0.));
#4882 = FACE_BOUND('',#4883,.F.);
#4883 = EDGE_LOOP('',(#4884));
#4884 = ORIENTED_EDGE('',*,*,#4885,.T.);
#4885 = EDGE_CURVE('',#4886,#4886,#4888,.T.);
#4886 = VERTEX_POINT('',#4887);
#4887 = CARTESIAN_POINT('',(119.060248,-2.076546,0.));
#4888 = CIRCLE('',#4889,1.5);
#4889 = AXIS2_PLACEMENT_3D('',#4890,#4891,#4892);
#4890 = CARTESIAN_POINT('',(119.060248,-0.576546,0.));
#4891 = DIRECTION('',(-0.,0.,-1.));
#4892 = DIRECTION('',(-0.,-1.,0.));
#4893 = FACE_BOUND('',#4894,.F.);
#4894 = EDGE_LOOP('',(#4895));
#4895 = ORIENTED_EDGE('',*,*,#4896,.T.);
#4896 = EDGE_CURVE('',#4897,#4897,#4899,.T.);
#4897 = VERTEX_POINT('',#4898);
#4898 = CARTESIAN_POINT('',(123.284902,-4.392897,0.));
#4899 = CIRCLE('',#4900,2.05);
#4900 = AXIS2_PLACEMENT_3D('',#4901,#4902,#4903);
#4901 = CARTESIAN_POINT('',(123.284902,-2.342897,0.));
#4902 = DIRECTION('',(-0.,0.,-1.));
#4903 = DIRECTION('',(-0.,-1.,0.));
#4904 = FACE_BOUND('',#4905,.F.);
#4905 = EDGE_LOOP('',(#4906));
#4906 = ORIENTED_EDGE('',*,*,#4907,.T.);
#4907 = EDGE_CURVE('',#4908,#4908,#4910,.T.);
#4908 = VERTEX_POINT('',#4909);
#4909 = CARTESIAN_POINT('',(128.271568,-2.323587,0.));
#4910 = CIRCLE('',#4911,0.95);
#4911 = AXIS2_PLACEMENT_3D('',#4912,#4913,#4914);
#4912 = CARTESIAN_POINT('',(128.271568,-1.373587,0.));
#4913 = DIRECTION('',(-0.,0.,-1.));
#4914 = DIRECTION('',(-0.,-1.,0.));
#4915 = FACE_BOUND('',#4916,.F.);
#4916 = EDGE_LOOP('',(#4917));
#4917 = ORIENTED_EDGE('',*,*,#4918,.T.);
#4918 = EDGE_CURVE('',#4919,#4919,#4921,.T.);
#4919 = VERTEX_POINT('',#4920);
#4920 = CARTESIAN_POINT('',(97.213125,4.373222,0.));
#4921 = CIRCLE('',#4922,0.95);
#4922 = AXIS2_PLACEMENT_3D('',#4923,#4924,#4925);
#4923 = CARTESIAN_POINT('',(97.213125,5.323222,0.));
#4924 = DIRECTION('',(-0.,0.,-1.));
#4925 = DIRECTION('',(1.495879443705E-14,-1.,-0.));
#4926 = FACE_BOUND('',#4927,.F.);
#4927 = EDGE_LOOP('',(#4928));
#4928 = ORIENTED_EDGE('',*,*,#4929,.T.);
#4929 = EDGE_CURVE('',#4930,#4930,#4932,.T.);
#4930 = VERTEX_POINT('',#4931);
#4931 = CARTESIAN_POINT('',(102.199791,4.242532,0.));
#4932 = CIRCLE('',#4933,2.05);
#4933 = AXIS2_PLACEMENT_3D('',#4934,#4935,#4936);
#4934 = CARTESIAN_POINT('',(102.199791,6.292532,0.));
#4935 = DIRECTION('',(-0.,0.,-1.));
#4936 = DIRECTION('',(-0.,-1.,0.));
#4937 = FACE_BOUND('',#4938,.F.);
#4938 = EDGE_LOOP('',(#4939));
#4939 = ORIENTED_EDGE('',*,*,#4940,.T.);
#4940 = EDGE_CURVE('',#4941,#4941,#4943,.T.);
#4941 = VERTEX_POINT('',#4942);
#4942 = CARTESIAN_POINT('',(97.975137,6.558883,0.));
#4943 = CIRCLE('',#4944,1.5);
#4944 = AXIS2_PLACEMENT_3D('',#4945,#4946,#4947);
#4945 = CARTESIAN_POINT('',(97.975137,8.058883,0.));
#4946 = DIRECTION('',(-0.,0.,-1.));
#4947 = DIRECTION('',(-0.,-1.,0.));
#4948 = FACE_BOUND('',#4949,.F.);
#4949 = EDGE_LOOP('',(#4950));
#4950 = ORIENTED_EDGE('',*,*,#4951,.T.);
#4951 = EDGE_CURVE('',#4952,#4952,#4954,.T.);
#4952 = VERTEX_POINT('',#4953);
#4953 = CARTESIAN_POINT('',(107.186457,6.311842,0.));
#4954 = CIRCLE('',#4955,0.95);
#4955 = AXIS2_PLACEMENT_3D('',#4956,#4957,#4958);
#4956 = CARTESIAN_POINT('',(107.186457,7.261842,0.));
#4957 = DIRECTION('',(-0.,0.,-1.));
#4958 = DIRECTION('',(1.495879443705E-14,-1.,-0.));
#4959 = FACE_BOUND('',#4960,.F.);
#4960 = EDGE_LOOP('',(#4961));
#4961 = ORIENTED_EDGE('',*,*,#4962,.T.);
#4962 = EDGE_CURVE('',#4963,#4963,#4965,.T.);
#4963 = VERTEX_POINT('',#4964);
#4964 = CARTESIAN_POINT('',(124.808925,1.628424,0.));
#4965 = CIRCLE('',#4966,1.5);
#4966 = AXIS2_PLACEMENT_3D('',#4967,#4968,#4969);
#4967 = CARTESIAN_POINT('',(124.808925,3.128424,0.));
#4968 = DIRECTION('',(-0.,0.,-1.));
#4969 = DIRECTION('',(-0.,-1.,0.));
#4970 = FACE_BOUND('',#4971,.F.);
#4971 = EDGE_LOOP('',(#4972));
#4972 = ORIENTED_EDGE('',*,*,#4973,.T.);
#4973 = EDGE_CURVE('',#4974,#4974,#4976,.T.);
#4974 = VERTEX_POINT('',#4975);
#4975 = CARTESIAN_POINT('',(118.23158,7.436359,0.));
#4976 = CIRCLE('',#4977,0.4953);
#4977 = AXIS2_PLACEMENT_3D('',#4978,#4979,#4980);
#4978 = CARTESIAN_POINT('',(118.23158,7.931659,0.));
#4979 = DIRECTION('',(-0.,0.,-1.));
#4980 = DIRECTION('',(-0.,-1.,0.));
#4981 = FACE_BOUND('',#4982,.F.);
#4982 = EDGE_LOOP('',(#4983));
#4983 = ORIENTED_EDGE('',*,*,#4984,.T.);
#4984 = EDGE_CURVE('',#4985,#4985,#4987,.T.);
#4985 = VERTEX_POINT('',#4986);
#4986 = CARTESIAN_POINT('',(124.121344,8.581211,0.));
#4987 = CIRCLE('',#4988,0.4953);
#4988 = AXIS2_PLACEMENT_3D('',#4989,#4990,#4991);
#4989 = CARTESIAN_POINT('',(124.121344,9.076511,0.));
#4990 = DIRECTION('',(-0.,0.,-1.));
#4991 = DIRECTION('',(-0.,-1.,0.));
#4992 = FACE_BOUND('',#4993,.F.);
#4993 = EDGE_LOOP('',(#4994));
#4994 = ORIENTED_EDGE('',*,*,#4995,.T.);
#4995 = EDGE_CURVE('',#4996,#4996,#4998,.T.);
#4996 = VERTEX_POINT('',#4997);
#4997 = CARTESIAN_POINT('',(39.060711,10.13315,0.));
#4998 = CIRCLE('',#4999,1.5);
#4999 = AXIS2_PLACEMENT_3D('',#5000,#5001,#5002);
#5000 = CARTESIAN_POINT('',(39.060711,11.63315,0.));
#5001 = DIRECTION('',(-0.,0.,-1.));
#5002 = DIRECTION('',(-0.,-1.,0.));
#5003 = FACE_BOUND('',#5004,.F.);
#5004 = EDGE_LOOP('',(#5005));
#5005 = ORIENTED_EDGE('',*,*,#5006,.T.);
#5006 = EDGE_CURVE('',#5007,#5007,#5009,.T.);
#5007 = VERTEX_POINT('',#5008);
#5008 = CARTESIAN_POINT('',(43.285365,7.816799,0.));
#5009 = CIRCLE('',#5010,2.05);
#5010 = AXIS2_PLACEMENT_3D('',#5011,#5012,#5013);
#5011 = CARTESIAN_POINT('',(43.285365,9.866799,0.));
#5012 = DIRECTION('',(-0.,0.,-1.));
#5013 = DIRECTION('',(-0.,-1.,0.));
#5014 = FACE_BOUND('',#5015,.F.);
#5015 = EDGE_LOOP('',(#5016));
#5016 = ORIENTED_EDGE('',*,*,#5017,.T.);
#5017 = EDGE_CURVE('',#5018,#5018,#5020,.T.);
#5018 = VERTEX_POINT('',#5019);
#5019 = CARTESIAN_POINT('',(48.272031,9.886109,0.));
#5020 = CIRCLE('',#5021,0.95);
#5021 = AXIS2_PLACEMENT_3D('',#5022,#5023,#5024);
#5022 = CARTESIAN_POINT('',(48.272031,10.836109,0.));
#5023 = DIRECTION('',(-0.,0.,-1.));
#5024 = DIRECTION('',(-0.,-1.,0.));
#5025 = FACE_BOUND('',#5026,.F.);
#5026 = EDGE_LOOP('',(#5027));
#5027 = ORIENTED_EDGE('',*,*,#5028,.T.);
#5028 = EDGE_CURVE('',#5029,#5029,#5031,.T.);
#5029 = VERTEX_POINT('',#5030);
#5030 = CARTESIAN_POINT('',(44.809388,13.83812,0.));
#5031 = CIRCLE('',#5032,1.5);
#5032 = AXIS2_PLACEMENT_3D('',#5033,#5034,#5035);
#5033 = CARTESIAN_POINT('',(44.809388,15.33812,0.));
#5034 = DIRECTION('',(-0.,0.,-1.));
#5035 = DIRECTION('',(-0.,-1.,0.));
#5036 = FACE_BOUND('',#5037,.F.);
#5037 = EDGE_LOOP('',(#5038));
#5038 = ORIENTED_EDGE('',*,*,#5039,.T.);
#5039 = EDGE_CURVE('',#5040,#5040,#5042,.T.);
#5040 = VERTEX_POINT('',#5041);
#5041 = CARTESIAN_POINT('',(56.369027,14.82177,0.));
#5042 = CIRCLE('',#5043,0.95);
#5043 = AXIS2_PLACEMENT_3D('',#5044,#5045,#5046);
#5044 = CARTESIAN_POINT('',(56.369027,15.77177,0.));
#5045 = DIRECTION('',(-0.,0.,-1.));
#5046 = DIRECTION('',(-0.,-1.,0.));
#5047 = FACE_BOUND('',#5048,.F.);
#5048 = EDGE_LOOP('',(#5049));
#5049 = ORIENTED_EDGE('',*,*,#5050,.T.);
#5050 = EDGE_CURVE('',#5051,#5051,#5053,.T.);
#5051 = VERTEX_POINT('',#5052);
#5052 = CARTESIAN_POINT('',(61.355693,14.69108,0.));
#5053 = CIRCLE('',#5054,2.05);
#5054 = AXIS2_PLACEMENT_3D('',#5055,#5056,#5057);
#5055 = CARTESIAN_POINT('',(61.355693,16.74108,0.));
#5056 = DIRECTION('',(-0.,0.,-1.));
#5057 = DIRECTION('',(-0.,-1.,0.));
#5058 = FACE_BOUND('',#5059,.F.);
#5059 = EDGE_LOOP('',(#5060));
#5060 = ORIENTED_EDGE('',*,*,#5061,.T.);
#5061 = EDGE_CURVE('',#5062,#5062,#5064,.T.);
#5062 = VERTEX_POINT('',#5063);
#5063 = CARTESIAN_POINT('',(57.131039,17.007431,0.));
#5064 = CIRCLE('',#5065,1.5);
#5065 = AXIS2_PLACEMENT_3D('',#5066,#5067,#5068);
#5066 = CARTESIAN_POINT('',(57.131039,18.507431,0.));
#5067 = DIRECTION('',(-0.,0.,-1.));
#5068 = DIRECTION('',(-0.,-1.,0.));
#5069 = FACE_BOUND('',#5070,.F.);
#5070 = EDGE_LOOP('',(#5071));
#5071 = ORIENTED_EDGE('',*,*,#5072,.T.);
#5072 = EDGE_CURVE('',#5073,#5073,#5075,.T.);
#5073 = VERTEX_POINT('',#5074);
#5074 = CARTESIAN_POINT('',(62.879716,20.712401,0.));
#5075 = CIRCLE('',#5076,1.5);
#5076 = AXIS2_PLACEMENT_3D('',#5077,#5078,#5079);
#5077 = CARTESIAN_POINT('',(62.879716,22.212401,0.));
#5078 = DIRECTION('',(-0.,0.,-1.));
#5079 = DIRECTION('',(-0.,-1.,0.));
#5080 = FACE_BOUND('',#5081,.F.);
#5081 = EDGE_LOOP('',(#5082));
#5082 = ORIENTED_EDGE('',*,*,#5083,.T.);
#5083 = EDGE_CURVE('',#5084,#5084,#5086,.T.);
#5084 = VERTEX_POINT('',#5085);
#5085 = CARTESIAN_POINT('',(65.827047,8.96519,0.));
#5086 = CIRCLE('',#5087,0.4953);
#5087 = AXIS2_PLACEMENT_3D('',#5088,#5089,#5090);
#5088 = CARTESIAN_POINT('',(65.827047,9.46049,0.));
#5089 = DIRECTION('',(-0.,0.,-1.));
#5090 = DIRECTION('',(-0.,-1.,0.));
#5091 = FACE_BOUND('',#5092,.F.);
#5092 = EDGE_LOOP('',(#5093));
#5093 = ORIENTED_EDGE('',*,*,#5094,.T.);
#5094 = EDGE_CURVE('',#5095,#5095,#5097,.T.);
#5095 = VERTEX_POINT('',#5096);
#5096 = CARTESIAN_POINT('',(78.073043,9.108223,0.));
#5097 = CIRCLE('',#5098,1.5);
#5098 = AXIS2_PLACEMENT_3D('',#5099,#5100,#5101);
#5099 = CARTESIAN_POINT('',(78.073043,10.608223,0.));
#5100 = DIRECTION('',(-0.,0.,-1.));
#5101 = DIRECTION('',(-0.,-1.,0.));
#5102 = FACE_BOUND('',#5103,.F.);
#5103 = EDGE_LOOP('',(#5104));
#5104 = ORIENTED_EDGE('',*,*,#5105,.T.);
#5105 = EDGE_CURVE('',#5106,#5106,#5108,.T.);
#5106 = VERTEX_POINT('',#5107);
#5107 = CARTESIAN_POINT('',(87.284363,8.861182,0.));
#5108 = CIRCLE('',#5109,0.95);
#5109 = AXIS2_PLACEMENT_3D('',#5110,#5111,#5112);
#5110 = CARTESIAN_POINT('',(87.284363,9.811182,0.));
#5111 = DIRECTION('',(-0.,0.,-1.));
#5112 = DIRECTION('',(-0.,-1.,0.));
#5113 = FACE_BOUND('',#5114,.F.);
#5114 = EDGE_LOOP('',(#5115));
#5115 = ORIENTED_EDGE('',*,*,#5116,.T.);
#5116 = EDGE_CURVE('',#5117,#5117,#5119,.T.);
#5117 = VERTEX_POINT('',#5118);
#5118 = CARTESIAN_POINT('',(83.82172,12.813193,0.));
#5119 = CIRCLE('',#5120,1.5);
#5120 = AXIS2_PLACEMENT_3D('',#5121,#5122,#5123);
#5121 = CARTESIAN_POINT('',(83.82172,14.313193,0.));
#5122 = DIRECTION('',(-0.,0.,-1.));
#5123 = DIRECTION('',(-0.,-1.,0.));
#5124 = FACE_BOUND('',#5125,.F.);
#5125 = EDGE_LOOP('',(#5126));
#5126 = ORIENTED_EDGE('',*,*,#5127,.T.);
#5127 = EDGE_CURVE('',#5128,#5128,#5130,.T.);
#5128 = VERTEX_POINT('',#5129);
#5129 = CARTESIAN_POINT('',(66.342359,16.76039,0.));
#5130 = CIRCLE('',#5131,0.95);
#5131 = AXIS2_PLACEMENT_3D('',#5132,#5133,#5134);
#5132 = CARTESIAN_POINT('',(66.342359,17.71039,0.));
#5133 = DIRECTION('',(-0.,0.,-1.));
#5134 = DIRECTION('',(-0.,-1.,0.));
#5135 = FACE_BOUND('',#5136,.F.);
#5136 = EDGE_LOOP('',(#5137));
#5137 = ORIENTED_EDGE('',*,*,#5138,.T.);
#5138 = EDGE_CURVE('',#5139,#5139,#5141,.T.);
#5139 = VERTEX_POINT('',#5140);
#5140 = CARTESIAN_POINT('',(77.244375,18.621127,0.));
#5141 = CIRCLE('',#5142,0.4953);
#5142 = AXIS2_PLACEMENT_3D('',#5143,#5144,#5145);
#5143 = CARTESIAN_POINT('',(77.244375,19.116427,0.));
#5144 = DIRECTION('',(-0.,0.,-1.));
#5145 = DIRECTION('',(-0.,-1.,0.));
#5146 = FACE_BOUND('',#5147,.F.);
#5147 = EDGE_LOOP('',(#5148));
#5148 = ORIENTED_EDGE('',*,*,#5149,.T.);
#5149 = EDGE_CURVE('',#5150,#5150,#5152,.T.);
#5150 = VERTEX_POINT('',#5151);
#5151 = CARTESIAN_POINT('',(83.134139,19.765979,0.));
#5152 = CIRCLE('',#5153,0.4953);
#5153 = AXIS2_PLACEMENT_3D('',#5154,#5155,#5156);
#5154 = CARTESIAN_POINT('',(83.134139,20.261279,0.));
#5155 = DIRECTION('',(-0.,0.,-1.));
#5156 = DIRECTION('',(-0.,-1.,0.));
#5157 = FACE_BOUND('',#5158,.F.);
#5158 = EDGE_LOOP('',(#5159));
#5159 = ORIENTED_EDGE('',*,*,#5160,.T.);
#5160 = EDGE_CURVE('',#5161,#5161,#5163,.T.);
#5161 = VERTEX_POINT('',#5162);
#5162 = CARTESIAN_POINT('',(103.723814,10.263853,0.));
#5163 = CIRCLE('',#5164,1.5);
#5164 = AXIS2_PLACEMENT_3D('',#5165,#5166,#5167);
#5165 = CARTESIAN_POINT('',(103.723814,11.763853,0.));
#5166 = DIRECTION('',(-0.,0.,-1.));
#5167 = DIRECTION('',(-0.,-1.,0.));
#5168 = FACE_BOUND('',#5169,.F.);
#5169 = EDGE_LOOP('',(#5170));
#5170 = ORIENTED_EDGE('',*,*,#5171,.T.);
#5171 = EDGE_CURVE('',#5172,#5172,#5174,.T.);
#5172 = VERTEX_POINT('',#5173);
#5173 = CARTESIAN_POINT('',(114.663324,14.437791,0.));
#5174 = CIRCLE('',#5175,0.95);
#5175 = AXIS2_PLACEMENT_3D('',#5176,#5177,#5178);
#5176 = CARTESIAN_POINT('',(114.663324,15.387791,0.));
#5177 = DIRECTION('',(-0.,0.,-1.));
#5178 = DIRECTION('',(-0.,-1.,0.));
#5179 = FACE_BOUND('',#5180,.F.);
#5180 = EDGE_LOOP('',(#5181));
#5181 = ORIENTED_EDGE('',*,*,#5182,.T.);
#5182 = EDGE_CURVE('',#5183,#5183,#5185,.T.);
#5183 = VERTEX_POINT('',#5184);
#5184 = CARTESIAN_POINT('',(97.14647,16.071788,0.));
#5185 = CIRCLE('',#5186,0.4953);
#5186 = AXIS2_PLACEMENT_3D('',#5187,#5188,#5189);
#5187 = CARTESIAN_POINT('',(97.14647,16.567088,0.));
#5188 = DIRECTION('',(-0.,0.,-1.));
#5189 = DIRECTION('',(-0.,-1.,0.));
#5190 = FACE_BOUND('',#5191,.F.);
#5191 = EDGE_LOOP('',(#5192));
#5192 = ORIENTED_EDGE('',*,*,#5193,.T.);
#5193 = EDGE_CURVE('',#5194,#5194,#5196,.T.);
#5194 = VERTEX_POINT('',#5195);
#5195 = CARTESIAN_POINT('',(103.036234,17.21664,0.));
#5196 = CIRCLE('',#5197,0.4953);
#5197 = AXIS2_PLACEMENT_3D('',#5198,#5199,#5200);
#5198 = CARTESIAN_POINT('',(103.036234,17.71194,0.));
#5199 = DIRECTION('',(-0.,0.,-1.));
#5200 = DIRECTION('',(-0.,-1.,0.));
#5201 = FACE_BOUND('',#5202,.F.);
#5202 = EDGE_LOOP('',(#5203));
#5203 = ORIENTED_EDGE('',*,*,#5204,.T.);
#5204 = EDGE_CURVE('',#5205,#5205,#5207,.T.);
#5205 = VERTEX_POINT('',#5206);
#5206 = CARTESIAN_POINT('',(119.64999,14.307101,0.));
#5207 = CIRCLE('',#5208,2.05);
#5208 = AXIS2_PLACEMENT_3D('',#5209,#5210,#5211);
#5209 = CARTESIAN_POINT('',(119.64999,16.357101,0.));
#5210 = DIRECTION('',(-0.,0.,-1.));
#5211 = DIRECTION('',(-0.,-1.,0.));
#5212 = FACE_BOUND('',#5213,.F.);
#5213 = EDGE_LOOP('',(#5214));
#5214 = ORIENTED_EDGE('',*,*,#5215,.T.);
#5215 = EDGE_CURVE('',#5216,#5216,#5218,.T.);
#5216 = VERTEX_POINT('',#5217);
#5217 = CARTESIAN_POINT('',(115.425336,16.623452,0.));
#5218 = CIRCLE('',#5219,1.5);
#5219 = AXIS2_PLACEMENT_3D('',#5220,#5221,#5222);
#5220 = CARTESIAN_POINT('',(115.425336,18.123452,0.));
#5221 = DIRECTION('',(-0.,0.,-1.));
#5222 = DIRECTION('',(-0.,-1.,0.));
#5223 = FACE_BOUND('',#5224,.F.);
#5224 = EDGE_LOOP('',(#5225));
#5225 = ORIENTED_EDGE('',*,*,#5226,.T.);
#5226 = EDGE_CURVE('',#5227,#5227,#5229,.T.);
#5227 = VERTEX_POINT('',#5228);
#5228 = CARTESIAN_POINT('',(124.636656,16.376411,0.));
#5229 = CIRCLE('',#5230,0.95);
#5230 = AXIS2_PLACEMENT_3D('',#5231,#5232,#5233);
#5231 = CARTESIAN_POINT('',(124.636656,17.326411,0.));
#5232 = DIRECTION('',(-0.,0.,-1.));
#5233 = DIRECTION('',(-0.,-1.,0.));
#5234 = FACE_BOUND('',#5235,.F.);
#5235 = EDGE_LOOP('',(#5236));
#5236 = ORIENTED_EDGE('',*,*,#5237,.T.);
#5237 = EDGE_CURVE('',#5238,#5238,#5240,.T.);
#5238 = VERTEX_POINT('',#5239);
#5239 = CARTESIAN_POINT('',(121.174013,20.328422,0.));
#5240 = CIRCLE('',#5241,1.5);
#5241 = AXIS2_PLACEMENT_3D('',#5242,#5243,#5244);
#5242 = CARTESIAN_POINT('',(121.174013,21.828422,0.));
#5243 = DIRECTION('',(-0.,0.,-1.));
#5244 = DIRECTION('',(-0.,-1.,0.));
#5245 = FACE_BOUND('',#5246,.F.);
#5246 = EDGE_LOOP('',(#5247));
#5247 = ORIENTED_EDGE('',*,*,#5248,.T.);
#5248 = EDGE_CURVE('',#5249,#5249,#5251,.T.);
#5249 = VERTEX_POINT('',#5250);
#5250 = CARTESIAN_POINT('',(73.676119,25.622559,0.));
#5251 = CIRCLE('',#5252,0.95);
#5252 = AXIS2_PLACEMENT_3D('',#5253,#5254,#5255);
#5253 = CARTESIAN_POINT('',(73.676119,26.572559,0.));
#5254 = DIRECTION('',(-0.,0.,-1.));
#5255 = DIRECTION('',(-0.,-1.,0.));
#5256 = FACE_BOUND('',#5257,.F.);
#5257 = EDGE_LOOP('',(#5258));
#5258 = ORIENTED_EDGE('',*,*,#5259,.T.);
#5259 = EDGE_CURVE('',#5260,#5260,#5262,.T.);
#5260 = VERTEX_POINT('',#5261);
#5261 = CARTESIAN_POINT('',(78.662785,25.491869,0.));
#5262 = CIRCLE('',#5263,2.05);
#5263 = AXIS2_PLACEMENT_3D('',#5264,#5265,#5266);
#5264 = CARTESIAN_POINT('',(78.662785,27.541869,0.));
#5265 = DIRECTION('',(-0.,0.,-1.));
#5266 = DIRECTION('',(-0.,-1.,0.));
#5267 = FACE_BOUND('',#5268,.F.);
#5268 = EDGE_LOOP('',(#5269));
#5269 = ORIENTED_EDGE('',*,*,#5270,.T.);
#5270 = EDGE_CURVE('',#5271,#5271,#5273,.T.);
#5271 = VERTEX_POINT('',#5272);
#5272 = CARTESIAN_POINT('',(93.578214,23.07322,0.));
#5273 = CIRCLE('',#5274,0.95);
#5274 = AXIS2_PLACEMENT_3D('',#5275,#5276,#5277);
#5275 = CARTESIAN_POINT('',(93.578214,24.02322,0.));
#5276 = DIRECTION('',(-0.,0.,-1.));
#5277 = DIRECTION('',(-0.,-1.,0.));
#5278 = FACE_BOUND('',#5279,.F.);
#5279 = EDGE_LOOP('',(#5280));
#5280 = ORIENTED_EDGE('',*,*,#5281,.T.);
#5281 = EDGE_CURVE('',#5282,#5282,#5284,.T.);
#5282 = VERTEX_POINT('',#5283);
#5283 = CARTESIAN_POINT('',(94.340226,25.258881,0.));
#5284 = CIRCLE('',#5285,1.5);
#5285 = AXIS2_PLACEMENT_3D('',#5286,#5287,#5288);
#5286 = CARTESIAN_POINT('',(94.340226,26.758881,0.));
#5287 = DIRECTION('',(-0.,0.,-1.));
#5288 = DIRECTION('',(-0.,-1.,0.));
#5289 = FACE_BOUND('',#5290,.F.);
#5290 = EDGE_LOOP('',(#5291));
#5291 = ORIENTED_EDGE('',*,*,#5292,.T.);
#5292 = EDGE_CURVE('',#5293,#5293,#5295,.T.);
#5293 = VERTEX_POINT('',#5294);
#5294 = CARTESIAN_POINT('',(74.438131,27.80822,0.));
#5295 = CIRCLE('',#5296,1.5);
#5296 = AXIS2_PLACEMENT_3D('',#5297,#5298,#5299);
#5297 = CARTESIAN_POINT('',(74.438131,29.30822,0.));
#5298 = DIRECTION('',(-0.,0.,-1.));
#5299 = DIRECTION('',(-0.,-1.,0.));
#5300 = FACE_BOUND('',#5301,.F.);
#5301 = EDGE_LOOP('',(#5302));
#5302 = ORIENTED_EDGE('',*,*,#5303,.T.);
#5303 = EDGE_CURVE('',#5304,#5304,#5306,.T.);
#5304 = VERTEX_POINT('',#5305);
#5305 = CARTESIAN_POINT('',(80.186808,31.51319,0.));
#5306 = CIRCLE('',#5307,1.5);
#5307 = AXIS2_PLACEMENT_3D('',#5308,#5309,#5310);
#5308 = CARTESIAN_POINT('',(80.186808,33.01319,0.));
#5309 = DIRECTION('',(-0.,0.,-1.));
#5310 = DIRECTION('',(-0.,-1.,0.));
#5311 = FACE_BOUND('',#5312,.F.);
#5312 = EDGE_LOOP('',(#5313));
#5313 = ORIENTED_EDGE('',*,*,#5314,.T.);
#5314 = EDGE_CURVE('',#5315,#5315,#5317,.T.);
#5315 = VERTEX_POINT('',#5316);
#5316 = CARTESIAN_POINT('',(83.649451,27.561179,0.));
#5317 = CIRCLE('',#5318,0.95);
#5318 = AXIS2_PLACEMENT_3D('',#5319,#5320,#5321);
#5319 = CARTESIAN_POINT('',(83.649451,28.511179,0.));
#5320 = DIRECTION('',(-0.,0.,-1.));
#5321 = DIRECTION('',(-0.,-1.,0.));
#5322 = FACE_BOUND('',#5323,.F.);
#5323 = EDGE_LOOP('',(#5324));
#5324 = ORIENTED_EDGE('',*,*,#5325,.T.);
#5325 = EDGE_CURVE('',#5326,#5326,#5328,.T.);
#5326 = VERTEX_POINT('',#5327);
#5327 = CARTESIAN_POINT('',(98.56488,22.94253,0.));
#5328 = CIRCLE('',#5329,2.05);
#5329 = AXIS2_PLACEMENT_3D('',#5330,#5331,#5332);
#5330 = CARTESIAN_POINT('',(98.56488,24.99253,0.));
#5331 = DIRECTION('',(-0.,0.,-1.));
#5332 = DIRECTION('',(-0.,-1.,0.));
#5333 = FACE_BOUND('',#5334,.F.);
#5334 = EDGE_LOOP('',(#5335));
#5335 = ORIENTED_EDGE('',*,*,#5336,.T.);
#5336 = EDGE_CURVE('',#5337,#5337,#5339,.T.);
#5337 = VERTEX_POINT('',#5338);
#5338 = CARTESIAN_POINT('',(103.551546,25.01184,0.));
#5339 = CIRCLE('',#5340,0.95);
#5340 = AXIS2_PLACEMENT_3D('',#5341,#5342,#5343);
#5341 = CARTESIAN_POINT('',(103.551546,25.96184,0.));
#5342 = DIRECTION('',(-0.,0.,-1.));
#5343 = DIRECTION('',(-0.,-1.,0.));
#5344 = FACE_BOUND('',#5345,.F.);
#5345 = EDGE_LOOP('',(#5346));
#5346 = ORIENTED_EDGE('',*,*,#5347,.T.);
#5347 = EDGE_CURVE('',#5348,#5348,#5350,.T.);
#5348 = VERTEX_POINT('',#5349);
#5349 = CARTESIAN_POINT('',(100.088903,28.963851,0.));
#5350 = CIRCLE('',#5351,1.5);
#5351 = AXIS2_PLACEMENT_3D('',#5352,#5353,#5354);
#5352 = CARTESIAN_POINT('',(100.088903,30.463851,0.));
#5353 = DIRECTION('',(-0.,0.,-1.));
#5354 = DIRECTION('',(-0.,-1.,0.));
#5355 = PLANE('',#5356);
#5356 = AXIS2_PLACEMENT_3D('',#5357,#5358,#5359);
#5357 = CARTESIAN_POINT('',(0.,0.,0.));
#5358 = DIRECTION('',(0.,0.,1.));
#5359 = DIRECTION('',(1.,0.,-0.));
#5360 = ADVANCED_FACE('',(#5361,#7925,#7936,#7947,#7958,#7969,#7980,
    #7991,#8002,#8013,#8024,#8035,#8046,#8057,#8068,#8079,#8090,#8101,
    #8112,#8123,#8134,#8145,#8156,#8167,#8178,#8189,#8200,#8211,#8222,
    #8233,#8244,#8255,#8266,#8277,#8288,#8299,#8310,#8321,#8332,#8343,
    #8354,#8365,#8376,#8387,#8398,#8409,#8420,#8431,#8442,#8453,#8464,
    #8475,#8486,#8497,#8508,#8519,#8530,#8541,#8552,#8563,#8574,#8585,
    #8596,#8607,#8618,#8629,#8640,#8651,#8662,#8673,#8684,#8695,#8706,
    #8717,#8728,#8739,#8750,#8761,#8772,#8783,#8794,#8805,#8816,#8827,
    #8838,#8849,#8860,#8871,#8882,#8893,#8904,#8915,#8926,#8937,#8948,
    #8959,#8970,#8981,#8992,#9003,#9014,#9025,#9036,#9047,#9058,#9069,
    #9080,#9091,#9102,#9113,#9124,#9135,#9146,#9157,#9168,#9179,#9190,
    #9201,#9212,#9223,#9234,#9245,#9256,#9267,#9278,#9289,#9300,#9311,
    #9322,#9333,#9344,#9355,#9366,#9377,#9388,#9399,#9410,#9421,#9432,
    #9443,#9454,#9465,#9476,#9487,#9498,#9509,#9520,#9531,#9542,#9553,
    #9564,#9575,#9586,#9597,#9608,#9619,#9630,#9641,#9652,#9663,#9674,
    #9685,#9696,#9707,#9718,#9729,#9740,#9751,#9762,#9773,#9784,#9795,
    #9806,#9817,#9828,#9839,#9850,#9861,#9872,#9883,#9894,#9905,#9916,
    #9927,#9938,#9949,#9960,#9971,#9982,#9993,#10004,#10015,#10026,
    #10037,#10048,#10059,#10070,#10081,#10092,#10103,#10114,#10125,
    #10136,#10147,#10158,#10169,#10180,#10191,#10202,#10213,#10224,
    #10235,#10246,#10257,#10268,#10279,#10290,#10301,#10312,#10323,
    #10334,#10345,#10356,#10367,#10378,#10389,#10400,#10411,#10422,
    #10433,#10444,#10455,#10466,#10477,#10488,#10499,#10510,#10521,
    #10532,#10543,#10554,#10565),#10576,.T.);
#5361 = FACE_BOUND('',#5362,.T.);
#5362 = EDGE_LOOP('',(#5363,#5364,#5365,#5373,#5382,#5390,#5398,#5407,
    #5415,#5423,#5432,#5440,#5448,#5457,#5465,#5473,#5482,#5490,#5498,
    #5507,#5515,#5523,#5532,#5540,#5548,#5557,#5565,#5573,#5582,#5590,
    #5598,#5607,#5615,#5623,#5632,#5640,#5648,#5657,#5666,#5674,#5682,
    #5691,#5699,#5707,#5715,#5723,#5731,#5739,#5747,#5756,#5765,#5773,
    #5781,#5790,#5798,#5806,#5815,#5823,#5831,#5840,#5849,#5857,#5865,
    #5874,#5882,#5890,#5899,#5907,#5915,#5924,#5933,#5941,#5949,#5958,
    #5966,#5974,#5982,#5991,#5999,#6007,#6016,#6025,#6033,#6041,#6050,
    #6058,#6066,#6075,#6083,#6091,#6100,#6109,#6117,#6125,#6134,#6142,
    #6150,#6159,#6167,#6175,#6183,#6191,#6200,#6208,#6216,#6225,#6233,
    #6241,#6250,#6259,#6267,#6275,#6284,#6292,#6300,#6309,#6317,#6325,
    #6334,#6343,#6351,#6359,#6368,#6376,#6384,#6392,#6401,#6409,#6417,
    #6426,#6435,#6443,#6451,#6460,#6468,#6476,#6485,#6493,#6501,#6510,
    #6519,#6527,#6535,#6544,#6552,#6560,#6569,#6577,#6585,#6594,#6603,
    #6611,#6619,#6627,#6635,#6643,#6651,#6659,#6668,#6676,#6684,#6693,
    #6702,#6710,#6718,#6727,#6735,#6743,#6752,#6760,#6768,#6777,#6785,
    #6793,#6802,#6810,#6818,#6827,#6835,#6843,#6852,#6860,#6868,#6877,
    #6885,#6893,#6902,#6910,#6918,#6927,#6935,#6943,#6952,#6960,#6968,
    #6977,#6985,#6993,#7002,#7010,#7018,#7027,#7035,#7043,#7052,#7060,
    #7068,#7077,#7086,#7094,#7102,#7110,#7118,#7126,#7134,#7142,#7151,
    #7159,#7167,#7176,#7184,#7192,#7201,#7210,#7218,#7226,#7235,#7243,
    #7251,#7260,#7268,#7276,#7285,#7294,#7302,#7310,#7319,#7327,#7335,
    #7344,#7352,#7360,#7369,#7378,#7386,#7394,#7402,#7411,#7419,#7427,
    #7435,#7443,#7452,#7460,#7468,#7476,#7484,#7493,#7501,#7509,#7517,
    #7525,#7534,#7542,#7550,#7558,#7567,#7576,#7584,#7592,#7601,#7609,
    #7617,#7626,#7634,#7642,#7651,#7660,#7668,#7676,#7685,#7693,#7701,
    #7710,#7718,#7726,#7735,#7744,#7752,#7760,#7769,#7777,#7785,#7794,
    #7802,#7810,#7818,#7826,#7834,#7842,#7850,#7859,#7868,#7876,#7884,
    #7893,#7901,#7909,#7918,#7924));
#5363 = ORIENTED_EDGE('',*,*,#49,.F.);
#5364 = ORIENTED_EDGE('',*,*,#91,.F.);
#5365 = ORIENTED_EDGE('',*,*,#5366,.F.);
#5366 = EDGE_CURVE('',#5367,#84,#5369,.T.);
#5367 = VERTEX_POINT('',#5368);
#5368 = CARTESIAN_POINT('',(-87.015807,34.488327,1.51));
#5369 = LINE('',#5370,#5371);
#5370 = CARTESIAN_POINT('',(-87.015807,34.488327,1.51));
#5371 = VECTOR('',#5372,1.);
#5372 = DIRECTION('',(0.190808749068,0.981627231325,0.));
#5373 = ORIENTED_EDGE('',*,*,#5374,.F.);
#5374 = EDGE_CURVE('',#5375,#5367,#5377,.T.);
#5375 = VERTEX_POINT('',#5376);
#5376 = CARTESIAN_POINT('',(-89.36068,32.906691,1.51));
#5377 = CIRCLE('',#5378,2.000000481925);
#5378 = AXIS2_PLACEMENT_3D('',#5379,#5380,#5381);
#5379 = CARTESIAN_POINT('',(-88.97906170094,34.869945797913,1.51));
#5380 = DIRECTION('',(0.,0.,1.));
#5381 = DIRECTION('',(-0.19080910355,-0.981627162421,0.));
#5382 = ORIENTED_EDGE('',*,*,#5383,.F.);
#5383 = EDGE_CURVE('',#5384,#5375,#5386,.T.);
#5384 = VERTEX_POINT('',#5385);
#5385 = CARTESIAN_POINT('',(-96.747424,34.342528,1.51));
#5386 = LINE('',#5387,#5388);
#5387 = CARTESIAN_POINT('',(-96.747424,34.342528,1.51));
#5388 = VECTOR('',#5389,1.);
#5389 = DIRECTION('',(0.98162719794,-0.190808920819,0.));
#5390 = ORIENTED_EDGE('',*,*,#5391,.F.);
#5391 = EDGE_CURVE('',#5392,#5384,#5394,.T.);
#5392 = VERTEX_POINT('',#5393);
#5393 = CARTESIAN_POINT('',(-104.134169,35.778366,1.51));
#5394 = LINE('',#5395,#5396);
#5395 = CARTESIAN_POINT('',(-104.134169,35.778366,1.51));
#5396 = VECTOR('',#5397,1.);
#5397 = DIRECTION('',(0.981627177888,-0.190809023981,0.));
#5398 = ORIENTED_EDGE('',*,*,#5399,.F.);
#5399 = EDGE_CURVE('',#5400,#5392,#5402,.T.);
#5400 = VERTEX_POINT('',#5401);
#5401 = CARTESIAN_POINT('',(-106.479041,34.19673,1.51));
#5402 = CIRCLE('',#5403,1.999998806183);
#5403 = AXIS2_PLACEMENT_3D('',#5404,#5405,#5406);
#5404 = CARTESIAN_POINT('',(-104.5157876606,33.815112979485,1.51));
#5405 = DIRECTION('',(0.,0.,-1.));
#5406 = DIRECTION('',(-0.981627255606,0.190808624153,0.));
#5407 = ORIENTED_EDGE('',*,*,#5408,.F.);
#5408 = EDGE_CURVE('',#5409,#5400,#5411,.T.);
#5409 = VERTEX_POINT('',#5410);
#5410 = CARTESIAN_POINT('',(-107.289979,30.024814,1.51));
#5411 = LINE('',#5412,#5413);
#5412 = CARTESIAN_POINT('',(-107.289979,30.024814,1.51));
#5413 = VECTOR('',#5414,1.);
#5414 = DIRECTION('',(0.190808922421,0.981627197629,0.));
#5415 = ORIENTED_EDGE('',*,*,#5416,.F.);
#5416 = EDGE_CURVE('',#5417,#5409,#5419,.T.);
#5417 = VERTEX_POINT('',#5418);
#5418 = CARTESIAN_POINT('',(-108.100918,25.852899,1.51));
#5419 = LINE('',#5420,#5421);
#5420 = CARTESIAN_POINT('',(-108.100918,25.852899,1.51));
#5421 = VECTOR('',#5422,1.);
#5422 = DIRECTION('',(0.19080919322,0.981627144991,0.));
#5423 = ORIENTED_EDGE('',*,*,#5424,.F.);
#5424 = EDGE_CURVE('',#5425,#5417,#5427,.T.);
#5425 = VERTEX_POINT('',#5426);
#5426 = CARTESIAN_POINT('',(-110.44579,24.271262,1.51));
#5427 = CIRCLE('',#5428,2.000000481925);
#5428 = AXIS2_PLACEMENT_3D('',#5429,#5430,#5431);
#5429 = CARTESIAN_POINT('',(-110.0641728518,26.234517021624,1.51));
#5430 = DIRECTION('',(0.,0.,1.));
#5431 = DIRECTION('',(-0.190808528102,-0.981627274276,0.));
#5432 = ORIENTED_EDGE('',*,*,#5433,.F.);
#5433 = EDGE_CURVE('',#5434,#5425,#5436,.T.);
#5434 = VERTEX_POINT('',#5435);
#5435 = CARTESIAN_POINT('',(-117.832535,25.7071,1.51));
#5436 = LINE('',#5437,#5438);
#5437 = CARTESIAN_POINT('',(-117.832535,25.7071,1.51));
#5438 = VECTOR('',#5439,1.);
#5439 = DIRECTION('',(0.981627177888,-0.190809023981,0.));
#5440 = ORIENTED_EDGE('',*,*,#5441,.F.);
#5441 = EDGE_CURVE('',#5442,#5434,#5444,.T.);
#5442 = VERTEX_POINT('',#5443);
#5443 = CARTESIAN_POINT('',(-125.219279,27.142938,1.51));
#5444 = LINE('',#5445,#5446);
#5445 = CARTESIAN_POINT('',(-125.219279,27.142938,1.51));
#5446 = VECTOR('',#5447,1.);
#5447 = DIRECTION('',(0.981627173049,-0.190809048871,0.));
#5448 = ORIENTED_EDGE('',*,*,#5449,.F.);
#5449 = EDGE_CURVE('',#5450,#5442,#5452,.T.);
#5450 = VERTEX_POINT('',#5451);
#5451 = CARTESIAN_POINT('',(-127.564152,25.561301,1.51));
#5452 = CIRCLE('',#5453,2.000000156194);
#5453 = AXIS2_PLACEMENT_3D('',#5454,#5455,#5456);
#5454 = CARTESIAN_POINT('',(-125.6008973693,25.179683547578,1.51));
#5455 = DIRECTION('',(0.,0.,-1.));
#5456 = DIRECTION('',(-0.981627238665,0.190808711309,0.));
#5457 = ORIENTED_EDGE('',*,*,#5458,.F.);
#5458 = EDGE_CURVE('',#5459,#5450,#5461,.T.);
#5459 = VERTEX_POINT('',#5460);
#5460 = CARTESIAN_POINT('',(-130.817445,8.824558,1.51));
#5461 = LINE('',#5462,#5463);
#5462 = CARTESIAN_POINT('',(-130.817445,8.824558,1.51));
#5463 = VECTOR('',#5464,1.);
#5464 = DIRECTION('',(0.190808979648,0.981627186505,0.));
#5465 = ORIENTED_EDGE('',*,*,#5466,.F.);
#5466 = EDGE_CURVE('',#5467,#5459,#5469,.T.);
#5467 = VERTEX_POINT('',#5468);
#5468 = CARTESIAN_POINT('',(-134.070738,-7.912186,1.51));
#5469 = LINE('',#5470,#5471);
#5470 = CARTESIAN_POINT('',(-134.070738,-7.912186,1.51));
#5471 = VECTOR('',#5472,1.);
#5472 = DIRECTION('',(0.190808968663,0.98162718864,0.));
#5473 = ORIENTED_EDGE('',*,*,#5474,.F.);
#5474 = EDGE_CURVE('',#5475,#5467,#5477,.T.);
#5475 = VERTEX_POINT('',#5476);
#5476 = CARTESIAN_POINT('',(-132.489102,-10.257058,1.51));
#5477 = CIRCLE('',#5478,2.000000156194);
#5478 = AXIS2_PLACEMENT_3D('',#5479,#5480,#5481);
#5479 = CARTESIAN_POINT('',(-132.1074833966,-8.293803593058,1.51));
#5480 = DIRECTION('',(0.,0.,-1.));
#5481 = DIRECTION('',(-0.190809286757,-0.981627126809,-0.));
#5482 = ORIENTED_EDGE('',*,*,#5483,.F.);
#5483 = EDGE_CURVE('',#5484,#5475,#5486,.T.);
#5484 = VERTEX_POINT('',#5485);
#5485 = CARTESIAN_POINT('',(-125.102357,-11.692896,1.51));
#5486 = LINE('',#5487,#5488);
#5487 = CARTESIAN_POINT('',(-125.102357,-11.692896,1.51));
#5488 = VECTOR('',#5489,1.);
#5489 = DIRECTION('',(-0.981627177888,0.190809023981,0.));
#5490 = ORIENTED_EDGE('',*,*,#5491,.F.);
#5491 = EDGE_CURVE('',#5492,#5484,#5494,.T.);
#5492 = VERTEX_POINT('',#5493);
#5493 = CARTESIAN_POINT('',(-117.715613,-13.128733,1.51));
#5494 = LINE('',#5495,#5496);
#5495 = CARTESIAN_POINT('',(-117.715613,-13.128733,1.51));
#5496 = VECTOR('',#5497,1.);
#5497 = DIRECTION('',(-0.98162719794,0.190808920819,0.));
#5498 = ORIENTED_EDGE('',*,*,#5499,.F.);
#5499 = EDGE_CURVE('',#5500,#5492,#5502,.T.);
#5500 = VERTEX_POINT('',#5501);
#5501 = CARTESIAN_POINT('',(-116.133976,-15.473606,1.51));
#5502 = CIRCLE('',#5503,2.00000215767);
#5503 = AXIS2_PLACEMENT_3D('',#5504,#5505,#5506);
#5504 = CARTESIAN_POINT('',(-118.097232799,-15.09198921345,1.51));
#5505 = DIRECTION('',(0.,0.,1.));
#5506 = DIRECTION('',(0.981627340498,-0.190808187421,0.));
#5507 = ORIENTED_EDGE('',*,*,#5508,.F.);
#5508 = EDGE_CURVE('',#5509,#5500,#5511,.T.);
#5509 = VERTEX_POINT('',#5510);
#5510 = CARTESIAN_POINT('',(-116.377258,-16.72518,1.51));
#5511 = LINE('',#5512,#5513);
#5512 = CARTESIAN_POINT('',(-116.377258,-16.72518,1.51));
#5513 = VECTOR('',#5514,1.);
#5514 = DIRECTION('',(0.1908094934,0.981627086642,0.));
#5515 = ORIENTED_EDGE('',*,*,#5516,.F.);
#5516 = EDGE_CURVE('',#5517,#5509,#5519,.T.);
#5517 = VERTEX_POINT('',#5518);
#5518 = CARTESIAN_POINT('',(-116.620539,-17.976755,1.51));
#5519 = LINE('',#5520,#5521);
#5520 = CARTESIAN_POINT('',(-116.620539,-17.976755,1.51));
#5521 = VECTOR('',#5522,1.);
#5522 = DIRECTION('',(0.190808590737,0.981627262102,0.));
#5523 = ORIENTED_EDGE('',*,*,#5524,.F.);
#5524 = EDGE_CURVE('',#5525,#5517,#5527,.T.);
#5525 = VERTEX_POINT('',#5526);
#5526 = CARTESIAN_POINT('',(-115.038903,-20.321627,1.51));
#5527 = CIRCLE('',#5528,1.999998806183);
#5528 = AXIS2_PLACEMENT_3D('',#5529,#5530,#5531);
#5529 = CARTESIAN_POINT('',(-114.6572859794,-18.35837366067,1.51));
#5530 = DIRECTION('',(0.,0.,-1.));
#5531 = DIRECTION('',(-0.190808624153,-0.981627255606,-0.));
#5532 = ORIENTED_EDGE('',*,*,#5533,.F.);
#5533 = EDGE_CURVE('',#5534,#5525,#5536,.T.);
#5534 = VERTEX_POINT('',#5535);
#5535 = CARTESIAN_POINT('',(-107.652158,-21.757465,1.51));
#5536 = LINE('',#5537,#5538);
#5537 = CARTESIAN_POINT('',(-107.652158,-21.757465,1.51));
#5538 = VECTOR('',#5539,1.);
#5539 = DIRECTION('',(-0.981627177888,0.190809023981,0.));
#5540 = ORIENTED_EDGE('',*,*,#5541,.F.);
#5541 = EDGE_CURVE('',#5542,#5534,#5544,.T.);
#5542 = VERTEX_POINT('',#5543);
#5543 = CARTESIAN_POINT('',(-100.265414,-23.193303,1.51));
#5544 = LINE('',#5545,#5546);
#5545 = CARTESIAN_POINT('',(-100.265414,-23.193303,1.51));
#5546 = VECTOR('',#5547,1.);
#5547 = DIRECTION('',(-0.981627173049,0.190809048871,0.));
#5548 = ORIENTED_EDGE('',*,*,#5549,.F.);
#5549 = EDGE_CURVE('',#5550,#5542,#5552,.T.);
#5550 = VERTEX_POINT('',#5551);
#5551 = CARTESIAN_POINT('',(-97.920542,-21.611666,1.51));
#5552 = CIRCLE('',#5553,1.999998480454);
#5553 = AXIS2_PLACEMENT_3D('',#5554,#5555,#5556);
#5554 = CARTESIAN_POINT('',(-99.88379526903,-21.23005032497,1.51));
#5555 = DIRECTION('',(0.,0.,-1.));
#5556 = DIRECTION('',(0.981627380334,-0.190807982484,0.));
#5557 = ORIENTED_EDGE('',*,*,#5558,.F.);
#5558 = EDGE_CURVE('',#5559,#5550,#5561,.T.);
#5559 = VERTEX_POINT('',#5560);
#5560 = CARTESIAN_POINT('',(-97.701111,-20.482795,1.51));
#5561 = LINE('',#5562,#5563);
#5562 = CARTESIAN_POINT('',(-97.701111,-20.482795,1.51));
#5563 = VECTOR('',#5564,1.);
#5564 = DIRECTION('',(-0.190809586975,-0.981627068452,0.));
#5565 = ORIENTED_EDGE('',*,*,#5566,.F.);
#5566 = EDGE_CURVE('',#5567,#5559,#5569,.T.);
#5567 = VERTEX_POINT('',#5568);
#5568 = CARTESIAN_POINT('',(-97.481681,-19.353924,1.51));
#5569 = LINE('',#5570,#5571);
#5570 = CARTESIAN_POINT('',(-97.481681,-19.353924,1.51));
#5571 = VECTOR('',#5572,1.);
#5572 = DIRECTION('',(-0.190808749068,-0.981627231325,0.));
#5573 = ORIENTED_EDGE('',*,*,#5574,.F.);
#5574 = EDGE_CURVE('',#5575,#5567,#5577,.T.);
#5575 = VERTEX_POINT('',#5576);
#5576 = CARTESIAN_POINT('',(-95.136808,-17.772287,1.51));
#5577 = CIRCLE('',#5578,2.00000215767);
#5578 = AXIS2_PLACEMENT_3D('',#5579,#5580,#5581);
#5579 = CARTESIAN_POINT('',(-95.51842478654,-19.73554379902,1.51));
#5580 = DIRECTION('',(0.,0.,1.));
#5581 = DIRECTION('',(0.190808187421,0.981627340498,-0.));
#5582 = ORIENTED_EDGE('',*,*,#5583,.F.);
#5583 = EDGE_CURVE('',#5584,#5575,#5586,.T.);
#5584 = VERTEX_POINT('',#5585);
#5585 = CARTESIAN_POINT('',(-87.750064,-19.208125,1.51));
#5586 = LINE('',#5587,#5588);
#5587 = CARTESIAN_POINT('',(-87.750064,-19.208125,1.51));
#5588 = VECTOR('',#5589,1.);
#5589 = DIRECTION('',(-0.981627173049,0.190809048871,0.));
#5590 = ORIENTED_EDGE('',*,*,#5591,.F.);
#5591 = EDGE_CURVE('',#5592,#5584,#5594,.T.);
#5592 = VERTEX_POINT('',#5593);
#5593 = CARTESIAN_POINT('',(-80.363319,-20.643963,1.51));
#5594 = LINE('',#5595,#5596);
#5595 = CARTESIAN_POINT('',(-80.363319,-20.643963,1.51));
#5596 = VECTOR('',#5597,1.);
#5597 = DIRECTION('',(-0.981627177888,0.190809023981,0.));
#5598 = ORIENTED_EDGE('',*,*,#5599,.F.);
#5599 = EDGE_CURVE('',#5600,#5592,#5602,.T.);
#5600 = VERTEX_POINT('',#5601);
#5601 = CARTESIAN_POINT('',(-78.781683,-22.988835,1.51));
#5602 = CIRCLE('',#5603,1.999998806183);
#5603 = AXIS2_PLACEMENT_3D('',#5604,#5605,#5606);
#5604 = CARTESIAN_POINT('',(-80.74493602051,-22.60721633932,1.51));
#5605 = DIRECTION('',(0.,0.,1.));
#5606 = DIRECTION('',(0.981627096199,-0.190809444231,0.));
#5607 = ORIENTED_EDGE('',*,*,#5608,.F.);
#5608 = EDGE_CURVE('',#5609,#5600,#5611,.T.);
#5609 = VERTEX_POINT('',#5610);
#5610 = CARTESIAN_POINT('',(-79.096518,-24.60852,1.51));
#5611 = LINE('',#5612,#5613);
#5612 = CARTESIAN_POINT('',(-79.096518,-24.60852,1.51));
#5613 = VECTOR('',#5614,1.);
#5614 = DIRECTION('',(0.190809070709,0.981627168805,0.));
#5615 = ORIENTED_EDGE('',*,*,#5616,.F.);
#5616 = EDGE_CURVE('',#5617,#5609,#5619,.T.);
#5617 = VERTEX_POINT('',#5618);
#5618 = CARTESIAN_POINT('',(-79.411353,-26.228205,1.51));
#5619 = LINE('',#5620,#5621);
#5620 = CARTESIAN_POINT('',(-79.411353,-26.228205,1.51));
#5621 = VECTOR('',#5622,1.);
#5622 = DIRECTION('',(0.190809070709,0.981627168805,0.));
#5623 = ORIENTED_EDGE('',*,*,#5624,.F.);
#5624 = EDGE_CURVE('',#5625,#5617,#5627,.T.);
#5625 = VERTEX_POINT('',#5626);
#5626 = CARTESIAN_POINT('',(-77.829716,-28.573077,1.51));
#5627 = CIRCLE('',#5628,2.000000481925);
#5628 = AXIS2_PLACEMENT_3D('',#5629,#5630,#5631);
#5629 = CARTESIAN_POINT('',(-77.44809797837,-26.60982214816,1.51));
#5630 = DIRECTION('',(0.,0.,-1.));
#5631 = DIRECTION('',(-0.190808964834,-0.981627189385,-0.));
#5632 = ORIENTED_EDGE('',*,*,#5633,.F.);
#5633 = EDGE_CURVE('',#5634,#5625,#5636,.T.);
#5634 = VERTEX_POINT('',#5635);
#5635 = CARTESIAN_POINT('',(-70.442972,-30.008915,1.51));
#5636 = LINE('',#5637,#5638);
#5637 = CARTESIAN_POINT('',(-70.442972,-30.008915,1.51));
#5638 = VECTOR('',#5639,1.);
#5639 = DIRECTION('',(-0.981627173049,0.190809048871,0.));
#5640 = ORIENTED_EDGE('',*,*,#5641,.F.);
#5641 = EDGE_CURVE('',#5642,#5634,#5644,.T.);
#5642 = VERTEX_POINT('',#5643);
#5643 = CARTESIAN_POINT('',(-62.712658,-31.511536,1.51));
#5644 = LINE('',#5645,#5646);
#5645 = CARTESIAN_POINT('',(-62.712658,-31.511536,1.51));
#5646 = VECTOR('',#5647,1.);
#5647 = DIRECTION('',(-0.981627179287,0.190809016783,0.));
#5648 = ORIENTED_EDGE('',*,*,#5649,.F.);
#5649 = EDGE_CURVE('',#5650,#5642,#5652,.T.);
#5650 = VERTEX_POINT('',#5651);
#5651 = CARTESIAN_POINT('',(-61.407808,-33.446055,1.51));
#5652 = CIRCLE('',#5653,1.649999302567);
#5653 = AXIS2_PLACEMENT_3D('',#5654,#5655,#5656);
#5654 = CARTESIAN_POINT('',(-63.0274921648,-33.1312202739,1.51));
#5655 = DIRECTION('',(0.,0.,1.));
#5656 = DIRECTION('',(0.981627181469,-0.190809005557,0.));
#5657 = ORIENTED_EDGE('',*,*,#5658,.F.);
#5658 = EDGE_CURVE('',#5659,#5650,#5661,.T.);
#5659 = VERTEX_POINT('',#5660);
#5660 = CARTESIAN_POINT('',(-60.102958,-35.380575,1.51));
#5661 = CIRCLE('',#5662,1.649999628298);
#5662 = AXIS2_PLACEMENT_3D('',#5663,#5664,#5665);
#5663 = CARTESIAN_POINT('',(-59.7881236406,-33.76089043209,1.51));
#5664 = DIRECTION('',(0.,0.,-1.));
#5665 = DIRECTION('',(-0.190808745651,-0.981627231989,-0.));
#5666 = ORIENTED_EDGE('',*,*,#5667,.F.);
#5667 = EDGE_CURVE('',#5668,#5659,#5670,.T.);
#5668 = VERTEX_POINT('',#5669);
#5669 = CARTESIAN_POINT('',(-52.372644,-36.883196,1.51));
#5670 = LINE('',#5671,#5672);
#5671 = CARTESIAN_POINT('',(-52.372644,-36.883196,1.51));
#5672 = VECTOR('',#5673,1.);
#5673 = DIRECTION('',(-0.981627179287,0.190809016783,0.));
#5674 = ORIENTED_EDGE('',*,*,#5675,.F.);
#5675 = EDGE_CURVE('',#5676,#5668,#5678,.T.);
#5676 = VERTEX_POINT('',#5677);
#5677 = CARTESIAN_POINT('',(-44.985899,-38.319034,1.51));
#5678 = LINE('',#5679,#5680);
#5679 = CARTESIAN_POINT('',(-44.985899,-38.319034,1.51));
#5680 = VECTOR('',#5681,1.);
#5681 = DIRECTION('',(-0.981627177888,0.190809023981,0.));
#5682 = ORIENTED_EDGE('',*,*,#5683,.F.);
#5683 = EDGE_CURVE('',#5684,#5676,#5686,.T.);
#5684 = VERTEX_POINT('',#5685);
#5685 = CARTESIAN_POINT('',(-42.641027,-36.737397,1.51));
#5686 = CIRCLE('',#5687,2.000000481925);
#5687 = AXIS2_PLACEMENT_3D('',#5688,#5689,#5690);
#5688 = CARTESIAN_POINT('',(-44.60428185184,-36.35577897837,1.51));
#5689 = DIRECTION('',(0.,0.,-1.));
#5690 = DIRECTION('',(0.981627189385,-0.190808964834,0.));
#5691 = ORIENTED_EDGE('',*,*,#5692,.F.);
#5692 = EDGE_CURVE('',#5693,#5684,#5695,.T.);
#5693 = VERTEX_POINT('',#5694);
#5694 = CARTESIAN_POINT('',(-38.238109,-14.08635,1.51));
#5695 = LINE('',#5696,#5697);
#5696 = CARTESIAN_POINT('',(-38.238109,-14.08635,1.51));
#5697 = VECTOR('',#5698,1.);
#5698 = DIRECTION('',(-0.190809015498,-0.981627179536,0.));
#5699 = ORIENTED_EDGE('',*,*,#5700,.F.);
#5700 = EDGE_CURVE('',#5701,#5693,#5703,.T.);
#5701 = VERTEX_POINT('',#5702);
#5702 = CARTESIAN_POINT('',(-33.453574,10.527952,1.51));
#5703 = LINE('',#5704,#5705);
#5704 = CARTESIAN_POINT('',(-33.453574,10.527952,1.51));
#5705 = VECTOR('',#5706,1.);
#5706 = DIRECTION('',(-0.190808971091,-0.981627188168,0.));
#5707 = ORIENTED_EDGE('',*,*,#5708,.F.);
#5708 = EDGE_CURVE('',#5709,#5701,#5711,.T.);
#5709 = VERTEX_POINT('',#5710);
#5710 = CARTESIAN_POINT('',(-30.999506,10.050929,1.51));
#5711 = LINE('',#5712,#5713);
#5712 = CARTESIAN_POINT('',(-30.999506,10.050929,1.51));
#5713 = VECTOR('',#5714,1.);
#5714 = DIRECTION('',(-0.981627145724,0.19080918945,0.));
#5715 = ORIENTED_EDGE('',*,*,#5716,.F.);
#5716 = EDGE_CURVE('',#5717,#5709,#5719,.T.);
#5717 = VERTEX_POINT('',#5718);
#5718 = CARTESIAN_POINT('',(-30.508692,9.955525,1.51));
#5719 = LINE('',#5720,#5721);
#5720 = CARTESIAN_POINT('',(-30.508692,9.955525,1.51));
#5721 = VECTOR('',#5722,1.);
#5722 = DIRECTION('',(-0.981627399613,0.190807883297,0.));
#5723 = ORIENTED_EDGE('',*,*,#5724,.F.);
#5724 = EDGE_CURVE('',#5725,#5717,#5727,.T.);
#5725 = VERTEX_POINT('',#5726);
#5726 = CARTESIAN_POINT('',(-26.582183,9.192289,1.51));
#5727 = LINE('',#5728,#5729);
#5728 = CARTESIAN_POINT('',(-26.582183,9.192289,1.51));
#5729 = VECTOR('',#5730,1.);
#5730 = DIRECTION('',(-0.981627185005,0.190808987366,0.));
#5731 = ORIENTED_EDGE('',*,*,#5732,.F.);
#5732 = EDGE_CURVE('',#5733,#5725,#5735,.T.);
#5733 = VERTEX_POINT('',#5734);
#5734 = CARTESIAN_POINT('',(-21.022719,8.111638,1.51));
#5735 = LINE('',#5736,#5737);
#5736 = CARTESIAN_POINT('',(-21.022719,8.111638,1.51));
#5737 = VECTOR('',#5738,1.);
#5738 = DIRECTION('',(-0.981627161321,0.190809109207,0.));
#5739 = ORIENTED_EDGE('',*,*,#5740,.F.);
#5740 = EDGE_CURVE('',#5741,#5733,#5743,.T.);
#5741 = VERTEX_POINT('',#5742);
#5742 = CARTESIAN_POINT('',(-14.,6.74656,1.51));
#5743 = LINE('',#5744,#5745);
#5744 = CARTESIAN_POINT('',(-14.,6.74656,1.51));
#5745 = VECTOR('',#5746,1.);
#5746 = DIRECTION('',(-0.981627191046,0.190808956289,0.));
#5747 = ORIENTED_EDGE('',*,*,#5748,.F.);
#5748 = EDGE_CURVE('',#5749,#5741,#5751,.T.);
#5749 = VERTEX_POINT('',#5750);
#5750 = CARTESIAN_POINT('',(-13.5,6.140011,1.51));
#5751 = CIRCLE('',#5752,0.617899825514);
#5752 = AXIS2_PLACEMENT_3D('',#5753,#5754,#5755);
#5753 = CARTESIAN_POINT('',(-14.11789982551,6.14001253647,1.51));
#5754 = DIRECTION('',(0.,0.,1.));
#5755 = DIRECTION('',(0.999999999997,-2.486600695722E-06,0.));
#5756 = ORIENTED_EDGE('',*,*,#5757,.F.);
#5757 = EDGE_CURVE('',#5758,#5749,#5760,.T.);
#5758 = VERTEX_POINT('',#5759);
#5759 = CARTESIAN_POINT('',(-14.,5.727843,1.51));
#5760 = CIRCLE('',#5761,0.419882893993);
#5761 = AXIS2_PLACEMENT_3D('',#5762,#5763,#5764);
#5762 = CARTESIAN_POINT('',(-13.91988289399,6.140011526203,1.51));
#5763 = DIRECTION('',(0.,0.,1.));
#5764 = DIRECTION('',(-0.190808216181,-0.981627334908,0.));
#5765 = ORIENTED_EDGE('',*,*,#5766,.F.);
#5766 = EDGE_CURVE('',#5767,#5758,#5769,.T.);
#5767 = VERTEX_POINT('',#5768);
#5768 = CARTESIAN_POINT('',(-23.081378,7.493084,1.51));
#5769 = LINE('',#5770,#5771);
#5770 = CARTESIAN_POINT('',(-23.081378,7.493084,1.51));
#5771 = VECTOR('',#5772,1.);
#5772 = DIRECTION('',(0.981627184724,-0.190808988811,0.));
#5773 = ORIENTED_EDGE('',*,*,#5774,.F.);
#5774 = EDGE_CURVE('',#5775,#5767,#5777,.T.);
#5775 = VERTEX_POINT('',#5776);
#5776 = CARTESIAN_POINT('',(-30.699501,8.973897,1.51));
#5777 = LINE('',#5778,#5779);
#5778 = CARTESIAN_POINT('',(-30.699501,8.973897,1.51));
#5779 = VECTOR('',#5780,1.);
#5780 = DIRECTION('',(0.981627185953,-0.19080898249,0.));
#5781 = ORIENTED_EDGE('',*,*,#5782,.F.);
#5782 = EDGE_CURVE('',#5783,#5775,#5785,.T.);
#5783 = VERTEX_POINT('',#5784);
#5784 = CARTESIAN_POINT('',(-33.044373,7.392261,1.51));
#5785 = CIRCLE('',#5786,1.999998806183);
#5786 = AXIS2_PLACEMENT_3D('',#5787,#5788,#5789);
#5787 = CARTESIAN_POINT('',(-31.08111966067,7.010643979485,1.51));
#5788 = DIRECTION('',(0.,0.,-1.));
#5789 = DIRECTION('',(-0.981627255606,0.190808624153,0.));
#5790 = ORIENTED_EDGE('',*,*,#5791,.F.);
#5791 = EDGE_CURVE('',#5792,#5783,#5794,.T.);
#5792 = VERTEX_POINT('',#5793);
#5793 = CARTESIAN_POINT('',(-34.093823,1.993311,1.51));
#5794 = LINE('',#5795,#5796);
#5795 = CARTESIAN_POINT('',(-34.093823,1.993311,1.51));
#5796 = VECTOR('',#5797,1.);
#5797 = DIRECTION('',(0.190809070709,0.981627168805,0.));
#5798 = ORIENTED_EDGE('',*,*,#5799,.F.);
#5799 = EDGE_CURVE('',#5800,#5792,#5802,.T.);
#5800 = VERTEX_POINT('',#5801);
#5801 = CARTESIAN_POINT('',(-35.143272,-3.405638,1.51));
#5802 = LINE('',#5803,#5804);
#5803 = CARTESIAN_POINT('',(-35.143272,-3.405638,1.51));
#5804 = VECTOR('',#5805,1.);
#5805 = DIRECTION('',(0.190808929565,0.98162719624,0.));
#5806 = ORIENTED_EDGE('',*,*,#5807,.F.);
#5807 = EDGE_CURVE('',#5808,#5800,#5810,.T.);
#5808 = VERTEX_POINT('',#5809);
#5809 = CARTESIAN_POINT('',(-33.561636,-5.75051,1.51));
#5810 = CIRCLE('',#5811,1.999998806183);
#5811 = AXIS2_PLACEMENT_3D('',#5812,#5813,#5814);
#5812 = CARTESIAN_POINT('',(-33.18001897948,-3.787256660671,1.51));
#5813 = DIRECTION('',(0.,0.,-1.));
#5814 = DIRECTION('',(-0.190808624153,-0.981627255606,-0.));
#5815 = ORIENTED_EDGE('',*,*,#5816,.F.);
#5816 = EDGE_CURVE('',#5817,#5808,#5819,.T.);
#5817 = VERTEX_POINT('',#5818);
#5818 = CARTESIAN_POINT('',(-27.512445,-6.926354,1.51));
#5819 = LINE('',#5820,#5821);
#5820 = CARTESIAN_POINT('',(-27.512445,-6.926354,1.51));
#5821 = VECTOR('',#5822,1.);
#5822 = DIRECTION('',(-0.981627171795,0.190809055325,0.));
#5823 = ORIENTED_EDGE('',*,*,#5824,.F.);
#5824 = EDGE_CURVE('',#5825,#5817,#5827,.T.);
#5825 = VERTEX_POINT('',#5826);
#5826 = CARTESIAN_POINT('',(-20.,-8.386625,1.51));
#5827 = LINE('',#5828,#5829);
#5828 = CARTESIAN_POINT('',(-20.,-8.386625,1.51));
#5829 = VECTOR('',#5830,1.);
#5830 = DIRECTION('',(-0.981627192784,0.190808947345,0.));
#5831 = ORIENTED_EDGE('',*,*,#5832,.F.);
#5832 = EDGE_CURVE('',#5833,#5825,#5835,.T.);
#5833 = VERTEX_POINT('',#5834);
#5834 = CARTESIAN_POINT('',(-19.5,-8.993174,1.51));
#5835 = CIRCLE('',#5836,0.617899825514);
#5836 = AXIS2_PLACEMENT_3D('',#5837,#5838,#5839);
#5837 = CARTESIAN_POINT('',(-20.11789982551,-8.99317246353,1.51));
#5838 = DIRECTION('',(0.,0.,1.));
#5839 = DIRECTION('',(0.999999999997,-2.48660069716E-06,0.));
#5840 = ORIENTED_EDGE('',*,*,#5841,.F.);
#5841 = EDGE_CURVE('',#5842,#5833,#5844,.T.);
#5842 = VERTEX_POINT('',#5843);
#5843 = CARTESIAN_POINT('',(-20.,-9.405342,1.51));
#5844 = CIRCLE('',#5845,0.419881545319);
#5845 = AXIS2_PLACEMENT_3D('',#5846,#5847,#5848);
#5846 = CARTESIAN_POINT('',(-19.91988154531,-8.993175109871,1.51));
#5847 = DIRECTION('',(0.,0.,1.));
#5848 = DIRECTION('',(-0.1908120411,-0.981626591414,0.));
#5849 = ORIENTED_EDGE('',*,*,#5850,.F.);
#5850 = EDGE_CURVE('',#5851,#5842,#5853,.T.);
#5851 = VERTEX_POINT('',#5852);
#5852 = CARTESIAN_POINT('',(-27.60785,-7.926526,1.51));
#5853 = LINE('',#5854,#5855);
#5854 = CARTESIAN_POINT('',(-27.60785,-7.926526,1.51));
#5855 = VECTOR('',#5856,1.);
#5856 = DIRECTION('',(0.981627189124,-0.190808966175,0.));
#5857 = ORIENTED_EDGE('',*,*,#5858,.F.);
#5858 = EDGE_CURVE('',#5859,#5851,#5861,.T.);
#5859 = VERTEX_POINT('',#5860);
#5860 = CARTESIAN_POINT('',(-33.752445,-6.732138,1.51));
#5861 = LINE('',#5862,#5863);
#5862 = CARTESIAN_POINT('',(-33.752445,-6.732138,1.51));
#5863 = VECTOR('',#5864,1.);
#5864 = DIRECTION('',(0.981627191695,-0.190808952947,0.));
#5865 = ORIENTED_EDGE('',*,*,#5866,.F.);
#5866 = EDGE_CURVE('',#5867,#5859,#5869,.T.);
#5867 = VERTEX_POINT('',#5868);
#5868 = CARTESIAN_POINT('',(-36.097317,-8.313774,1.51));
#5869 = CIRCLE('',#5870,1.999998806183);
#5870 = AXIS2_PLACEMENT_3D('',#5871,#5872,#5873);
#5871 = CARTESIAN_POINT('',(-34.13406366067,-8.695391020515,1.51));
#5872 = DIRECTION('',(0.,0.,-1.));
#5873 = DIRECTION('',(-0.981627255606,0.190808624153,0.));
#5874 = ORIENTED_EDGE('',*,*,#5875,.F.);
#5875 = EDGE_CURVE('',#5876,#5867,#5878,.T.);
#5876 = VERTEX_POINT('',#5877);
#5877 = CARTESIAN_POINT('',(-37.146767,-13.712723,1.51));
#5878 = LINE('',#5879,#5880);
#5879 = CARTESIAN_POINT('',(-37.146767,-13.712723,1.51));
#5880 = VECTOR('',#5881,1.);
#5881 = DIRECTION('',(0.190809104764,0.981627162185,0.));
#5882 = ORIENTED_EDGE('',*,*,#5883,.F.);
#5883 = EDGE_CURVE('',#5884,#5876,#5886,.T.);
#5884 = VERTEX_POINT('',#5885);
#5885 = CARTESIAN_POINT('',(-38.196216,-19.111673,1.51));
#5886 = LINE('',#5887,#5888);
#5887 = CARTESIAN_POINT('',(-38.196216,-19.111673,1.51));
#5888 = VECTOR('',#5889,1.);
#5889 = DIRECTION('',(0.19080889551,0.98162720286,0.));
#5890 = ORIENTED_EDGE('',*,*,#5891,.F.);
#5891 = EDGE_CURVE('',#5892,#5884,#5894,.T.);
#5892 = VERTEX_POINT('',#5893);
#5893 = CARTESIAN_POINT('',(-36.61458,-21.456545,1.51));
#5894 = CIRCLE('',#5895,1.999998806183);
#5895 = AXIS2_PLACEMENT_3D('',#5896,#5897,#5898);
#5896 = CARTESIAN_POINT('',(-36.23296297948,-19.49329166067,1.51));
#5897 = DIRECTION('',(0.,0.,-1.));
#5898 = DIRECTION('',(-0.190808624153,-0.981627255606,-0.));
#5899 = ORIENTED_EDGE('',*,*,#5900,.F.);
#5900 = EDGE_CURVE('',#5901,#5892,#5903,.T.);
#5901 = VERTEX_POINT('',#5902);
#5902 = CARTESIAN_POINT('',(-29.038917,-22.929105,1.51));
#5903 = LINE('',#5904,#5905);
#5904 = CARTESIAN_POINT('',(-29.038917,-22.929105,1.51));
#5905 = VECTOR('',#5906,1.);
#5906 = DIRECTION('',(-0.981627176552,0.190809030854,0.));
#5907 = ORIENTED_EDGE('',*,*,#5908,.F.);
#5908 = EDGE_CURVE('',#5909,#5901,#5911,.T.);
#5909 = VERTEX_POINT('',#5910);
#5910 = CARTESIAN_POINT('',(-20.,-24.686092,1.51));
#5911 = LINE('',#5912,#5913);
#5912 = CARTESIAN_POINT('',(-20.,-24.686092,1.51));
#5913 = VECTOR('',#5914,1.);
#5914 = DIRECTION('',(-0.981627193226,0.19080894507,0.));
#5915 = ORIENTED_EDGE('',*,*,#5916,.F.);
#5916 = EDGE_CURVE('',#5917,#5909,#5919,.T.);
#5917 = VERTEX_POINT('',#5918);
#5918 = CARTESIAN_POINT('',(-19.5,-25.292641,1.51));
#5919 = CIRCLE('',#5920,0.617901974659);
#5920 = AXIS2_PLACEMENT_3D('',#5921,#5922,#5923);
#5921 = CARTESIAN_POINT('',(-20.11790197465,-25.29264123514,1.51));
#5922 = DIRECTION('',(0.,0.,1.));
#5923 = DIRECTION('',(1.,3.805592692167E-07,-0.));
#5924 = ORIENTED_EDGE('',*,*,#5925,.F.);
#5925 = EDGE_CURVE('',#5926,#5917,#5928,.T.);
#5926 = VERTEX_POINT('',#5927);
#5927 = CARTESIAN_POINT('',(-20.,-25.704809,1.51));
#5928 = CIRCLE('',#5929,0.419881545319);
#5929 = AXIS2_PLACEMENT_3D('',#5930,#5931,#5932);
#5930 = CARTESIAN_POINT('',(-19.91988154531,-25.29264210987,1.51));
#5931 = DIRECTION('',(0.,0.,1.));
#5932 = DIRECTION('',(-0.1908120411,-0.981626591414,0.));
#5933 = ORIENTED_EDGE('',*,*,#5934,.F.);
#5934 = EDGE_CURVE('',#5935,#5926,#5937,.T.);
#5935 = VERTEX_POINT('',#5936);
#5936 = CARTESIAN_POINT('',(-29.134322,-23.929277,1.51));
#5937 = LINE('',#5938,#5939);
#5938 = CARTESIAN_POINT('',(-29.134322,-23.929277,1.51));
#5939 = VECTOR('',#5940,1.);
#5940 = DIRECTION('',(0.981627190173,-0.190808960777,0.));
#5941 = ORIENTED_EDGE('',*,*,#5942,.F.);
#5942 = EDGE_CURVE('',#5943,#5935,#5945,.T.);
#5943 = VERTEX_POINT('',#5944);
#5944 = CARTESIAN_POINT('',(-36.805389,-22.438172,1.51));
#5945 = LINE('',#5946,#5947);
#5946 = CARTESIAN_POINT('',(-36.805389,-22.438172,1.51));
#5947 = VECTOR('',#5948,1.);
#5948 = DIRECTION('',(0.981627168465,-0.190809072458,0.));
#5949 = ORIENTED_EDGE('',*,*,#5950,.F.);
#5950 = EDGE_CURVE('',#5951,#5943,#5953,.T.);
#5951 = VERTEX_POINT('',#5952);
#5952 = CARTESIAN_POINT('',(-39.150261,-24.019809,1.51));
#5953 = CIRCLE('',#5954,2.000000481925);
#5954 = AXIS2_PLACEMENT_3D('',#5955,#5956,#5957);
#5955 = CARTESIAN_POINT('',(-37.18700614816,-24.40142702162,1.51));
#5956 = DIRECTION('',(0.,0.,-1.));
#5957 = DIRECTION('',(-0.981627189385,0.190808964834,0.));
#5958 = ORIENTED_EDGE('',*,*,#5959,.F.);
#5959 = EDGE_CURVE('',#5960,#5951,#5962,.T.);
#5960 = VERTEX_POINT('',#5961);
#5961 = CARTESIAN_POINT('',(-40.199711,-29.418758,1.51));
#5962 = LINE('',#5963,#5964);
#5963 = CARTESIAN_POINT('',(-40.199711,-29.418758,1.51));
#5964 = VECTOR('',#5965,1.);
#5965 = DIRECTION('',(0.190809104764,0.981627162185,0.));
#5966 = ORIENTED_EDGE('',*,*,#5967,.F.);
#5967 = EDGE_CURVE('',#5968,#5960,#5970,.T.);
#5968 = VERTEX_POINT('',#5969);
#5969 = CARTESIAN_POINT('',(-41.521063,-36.216527,1.51));
#5970 = LINE('',#5971,#5972);
#5971 = CARTESIAN_POINT('',(-41.521063,-36.216527,1.51));
#5972 = VECTOR('',#5973,1.);
#5973 = DIRECTION('',(0.190808934198,0.98162719534,0.));
#5974 = ORIENTED_EDGE('',*,*,#5975,.F.);
#5975 = EDGE_CURVE('',#5976,#5968,#5978,.T.);
#5976 = VERTEX_POINT('',#5977);
#5977 = CARTESIAN_POINT('',(-41.740493,-37.345398,1.51));
#5978 = LINE('',#5979,#5980);
#5979 = CARTESIAN_POINT('',(-41.740493,-37.345398,1.51));
#5980 = VECTOR('',#5981,1.);
#5981 = DIRECTION('',(0.190808749068,0.981627231325,0.));
#5982 = ORIENTED_EDGE('',*,*,#5983,.F.);
#5983 = EDGE_CURVE('',#5984,#5976,#5986,.T.);
#5984 = VERTEX_POINT('',#5985);
#5985 = CARTESIAN_POINT('',(-42.270913,-38.301793,1.51));
#5986 = CIRCLE('',#5987,1.768318915933);
#5987 = AXIS2_PLACEMENT_3D('',#5988,#5989,#5990);
#5988 = CARTESIAN_POINT('',(-43.47632251768,-37.00798479044,1.51));
#5989 = DIRECTION('',(0.,0.,1.));
#5990 = DIRECTION('',(0.681669752454,-0.731659995209,0.));
#5991 = ORIENTED_EDGE('',*,*,#5992,.F.);
#5992 = EDGE_CURVE('',#5993,#5984,#5995,.T.);
#5993 = VERTEX_POINT('',#5994);
#5994 = CARTESIAN_POINT('',(-46.545426,-42.284247,1.51));
#5995 = LINE('',#5996,#5997);
#5996 = CARTESIAN_POINT('',(-46.545426,-42.284247,1.51));
#5997 = VECTOR('',#5998,1.);
#5998 = DIRECTION('',(0.731660455397,0.681669258518,0.));
#5999 = ORIENTED_EDGE('',*,*,#6000,.F.);
#6000 = EDGE_CURVE('',#6001,#5993,#6003,.T.);
#6001 = VERTEX_POINT('',#6002);
#6002 = CARTESIAN_POINT('',(-49.777323,-45.295322,1.51));
#6003 = LINE('',#6004,#6005);
#6004 = CARTESIAN_POINT('',(-49.777323,-45.295322,1.51));
#6005 = VECTOR('',#6006,1.);
#6006 = DIRECTION('',(0.731660505684,0.681669204543,0.));
#6007 = ORIENTED_EDGE('',*,*,#6008,.F.);
#6008 = EDGE_CURVE('',#6009,#6001,#6011,.T.);
#6009 = VERTEX_POINT('',#6010);
#6010 = CARTESIAN_POINT('',(-52.816665,-45.427337,1.51));
#6011 = CIRCLE('',#6012,2.342767480479);
#6012 = AXIS2_PLACEMENT_3D('',#6013,#6014,#6015);
#6013 = CARTESIAN_POINT('',(-51.37431416571,-43.58121036879,1.51));
#6014 = DIRECTION('',(0.,0.,1.));
#6015 = DIRECTION('',(-0.615661112894,-0.788011036769,0.));
#6016 = ORIENTED_EDGE('',*,*,#6017,.F.);
#6017 = EDGE_CURVE('',#6018,#6009,#6020,.T.);
#6018 = VERTEX_POINT('',#6019);
#6019 = CARTESIAN_POINT('',(-55.624009,-45.772036,1.51));
#6020 = CIRCLE('',#6021,1.999998322692);
#6021 = AXIS2_PLACEMENT_3D('',#6022,#6023,#6024);
#6022 = CARTESIAN_POINT('',(-54.04798774028,-47.00335654303,1.51));
#6023 = DIRECTION('',(0.,0.,-1.));
#6024 = DIRECTION('',(-0.788011290726,0.615660787844,0.));
#6025 = ORIENTED_EDGE('',*,*,#6026,.F.);
#6026 = EDGE_CURVE('',#6027,#6018,#6029,.T.);
#6027 = VERTEX_POINT('',#6028);
#6028 = CARTESIAN_POINT('',(-60.256862,-51.701816,1.51));
#6029 = LINE('',#6030,#6031);
#6030 = CARTESIAN_POINT('',(-60.256862,-51.701816,1.51));
#6031 = VECTOR('',#6032,1.);
#6032 = DIRECTION('',(0.615661567554,0.78801068155,0.));
#6033 = ORIENTED_EDGE('',*,*,#6034,.F.);
#6034 = EDGE_CURVE('',#6035,#6027,#6037,.T.);
#6035 = VERTEX_POINT('',#6036);
#6036 = CARTESIAN_POINT('',(-64.889715,-57.631597,1.51));
#6037 = LINE('',#6038,#6039);
#6038 = CARTESIAN_POINT('',(-64.889715,-57.631597,1.51));
#6039 = VECTOR('',#6040,1.);
#6040 = DIRECTION('',(0.615661503083,0.788010731921,0.));
#6041 = ORIENTED_EDGE('',*,*,#6042,.F.);
#6042 = EDGE_CURVE('',#6043,#6035,#6045,.T.);
#6043 = VERTEX_POINT('',#6044);
#6044 = CARTESIAN_POINT('',(-64.545016,-60.438942,1.51));
#6045 = CIRCLE('',#6046,2.00000206413);
#6046 = AXIS2_PLACEMENT_3D('',#6047,#6048,#6049);
#6047 = CARTESIAN_POINT('',(-63.31369069036,-58.86291971641,1.51));
#6048 = DIRECTION('',(0.,0.,-1.));
#6049 = DIRECTION('',(-0.615662019416,-0.788010328516,-0.));
#6050 = ORIENTED_EDGE('',*,*,#6051,.F.);
#6051 = EDGE_CURVE('',#6052,#6043,#6054,.T.);
#6052 = VERTEX_POINT('',#6053);
#6053 = CARTESIAN_POINT('',(-58.615235,-65.071794,1.51));
#6054 = LINE('',#6055,#6056);
#6055 = CARTESIAN_POINT('',(-58.615235,-65.071794,1.51));
#6056 = VECTOR('',#6057,1.);
#6057 = DIRECTION('',(-0.788010796392,0.615661420563,0.));
#6058 = ORIENTED_EDGE('',*,*,#6059,.F.);
#6059 = EDGE_CURVE('',#6060,#6052,#6062,.T.);
#6060 = VERTEX_POINT('',#6061);
#6061 = CARTESIAN_POINT('',(-52.685454,-69.704647,1.51));
#6062 = LINE('',#6063,#6064);
#6063 = CARTESIAN_POINT('',(-52.685454,-69.704647,1.51));
#6064 = VECTOR('',#6065,1.);
#6065 = DIRECTION('',(-0.788010731921,0.615661503083,0.));
#6066 = ORIENTED_EDGE('',*,*,#6067,.F.);
#6067 = EDGE_CURVE('',#6068,#6060,#6070,.T.);
#6068 = VERTEX_POINT('',#6069);
#6069 = CARTESIAN_POINT('',(-49.87811,-69.359949,1.51));
#6070 = CIRCLE('',#6071,1.999999667909);
#6071 = AXIS2_PLACEMENT_3D('',#6072,#6073,#6074);
#6072 = CARTESIAN_POINT('',(-51.45413100641,-68.12862594776,1.51));
#6073 = DIRECTION('',(-0.,0.,-1.));
#6074 = DIRECTION('',(0.788010634053,-0.615661628348,-0.));
#6075 = ORIENTED_EDGE('',*,*,#6076,.F.);
#6076 = EDGE_CURVE('',#6077,#6068,#6079,.T.);
#6077 = VERTEX_POINT('',#6078);
#6078 = CARTESIAN_POINT('',(-45.245257,-63.430168,1.51));
#6079 = LINE('',#6080,#6081);
#6080 = CARTESIAN_POINT('',(-45.245257,-63.430168,1.51));
#6081 = VECTOR('',#6082,1.);
#6082 = DIRECTION('',(-0.615661503083,-0.788010731921,0.));
#6083 = ORIENTED_EDGE('',*,*,#6084,.F.);
#6084 = EDGE_CURVE('',#6085,#6077,#6087,.T.);
#6085 = VERTEX_POINT('',#6086);
#6086 = CARTESIAN_POINT('',(-40.612405,-57.500387,1.51));
#6087 = LINE('',#6088,#6089);
#6088 = CARTESIAN_POINT('',(-40.612405,-57.500387,1.51));
#6089 = VECTOR('',#6090,1.);
#6090 = DIRECTION('',(-0.615661420563,-0.788010796392,0.));
#6091 = ORIENTED_EDGE('',*,*,#6092,.F.);
#6092 = EDGE_CURVE('',#6093,#6085,#6095,.T.);
#6093 = VERTEX_POINT('',#6094);
#6094 = CARTESIAN_POINT('',(-40.957103,-54.693042,1.51));
#6095 = CIRCLE('',#6096,2.000000718909);
#6096 = AXIS2_PLACEMENT_3D('',#6097,#6098,#6099);
#6097 = CARTESIAN_POINT('',(-42.18842704235,-56.26906356659,1.51));
#6098 = DIRECTION('',(0.,0.,-1.));
#6099 = DIRECTION('',(0.615661799873,0.788010500042,0.));
#6100 = ORIENTED_EDGE('',*,*,#6101,.F.);
#6101 = EDGE_CURVE('',#6102,#6093,#6104,.T.);
#6102 = VERTEX_POINT('',#6103);
#6103 = CARTESIAN_POINT('',(-41.060671,-52.10825,1.51));
#6104 = CIRCLE('',#6105,1.695793762195);
#6105 = AXIS2_PLACEMENT_3D('',#6106,#6107,#6108);
#6106 = CARTESIAN_POINT('',(-39.91306784958,-53.35673848335,1.51));
#6107 = DIRECTION('',(0.,0.,1.));
#6108 = DIRECTION('',(-0.676735093616,0.736226604429,0.));
#6109 = ORIENTED_EDGE('',*,*,#6110,.F.);
#6110 = EDGE_CURVE('',#6111,#6102,#6113,.T.);
#6111 = VERTEX_POINT('',#6112);
#6112 = CARTESIAN_POINT('',(-35.779372,-47.253714,1.51));
#6113 = LINE('',#6114,#6115);
#6114 = CARTESIAN_POINT('',(-35.779372,-47.253714,1.51));
#6115 = VECTOR('',#6116,1.);
#6116 = DIRECTION('',(-0.73622677592,-0.676734907049,0.));
#6117 = ORIENTED_EDGE('',*,*,#6118,.F.);
#6118 = EDGE_CURVE('',#6119,#6111,#6121,.T.);
#6119 = VERTEX_POINT('',#6120);
#6120 = CARTESIAN_POINT('',(-30.498073,-42.399179,1.51));
#6121 = LINE('',#6122,#6123);
#6122 = CARTESIAN_POINT('',(-30.498073,-42.399179,1.51));
#6123 = VECTOR('',#6124,1.);
#6124 = DIRECTION('',(-0.736226845374,-0.676734831489,0.));
#6125 = ORIENTED_EDGE('',*,*,#6126,.F.);
#6126 = EDGE_CURVE('',#6127,#6119,#6129,.T.);
#6127 = VERTEX_POINT('',#6128);
#6128 = CARTESIAN_POINT('',(-27.062598,-41.428522,1.51));
#6129 = CIRCLE('',#6130,3.957271548697);
#6130 = AXIS2_PLACEMENT_3D('',#6131,#6132,#6133);
#6131 = CARTESIAN_POINT('',(-27.82004738485,-45.31262659945,1.51));
#6132 = DIRECTION('',(0.,0.,1.));
#6133 = DIRECTION('',(0.19140697714,0.981510758526,-0.));
#6134 = ORIENTED_EDGE('',*,*,#6135,.F.);
#6135 = EDGE_CURVE('',#6136,#6127,#6138,.T.);
#6136 = VERTEX_POINT('',#6137);
#6137 = CARTESIAN_POINT('',(-21.16281,-42.579052,1.51));
#6138 = LINE('',#6139,#6140);
#6139 = CARTESIAN_POINT('',(-21.16281,-42.579052,1.51));
#6140 = VECTOR('',#6141,1.);
#6141 = DIRECTION('',(-0.981510854496,0.191406485017,0.));
#6142 = ORIENTED_EDGE('',*,*,#6143,.F.);
#6143 = EDGE_CURVE('',#6144,#6136,#6146,.T.);
#6144 = VERTEX_POINT('',#6145);
#6145 = CARTESIAN_POINT('',(-15.263022,-43.729582,1.51));
#6146 = LINE('',#6147,#6148);
#6147 = CARTESIAN_POINT('',(-15.263022,-43.729582,1.51));
#6148 = VECTOR('',#6149,1.);
#6149 = DIRECTION('',(-0.981510854496,0.191406485017,0.));
#6150 = ORIENTED_EDGE('',*,*,#6151,.F.);
#6151 = EDGE_CURVE('',#6152,#6144,#6154,.T.);
#6152 = VERTEX_POINT('',#6153);
#6153 = CARTESIAN_POINT('',(-11.3,-44.112395,1.51));
#6154 = CIRCLE('',#6155,20.704645876293);
#6155 = AXIS2_PLACEMENT_3D('',#6156,#6157,#6158);
#6156 = CARTESIAN_POINT('',(-11.30000933148,-23.4077491237,1.51));
#6157 = DIRECTION('',(0.,0.,-1.));
#6158 = DIRECTION('',(4.506952929513E-07,-1.,0.));
#6159 = ORIENTED_EDGE('',*,*,#6160,.F.);
#6160 = EDGE_CURVE('',#6161,#6152,#6163,.T.);
#6161 = VERTEX_POINT('',#6162);
#6162 = CARTESIAN_POINT('',(-6.65,-44.112395,1.51));
#6163 = LINE('',#6164,#6165);
#6164 = CARTESIAN_POINT('',(-6.65,-44.112395,1.51));
#6165 = VECTOR('',#6166,1.);
#6166 = DIRECTION('',(-1.,0.,0.));
#6167 = ORIENTED_EDGE('',*,*,#6168,.F.);
#6168 = EDGE_CURVE('',#6169,#6161,#6171,.T.);
#6169 = VERTEX_POINT('',#6170);
#6170 = CARTESIAN_POINT('',(0.,-44.112395,1.51));
#6171 = LINE('',#6172,#6173);
#6172 = CARTESIAN_POINT('',(0.,-44.112395,1.51));
#6173 = VECTOR('',#6174,1.);
#6174 = DIRECTION('',(-1.,0.,0.));
#6175 = ORIENTED_EDGE('',*,*,#6176,.F.);
#6176 = EDGE_CURVE('',#6177,#6169,#6179,.T.);
#6177 = VERTEX_POINT('',#6178);
#6178 = CARTESIAN_POINT('',(6.65,-44.112395,1.51));
#6179 = LINE('',#6180,#6181);
#6180 = CARTESIAN_POINT('',(6.65,-44.112395,1.51));
#6181 = VECTOR('',#6182,1.);
#6182 = DIRECTION('',(-1.,0.,0.));
#6183 = ORIENTED_EDGE('',*,*,#6184,.F.);
#6184 = EDGE_CURVE('',#6185,#6177,#6187,.T.);
#6185 = VERTEX_POINT('',#6186);
#6186 = CARTESIAN_POINT('',(11.3,-44.112395,1.51));
#6187 = LINE('',#6188,#6189);
#6188 = CARTESIAN_POINT('',(11.3,-44.112395,1.51));
#6189 = VECTOR('',#6190,1.);
#6190 = DIRECTION('',(-1.,0.,0.));
#6191 = ORIENTED_EDGE('',*,*,#6192,.F.);
#6192 = EDGE_CURVE('',#6193,#6185,#6195,.T.);
#6193 = VERTEX_POINT('',#6194);
#6194 = CARTESIAN_POINT('',(15.263022,-43.729582,1.51));
#6195 = CIRCLE('',#6196,20.704645876293);
#6196 = AXIS2_PLACEMENT_3D('',#6197,#6198,#6199);
#6197 = CARTESIAN_POINT('',(11.300009331486,-23.4077491237,1.51));
#6198 = DIRECTION('',(0.,0.,-1.));
#6199 = DIRECTION('',(0.19140692829,-0.981510768052,0.));
#6200 = ORIENTED_EDGE('',*,*,#6201,.F.);
#6201 = EDGE_CURVE('',#6202,#6193,#6204,.T.);
#6202 = VERTEX_POINT('',#6203);
#6203 = CARTESIAN_POINT('',(21.16281,-42.579052,1.51));
#6204 = LINE('',#6205,#6206);
#6205 = CARTESIAN_POINT('',(21.16281,-42.579052,1.51));
#6206 = VECTOR('',#6207,1.);
#6207 = DIRECTION('',(-0.981510854496,-0.191406485017,0.));
#6208 = ORIENTED_EDGE('',*,*,#6209,.F.);
#6209 = EDGE_CURVE('',#6210,#6202,#6212,.T.);
#6210 = VERTEX_POINT('',#6211);
#6211 = CARTESIAN_POINT('',(27.062598,-41.428522,1.51));
#6212 = LINE('',#6213,#6214);
#6213 = CARTESIAN_POINT('',(27.062598,-41.428522,1.51));
#6214 = VECTOR('',#6215,1.);
#6215 = DIRECTION('',(-0.981510854496,-0.191406485017,0.));
#6216 = ORIENTED_EDGE('',*,*,#6217,.F.);
#6217 = EDGE_CURVE('',#6218,#6210,#6220,.T.);
#6218 = VERTEX_POINT('',#6219);
#6219 = CARTESIAN_POINT('',(30.498073,-42.399179,1.51));
#6220 = CIRCLE('',#6221,3.957263559871);
#6221 = AXIS2_PLACEMENT_3D('',#6222,#6223,#6224);
#6222 = CARTESIAN_POINT('',(27.820049818633,-45.31261798552,1.51));
#6223 = DIRECTION('',(0.,0.,1.));
#6224 = DIRECTION('',(0.676736118494,0.736225662365,-0.));
#6225 = ORIENTED_EDGE('',*,*,#6226,.F.);
#6226 = EDGE_CURVE('',#6227,#6218,#6229,.T.);
#6227 = VERTEX_POINT('',#6228);
#6228 = CARTESIAN_POINT('',(35.779372,-47.253714,1.51));
#6229 = LINE('',#6230,#6231);
#6230 = CARTESIAN_POINT('',(35.779372,-47.253714,1.51));
#6231 = VECTOR('',#6232,1.);
#6232 = DIRECTION('',(-0.736226845374,0.676734831489,0.));
#6233 = ORIENTED_EDGE('',*,*,#6234,.F.);
#6234 = EDGE_CURVE('',#6235,#6227,#6237,.T.);
#6235 = VERTEX_POINT('',#6236);
#6236 = CARTESIAN_POINT('',(41.060671,-52.10825,1.51));
#6237 = LINE('',#6238,#6239);
#6238 = CARTESIAN_POINT('',(41.060671,-52.10825,1.51));
#6239 = VECTOR('',#6240,1.);
#6240 = DIRECTION('',(-0.73622677592,0.676734907049,0.));
#6241 = ORIENTED_EDGE('',*,*,#6242,.F.);
#6242 = EDGE_CURVE('',#6243,#6235,#6245,.T.);
#6243 = VERTEX_POINT('',#6244);
#6244 = CARTESIAN_POINT('',(40.957103,-54.693042,1.51));
#6245 = CIRCLE('',#6246,1.695790030675);
#6246 = AXIS2_PLACEMENT_3D('',#6247,#6248,#6249);
#6247 = CARTESIAN_POINT('',(39.913073614914,-53.35673871435,1.51));
#6248 = DIRECTION('',(0.,-0.,1.));
#6249 = DIRECTION('',(0.615659584147,-0.788012231154,-0.));
#6250 = ORIENTED_EDGE('',*,*,#6251,.F.);
#6251 = EDGE_CURVE('',#6252,#6243,#6254,.T.);
#6252 = VERTEX_POINT('',#6253);
#6253 = CARTESIAN_POINT('',(40.612405,-57.500387,1.51));
#6254 = CIRCLE('',#6255,2.000000718909);
#6255 = AXIS2_PLACEMENT_3D('',#6256,#6257,#6258);
#6256 = CARTESIAN_POINT('',(42.188427042352,-56.26906356659,1.51));
#6257 = DIRECTION('',(0.,0.,-1.));
#6258 = DIRECTION('',(-0.788010737922,-0.615661495402,-0.));
#6259 = ORIENTED_EDGE('',*,*,#6260,.F.);
#6260 = EDGE_CURVE('',#6261,#6252,#6263,.T.);
#6261 = VERTEX_POINT('',#6262);
#6262 = CARTESIAN_POINT('',(45.245257,-63.430168,1.51));
#6263 = LINE('',#6264,#6265);
#6264 = CARTESIAN_POINT('',(45.245257,-63.430168,1.51));
#6265 = VECTOR('',#6266,1.);
#6266 = DIRECTION('',(-0.615661420563,0.788010796392,0.));
#6267 = ORIENTED_EDGE('',*,*,#6268,.F.);
#6268 = EDGE_CURVE('',#6269,#6261,#6271,.T.);
#6269 = VERTEX_POINT('',#6270);
#6270 = CARTESIAN_POINT('',(49.87811,-69.359949,1.51));
#6271 = LINE('',#6272,#6273);
#6272 = CARTESIAN_POINT('',(49.87811,-69.359949,1.51));
#6273 = VECTOR('',#6274,1.);
#6274 = DIRECTION('',(-0.615661503083,0.788010731921,0.));
#6275 = ORIENTED_EDGE('',*,*,#6276,.F.);
#6276 = EDGE_CURVE('',#6277,#6269,#6279,.T.);
#6277 = VERTEX_POINT('',#6278);
#6278 = CARTESIAN_POINT('',(52.685454,-69.704647,1.51));
#6279 = CIRCLE('',#6280,1.999999667909);
#6280 = AXIS2_PLACEMENT_3D('',#6281,#6282,#6283);
#6281 = CARTESIAN_POINT('',(51.454131006414,-68.12862594776,1.51));
#6282 = DIRECTION('',(-0.,0.,-1.));
#6283 = DIRECTION('',(0.615661599021,-0.788010656965,-0.));
#6284 = ORIENTED_EDGE('',*,*,#6285,.F.);
#6285 = EDGE_CURVE('',#6286,#6277,#6288,.T.);
#6286 = VERTEX_POINT('',#6287);
#6287 = CARTESIAN_POINT('',(58.615235,-65.071794,1.51));
#6288 = LINE('',#6289,#6290);
#6289 = CARTESIAN_POINT('',(58.615235,-65.071794,1.51));
#6290 = VECTOR('',#6291,1.);
#6291 = DIRECTION('',(-0.788010731921,-0.615661503083,0.));
#6292 = ORIENTED_EDGE('',*,*,#6293,.F.);
#6293 = EDGE_CURVE('',#6294,#6286,#6296,.T.);
#6294 = VERTEX_POINT('',#6295);
#6295 = CARTESIAN_POINT('',(64.545016,-60.438942,1.51));
#6296 = LINE('',#6297,#6298);
#6297 = CARTESIAN_POINT('',(64.545016,-60.438942,1.51));
#6298 = VECTOR('',#6299,1.);
#6299 = DIRECTION('',(-0.788010796392,-0.615661420563,0.));
#6300 = ORIENTED_EDGE('',*,*,#6301,.F.);
#6301 = EDGE_CURVE('',#6302,#6294,#6304,.T.);
#6302 = VERTEX_POINT('',#6303);
#6303 = CARTESIAN_POINT('',(64.889715,-57.631597,1.51));
#6304 = CIRCLE('',#6305,2.00000206413);
#6305 = AXIS2_PLACEMENT_3D('',#6306,#6307,#6308);
#6306 = CARTESIAN_POINT('',(63.313690690362,-58.86291971641,1.51));
#6307 = DIRECTION('',(0.,0.,-1.));
#6308 = DIRECTION('',(0.78801134154,0.615660722804,0.));
#6309 = ORIENTED_EDGE('',*,*,#6310,.F.);
#6310 = EDGE_CURVE('',#6311,#6302,#6313,.T.);
#6311 = VERTEX_POINT('',#6312);
#6312 = CARTESIAN_POINT('',(60.256862,-51.701816,1.51));
#6313 = LINE('',#6314,#6315);
#6314 = CARTESIAN_POINT('',(60.256862,-51.701816,1.51));
#6315 = VECTOR('',#6316,1.);
#6316 = DIRECTION('',(0.615661503083,-0.788010731921,0.));
#6317 = ORIENTED_EDGE('',*,*,#6318,.F.);
#6318 = EDGE_CURVE('',#6319,#6311,#6321,.T.);
#6319 = VERTEX_POINT('',#6320);
#6320 = CARTESIAN_POINT('',(55.624009,-45.772036,1.51));
#6321 = LINE('',#6322,#6323);
#6322 = CARTESIAN_POINT('',(55.624009,-45.772036,1.51));
#6323 = VECTOR('',#6324,1.);
#6324 = DIRECTION('',(0.615661567554,-0.78801068155,0.));
#6325 = ORIENTED_EDGE('',*,*,#6326,.F.);
#6326 = EDGE_CURVE('',#6327,#6319,#6329,.T.);
#6327 = VERTEX_POINT('',#6328);
#6328 = CARTESIAN_POINT('',(52.816665,-45.427337,1.51));
#6329 = CIRCLE('',#6330,1.999998322692);
#6330 = AXIS2_PLACEMENT_3D('',#6331,#6332,#6333);
#6331 = CARTESIAN_POINT('',(54.047987740286,-47.00335654303,1.51));
#6332 = DIRECTION('',(0.,0.,-1.));
#6333 = DIRECTION('',(-0.61566188647,0.788010432385,0.));
#6334 = ORIENTED_EDGE('',*,*,#6335,.F.);
#6335 = EDGE_CURVE('',#6336,#6327,#6338,.T.);
#6336 = VERTEX_POINT('',#6337);
#6337 = CARTESIAN_POINT('',(49.777323,-45.295322,1.51));
#6338 = CIRCLE('',#6339,2.342744716459);
#6339 = AXIS2_PLACEMENT_3D('',#6340,#6341,#6342);
#6340 = CARTESIAN_POINT('',(51.374312866875,-43.58124027161,1.51));
#6341 = DIRECTION('',(0.,0.,1.));
#6342 = DIRECTION('',(-0.681674727791,-0.731655359778,0.));
#6343 = ORIENTED_EDGE('',*,*,#6344,.F.);
#6344 = EDGE_CURVE('',#6345,#6336,#6347,.T.);
#6345 = VERTEX_POINT('',#6346);
#6346 = CARTESIAN_POINT('',(46.545426,-42.284247,1.51));
#6347 = LINE('',#6348,#6349);
#6348 = CARTESIAN_POINT('',(46.545426,-42.284247,1.51));
#6349 = VECTOR('',#6350,1.);
#6350 = DIRECTION('',(0.731660505684,-0.681669204543,0.));
#6351 = ORIENTED_EDGE('',*,*,#6352,.F.);
#6352 = EDGE_CURVE('',#6353,#6345,#6355,.T.);
#6353 = VERTEX_POINT('',#6354);
#6354 = CARTESIAN_POINT('',(42.270913,-38.301793,1.51));
#6355 = LINE('',#6356,#6357);
#6356 = CARTESIAN_POINT('',(42.270913,-38.301793,1.51));
#6357 = VECTOR('',#6358,1.);
#6358 = DIRECTION('',(0.731660455397,-0.681669258518,0.));
#6359 = ORIENTED_EDGE('',*,*,#6360,.F.);
#6360 = EDGE_CURVE('',#6361,#6353,#6363,.T.);
#6361 = VERTEX_POINT('',#6362);
#6362 = CARTESIAN_POINT('',(41.740493,-37.345398,1.51));
#6363 = CIRCLE('',#6364,1.768318915933);
#6364 = AXIS2_PLACEMENT_3D('',#6365,#6366,#6367);
#6365 = CARTESIAN_POINT('',(43.476322517683,-37.00798479044,1.51));
#6366 = DIRECTION('',(0.,0.,1.));
#6367 = DIRECTION('',(-0.981626957696,-0.190810156765,0.));
#6368 = ORIENTED_EDGE('',*,*,#6369,.F.);
#6369 = EDGE_CURVE('',#6370,#6361,#6372,.T.);
#6370 = VERTEX_POINT('',#6371);
#6371 = CARTESIAN_POINT('',(41.521063,-36.216527,1.51));
#6372 = LINE('',#6373,#6374);
#6373 = CARTESIAN_POINT('',(41.521063,-36.216527,1.51));
#6374 = VECTOR('',#6375,1.);
#6375 = DIRECTION('',(0.190808749068,-0.981627231325,0.));
#6376 = ORIENTED_EDGE('',*,*,#6377,.F.);
#6377 = EDGE_CURVE('',#6378,#6370,#6380,.T.);
#6378 = VERTEX_POINT('',#6379);
#6379 = CARTESIAN_POINT('',(40.199711,-29.418758,1.51));
#6380 = LINE('',#6381,#6382);
#6381 = CARTESIAN_POINT('',(40.199711,-29.418758,1.51));
#6382 = VECTOR('',#6383,1.);
#6383 = DIRECTION('',(0.190808934198,-0.98162719534,0.));
#6384 = ORIENTED_EDGE('',*,*,#6385,.F.);
#6385 = EDGE_CURVE('',#6386,#6378,#6388,.T.);
#6386 = VERTEX_POINT('',#6387);
#6387 = CARTESIAN_POINT('',(39.150261,-24.019809,1.51));
#6388 = LINE('',#6389,#6390);
#6389 = CARTESIAN_POINT('',(39.150261,-24.019809,1.51));
#6390 = VECTOR('',#6391,1.);
#6391 = DIRECTION('',(0.190809104764,-0.981627162185,0.));
#6392 = ORIENTED_EDGE('',*,*,#6393,.F.);
#6393 = EDGE_CURVE('',#6394,#6386,#6396,.T.);
#6394 = VERTEX_POINT('',#6395);
#6395 = CARTESIAN_POINT('',(36.805389,-22.438172,1.51));
#6396 = CIRCLE('',#6397,2.000000481925);
#6397 = AXIS2_PLACEMENT_3D('',#6398,#6399,#6400);
#6398 = CARTESIAN_POINT('',(37.18700614816,-24.40142702162,1.51));
#6399 = DIRECTION('',(0.,0.,-1.));
#6400 = DIRECTION('',(-0.190808528102,0.981627274276,0.));
#6401 = ORIENTED_EDGE('',*,*,#6402,.F.);
#6402 = EDGE_CURVE('',#6403,#6394,#6405,.T.);
#6403 = VERTEX_POINT('',#6404);
#6404 = CARTESIAN_POINT('',(29.134322,-23.929277,1.51));
#6405 = LINE('',#6406,#6407);
#6406 = CARTESIAN_POINT('',(29.134322,-23.929277,1.51));
#6407 = VECTOR('',#6408,1.);
#6408 = DIRECTION('',(0.981627168465,0.190809072458,0.));
#6409 = ORIENTED_EDGE('',*,*,#6410,.F.);
#6410 = EDGE_CURVE('',#6411,#6403,#6413,.T.);
#6411 = VERTEX_POINT('',#6412);
#6412 = CARTESIAN_POINT('',(20.,-25.704809,1.51));
#6413 = LINE('',#6414,#6415);
#6414 = CARTESIAN_POINT('',(20.,-25.704809,1.51));
#6415 = VECTOR('',#6416,1.);
#6416 = DIRECTION('',(0.981627190173,0.190808960777,0.));
#6417 = ORIENTED_EDGE('',*,*,#6418,.F.);
#6418 = EDGE_CURVE('',#6419,#6411,#6421,.T.);
#6419 = VERTEX_POINT('',#6420);
#6420 = CARTESIAN_POINT('',(19.5,-25.292641,1.51));
#6421 = CIRCLE('',#6422,0.419893447043);
#6422 = AXIS2_PLACEMENT_3D('',#6423,#6424,#6425);
#6423 = CARTESIAN_POINT('',(19.919893446831,-25.29262767217,1.51));
#6424 = DIRECTION('',(0.,0.,1.));
#6425 = DIRECTION('',(-0.999999999496,-3.17409728298E-05,0.));
#6426 = ORIENTED_EDGE('',*,*,#6427,.F.);
#6427 = EDGE_CURVE('',#6428,#6419,#6430,.T.);
#6428 = VERTEX_POINT('',#6429);
#6429 = CARTESIAN_POINT('',(20.,-24.686092,1.51));
#6430 = CIRCLE('',#6431,0.617815603958);
#6431 = AXIS2_PLACEMENT_3D('',#6432,#6433,#6434);
#6432 = CARTESIAN_POINT('',(20.117815599882,-25.29257003333,1.51));
#6433 = DIRECTION('',(0.,0.,1.));
#6434 = DIRECTION('',(-0.190697028575,0.981648940962,0.));
#6435 = ORIENTED_EDGE('',*,*,#6436,.F.);
#6436 = EDGE_CURVE('',#6437,#6428,#6439,.T.);
#6437 = VERTEX_POINT('',#6438);
#6438 = CARTESIAN_POINT('',(29.038917,-22.929105,1.51));
#6439 = LINE('',#6440,#6441);
#6440 = CARTESIAN_POINT('',(29.038917,-22.929105,1.51));
#6441 = VECTOR('',#6442,1.);
#6442 = DIRECTION('',(-0.981627193226,-0.19080894507,0.));
#6443 = ORIENTED_EDGE('',*,*,#6444,.F.);
#6444 = EDGE_CURVE('',#6445,#6437,#6447,.T.);
#6445 = VERTEX_POINT('',#6446);
#6446 = CARTESIAN_POINT('',(36.61458,-21.456545,1.51));
#6447 = LINE('',#6448,#6449);
#6448 = CARTESIAN_POINT('',(36.61458,-21.456545,1.51));
#6449 = VECTOR('',#6450,1.);
#6450 = DIRECTION('',(-0.981627176552,-0.190809030854,0.));
#6451 = ORIENTED_EDGE('',*,*,#6452,.F.);
#6452 = EDGE_CURVE('',#6453,#6445,#6455,.T.);
#6453 = VERTEX_POINT('',#6454);
#6454 = CARTESIAN_POINT('',(38.196216,-19.111673,1.51));
#6455 = CIRCLE('',#6456,1.999998806183);
#6456 = AXIS2_PLACEMENT_3D('',#6457,#6458,#6459);
#6457 = CARTESIAN_POINT('',(36.232962979485,-19.49329166067,1.51));
#6458 = DIRECTION('',(0.,0.,-1.));
#6459 = DIRECTION('',(0.981627096199,0.190809444231,0.));
#6460 = ORIENTED_EDGE('',*,*,#6461,.F.);
#6461 = EDGE_CURVE('',#6462,#6453,#6464,.T.);
#6462 = VERTEX_POINT('',#6463);
#6463 = CARTESIAN_POINT('',(37.146767,-13.712723,1.51));
#6464 = LINE('',#6465,#6466);
#6465 = CARTESIAN_POINT('',(37.146767,-13.712723,1.51));
#6466 = VECTOR('',#6467,1.);
#6467 = DIRECTION('',(0.19080889551,-0.98162720286,0.));
#6468 = ORIENTED_EDGE('',*,*,#6469,.F.);
#6469 = EDGE_CURVE('',#6470,#6462,#6472,.T.);
#6470 = VERTEX_POINT('',#6471);
#6471 = CARTESIAN_POINT('',(36.097317,-8.313774,1.51));
#6472 = LINE('',#6473,#6474);
#6473 = CARTESIAN_POINT('',(36.097317,-8.313774,1.51));
#6474 = VECTOR('',#6475,1.);
#6475 = DIRECTION('',(0.190809104764,-0.981627162185,0.));
#6476 = ORIENTED_EDGE('',*,*,#6477,.F.);
#6477 = EDGE_CURVE('',#6478,#6470,#6480,.T.);
#6478 = VERTEX_POINT('',#6479);
#6479 = CARTESIAN_POINT('',(33.752445,-6.732138,1.51));
#6480 = CIRCLE('',#6481,1.999998806183);
#6481 = AXIS2_PLACEMENT_3D('',#6482,#6483,#6484);
#6482 = CARTESIAN_POINT('',(34.134063660671,-8.695391020515,1.51));
#6483 = DIRECTION('',(0.,0.,-1.));
#6484 = DIRECTION('',(-0.190809444231,0.981627096199,0.));
#6485 = ORIENTED_EDGE('',*,*,#6486,.F.);
#6486 = EDGE_CURVE('',#6487,#6478,#6489,.T.);
#6487 = VERTEX_POINT('',#6488);
#6488 = CARTESIAN_POINT('',(27.60785,-7.926526,1.51));
#6489 = LINE('',#6490,#6491);
#6490 = CARTESIAN_POINT('',(27.60785,-7.926526,1.51));
#6491 = VECTOR('',#6492,1.);
#6492 = DIRECTION('',(0.981627191695,0.190808952947,0.));
#6493 = ORIENTED_EDGE('',*,*,#6494,.F.);
#6494 = EDGE_CURVE('',#6495,#6487,#6497,.T.);
#6495 = VERTEX_POINT('',#6496);
#6496 = CARTESIAN_POINT('',(20.,-9.405342,1.51));
#6497 = LINE('',#6498,#6499);
#6498 = CARTESIAN_POINT('',(20.,-9.405342,1.51));
#6499 = VECTOR('',#6500,1.);
#6500 = DIRECTION('',(0.981627189124,0.190808966175,0.));
#6501 = ORIENTED_EDGE('',*,*,#6502,.F.);
#6502 = EDGE_CURVE('',#6503,#6495,#6505,.T.);
#6503 = VERTEX_POINT('',#6504);
#6504 = CARTESIAN_POINT('',(19.5,-8.993174,1.51));
#6505 = CIRCLE('',#6506,0.419918148097);
#6506 = AXIS2_PLACEMENT_3D('',#6507,#6508,#6509);
#6507 = CARTESIAN_POINT('',(19.919918145865,-8.993130709835,1.51));
#6508 = DIRECTION('',(0.,0.,1.));
#6509 = DIRECTION('',(-0.999999994686,-1.030919126331E-04,0.));
#6510 = ORIENTED_EDGE('',*,*,#6511,.F.);
#6511 = EDGE_CURVE('',#6512,#6503,#6514,.T.);
#6512 = VERTEX_POINT('',#6513);
#6513 = CARTESIAN_POINT('',(20.,-8.386625,1.51));
#6514 = CIRCLE('',#6515,0.617958141774);
#6515 = AXIS2_PLACEMENT_3D('',#6516,#6517,#6518);
#6516 = CARTESIAN_POINT('',(20.117958140022,-8.993220534262,1.51));
#6517 = DIRECTION('',(0.,0.,1.));
#6518 = DIRECTION('',(-0.190883705623,0.981612658296,0.));
#6519 = ORIENTED_EDGE('',*,*,#6520,.F.);
#6520 = EDGE_CURVE('',#6521,#6512,#6523,.T.);
#6521 = VERTEX_POINT('',#6522);
#6522 = CARTESIAN_POINT('',(27.512445,-6.926354,1.51));
#6523 = LINE('',#6524,#6525);
#6524 = CARTESIAN_POINT('',(27.512445,-6.926354,1.51));
#6525 = VECTOR('',#6526,1.);
#6526 = DIRECTION('',(-0.981627192784,-0.190808947345,0.));
#6527 = ORIENTED_EDGE('',*,*,#6528,.F.);
#6528 = EDGE_CURVE('',#6529,#6521,#6531,.T.);
#6529 = VERTEX_POINT('',#6530);
#6530 = CARTESIAN_POINT('',(33.561636,-5.75051,1.51));
#6531 = LINE('',#6532,#6533);
#6532 = CARTESIAN_POINT('',(33.561636,-5.75051,1.51));
#6533 = VECTOR('',#6534,1.);
#6534 = DIRECTION('',(-0.981627171795,-0.190809055325,0.));
#6535 = ORIENTED_EDGE('',*,*,#6536,.F.);
#6536 = EDGE_CURVE('',#6537,#6529,#6539,.T.);
#6537 = VERTEX_POINT('',#6538);
#6538 = CARTESIAN_POINT('',(35.143272,-3.405638,1.51));
#6539 = CIRCLE('',#6540,1.999998806183);
#6540 = AXIS2_PLACEMENT_3D('',#6541,#6542,#6543);
#6541 = CARTESIAN_POINT('',(33.180018979485,-3.787256660671,1.51));
#6542 = DIRECTION('',(0.,0.,-1.));
#6543 = DIRECTION('',(0.981627096199,0.190809444231,0.));
#6544 = ORIENTED_EDGE('',*,*,#6545,.F.);
#6545 = EDGE_CURVE('',#6546,#6537,#6548,.T.);
#6546 = VERTEX_POINT('',#6547);
#6547 = CARTESIAN_POINT('',(34.093823,1.993311,1.51));
#6548 = LINE('',#6549,#6550);
#6549 = CARTESIAN_POINT('',(34.093823,1.993311,1.51));
#6550 = VECTOR('',#6551,1.);
#6551 = DIRECTION('',(0.190808929565,-0.98162719624,0.));
#6552 = ORIENTED_EDGE('',*,*,#6553,.F.);
#6553 = EDGE_CURVE('',#6554,#6546,#6556,.T.);
#6554 = VERTEX_POINT('',#6555);
#6555 = CARTESIAN_POINT('',(33.044373,7.392261,1.51));
#6556 = LINE('',#6557,#6558);
#6557 = CARTESIAN_POINT('',(33.044373,7.392261,1.51));
#6558 = VECTOR('',#6559,1.);
#6559 = DIRECTION('',(0.190809070709,-0.981627168805,0.));
#6560 = ORIENTED_EDGE('',*,*,#6561,.F.);
#6561 = EDGE_CURVE('',#6562,#6554,#6564,.T.);
#6562 = VERTEX_POINT('',#6563);
#6563 = CARTESIAN_POINT('',(30.699501,8.973897,1.51));
#6564 = CIRCLE('',#6565,1.999998806183);
#6565 = AXIS2_PLACEMENT_3D('',#6566,#6567,#6568);
#6566 = CARTESIAN_POINT('',(31.081119660671,7.010643979485,1.51));
#6567 = DIRECTION('',(0.,0.,-1.));
#6568 = DIRECTION('',(-0.190809444231,0.981627096199,0.));
#6569 = ORIENTED_EDGE('',*,*,#6570,.F.);
#6570 = EDGE_CURVE('',#6571,#6562,#6573,.T.);
#6571 = VERTEX_POINT('',#6572);
#6572 = CARTESIAN_POINT('',(23.081378,7.493084,1.51));
#6573 = LINE('',#6574,#6575);
#6574 = CARTESIAN_POINT('',(23.081378,7.493084,1.51));
#6575 = VECTOR('',#6576,1.);
#6576 = DIRECTION('',(0.981627185953,0.19080898249,0.));
#6577 = ORIENTED_EDGE('',*,*,#6578,.F.);
#6578 = EDGE_CURVE('',#6579,#6571,#6581,.T.);
#6579 = VERTEX_POINT('',#6580);
#6580 = CARTESIAN_POINT('',(14.,5.727843,1.51));
#6581 = LINE('',#6582,#6583);
#6582 = CARTESIAN_POINT('',(14.,5.727843,1.51));
#6583 = VECTOR('',#6584,1.);
#6584 = DIRECTION('',(0.981627184724,0.190808988811,0.));
#6585 = ORIENTED_EDGE('',*,*,#6586,.F.);
#6586 = EDGE_CURVE('',#6587,#6579,#6589,.T.);
#6587 = VERTEX_POINT('',#6588);
#6588 = CARTESIAN_POINT('',(13.5,6.140011,1.51));
#6589 = CIRCLE('',#6590,0.419912587663);
#6590 = AXIS2_PLACEMENT_3D('',#6591,#6592,#6593);
#6591 = CARTESIAN_POINT('',(13.919912586073,6.140047545594,1.51));
#6592 = DIRECTION('',(0.,0.,1.));
#6593 = DIRECTION('',(-0.999999996213,-8.703143299095E-05,0.));
#6594 = ORIENTED_EDGE('',*,*,#6595,.F.);
#6595 = EDGE_CURVE('',#6596,#6587,#6598,.T.);
#6596 = VERTEX_POINT('',#6597);
#6597 = CARTESIAN_POINT('',(14.,6.74656,1.51));
#6598 = CIRCLE('',#6599,0.617927906905);
#6599 = AXIS2_PLACEMENT_3D('',#6600,#6601,#6602);
#6600 = CARTESIAN_POINT('',(14.117927906527,6.139989388287,1.51));
#6601 = DIRECTION('',(0.,0.,1.));
#6602 = DIRECTION('',(-0.190844118236,0.981620355603,0.));
#6603 = ORIENTED_EDGE('',*,*,#6604,.F.);
#6604 = EDGE_CURVE('',#6605,#6596,#6607,.T.);
#6605 = VERTEX_POINT('',#6606);
#6606 = CARTESIAN_POINT('',(21.022719,8.111638,1.51));
#6607 = LINE('',#6608,#6609);
#6608 = CARTESIAN_POINT('',(21.022719,8.111638,1.51));
#6609 = VECTOR('',#6610,1.);
#6610 = DIRECTION('',(-0.981627191046,-0.190808956289,0.));
#6611 = ORIENTED_EDGE('',*,*,#6612,.F.);
#6612 = EDGE_CURVE('',#6613,#6605,#6615,.T.);
#6613 = VERTEX_POINT('',#6614);
#6614 = CARTESIAN_POINT('',(26.582183,9.192289,1.51));
#6615 = LINE('',#6616,#6617);
#6616 = CARTESIAN_POINT('',(26.582183,9.192289,1.51));
#6617 = VECTOR('',#6618,1.);
#6618 = DIRECTION('',(-0.981627161321,-0.190809109207,0.));
#6619 = ORIENTED_EDGE('',*,*,#6620,.F.);
#6620 = EDGE_CURVE('',#6621,#6613,#6623,.T.);
#6621 = VERTEX_POINT('',#6622);
#6622 = CARTESIAN_POINT('',(30.508692,9.955525,1.51));
#6623 = LINE('',#6624,#6625);
#6624 = CARTESIAN_POINT('',(30.508692,9.955525,1.51));
#6625 = VECTOR('',#6626,1.);
#6626 = DIRECTION('',(-0.981627185005,-0.190808987366,0.));
#6627 = ORIENTED_EDGE('',*,*,#6628,.F.);
#6628 = EDGE_CURVE('',#6629,#6621,#6631,.T.);
#6629 = VERTEX_POINT('',#6630);
#6630 = CARTESIAN_POINT('',(30.999506,10.050929,1.51));
#6631 = LINE('',#6632,#6633);
#6632 = CARTESIAN_POINT('',(30.999506,10.050929,1.51));
#6633 = VECTOR('',#6634,1.);
#6634 = DIRECTION('',(-0.981627399613,-0.190807883297,0.));
#6635 = ORIENTED_EDGE('',*,*,#6636,.F.);
#6636 = EDGE_CURVE('',#6637,#6629,#6639,.T.);
#6637 = VERTEX_POINT('',#6638);
#6638 = CARTESIAN_POINT('',(33.453574,10.527952,1.51));
#6639 = LINE('',#6640,#6641);
#6640 = CARTESIAN_POINT('',(33.453574,10.527952,1.51));
#6641 = VECTOR('',#6642,1.);
#6642 = DIRECTION('',(-0.981627145724,-0.19080918945,0.));
#6643 = ORIENTED_EDGE('',*,*,#6644,.F.);
#6644 = EDGE_CURVE('',#6645,#6637,#6647,.T.);
#6645 = VERTEX_POINT('',#6646);
#6646 = CARTESIAN_POINT('',(38.238109,-14.08635,1.51));
#6647 = LINE('',#6648,#6649);
#6648 = CARTESIAN_POINT('',(38.238109,-14.08635,1.51));
#6649 = VECTOR('',#6650,1.);
#6650 = DIRECTION('',(-0.190808971091,0.981627188168,0.));
#6651 = ORIENTED_EDGE('',*,*,#6652,.F.);
#6652 = EDGE_CURVE('',#6653,#6645,#6655,.T.);
#6653 = VERTEX_POINT('',#6654);
#6654 = CARTESIAN_POINT('',(42.641027,-36.737397,1.51));
#6655 = LINE('',#6656,#6657);
#6656 = CARTESIAN_POINT('',(42.641027,-36.737397,1.51));
#6657 = VECTOR('',#6658,1.);
#6658 = DIRECTION('',(-0.190809015498,0.981627179536,0.));
#6659 = ORIENTED_EDGE('',*,*,#6660,.F.);
#6660 = EDGE_CURVE('',#6661,#6653,#6663,.T.);
#6661 = VERTEX_POINT('',#6662);
#6662 = CARTESIAN_POINT('',(44.985899,-38.319034,1.51));
#6663 = CIRCLE('',#6664,2.000040096704);
#6664 = AXIS2_PLACEMENT_3D('',#6665,#6666,#6667);
#6665 = CARTESIAN_POINT('',(44.604313179622,-36.35573253305,1.51));
#6666 = DIRECTION('',(0.,0.,-1.));
#6667 = DIRECTION('',(0.190789085182,-0.981631053388,0.));
#6668 = ORIENTED_EDGE('',*,*,#6669,.F.);
#6669 = EDGE_CURVE('',#6670,#6661,#6672,.T.);
#6670 = VERTEX_POINT('',#6671);
#6671 = CARTESIAN_POINT('',(52.372644,-36.883196,1.51));
#6672 = LINE('',#6673,#6674);
#6673 = CARTESIAN_POINT('',(52.372644,-36.883196,1.51));
#6674 = VECTOR('',#6675,1.);
#6675 = DIRECTION('',(-0.981627177888,-0.190809023981,0.));
#6676 = ORIENTED_EDGE('',*,*,#6677,.F.);
#6677 = EDGE_CURVE('',#6678,#6670,#6680,.T.);
#6678 = VERTEX_POINT('',#6679);
#6679 = CARTESIAN_POINT('',(60.102958,-35.380575,1.51));
#6680 = LINE('',#6681,#6682);
#6681 = CARTESIAN_POINT('',(60.102958,-35.380575,1.51));
#6682 = VECTOR('',#6683,1.);
#6683 = DIRECTION('',(-0.981627179287,-0.190809016783,0.));
#6684 = ORIENTED_EDGE('',*,*,#6685,.F.);
#6685 = EDGE_CURVE('',#6686,#6678,#6688,.T.);
#6686 = VERTEX_POINT('',#6687);
#6687 = CARTESIAN_POINT('',(61.407808,-33.446055,1.51));
#6688 = CIRCLE('',#6689,1.649972770081);
#6689 = AXIS2_PLACEMENT_3D('',#6690,#6691,#6692);
#6690 = CARTESIAN_POINT('',(59.788155130414,-33.76091167223,1.51));
#6691 = DIRECTION('',(0.,0.,-1.));
#6692 = DIRECTION('',(0.981623999472,0.190825374784,0.));
#6693 = ORIENTED_EDGE('',*,*,#6694,.F.);
#6694 = EDGE_CURVE('',#6695,#6686,#6697,.T.);
#6695 = VERTEX_POINT('',#6696);
#6696 = CARTESIAN_POINT('',(62.712658,-31.511536,1.51));
#6697 = CIRCLE('',#6698,1.649999302567);
#6698 = AXIS2_PLACEMENT_3D('',#6699,#6700,#6701);
#6699 = CARTESIAN_POINT('',(63.027492164804,-33.1312202739,1.51));
#6700 = DIRECTION('',(0.,0.,1.));
#6701 = DIRECTION('',(-0.190808665382,0.981627247592,0.));
#6702 = ORIENTED_EDGE('',*,*,#6703,.F.);
#6703 = EDGE_CURVE('',#6704,#6695,#6706,.T.);
#6704 = VERTEX_POINT('',#6705);
#6705 = CARTESIAN_POINT('',(70.442972,-30.008915,1.51));
#6706 = LINE('',#6707,#6708);
#6707 = CARTESIAN_POINT('',(70.442972,-30.008915,1.51));
#6708 = VECTOR('',#6709,1.);
#6709 = DIRECTION('',(-0.981627179287,-0.190809016783,0.));
#6710 = ORIENTED_EDGE('',*,*,#6711,.F.);
#6711 = EDGE_CURVE('',#6712,#6704,#6714,.T.);
#6712 = VERTEX_POINT('',#6713);
#6713 = CARTESIAN_POINT('',(77.829716,-28.573077,1.51));
#6714 = LINE('',#6715,#6716);
#6715 = CARTESIAN_POINT('',(77.829716,-28.573077,1.51));
#6716 = VECTOR('',#6717,1.);
#6717 = DIRECTION('',(-0.981627173049,-0.190809048871,0.));
#6718 = ORIENTED_EDGE('',*,*,#6719,.F.);
#6719 = EDGE_CURVE('',#6720,#6712,#6722,.T.);
#6720 = VERTEX_POINT('',#6721);
#6721 = CARTESIAN_POINT('',(79.411353,-26.228205,1.51));
#6722 = CIRCLE('',#6723,2.000042749843);
#6723 = AXIS2_PLACEMENT_3D('',#6724,#6725,#6726);
#6724 = CARTESIAN_POINT('',(77.448048422483,-26.60978872227,1.51));
#6725 = DIRECTION('',(0.,0.,-1.));
#6726 = DIRECTION('',(0.981631306466,0.190787783061,0.));
#6727 = ORIENTED_EDGE('',*,*,#6728,.F.);
#6728 = EDGE_CURVE('',#6729,#6720,#6731,.T.);
#6729 = VERTEX_POINT('',#6730);
#6730 = CARTESIAN_POINT('',(79.096518,-24.60852,1.51));
#6731 = LINE('',#6732,#6733);
#6732 = CARTESIAN_POINT('',(79.096518,-24.60852,1.51));
#6733 = VECTOR('',#6734,1.);
#6734 = DIRECTION('',(0.190809070709,-0.981627168805,0.));
#6735 = ORIENTED_EDGE('',*,*,#6736,.F.);
#6736 = EDGE_CURVE('',#6737,#6729,#6739,.T.);
#6737 = VERTEX_POINT('',#6738);
#6738 = CARTESIAN_POINT('',(78.781683,-22.988835,1.51));
#6739 = LINE('',#6740,#6741);
#6740 = CARTESIAN_POINT('',(78.781683,-22.988835,1.51));
#6741 = VECTOR('',#6742,1.);
#6742 = DIRECTION('',(0.190809070709,-0.981627168805,0.));
#6743 = ORIENTED_EDGE('',*,*,#6744,.F.);
#6744 = EDGE_CURVE('',#6745,#6737,#6747,.T.);
#6745 = VERTEX_POINT('',#6746);
#6746 = CARTESIAN_POINT('',(80.363319,-20.643963,1.51));
#6747 = CIRCLE('',#6748,1.999998806183);
#6748 = AXIS2_PLACEMENT_3D('',#6749,#6750,#6751);
#6749 = CARTESIAN_POINT('',(80.744936020515,-22.60721633932,1.51));
#6750 = DIRECTION('',(0.,0.,1.));
#6751 = DIRECTION('',(-0.190808624153,0.981627255606,0.));
#6752 = ORIENTED_EDGE('',*,*,#6753,.F.);
#6753 = EDGE_CURVE('',#6754,#6745,#6756,.T.);
#6754 = VERTEX_POINT('',#6755);
#6755 = CARTESIAN_POINT('',(87.750064,-19.208125,1.51));
#6756 = LINE('',#6757,#6758);
#6757 = CARTESIAN_POINT('',(87.750064,-19.208125,1.51));
#6758 = VECTOR('',#6759,1.);
#6759 = DIRECTION('',(-0.981627177888,-0.190809023981,0.));
#6760 = ORIENTED_EDGE('',*,*,#6761,.F.);
#6761 = EDGE_CURVE('',#6762,#6754,#6764,.T.);
#6762 = VERTEX_POINT('',#6763);
#6763 = CARTESIAN_POINT('',(95.136808,-17.772287,1.51));
#6764 = LINE('',#6765,#6766);
#6765 = CARTESIAN_POINT('',(95.136808,-17.772287,1.51));
#6766 = VECTOR('',#6767,1.);
#6767 = DIRECTION('',(-0.981627173049,-0.190809048871,0.));
#6768 = ORIENTED_EDGE('',*,*,#6769,.F.);
#6769 = EDGE_CURVE('',#6770,#6762,#6772,.T.);
#6770 = VERTEX_POINT('',#6771);
#6771 = CARTESIAN_POINT('',(97.481681,-19.353924,1.51));
#6772 = CIRCLE('',#6773,2.00000215767);
#6773 = AXIS2_PLACEMENT_3D('',#6774,#6775,#6776);
#6774 = CARTESIAN_POINT('',(95.518424786543,-19.73554379902,1.51));
#6775 = DIRECTION('',(0.,0.,1.));
#6776 = DIRECTION('',(0.981627047715,0.19080969366,-0.));
#6777 = ORIENTED_EDGE('',*,*,#6778,.F.);
#6778 = EDGE_CURVE('',#6779,#6770,#6781,.T.);
#6779 = VERTEX_POINT('',#6780);
#6780 = CARTESIAN_POINT('',(97.701111,-20.482795,1.51));
#6781 = LINE('',#6782,#6783);
#6782 = CARTESIAN_POINT('',(97.701111,-20.482795,1.51));
#6783 = VECTOR('',#6784,1.);
#6784 = DIRECTION('',(-0.190808749068,0.981627231325,0.));
#6785 = ORIENTED_EDGE('',*,*,#6786,.F.);
#6786 = EDGE_CURVE('',#6787,#6779,#6789,.T.);
#6787 = VERTEX_POINT('',#6788);
#6788 = CARTESIAN_POINT('',(97.920542,-21.611666,1.51));
#6789 = LINE('',#6790,#6791);
#6790 = CARTESIAN_POINT('',(97.920542,-21.611666,1.51));
#6791 = VECTOR('',#6792,1.);
#6792 = DIRECTION('',(-0.190809586975,0.981627068452,0.));
#6793 = ORIENTED_EDGE('',*,*,#6794,.F.);
#6794 = EDGE_CURVE('',#6795,#6787,#6797,.T.);
#6795 = VERTEX_POINT('',#6796);
#6796 = CARTESIAN_POINT('',(100.265414,-23.193303,1.51));
#6797 = CIRCLE('',#6798,2.000025387002);
#6798 = AXIS2_PLACEMENT_3D('',#6799,#6800,#6801);
#6799 = CARTESIAN_POINT('',(99.883816547108,-21.23001877895,1.51));
#6800 = DIRECTION('',(0.,0.,-1.));
#6801 = DIRECTION('',(0.190796304573,-0.981629650205,0.));
#6802 = ORIENTED_EDGE('',*,*,#6803,.F.);
#6803 = EDGE_CURVE('',#6804,#6795,#6806,.T.);
#6804 = VERTEX_POINT('',#6805);
#6805 = CARTESIAN_POINT('',(107.652158,-21.757465,1.51));
#6806 = LINE('',#6807,#6808);
#6807 = CARTESIAN_POINT('',(107.652158,-21.757465,1.51));
#6808 = VECTOR('',#6809,1.);
#6809 = DIRECTION('',(-0.981627173049,-0.190809048871,0.));
#6810 = ORIENTED_EDGE('',*,*,#6811,.F.);
#6811 = EDGE_CURVE('',#6812,#6804,#6814,.T.);
#6812 = VERTEX_POINT('',#6813);
#6813 = CARTESIAN_POINT('',(115.038903,-20.321627,1.51));
#6814 = LINE('',#6815,#6816);
#6815 = CARTESIAN_POINT('',(115.038903,-20.321627,1.51));
#6816 = VECTOR('',#6817,1.);
#6817 = DIRECTION('',(-0.981627177888,-0.190809023981,0.));
#6818 = ORIENTED_EDGE('',*,*,#6819,.F.);
#6819 = EDGE_CURVE('',#6820,#6812,#6822,.T.);
#6820 = VERTEX_POINT('',#6821);
#6821 = CARTESIAN_POINT('',(116.620539,-17.976755,1.51));
#6822 = CIRCLE('',#6823,1.999957239877);
#6823 = AXIS2_PLACEMENT_3D('',#6824,#6825,#6826);
#6824 = CARTESIAN_POINT('',(114.65733471385,-18.35840653241,1.51));
#6825 = DIRECTION('',(0.,0.,-1.));
#6826 = DIRECTION('',(0.981623130236,0.190829846161,0.));
#6827 = ORIENTED_EDGE('',*,*,#6828,.F.);
#6828 = EDGE_CURVE('',#6829,#6820,#6831,.T.);
#6829 = VERTEX_POINT('',#6830);
#6830 = CARTESIAN_POINT('',(116.377258,-16.72518,1.51));
#6831 = LINE('',#6832,#6833);
#6832 = CARTESIAN_POINT('',(116.377258,-16.72518,1.51));
#6833 = VECTOR('',#6834,1.);
#6834 = DIRECTION('',(0.190808590737,-0.981627262102,0.));
#6835 = ORIENTED_EDGE('',*,*,#6836,.F.);
#6836 = EDGE_CURVE('',#6837,#6829,#6839,.T.);
#6837 = VERTEX_POINT('',#6838);
#6838 = CARTESIAN_POINT('',(116.133976,-15.473606,1.51));
#6839 = LINE('',#6840,#6841);
#6840 = CARTESIAN_POINT('',(116.133976,-15.473606,1.51));
#6841 = VECTOR('',#6842,1.);
#6842 = DIRECTION('',(0.1908094934,-0.981627086642,0.));
#6843 = ORIENTED_EDGE('',*,*,#6844,.F.);
#6844 = EDGE_CURVE('',#6845,#6837,#6847,.T.);
#6845 = VERTEX_POINT('',#6846);
#6846 = CARTESIAN_POINT('',(117.715613,-13.128733,1.51));
#6847 = CIRCLE('',#6848,2.00000215767);
#6848 = AXIS2_PLACEMENT_3D('',#6849,#6850,#6851);
#6849 = CARTESIAN_POINT('',(118.09723279902,-15.09198921345,1.51));
#6850 = DIRECTION('',(0.,0.,1.));
#6851 = DIRECTION('',(-0.19080969366,0.981627047715,0.));
#6852 = ORIENTED_EDGE('',*,*,#6853,.F.);
#6853 = EDGE_CURVE('',#6854,#6845,#6856,.T.);
#6854 = VERTEX_POINT('',#6855);
#6855 = CARTESIAN_POINT('',(125.102357,-11.692896,1.51));
#6856 = LINE('',#6857,#6858);
#6857 = CARTESIAN_POINT('',(125.102357,-11.692896,1.51));
#6858 = VECTOR('',#6859,1.);
#6859 = DIRECTION('',(-0.98162719794,-0.190808920819,0.));
#6860 = ORIENTED_EDGE('',*,*,#6861,.F.);
#6861 = EDGE_CURVE('',#6862,#6854,#6864,.T.);
#6862 = VERTEX_POINT('',#6863);
#6863 = CARTESIAN_POINT('',(132.489102,-10.257058,1.51));
#6864 = LINE('',#6865,#6866);
#6865 = CARTESIAN_POINT('',(132.489102,-10.257058,1.51));
#6866 = VECTOR('',#6867,1.);
#6867 = DIRECTION('',(-0.981627177888,-0.190809023981,0.));
#6868 = ORIENTED_EDGE('',*,*,#6869,.F.);
#6869 = EDGE_CURVE('',#6870,#6862,#6872,.T.);
#6870 = VERTEX_POINT('',#6871);
#6871 = CARTESIAN_POINT('',(134.070738,-7.912186,1.51));
#6872 = CIRCLE('',#6873,2.000012910815);
#6873 = AXIS2_PLACEMENT_3D('',#6874,#6875,#6876);
#6874 = CARTESIAN_POINT('',(132.10746844275,-8.293793506507,1.51));
#6875 = DIRECTION('',(0.,0.,-1.));
#6876 = DIRECTION('',(0.981628441811,0.190802521545,0.));
#6877 = ORIENTED_EDGE('',*,*,#6878,.F.);
#6878 = EDGE_CURVE('',#6879,#6870,#6881,.T.);
#6879 = VERTEX_POINT('',#6880);
#6880 = CARTESIAN_POINT('',(130.817445,8.824558,1.51));
#6881 = LINE('',#6882,#6883);
#6882 = CARTESIAN_POINT('',(130.817445,8.824558,1.51));
#6883 = VECTOR('',#6884,1.);
#6884 = DIRECTION('',(0.190808968663,-0.98162718864,0.));
#6885 = ORIENTED_EDGE('',*,*,#6886,.F.);
#6886 = EDGE_CURVE('',#6887,#6879,#6889,.T.);
#6887 = VERTEX_POINT('',#6888);
#6888 = CARTESIAN_POINT('',(127.564152,25.561301,1.51));
#6889 = LINE('',#6890,#6891);
#6890 = CARTESIAN_POINT('',(127.564152,25.561301,1.51));
#6891 = VECTOR('',#6892,1.);
#6892 = DIRECTION('',(0.190808979648,-0.981627186505,0.));
#6893 = ORIENTED_EDGE('',*,*,#6894,.F.);
#6894 = EDGE_CURVE('',#6895,#6887,#6897,.T.);
#6895 = VERTEX_POINT('',#6896);
#6896 = CARTESIAN_POINT('',(125.219279,27.142938,1.51));
#6897 = CIRCLE('',#6898,2.000002856218);
#6898 = AXIS2_PLACEMENT_3D('',#6899,#6900,#6901);
#6899 = CARTESIAN_POINT('',(125.60089523411,25.179680381974,1.51));
#6900 = DIRECTION('',(0.,0.,-1.));
#6901 = DIRECTION('',(-0.190807844565,0.981627407142,0.));
#6902 = ORIENTED_EDGE('',*,*,#6903,.F.);
#6903 = EDGE_CURVE('',#6904,#6895,#6906,.T.);
#6904 = VERTEX_POINT('',#6905);
#6905 = CARTESIAN_POINT('',(117.832535,25.7071,1.51));
#6906 = LINE('',#6907,#6908);
#6907 = CARTESIAN_POINT('',(117.832535,25.7071,1.51));
#6908 = VECTOR('',#6909,1.);
#6909 = DIRECTION('',(0.981627173049,0.190809048871,0.));
#6910 = ORIENTED_EDGE('',*,*,#6911,.F.);
#6911 = EDGE_CURVE('',#6912,#6904,#6914,.T.);
#6912 = VERTEX_POINT('',#6913);
#6913 = CARTESIAN_POINT('',(110.44579,24.271262,1.51));
#6914 = LINE('',#6915,#6916);
#6915 = CARTESIAN_POINT('',(110.44579,24.271262,1.51));
#6916 = VECTOR('',#6917,1.);
#6917 = DIRECTION('',(0.981627177888,0.190809023981,0.));
#6918 = ORIENTED_EDGE('',*,*,#6919,.F.);
#6919 = EDGE_CURVE('',#6920,#6912,#6922,.T.);
#6920 = VERTEX_POINT('',#6921);
#6921 = CARTESIAN_POINT('',(108.100918,25.852899,1.51));
#6922 = CIRCLE('',#6923,2.000000481925);
#6923 = AXIS2_PLACEMENT_3D('',#6924,#6925,#6926);
#6924 = CARTESIAN_POINT('',(110.06417285184,26.234517021624,1.51));
#6925 = DIRECTION('',(0.,0.,1.));
#6926 = DIRECTION('',(-0.981627189385,-0.190808964834,0.));
#6927 = ORIENTED_EDGE('',*,*,#6928,.F.);
#6928 = EDGE_CURVE('',#6929,#6920,#6931,.T.);
#6929 = VERTEX_POINT('',#6930);
#6930 = CARTESIAN_POINT('',(107.289979,30.024814,1.51));
#6931 = LINE('',#6932,#6933);
#6932 = CARTESIAN_POINT('',(107.289979,30.024814,1.51));
#6933 = VECTOR('',#6934,1.);
#6934 = DIRECTION('',(0.19080919322,-0.981627144991,0.));
#6935 = ORIENTED_EDGE('',*,*,#6936,.F.);
#6936 = EDGE_CURVE('',#6937,#6929,#6939,.T.);
#6937 = VERTEX_POINT('',#6938);
#6938 = CARTESIAN_POINT('',(106.479041,34.19673,1.51));
#6939 = LINE('',#6940,#6941);
#6940 = CARTESIAN_POINT('',(106.479041,34.19673,1.51));
#6941 = VECTOR('',#6942,1.);
#6942 = DIRECTION('',(0.190808922421,-0.981627197629,0.));
#6943 = ORIENTED_EDGE('',*,*,#6944,.F.);
#6944 = EDGE_CURVE('',#6945,#6937,#6947,.T.);
#6945 = VERTEX_POINT('',#6946);
#6946 = CARTESIAN_POINT('',(104.134169,35.778366,1.51));
#6947 = CIRCLE('',#6948,1.999971296429);
#6948 = AXIS2_PLACEMENT_3D('',#6949,#6950,#6951);
#6949 = CARTESIAN_POINT('',(104.51580941604,33.815145233153,1.51));
#6950 = DIRECTION('',(0.,0.,-1.));
#6951 = DIRECTION('',(-0.190822946671,0.981624471488,0.));
#6952 = ORIENTED_EDGE('',*,*,#6953,.F.);
#6953 = EDGE_CURVE('',#6954,#6945,#6956,.T.);
#6954 = VERTEX_POINT('',#6955);
#6955 = CARTESIAN_POINT('',(96.747424,34.342528,1.51));
#6956 = LINE('',#6957,#6958);
#6957 = CARTESIAN_POINT('',(96.747424,34.342528,1.51));
#6958 = VECTOR('',#6959,1.);
#6959 = DIRECTION('',(0.981627177888,0.190809023981,0.));
#6960 = ORIENTED_EDGE('',*,*,#6961,.F.);
#6961 = EDGE_CURVE('',#6962,#6954,#6964,.T.);
#6962 = VERTEX_POINT('',#6963);
#6963 = CARTESIAN_POINT('',(89.36068,32.906691,1.51));
#6964 = LINE('',#6965,#6966);
#6965 = CARTESIAN_POINT('',(89.36068,32.906691,1.51));
#6966 = VECTOR('',#6967,1.);
#6967 = DIRECTION('',(0.98162719794,0.190808920819,0.));
#6968 = ORIENTED_EDGE('',*,*,#6969,.F.);
#6969 = EDGE_CURVE('',#6970,#6962,#6972,.T.);
#6970 = VERTEX_POINT('',#6971);
#6971 = CARTESIAN_POINT('',(87.015807,34.488327,1.51));
#6972 = CIRCLE('',#6973,2.000000481925);
#6973 = AXIS2_PLACEMENT_3D('',#6974,#6975,#6976);
#6974 = CARTESIAN_POINT('',(88.979061700945,34.869945797913,1.51));
#6975 = DIRECTION('',(0.,0.,1.));
#6976 = DIRECTION('',(-0.981627113937,-0.190809352978,0.));
#6977 = ORIENTED_EDGE('',*,*,#6978,.F.);
#6978 = EDGE_CURVE('',#6979,#6970,#6981,.T.);
#6979 = VERTEX_POINT('',#6980);
#6980 = CARTESIAN_POINT('',(86.796377,35.617198,1.51));
#6981 = LINE('',#6982,#6983);
#6982 = CARTESIAN_POINT('',(86.796377,35.617198,1.51));
#6983 = VECTOR('',#6984,1.);
#6984 = DIRECTION('',(0.190808749068,-0.981627231325,0.));
#6985 = ORIENTED_EDGE('',*,*,#6986,.F.);
#6986 = EDGE_CURVE('',#6987,#6979,#6989,.T.);
#6987 = VERTEX_POINT('',#6988);
#6988 = CARTESIAN_POINT('',(86.576947,36.74607,1.51));
#6989 = LINE('',#6990,#6991);
#6990 = CARTESIAN_POINT('',(86.576947,36.74607,1.51));
#6991 = VECTOR('',#6992,1.);
#6992 = DIRECTION('',(0.190808586196,-0.981627262984,0.));
#6993 = ORIENTED_EDGE('',*,*,#6994,.F.);
#6994 = EDGE_CURVE('',#6995,#6987,#6997,.T.);
#6995 = VERTEX_POINT('',#6996);
#6996 = CARTESIAN_POINT('',(84.232074,38.327706,1.51));
#6997 = CIRCLE('',#6998,2.000004579035);
#6998 = AXIS2_PLACEMENT_3D('',#6999,#7000,#7001);
#6999 = CARTESIAN_POINT('',(84.613689058992,36.364446398493,1.51));
#7000 = DIRECTION('',(0.,0.,-1.));
#7001 = DIRECTION('',(-0.19080709264,0.9816275533,0.));
#7002 = ORIENTED_EDGE('',*,*,#7003,.F.);
#7003 = EDGE_CURVE('',#7004,#6995,#7006,.T.);
#7004 = VERTEX_POINT('',#7005);
#7005 = CARTESIAN_POINT('',(76.84533,36.891868,1.51));
#7006 = LINE('',#7007,#7008);
#7007 = CARTESIAN_POINT('',(76.84533,36.891868,1.51));
#7008 = VECTOR('',#7009,1.);
#7009 = DIRECTION('',(0.981627173049,0.190809048871,0.));
#7010 = ORIENTED_EDGE('',*,*,#7011,.F.);
#7011 = EDGE_CURVE('',#7012,#7004,#7014,.T.);
#7012 = VERTEX_POINT('',#7013);
#7013 = CARTESIAN_POINT('',(69.458585,35.456031,1.51));
#7014 = LINE('',#7015,#7016);
#7015 = CARTESIAN_POINT('',(69.458585,35.456031,1.51));
#7016 = VECTOR('',#7017,1.);
#7017 = DIRECTION('',(0.981627202778,0.190808895929,0.));
#7018 = ORIENTED_EDGE('',*,*,#7019,.F.);
#7019 = EDGE_CURVE('',#7020,#7012,#7022,.T.);
#7020 = VERTEX_POINT('',#7021);
#7021 = CARTESIAN_POINT('',(67.876949,33.111158,1.51));
#7022 = CIRCLE('',#7023,1.999959566955);
#7023 = AXIS2_PLACEMENT_3D('',#7024,#7025,#7026);
#7024 = CARTESIAN_POINT('',(69.840155827229,33.492808655674,1.51));
#7025 = DIRECTION('',(0.,0.,-1.));
#7026 = DIRECTION('',(-0.981623258623,-0.190829185739,-0.));
#7027 = ORIENTED_EDGE('',*,*,#7028,.F.);
#7028 = EDGE_CURVE('',#7029,#7020,#7031,.T.);
#7029 = VERTEX_POINT('',#7030);
#7030 = CARTESIAN_POINT('',(68.191784,31.491473,1.51));
#7031 = LINE('',#7032,#7033);
#7032 = CARTESIAN_POINT('',(68.191784,31.491473,1.51));
#7033 = VECTOR('',#7034,1.);
#7034 = DIRECTION('',(-0.190809070709,0.981627168805,0.));
#7035 = ORIENTED_EDGE('',*,*,#7036,.F.);
#7036 = EDGE_CURVE('',#7037,#7029,#7039,.T.);
#7037 = VERTEX_POINT('',#7038);
#7038 = CARTESIAN_POINT('',(68.506619,29.871789,1.51));
#7039 = LINE('',#7040,#7041);
#7040 = CARTESIAN_POINT('',(68.506619,29.871789,1.51));
#7041 = VECTOR('',#7042,1.);
#7042 = DIRECTION('',(-0.190809184226,0.981627146739,0.));
#7043 = ORIENTED_EDGE('',*,*,#7044,.F.);
#7044 = EDGE_CURVE('',#7045,#7037,#7047,.T.);
#7045 = VERTEX_POINT('',#7046);
#7046 = CARTESIAN_POINT('',(66.924982,27.526916,1.51));
#7047 = CIRCLE('',#7048,2.00000215767);
#7048 = AXIS2_PLACEMENT_3D('',#7049,#7050,#7051);
#7049 = CARTESIAN_POINT('',(66.543362200977,29.490172213457,1.51));
#7050 = DIRECTION('',(0.,0.,1.));
#7051 = DIRECTION('',(0.19080969366,-0.981627047715,0.));
#7052 = ORIENTED_EDGE('',*,*,#7053,.F.);
#7053 = EDGE_CURVE('',#7054,#7045,#7056,.T.);
#7054 = VERTEX_POINT('',#7055);
#7055 = CARTESIAN_POINT('',(59.538238,26.091079,1.51));
#7056 = LINE('',#7057,#7058);
#7057 = CARTESIAN_POINT('',(59.538238,26.091079,1.51));
#7058 = VECTOR('',#7059,1.);
#7059 = DIRECTION('',(0.98162719794,0.190808920819,0.));
#7060 = ORIENTED_EDGE('',*,*,#7061,.F.);
#7061 = EDGE_CURVE('',#7062,#7054,#7064,.T.);
#7062 = VERTEX_POINT('',#7063);
#7063 = CARTESIAN_POINT('',(51.807924,24.588458,1.51));
#7064 = LINE('',#7065,#7066);
#7065 = CARTESIAN_POINT('',(51.807924,24.588458,1.51));
#7066 = VECTOR('',#7067,1.);
#7067 = DIRECTION('',(0.981627179287,0.190809016783,0.));
#7068 = ORIENTED_EDGE('',*,*,#7069,.F.);
#7069 = EDGE_CURVE('',#7070,#7062,#7072,.T.);
#7070 = VERTEX_POINT('',#7071);
#7071 = CARTESIAN_POINT('',(50.503074,22.653938,1.51));
#7072 = CIRCLE('',#7073,1.649935860072);
#7073 = AXIS2_PLACEMENT_3D('',#7074,#7075,#7076);
#7074 = CARTESIAN_POINT('',(52.122683593751,22.968823862149,1.51));
#7075 = DIRECTION('',(0.,0.,-1.));
#7076 = DIRECTION('',(-0.981619730164,-0.190847335202,-0.));
#7077 = ORIENTED_EDGE('',*,*,#7078,.F.);
#7078 = EDGE_CURVE('',#7079,#7070,#7081,.T.);
#7079 = VERTEX_POINT('',#7080);
#7080 = CARTESIAN_POINT('',(49.198224,20.719418,1.51));
#7081 = CIRCLE('',#7082,1.65000097831);
#7082 = AXIS2_PLACEMENT_3D('',#7083,#7084,#7085);
#7083 = CARTESIAN_POINT('',(48.883388057798,22.339103635523,1.51));
#7084 = DIRECTION('',(0.,0.,1.));
#7085 = DIRECTION('',(0.190809548807,-0.981627075872,0.));
#7086 = ORIENTED_EDGE('',*,*,#7087,.F.);
#7087 = EDGE_CURVE('',#7088,#7079,#7090,.T.);
#7088 = VERTEX_POINT('',#7089);
#7089 = CARTESIAN_POINT('',(41.467909,19.216798,1.51));
#7090 = LINE('',#7091,#7092);
#7091 = CARTESIAN_POINT('',(41.467909,19.216798,1.51));
#7092 = VECTOR('',#7093,1.);
#7093 = DIRECTION('',(0.981627207694,0.190808870638,0.));
#7094 = ORIENTED_EDGE('',*,*,#7095,.F.);
#7095 = EDGE_CURVE('',#7096,#7088,#7098,.T.);
#7096 = VERTEX_POINT('',#7097);
#7097 = CARTESIAN_POINT('',(32.117911,17.399342,1.51));
#7098 = LINE('',#7099,#7100);
#7099 = CARTESIAN_POINT('',(32.117911,17.399342,1.51));
#7100 = VECTOR('',#7101,1.);
#7101 = DIRECTION('',(0.981627173648,0.190809045789,0.));
#7102 = ORIENTED_EDGE('',*,*,#7103,.F.);
#7103 = EDGE_CURVE('',#7104,#7096,#7106,.T.);
#7104 = VERTEX_POINT('',#7105);
#7105 = CARTESIAN_POINT('',(29.663843,16.922319,1.51));
#7106 = LINE('',#7107,#7108);
#7107 = CARTESIAN_POINT('',(29.663843,16.922319,1.51));
#7108 = VECTOR('',#7109,1.);
#7109 = DIRECTION('',(0.981627145724,0.19080918945,0.));
#7110 = ORIENTED_EDGE('',*,*,#7111,.F.);
#7111 = EDGE_CURVE('',#7112,#7104,#7114,.T.);
#7112 = VERTEX_POINT('',#7113);
#7113 = CARTESIAN_POINT('',(29.173029,16.826915,1.51));
#7114 = LINE('',#7115,#7116);
#7115 = CARTESIAN_POINT('',(29.173029,16.826915,1.51));
#7116 = VECTOR('',#7117,1.);
#7117 = DIRECTION('',(0.981627399613,0.190807883297,0.));
#7118 = ORIENTED_EDGE('',*,*,#7119,.F.);
#7119 = EDGE_CURVE('',#7120,#7112,#7122,.T.);
#7120 = VERTEX_POINT('',#7121);
#7121 = CARTESIAN_POINT('',(25.24652,16.063679,1.51));
#7122 = LINE('',#7123,#7124);
#7123 = CARTESIAN_POINT('',(25.24652,16.063679,1.51));
#7124 = VECTOR('',#7125,1.);
#7125 = DIRECTION('',(0.981627185005,0.190808987366,0.));
#7126 = ORIENTED_EDGE('',*,*,#7127,.F.);
#7127 = EDGE_CURVE('',#7128,#7120,#7130,.T.);
#7128 = VERTEX_POINT('',#7129);
#7129 = CARTESIAN_POINT('',(16.854887,14.432511,1.51));
#7130 = LINE('',#7131,#7132);
#7131 = CARTESIAN_POINT('',(16.854887,14.432511,1.51));
#7132 = VECTOR('',#7133,1.);
#7133 = DIRECTION('',(0.981627188196,0.190808970949,0.));
#7134 = ORIENTED_EDGE('',*,*,#7135,.F.);
#7135 = EDGE_CURVE('',#7136,#7128,#7138,.T.);
#7136 = VERTEX_POINT('',#7137);
#7137 = CARTESIAN_POINT('',(8.463254,12.801342,1.51));
#7138 = LINE('',#7139,#7140);
#7139 = CARTESIAN_POINT('',(8.463254,12.801342,1.51));
#7140 = VECTOR('',#7141,1.);
#7141 = DIRECTION('',(0.981627166286,0.190809083667,0.));
#7142 = ORIENTED_EDGE('',*,*,#7143,.F.);
#7143 = EDGE_CURVE('',#7144,#7136,#7146,.T.);
#7144 = VERTEX_POINT('',#7145);
#7145 = CARTESIAN_POINT('',(6.5,10.419724,1.51));
#7146 = CIRCLE('',#7147,2.426184851515);
#7147 = AXIS2_PLACEMENT_3D('',#7148,#7149,#7150);
#7148 = CARTESIAN_POINT('',(8.926184851503,10.41973162875,1.51));
#7149 = DIRECTION('',(0.,0.,-1.));
#7150 = DIRECTION('',(-0.999999999995,-3.144339769403E-06,-0.));
#7151 = ORIENTED_EDGE('',*,*,#7152,.F.);
#7152 = EDGE_CURVE('',#7153,#7144,#7155,.T.);
#7153 = VERTEX_POINT('',#7154);
#7154 = CARTESIAN_POINT('',(6.5,4.779349,1.51));
#7155 = LINE('',#7156,#7157);
#7156 = CARTESIAN_POINT('',(6.5,4.779349,1.51));
#7157 = VECTOR('',#7158,1.);
#7158 = DIRECTION('',(0.,1.,0.));
#7159 = ORIENTED_EDGE('',*,*,#7160,.F.);
#7160 = EDGE_CURVE('',#7161,#7153,#7163,.T.);
#7161 = VERTEX_POINT('',#7162);
#7162 = CARTESIAN_POINT('',(6.5,-0.861026,1.51));
#7163 = LINE('',#7164,#7165);
#7164 = CARTESIAN_POINT('',(6.5,-0.861026,1.51));
#7165 = VECTOR('',#7166,1.);
#7166 = DIRECTION('',(0.,1.,0.));
#7167 = ORIENTED_EDGE('',*,*,#7168,.F.);
#7168 = EDGE_CURVE('',#7169,#7161,#7171,.T.);
#7169 = VERTEX_POINT('',#7170);
#7170 = CARTESIAN_POINT('',(8.463254,-2.479408,1.51));
#7171 = CIRCLE('',#7172,1.648670875384);
#7172 = AXIS2_PLACEMENT_3D('',#7173,#7174,#7175);
#7173 = CARTESIAN_POINT('',(8.148670875382,-0.861028219774,1.51));
#7174 = DIRECTION('',(0.,0.,-1.));
#7175 = DIRECTION('',(0.19081014247,-0.981626960475,0.));
#7176 = ORIENTED_EDGE('',*,*,#7177,.F.);
#7177 = EDGE_CURVE('',#7178,#7169,#7180,.T.);
#7178 = VERTEX_POINT('',#7179);
#7179 = CARTESIAN_POINT('',(16.813514,-0.856282,1.51));
#7180 = LINE('',#7181,#7182);
#7181 = CARTESIAN_POINT('',(16.813514,-0.856282,1.51));
#7182 = VECTOR('',#7183,1.);
#7183 = DIRECTION('',(-0.981627186094,-0.190808981763,0.));
#7184 = ORIENTED_EDGE('',*,*,#7185,.F.);
#7185 = EDGE_CURVE('',#7186,#7178,#7188,.T.);
#7186 = VERTEX_POINT('',#7187);
#7187 = CARTESIAN_POINT('',(26.636214,1.053058,1.51));
#7188 = LINE('',#7189,#7190);
#7189 = CARTESIAN_POINT('',(26.636214,1.053058,1.51));
#7190 = VECTOR('',#7191,1.);
#7191 = DIRECTION('',(-0.981627173388,-0.190809047129,0.));
#7192 = ORIENTED_EDGE('',*,*,#7193,.F.);
#7193 = EDGE_CURVE('',#7194,#7186,#7196,.T.);
#7194 = VERTEX_POINT('',#7195);
#7195 = CARTESIAN_POINT('',(27.222433,0.657649,1.51));
#7196 = CIRCLE('',#7197,0.500001877663);
#7197 = AXIS2_PLACEMENT_3D('',#7198,#7199,#7200);
#7198 = CARTESIAN_POINT('',(26.731617907849,0.562242380817,1.51));
#7199 = DIRECTION('',(0.,0.,1.));
#7200 = DIRECTION('',(0.981626497973,0.190812521802,-0.));
#7201 = ORIENTED_EDGE('',*,*,#7202,.F.);
#7202 = EDGE_CURVE('',#7203,#7194,#7205,.T.);
#7203 = VERTEX_POINT('',#7204);
#7204 = CARTESIAN_POINT('',(26.827023,7.143E-02,1.51));
#7205 = CIRCLE('',#7206,0.500001551926);
#7206 = AXIS2_PLACEMENT_3D('',#7207,#7208,#7209);
#7207 = CARTESIAN_POINT('',(26.731617726314,0.562245021858,1.51));
#7208 = DIRECTION('',(0.,0.,1.));
#7209 = DIRECTION('',(0.190809955126,-0.981626996891,0.));
#7210 = ORIENTED_EDGE('',*,*,#7211,.F.);
#7211 = EDGE_CURVE('',#7212,#7203,#7214,.T.);
#7212 = VERTEX_POINT('',#7213);
#7213 = CARTESIAN_POINT('',(19.908919,-1.273313,1.51));
#7214 = LINE('',#7215,#7216);
#7215 = CARTESIAN_POINT('',(19.908919,-1.273313,1.51));
#7216 = VECTOR('',#7217,1.);
#7217 = DIRECTION('',(0.981627188608,0.190808968829,0.));
#7218 = ORIENTED_EDGE('',*,*,#7219,.F.);
#7219 = EDGE_CURVE('',#7220,#7212,#7222,.T.);
#7220 = VERTEX_POINT('',#7221);
#7221 = CARTESIAN_POINT('',(14.463254,-2.331843,1.51));
#7222 = LINE('',#7223,#7224);
#7223 = CARTESIAN_POINT('',(14.463254,-2.331843,1.51));
#7224 = VECTOR('',#7225,1.);
#7225 = DIRECTION('',(0.981627185006,0.190808987359,0.));
#7226 = ORIENTED_EDGE('',*,*,#7227,.F.);
#7227 = EDGE_CURVE('',#7228,#7220,#7230,.T.);
#7228 = VERTEX_POINT('',#7229);
#7229 = CARTESIAN_POINT('',(12.5,-4.713461,1.51));
#7230 = CIRCLE('',#7231,2.426273850801);
#7231 = AXIS2_PLACEMENT_3D('',#7232,#7233,#7234);
#7232 = CARTESIAN_POINT('',(14.926273849911,-4.713526735862,1.51));
#7233 = DIRECTION('',(0.,0.,-1.));
#7234 = DIRECTION('',(-0.999999999633,2.709333997846E-05,0.));
#7235 = ORIENTED_EDGE('',*,*,#7236,.F.);
#7236 = EDGE_CURVE('',#7237,#7228,#7239,.T.);
#7237 = VERTEX_POINT('',#7238);
#7238 = CARTESIAN_POINT('',(12.5,-10.353836,1.51));
#7239 = LINE('',#7240,#7241);
#7240 = CARTESIAN_POINT('',(12.5,-10.353836,1.51));
#7241 = VECTOR('',#7242,1.);
#7242 = DIRECTION('',(0.,1.,0.));
#7243 = ORIENTED_EDGE('',*,*,#7244,.F.);
#7244 = EDGE_CURVE('',#7245,#7237,#7247,.T.);
#7245 = VERTEX_POINT('',#7246);
#7246 = CARTESIAN_POINT('',(12.5,-15.994211,1.51));
#7247 = LINE('',#7248,#7249);
#7248 = CARTESIAN_POINT('',(12.5,-15.994211,1.51));
#7249 = VECTOR('',#7250,1.);
#7250 = DIRECTION('',(0.,1.,0.));
#7251 = ORIENTED_EDGE('',*,*,#7252,.F.);
#7252 = EDGE_CURVE('',#7253,#7245,#7255,.T.);
#7253 = VERTEX_POINT('',#7254);
#7254 = CARTESIAN_POINT('',(14.463254,-17.612593,1.51));
#7255 = CIRCLE('',#7256,1.648667303205);
#7256 = AXIS2_PLACEMENT_3D('',#7257,#7258,#7259);
#7257 = CARTESIAN_POINT('',(14.148667303192,-15.99421755318,1.51));
#7258 = DIRECTION('',(0.,0.,-1.));
#7259 = DIRECTION('',(0.190812722613,-0.981626458939,0.));
#7260 = ORIENTED_EDGE('',*,*,#7261,.F.);
#7261 = EDGE_CURVE('',#7262,#7253,#7264,.T.);
#7262 = VERTEX_POINT('',#7263);
#7263 = CARTESIAN_POINT('',(21.339986,-16.275892,1.51));
#7264 = LINE('',#7265,#7266);
#7265 = CARTESIAN_POINT('',(21.339986,-16.275892,1.51));
#7266 = VECTOR('',#7267,1.);
#7267 = DIRECTION('',(-0.981627191255,-0.19080895521,0.));
#7268 = ORIENTED_EDGE('',*,*,#7269,.F.);
#7269 = EDGE_CURVE('',#7270,#7262,#7272,.T.);
#7270 = VERTEX_POINT('',#7271);
#7271 = CARTESIAN_POINT('',(29.689158,-14.652977,1.51));
#7272 = LINE('',#7273,#7274);
#7273 = CARTESIAN_POINT('',(29.689158,-14.652977,1.51));
#7274 = VECTOR('',#7275,1.);
#7275 = DIRECTION('',(-0.981627175397,-0.190809036795,0.));
#7276 = ORIENTED_EDGE('',*,*,#7277,.F.);
#7277 = EDGE_CURVE('',#7278,#7270,#7280,.T.);
#7278 = VERTEX_POINT('',#7279);
#7279 = CARTESIAN_POINT('',(30.275376,-15.048386,1.51));
#7280 = CIRCLE('',#7281,0.500000201914);
#7281 = AXIS2_PLACEMENT_3D('',#7282,#7283,#7284);
#7282 = CARTESIAN_POINT('',(29.784562269467,-15.14379084177,1.51));
#7283 = DIRECTION('',(0.,0.,1.));
#7284 = DIRECTION('',(0.981627064656,0.190809606503,-0.));
#7285 = ORIENTED_EDGE('',*,*,#7286,.F.);
#7286 = EDGE_CURVE('',#7287,#7278,#7289,.T.);
#7287 = VERTEX_POINT('',#7288);
#7288 = CARTESIAN_POINT('',(29.879967,-15.634605,1.51));
#7289 = CIRCLE('',#7290,0.499999876182);
#7290 = AXIS2_PLACEMENT_3D('',#7291,#7292,#7293);
#7291 = CARTESIAN_POINT('',(29.784562727426,-15.14379149065,1.51));
#7292 = DIRECTION('',(0.,0.,1.));
#7293 = DIRECTION('',(0.1908085924,-0.981627261778,0.));
#7294 = ORIENTED_EDGE('',*,*,#7295,.F.);
#7295 = EDGE_CURVE('',#7296,#7287,#7298,.T.);
#7296 = VERTEX_POINT('',#7297);
#7297 = CARTESIAN_POINT('',(21.43539,-17.276064,1.51));
#7298 = LINE('',#7299,#7300);
#7299 = CARTESIAN_POINT('',(21.43539,-17.276064,1.51));
#7300 = VECTOR('',#7301,1.);
#7301 = DIRECTION('',(0.981627194068,0.190808940738,0.));
#7302 = ORIENTED_EDGE('',*,*,#7303,.F.);
#7303 = EDGE_CURVE('',#7304,#7296,#7306,.T.);
#7304 = VERTEX_POINT('',#7305);
#7305 = CARTESIAN_POINT('',(14.463254,-18.63131,1.51));
#7306 = LINE('',#7307,#7308);
#7307 = CARTESIAN_POINT('',(14.463254,-18.63131,1.51));
#7308 = VECTOR('',#7309,1.);
#7309 = DIRECTION('',(0.981627182156,0.19080900202,0.));
#7310 = ORIENTED_EDGE('',*,*,#7311,.F.);
#7311 = EDGE_CURVE('',#7312,#7304,#7314,.T.);
#7312 = VERTEX_POINT('',#7313);
#7313 = CARTESIAN_POINT('',(12.5,-21.012928,1.51));
#7314 = CIRCLE('',#7315,2.426129152546);
#7315 = AXIS2_PLACEMENT_3D('',#7316,#7317,#7318);
#7316 = CARTESIAN_POINT('',(14.926129151955,-21.01287445609,1.51));
#7317 = DIRECTION('',(0.,0.,-1.));
#7318 = DIRECTION('',(-0.999999999756,-2.206968449615E-05,-0.));
#7319 = ORIENTED_EDGE('',*,*,#7320,.F.);
#7320 = EDGE_CURVE('',#7321,#7312,#7323,.T.);
#7321 = VERTEX_POINT('',#7322);
#7322 = CARTESIAN_POINT('',(12.5,-26.653303,1.51));
#7323 = LINE('',#7324,#7325);
#7324 = CARTESIAN_POINT('',(12.5,-26.653303,1.51));
#7325 = VECTOR('',#7326,1.);
#7326 = DIRECTION('',(0.,1.,0.));
#7327 = ORIENTED_EDGE('',*,*,#7328,.F.);
#7328 = EDGE_CURVE('',#7329,#7321,#7331,.T.);
#7329 = VERTEX_POINT('',#7330);
#7330 = CARTESIAN_POINT('',(12.5,-32.293678,1.51));
#7331 = LINE('',#7332,#7333);
#7332 = CARTESIAN_POINT('',(12.5,-32.293678,1.51));
#7333 = VECTOR('',#7334,1.);
#7334 = DIRECTION('',(0.,1.,0.));
#7335 = ORIENTED_EDGE('',*,*,#7336,.F.);
#7336 = EDGE_CURVE('',#7337,#7329,#7339,.T.);
#7337 = VERTEX_POINT('',#7338);
#7338 = CARTESIAN_POINT('',(14.463254,-33.91206,1.51));
#7339 = CIRCLE('',#7340,1.648668414958);
#7340 = AXIS2_PLACEMENT_3D('',#7341,#7342,#7343);
#7341 = CARTESIAN_POINT('',(14.148668414949,-32.29368320451,1.51));
#7342 = DIRECTION('',(0.,0.,-1.));
#7343 = DIRECTION('',(0.190811919605,-0.981626615031,0.));
#7344 = ORIENTED_EDGE('',*,*,#7345,.F.);
#7345 = EDGE_CURVE('',#7346,#7337,#7348,.T.);
#7346 = VERTEX_POINT('',#7347);
#7347 = CARTESIAN_POINT('',(22.866458,-32.278643,1.51));
#7348 = LINE('',#7349,#7350);
#7349 = CARTESIAN_POINT('',(22.866458,-32.278643,1.51));
#7350 = VECTOR('',#7351,1.);
#7351 = DIRECTION('',(-0.981627192009,-0.190808951334,0.));
#7352 = ORIENTED_EDGE('',*,*,#7353,.F.);
#7353 = EDGE_CURVE('',#7354,#7346,#7356,.T.);
#7354 = VERTEX_POINT('',#7355);
#7355 = CARTESIAN_POINT('',(32.742102,-30.359012,1.51));
#7356 = LINE('',#7357,#7358);
#7357 = CARTESIAN_POINT('',(32.742102,-30.359012,1.51));
#7358 = VECTOR('',#7359,1.);
#7359 = DIRECTION('',(-0.981627178489,-0.190809020887,0.));
#7360 = ORIENTED_EDGE('',*,*,#7361,.F.);
#7361 = EDGE_CURVE('',#7362,#7354,#7364,.T.);
#7362 = VERTEX_POINT('',#7363);
#7363 = CARTESIAN_POINT('',(33.32832,-30.754421,1.51));
#7364 = CIRCLE('',#7365,0.500000201914);
#7365 = AXIS2_PLACEMENT_3D('',#7366,#7367,#7368);
#7366 = CARTESIAN_POINT('',(32.837506269467,-30.84982584177,1.51));
#7367 = DIRECTION('',(0.,0.,1.));
#7368 = DIRECTION('',(0.981627064656,0.190809606503,-0.));
#7369 = ORIENTED_EDGE('',*,*,#7370,.F.);
#7370 = EDGE_CURVE('',#7371,#7362,#7373,.T.);
#7371 = VERTEX_POINT('',#7372);
#7372 = CARTESIAN_POINT('',(32.932911,-31.340639,1.51));
#7373 = CIRCLE('',#7374,0.49999820045);
#7374 = AXIS2_PLACEMENT_3D('',#7375,#7376,#7377);
#7375 = CARTESIAN_POINT('',(32.837508504814,-30.84982685226,1.51));
#7376 = DIRECTION('',(0.,0.,1.));
#7377 = DIRECTION('',(0.190805677102,-0.981627828449,0.));
#7378 = ORIENTED_EDGE('',*,*,#7379,.F.);
#7379 = EDGE_CURVE('',#7380,#7371,#7382,.T.);
#7380 = VERTEX_POINT('',#7381);
#7381 = CARTESIAN_POINT('',(22.961862,-33.278815,1.51));
#7382 = LINE('',#7383,#7384);
#7383 = CARTESIAN_POINT('',(22.961862,-33.278815,1.51));
#7384 = VECTOR('',#7385,1.);
#7385 = DIRECTION('',(0.981627175833,0.190809034551,0.));
#7386 = ORIENTED_EDGE('',*,*,#7387,.F.);
#7387 = EDGE_CURVE('',#7388,#7380,#7390,.T.);
#7388 = VERTEX_POINT('',#7389);
#7389 = CARTESIAN_POINT('',(12.5,-35.312395,1.51));
#7390 = LINE('',#7391,#7392);
#7391 = CARTESIAN_POINT('',(12.5,-35.312395,1.51));
#7392 = VECTOR('',#7393,1.);
#7393 = DIRECTION('',(0.981627182915,0.190808998115,0.));
#7394 = ORIENTED_EDGE('',*,*,#7395,.F.);
#7395 = EDGE_CURVE('',#7396,#7388,#7398,.T.);
#7396 = VERTEX_POINT('',#7397);
#7397 = CARTESIAN_POINT('',(12.,-35.312395,1.51));
#7398 = LINE('',#7399,#7400);
#7399 = CARTESIAN_POINT('',(12.,-35.312395,1.51));
#7400 = VECTOR('',#7401,1.);
#7401 = DIRECTION('',(1.,0.,0.));
#7402 = ORIENTED_EDGE('',*,*,#7403,.F.);
#7403 = EDGE_CURVE('',#7404,#7396,#7406,.T.);
#7404 = VERTEX_POINT('',#7405);
#7405 = CARTESIAN_POINT('',(11.5,-34.812395,1.51));
#7406 = CIRCLE('',#7407,0.500001333575);
#7407 = AXIS2_PLACEMENT_3D('',#7408,#7409,#7410);
#7408 = CARTESIAN_POINT('',(12.000001333573,-34.81239366642,1.51));
#7409 = DIRECTION('',(0.,0.,1.));
#7410 = DIRECTION('',(-0.999999999996,-2.667139191042E-06,0.));
#7411 = ORIENTED_EDGE('',*,*,#7412,.F.);
#7412 = EDGE_CURVE('',#7413,#7404,#7415,.T.);
#7413 = VERTEX_POINT('',#7414);
#7414 = CARTESIAN_POINT('',(11.5,-30.312395,1.51));
#7415 = LINE('',#7416,#7417);
#7416 = CARTESIAN_POINT('',(11.5,-30.312395,1.51));
#7417 = VECTOR('',#7418,1.);
#7418 = DIRECTION('',(0.,-1.,0.));
#7419 = ORIENTED_EDGE('',*,*,#7420,.F.);
#7420 = EDGE_CURVE('',#7421,#7413,#7423,.T.);
#7421 = VERTEX_POINT('',#7422);
#7422 = CARTESIAN_POINT('',(11.5,-25.312395,1.51));
#7423 = LINE('',#7424,#7425);
#7424 = CARTESIAN_POINT('',(11.5,-25.312395,1.51));
#7425 = VECTOR('',#7426,1.);
#7426 = DIRECTION('',(0.,-1.,0.));
#7427 = ORIENTED_EDGE('',*,*,#7428,.F.);
#7428 = EDGE_CURVE('',#7429,#7421,#7431,.T.);
#7429 = VERTEX_POINT('',#7430);
#7430 = CARTESIAN_POINT('',(11.5,-14.406198,1.51));
#7431 = LINE('',#7432,#7433);
#7432 = CARTESIAN_POINT('',(11.5,-14.406198,1.51));
#7433 = VECTOR('',#7434,1.);
#7434 = DIRECTION('',(0.,-1.,0.));
#7435 = ORIENTED_EDGE('',*,*,#7436,.F.);
#7436 = EDGE_CURVE('',#7437,#7429,#7439,.T.);
#7437 = VERTEX_POINT('',#7438);
#7438 = CARTESIAN_POINT('',(11.5,-5.5,1.51));
#7439 = LINE('',#7440,#7441);
#7440 = CARTESIAN_POINT('',(11.5,-5.5,1.51));
#7441 = VECTOR('',#7442,1.);
#7442 = DIRECTION('',(0.,-1.,0.));
#7443 = ORIENTED_EDGE('',*,*,#7444,.F.);
#7444 = EDGE_CURVE('',#7445,#7437,#7447,.T.);
#7445 = VERTEX_POINT('',#7446);
#7446 = CARTESIAN_POINT('',(9.5,-3.5,1.51));
#7447 = CIRCLE('',#7448,1.99999850585);
#7448 = AXIS2_PLACEMENT_3D('',#7449,#7450,#7451);
#7449 = CARTESIAN_POINT('',(9.50000149415,-5.49999850585,1.51));
#7450 = DIRECTION('',(0.,0.,-1.));
#7451 = DIRECTION('',(-7.470757420593E-07,1.,0.));
#7452 = ORIENTED_EDGE('',*,*,#7453,.F.);
#7453 = EDGE_CURVE('',#7454,#7445,#7456,.T.);
#7454 = VERTEX_POINT('',#7455);
#7455 = CARTESIAN_POINT('',(5.75,-3.5,1.51));
#7456 = LINE('',#7457,#7458);
#7457 = CARTESIAN_POINT('',(5.75,-3.5,1.51));
#7458 = VECTOR('',#7459,1.);
#7459 = DIRECTION('',(1.,0.,0.));
#7460 = ORIENTED_EDGE('',*,*,#7461,.F.);
#7461 = EDGE_CURVE('',#7462,#7454,#7464,.T.);
#7462 = VERTEX_POINT('',#7463);
#7463 = CARTESIAN_POINT('',(0.,-3.5,1.51));
#7464 = LINE('',#7465,#7466);
#7465 = CARTESIAN_POINT('',(0.,-3.5,1.51));
#7466 = VECTOR('',#7467,1.);
#7467 = DIRECTION('',(1.,0.,0.));
#7468 = ORIENTED_EDGE('',*,*,#7469,.F.);
#7469 = EDGE_CURVE('',#7470,#7462,#7472,.T.);
#7470 = VERTEX_POINT('',#7471);
#7471 = CARTESIAN_POINT('',(-5.75,-3.5,1.51));
#7472 = LINE('',#7473,#7474);
#7473 = CARTESIAN_POINT('',(-5.75,-3.5,1.51));
#7474 = VECTOR('',#7475,1.);
#7475 = DIRECTION('',(1.,0.,0.));
#7476 = ORIENTED_EDGE('',*,*,#7477,.F.);
#7477 = EDGE_CURVE('',#7478,#7470,#7480,.T.);
#7478 = VERTEX_POINT('',#7479);
#7479 = CARTESIAN_POINT('',(-9.5,-3.5,1.51));
#7480 = LINE('',#7481,#7482);
#7481 = CARTESIAN_POINT('',(-9.5,-3.5,1.51));
#7482 = VECTOR('',#7483,1.);
#7483 = DIRECTION('',(1.,0.,0.));
#7484 = ORIENTED_EDGE('',*,*,#7485,.F.);
#7485 = EDGE_CURVE('',#7486,#7478,#7488,.T.);
#7486 = VERTEX_POINT('',#7487);
#7487 = CARTESIAN_POINT('',(-11.5,-5.5,1.51));
#7488 = CIRCLE('',#7489,1.99999850585);
#7489 = AXIS2_PLACEMENT_3D('',#7490,#7491,#7492);
#7490 = CARTESIAN_POINT('',(-9.50000149415,-5.49999850585,1.51));
#7491 = DIRECTION('',(0.,0.,-1.));
#7492 = DIRECTION('',(-1.,-7.470757416152E-07,-0.));
#7493 = ORIENTED_EDGE('',*,*,#7494,.F.);
#7494 = EDGE_CURVE('',#7495,#7486,#7497,.T.);
#7495 = VERTEX_POINT('',#7496);
#7496 = CARTESIAN_POINT('',(-11.5,-14.406198,1.51));
#7497 = LINE('',#7498,#7499);
#7498 = CARTESIAN_POINT('',(-11.5,-14.406198,1.51));
#7499 = VECTOR('',#7500,1.);
#7500 = DIRECTION('',(0.,1.,0.));
#7501 = ORIENTED_EDGE('',*,*,#7502,.F.);
#7502 = EDGE_CURVE('',#7503,#7495,#7505,.T.);
#7503 = VERTEX_POINT('',#7504);
#7504 = CARTESIAN_POINT('',(-11.5,-25.312395,1.51));
#7505 = LINE('',#7506,#7507);
#7506 = CARTESIAN_POINT('',(-11.5,-25.312395,1.51));
#7507 = VECTOR('',#7508,1.);
#7508 = DIRECTION('',(0.,1.,0.));
#7509 = ORIENTED_EDGE('',*,*,#7510,.F.);
#7510 = EDGE_CURVE('',#7511,#7503,#7513,.T.);
#7511 = VERTEX_POINT('',#7512);
#7512 = CARTESIAN_POINT('',(-11.5,-30.312395,1.51));
#7513 = LINE('',#7514,#7515);
#7514 = CARTESIAN_POINT('',(-11.5,-30.312395,1.51));
#7515 = VECTOR('',#7516,1.);
#7516 = DIRECTION('',(0.,1.,0.));
#7517 = ORIENTED_EDGE('',*,*,#7518,.F.);
#7518 = EDGE_CURVE('',#7519,#7511,#7521,.T.);
#7519 = VERTEX_POINT('',#7520);
#7520 = CARTESIAN_POINT('',(-11.5,-34.812395,1.51));
#7521 = LINE('',#7522,#7523);
#7522 = CARTESIAN_POINT('',(-11.5,-34.812395,1.51));
#7523 = VECTOR('',#7524,1.);
#7524 = DIRECTION('',(0.,1.,0.));
#7525 = ORIENTED_EDGE('',*,*,#7526,.F.);
#7526 = EDGE_CURVE('',#7527,#7519,#7529,.T.);
#7527 = VERTEX_POINT('',#7528);
#7528 = CARTESIAN_POINT('',(-12.,-35.312395,1.51));
#7529 = CIRCLE('',#7530,0.500001333575);
#7530 = AXIS2_PLACEMENT_3D('',#7531,#7532,#7533);
#7531 = CARTESIAN_POINT('',(-12.00000133357,-34.81239366642,1.51));
#7532 = DIRECTION('',(0.,0.,1.));
#7533 = DIRECTION('',(2.66713918749E-06,-0.999999999996,0.));
#7534 = ORIENTED_EDGE('',*,*,#7535,.F.);
#7535 = EDGE_CURVE('',#7536,#7527,#7538,.T.);
#7536 = VERTEX_POINT('',#7537);
#7537 = CARTESIAN_POINT('',(-12.5,-35.312395,1.51));
#7538 = LINE('',#7539,#7540);
#7539 = CARTESIAN_POINT('',(-12.5,-35.312395,1.51));
#7540 = VECTOR('',#7541,1.);
#7541 = DIRECTION('',(1.,0.,0.));
#7542 = ORIENTED_EDGE('',*,*,#7543,.F.);
#7543 = EDGE_CURVE('',#7544,#7536,#7546,.T.);
#7544 = VERTEX_POINT('',#7545);
#7545 = CARTESIAN_POINT('',(-22.961862,-33.278815,1.51));
#7546 = LINE('',#7547,#7548);
#7547 = CARTESIAN_POINT('',(-22.961862,-33.278815,1.51));
#7548 = VECTOR('',#7549,1.);
#7549 = DIRECTION('',(0.981627182915,-0.190808998115,0.));
#7550 = ORIENTED_EDGE('',*,*,#7551,.F.);
#7551 = EDGE_CURVE('',#7552,#7544,#7554,.T.);
#7552 = VERTEX_POINT('',#7553);
#7553 = CARTESIAN_POINT('',(-32.932911,-31.340639,1.51));
#7554 = LINE('',#7555,#7556);
#7555 = CARTESIAN_POINT('',(-32.932911,-31.340639,1.51));
#7556 = VECTOR('',#7557,1.);
#7557 = DIRECTION('',(0.981627175833,-0.190809034551,0.));
#7558 = ORIENTED_EDGE('',*,*,#7559,.F.);
#7559 = EDGE_CURVE('',#7560,#7552,#7562,.T.);
#7560 = VERTEX_POINT('',#7561);
#7561 = CARTESIAN_POINT('',(-33.32832,-30.754421,1.51));
#7562 = CIRCLE('',#7563,0.49999820045);
#7563 = AXIS2_PLACEMENT_3D('',#7564,#7565,#7566);
#7564 = CARTESIAN_POINT('',(-32.83750850481,-30.84982685226,1.51));
#7565 = DIRECTION('',(0.,0.,1.));
#7566 = DIRECTION('',(-0.981626523345,0.19081239128,0.));
#7567 = ORIENTED_EDGE('',*,*,#7568,.F.);
#7568 = EDGE_CURVE('',#7569,#7560,#7571,.T.);
#7569 = VERTEX_POINT('',#7570);
#7570 = CARTESIAN_POINT('',(-32.742102,-30.359012,1.51));
#7571 = CIRCLE('',#7572,0.500000201914);
#7572 = AXIS2_PLACEMENT_3D('',#7573,#7574,#7575);
#7573 = CARTESIAN_POINT('',(-32.83750626946,-30.84982584177,1.51));
#7574 = DIRECTION('',(0.,0.,1.));
#7575 = DIRECTION('',(0.190808461881,0.981627287149,-0.));
#7576 = ORIENTED_EDGE('',*,*,#7577,.F.);
#7577 = EDGE_CURVE('',#7578,#7569,#7580,.T.);
#7578 = VERTEX_POINT('',#7579);
#7579 = CARTESIAN_POINT('',(-22.866458,-32.278643,1.51));
#7580 = LINE('',#7581,#7582);
#7581 = CARTESIAN_POINT('',(-22.866458,-32.278643,1.51));
#7582 = VECTOR('',#7583,1.);
#7583 = DIRECTION('',(-0.981627178489,0.190809020887,0.));
#7584 = ORIENTED_EDGE('',*,*,#7585,.F.);
#7585 = EDGE_CURVE('',#7586,#7578,#7588,.T.);
#7586 = VERTEX_POINT('',#7587);
#7587 = CARTESIAN_POINT('',(-14.463254,-33.91206,1.51));
#7588 = LINE('',#7589,#7590);
#7589 = CARTESIAN_POINT('',(-14.463254,-33.91206,1.51));
#7590 = VECTOR('',#7591,1.);
#7591 = DIRECTION('',(-0.981627192009,0.190808951334,0.));
#7592 = ORIENTED_EDGE('',*,*,#7593,.F.);
#7593 = EDGE_CURVE('',#7594,#7586,#7596,.T.);
#7594 = VERTEX_POINT('',#7595);
#7595 = CARTESIAN_POINT('',(-12.5,-32.293678,1.51));
#7596 = CIRCLE('',#7597,1.648671987146);
#7597 = AXIS2_PLACEMENT_3D('',#7598,#7599,#7600);
#7598 = CARTESIAN_POINT('',(-14.14867198714,-32.29367887109,1.51));
#7599 = DIRECTION('',(0.,0.,-1.));
#7600 = DIRECTION('',(1.,5.283633064327E-07,0.));
#7601 = ORIENTED_EDGE('',*,*,#7602,.F.);
#7602 = EDGE_CURVE('',#7603,#7594,#7605,.T.);
#7603 = VERTEX_POINT('',#7604);
#7604 = CARTESIAN_POINT('',(-12.5,-26.653303,1.51));
#7605 = LINE('',#7606,#7607);
#7606 = CARTESIAN_POINT('',(-12.5,-26.653303,1.51));
#7607 = VECTOR('',#7608,1.);
#7608 = DIRECTION('',(0.,-1.,0.));
#7609 = ORIENTED_EDGE('',*,*,#7610,.F.);
#7610 = EDGE_CURVE('',#7611,#7603,#7613,.T.);
#7611 = VERTEX_POINT('',#7612);
#7612 = CARTESIAN_POINT('',(-12.5,-21.012928,1.51));
#7613 = LINE('',#7614,#7615);
#7614 = CARTESIAN_POINT('',(-12.5,-21.012928,1.51));
#7615 = VECTOR('',#7616,1.);
#7616 = DIRECTION('',(0.,-1.,0.));
#7617 = ORIENTED_EDGE('',*,*,#7618,.F.);
#7618 = EDGE_CURVE('',#7619,#7611,#7621,.T.);
#7619 = VERTEX_POINT('',#7620);
#7620 = CARTESIAN_POINT('',(-14.463254,-18.63131,1.51));
#7621 = CIRCLE('',#7622,2.426194364032);
#7622 = AXIS2_PLACEMENT_3D('',#7623,#7624,#7625);
#7623 = CARTESIAN_POINT('',(-14.92619436403,-21.01292821277,1.51));
#7624 = DIRECTION('',(0.,0.,-1.));
#7625 = DIRECTION('',(0.190809265282,0.981627130983,0.));
#7626 = ORIENTED_EDGE('',*,*,#7627,.F.);
#7627 = EDGE_CURVE('',#7628,#7619,#7630,.T.);
#7628 = VERTEX_POINT('',#7629);
#7629 = CARTESIAN_POINT('',(-21.43539,-17.276064,1.51));
#7630 = LINE('',#7631,#7632);
#7631 = CARTESIAN_POINT('',(-21.43539,-17.276064,1.51));
#7632 = VECTOR('',#7633,1.);
#7633 = DIRECTION('',(0.981627182156,-0.19080900202,0.));
#7634 = ORIENTED_EDGE('',*,*,#7635,.F.);
#7635 = EDGE_CURVE('',#7636,#7628,#7638,.T.);
#7636 = VERTEX_POINT('',#7637);
#7637 = CARTESIAN_POINT('',(-29.879967,-15.634605,1.51));
#7638 = LINE('',#7639,#7640);
#7639 = CARTESIAN_POINT('',(-29.879967,-15.634605,1.51));
#7640 = VECTOR('',#7641,1.);
#7641 = DIRECTION('',(0.981627194068,-0.190808940738,0.));
#7642 = ORIENTED_EDGE('',*,*,#7643,.F.);
#7643 = EDGE_CURVE('',#7644,#7636,#7646,.T.);
#7644 = VERTEX_POINT('',#7645);
#7645 = CARTESIAN_POINT('',(-30.275376,-15.048386,1.51));
#7646 = CIRCLE('',#7647,0.499998526185);
#7647 = AXIS2_PLACEMENT_3D('',#7648,#7649,#7650);
#7648 = CARTESIAN_POINT('',(-29.78456431021,-15.14379255825,1.51));
#7649 = DIRECTION('',(0.,0.,1.));
#7650 = DIRECTION('',(-0.981626273039,0.190813678962,0.));
#7651 = ORIENTED_EDGE('',*,*,#7652,.F.);
#7652 = EDGE_CURVE('',#7653,#7644,#7655,.T.);
#7653 = VERTEX_POINT('',#7654);
#7654 = CARTESIAN_POINT('',(-29.689158,-14.652977,1.51));
#7655 = CIRCLE('',#7656,0.500000201914);
#7656 = AXIS2_PLACEMENT_3D('',#7657,#7658,#7659);
#7657 = CARTESIAN_POINT('',(-29.78456226946,-15.14379084177,1.51));
#7658 = DIRECTION('',(0.,0.,1.));
#7659 = DIRECTION('',(0.190808461881,0.981627287149,-0.));
#7660 = ORIENTED_EDGE('',*,*,#7661,.F.);
#7661 = EDGE_CURVE('',#7662,#7653,#7664,.T.);
#7662 = VERTEX_POINT('',#7663);
#7663 = CARTESIAN_POINT('',(-21.339986,-16.275892,1.51));
#7664 = LINE('',#7665,#7666);
#7665 = CARTESIAN_POINT('',(-21.339986,-16.275892,1.51));
#7666 = VECTOR('',#7667,1.);
#7667 = DIRECTION('',(-0.981627175397,0.190809036795,0.));
#7668 = ORIENTED_EDGE('',*,*,#7669,.F.);
#7669 = EDGE_CURVE('',#7670,#7662,#7672,.T.);
#7670 = VERTEX_POINT('',#7671);
#7671 = CARTESIAN_POINT('',(-14.463254,-17.612593,1.51));
#7672 = LINE('',#7673,#7674);
#7673 = CARTESIAN_POINT('',(-14.463254,-17.612593,1.51));
#7674 = VECTOR('',#7675,1.);
#7675 = DIRECTION('',(-0.981627191255,0.19080895521,0.));
#7676 = ORIENTED_EDGE('',*,*,#7677,.F.);
#7677 = EDGE_CURVE('',#7678,#7670,#7680,.T.);
#7678 = VERTEX_POINT('',#7679);
#7679 = CARTESIAN_POINT('',(-12.5,-15.994211,1.51));
#7680 = CIRCLE('',#7681,1.648671987146);
#7681 = AXIS2_PLACEMENT_3D('',#7682,#7683,#7684);
#7682 = CARTESIAN_POINT('',(-14.14867198714,-15.99421187109,1.51));
#7683 = DIRECTION('',(0.,0.,-1.));
#7684 = DIRECTION('',(1.,5.283633085876E-07,0.));
#7685 = ORIENTED_EDGE('',*,*,#7686,.F.);
#7686 = EDGE_CURVE('',#7687,#7678,#7689,.T.);
#7687 = VERTEX_POINT('',#7688);
#7688 = CARTESIAN_POINT('',(-12.5,-10.353836,1.51));
#7689 = LINE('',#7690,#7691);
#7690 = CARTESIAN_POINT('',(-12.5,-10.353836,1.51));
#7691 = VECTOR('',#7692,1.);
#7692 = DIRECTION('',(0.,-1.,0.));
#7693 = ORIENTED_EDGE('',*,*,#7694,.F.);
#7694 = EDGE_CURVE('',#7695,#7687,#7697,.T.);
#7695 = VERTEX_POINT('',#7696);
#7696 = CARTESIAN_POINT('',(-12.5,-4.713461,1.51));
#7697 = LINE('',#7698,#7699);
#7698 = CARTESIAN_POINT('',(-12.5,-4.713461,1.51));
#7699 = VECTOR('',#7700,1.);
#7700 = DIRECTION('',(0.,-1.,0.));
#7701 = ORIENTED_EDGE('',*,*,#7702,.F.);
#7702 = EDGE_CURVE('',#7703,#7695,#7705,.T.);
#7703 = VERTEX_POINT('',#7704);
#7704 = CARTESIAN_POINT('',(-14.463254,-2.331843,1.51));
#7705 = CIRCLE('',#7706,2.426194364032);
#7706 = AXIS2_PLACEMENT_3D('',#7707,#7708,#7709);
#7707 = CARTESIAN_POINT('',(-14.92619436403,-4.713461212772,1.51));
#7708 = DIRECTION('',(0.,0.,-1.));
#7709 = DIRECTION('',(0.190809265282,0.981627130983,0.));
#7710 = ORIENTED_EDGE('',*,*,#7711,.F.);
#7711 = EDGE_CURVE('',#7712,#7703,#7714,.T.);
#7712 = VERTEX_POINT('',#7713);
#7713 = CARTESIAN_POINT('',(-19.908919,-1.273313,1.51));
#7714 = LINE('',#7715,#7716);
#7715 = CARTESIAN_POINT('',(-19.908919,-1.273313,1.51));
#7716 = VECTOR('',#7717,1.);
#7717 = DIRECTION('',(0.981627185006,-0.190808987359,0.));
#7718 = ORIENTED_EDGE('',*,*,#7719,.F.);
#7719 = EDGE_CURVE('',#7720,#7712,#7722,.T.);
#7720 = VERTEX_POINT('',#7721);
#7721 = CARTESIAN_POINT('',(-26.827023,7.143E-02,1.51));
#7722 = LINE('',#7723,#7724);
#7723 = CARTESIAN_POINT('',(-26.827023,7.143E-02,1.51));
#7724 = VECTOR('',#7725,1.);
#7725 = DIRECTION('',(0.981627188608,-0.190808968829,0.));
#7726 = ORIENTED_EDGE('',*,*,#7727,.F.);
#7727 = EDGE_CURVE('',#7728,#7720,#7730,.T.);
#7728 = VERTEX_POINT('',#7729);
#7729 = CARTESIAN_POINT('',(-27.222433,0.657649,1.51));
#7730 = CIRCLE('',#7731,0.500001551926);
#7731 = AXIS2_PLACEMENT_3D('',#7732,#7733,#7734);
#7732 = CARTESIAN_POINT('',(-26.73161772631,0.562245021858,1.51));
#7733 = DIRECTION('',(0.,0.,1.));
#7734 = DIRECTION('',(-0.981627500545,0.190807364045,0.));
#7735 = ORIENTED_EDGE('',*,*,#7736,.F.);
#7736 = EDGE_CURVE('',#7737,#7728,#7739,.T.);
#7737 = VERTEX_POINT('',#7738);
#7738 = CARTESIAN_POINT('',(-26.636214,1.053058,1.51));
#7739 = CIRCLE('',#7740,0.500001877663);
#7740 = AXIS2_PLACEMENT_3D('',#7741,#7742,#7743);
#7741 = CARTESIAN_POINT('',(-26.73161790784,0.562242380817,1.51));
#7742 = DIRECTION('',(0.,0.,1.));
#7743 = DIRECTION('',(0.190807099156,0.981627552034,-0.));
#7744 = ORIENTED_EDGE('',*,*,#7745,.F.);
#7745 = EDGE_CURVE('',#7746,#7737,#7748,.T.);
#7746 = VERTEX_POINT('',#7747);
#7747 = CARTESIAN_POINT('',(-16.813514,-0.856282,1.51));
#7748 = LINE('',#7749,#7750);
#7749 = CARTESIAN_POINT('',(-16.813514,-0.856282,1.51));
#7750 = VECTOR('',#7751,1.);
#7751 = DIRECTION('',(-0.981627173388,0.190809047129,0.));
#7752 = ORIENTED_EDGE('',*,*,#7753,.F.);
#7753 = EDGE_CURVE('',#7754,#7746,#7756,.T.);
#7754 = VERTEX_POINT('',#7755);
#7755 = CARTESIAN_POINT('',(-8.463254,-2.479408,1.51));
#7756 = LINE('',#7757,#7758);
#7757 = CARTESIAN_POINT('',(-8.463254,-2.479408,1.51));
#7758 = VECTOR('',#7759,1.);
#7759 = DIRECTION('',(-0.981627186094,0.190808981763,0.));
#7760 = ORIENTED_EDGE('',*,*,#7761,.F.);
#7761 = EDGE_CURVE('',#7762,#7754,#7764,.T.);
#7762 = VERTEX_POINT('',#7763);
#7763 = CARTESIAN_POINT('',(-6.5,-0.861026,1.51));
#7764 = CIRCLE('',#7765,1.648673335825);
#7765 = AXIS2_PLACEMENT_3D('',#7766,#7767,#7768);
#7766 = CARTESIAN_POINT('',(-8.148673335825,-0.861025235019,1.51));
#7767 = DIRECTION('',(0.,0.,-1.));
#7768 = DIRECTION('',(1.,-4.639976950616E-07,0.));
#7769 = ORIENTED_EDGE('',*,*,#7770,.F.);
#7770 = EDGE_CURVE('',#7771,#7762,#7773,.T.);
#7771 = VERTEX_POINT('',#7772);
#7772 = CARTESIAN_POINT('',(-6.5,4.779349,1.51));
#7773 = LINE('',#7774,#7775);
#7774 = CARTESIAN_POINT('',(-6.5,4.779349,1.51));
#7775 = VECTOR('',#7776,1.);
#7776 = DIRECTION('',(0.,-1.,0.));
#7777 = ORIENTED_EDGE('',*,*,#7778,.F.);
#7778 = EDGE_CURVE('',#7779,#7771,#7781,.T.);
#7779 = VERTEX_POINT('',#7780);
#7780 = CARTESIAN_POINT('',(-6.5,10.419724,1.51));
#7781 = LINE('',#7782,#7783);
#7782 = CARTESIAN_POINT('',(-6.5,10.419724,1.51));
#7783 = VECTOR('',#7784,1.);
#7784 = DIRECTION('',(0.,-1.,0.));
#7785 = ORIENTED_EDGE('',*,*,#7786,.F.);
#7786 = EDGE_CURVE('',#7787,#7779,#7789,.T.);
#7787 = VERTEX_POINT('',#7788);
#7788 = CARTESIAN_POINT('',(-8.463254,12.801342,1.51));
#7789 = CIRCLE('',#7790,2.42619221488);
#7790 = AXIS2_PLACEMENT_3D('',#7791,#7792,#7793);
#7791 = CARTESIAN_POINT('',(-8.92619221488,10.419725558851,1.51));
#7792 = DIRECTION('',(0.,0.,-1.));
#7793 = DIRECTION('',(0.19080854849,0.981627270313,0.));
#7794 = ORIENTED_EDGE('',*,*,#7795,.F.);
#7795 = EDGE_CURVE('',#7796,#7787,#7798,.T.);
#7796 = VERTEX_POINT('',#7797);
#7797 = CARTESIAN_POINT('',(-16.854887,14.432511,1.51));
#7798 = LINE('',#7799,#7800);
#7799 = CARTESIAN_POINT('',(-16.854887,14.432511,1.51));
#7800 = VECTOR('',#7801,1.);
#7801 = DIRECTION('',(0.981627166286,-0.190809083667,0.));
#7802 = ORIENTED_EDGE('',*,*,#7803,.F.);
#7803 = EDGE_CURVE('',#7804,#7796,#7806,.T.);
#7804 = VERTEX_POINT('',#7805);
#7805 = CARTESIAN_POINT('',(-25.24652,16.063679,1.51));
#7806 = LINE('',#7807,#7808);
#7807 = CARTESIAN_POINT('',(-25.24652,16.063679,1.51));
#7808 = VECTOR('',#7809,1.);
#7809 = DIRECTION('',(0.981627188196,-0.190808970949,0.));
#7810 = ORIENTED_EDGE('',*,*,#7811,.F.);
#7811 = EDGE_CURVE('',#7812,#7804,#7814,.T.);
#7812 = VERTEX_POINT('',#7813);
#7813 = CARTESIAN_POINT('',(-29.173029,16.826915,1.51));
#7814 = LINE('',#7815,#7816);
#7815 = CARTESIAN_POINT('',(-29.173029,16.826915,1.51));
#7816 = VECTOR('',#7817,1.);
#7817 = DIRECTION('',(0.981627185005,-0.190808987366,0.));
#7818 = ORIENTED_EDGE('',*,*,#7819,.F.);
#7819 = EDGE_CURVE('',#7820,#7812,#7822,.T.);
#7820 = VERTEX_POINT('',#7821);
#7821 = CARTESIAN_POINT('',(-29.663843,16.922319,1.51));
#7822 = LINE('',#7823,#7824);
#7823 = CARTESIAN_POINT('',(-29.663843,16.922319,1.51));
#7824 = VECTOR('',#7825,1.);
#7825 = DIRECTION('',(0.981627399613,-0.190807883297,0.));
#7826 = ORIENTED_EDGE('',*,*,#7827,.F.);
#7827 = EDGE_CURVE('',#7828,#7820,#7830,.T.);
#7828 = VERTEX_POINT('',#7829);
#7829 = CARTESIAN_POINT('',(-32.117911,17.399342,1.51));
#7830 = LINE('',#7831,#7832);
#7831 = CARTESIAN_POINT('',(-32.117911,17.399342,1.51));
#7832 = VECTOR('',#7833,1.);
#7833 = DIRECTION('',(0.981627145724,-0.19080918945,0.));
#7834 = ORIENTED_EDGE('',*,*,#7835,.F.);
#7835 = EDGE_CURVE('',#7836,#7828,#7838,.T.);
#7836 = VERTEX_POINT('',#7837);
#7837 = CARTESIAN_POINT('',(-41.467909,19.216798,1.51));
#7838 = LINE('',#7839,#7840);
#7839 = CARTESIAN_POINT('',(-41.467909,19.216798,1.51));
#7840 = VECTOR('',#7841,1.);
#7841 = DIRECTION('',(0.981627173648,-0.190809045789,0.));
#7842 = ORIENTED_EDGE('',*,*,#7843,.F.);
#7843 = EDGE_CURVE('',#7844,#7836,#7846,.T.);
#7844 = VERTEX_POINT('',#7845);
#7845 = CARTESIAN_POINT('',(-49.198224,20.719418,1.51));
#7846 = LINE('',#7847,#7848);
#7847 = CARTESIAN_POINT('',(-49.198224,20.719418,1.51));
#7848 = VECTOR('',#7849,1.);
#7849 = DIRECTION('',(0.981627207694,-0.190808870638,0.));
#7850 = ORIENTED_EDGE('',*,*,#7851,.F.);
#7851 = EDGE_CURVE('',#7852,#7844,#7854,.T.);
#7852 = VERTEX_POINT('',#7853);
#7853 = CARTESIAN_POINT('',(-50.503074,22.653938,1.51));
#7854 = CIRCLE('',#7855,1.65000097831);
#7855 = AXIS2_PLACEMENT_3D('',#7856,#7857,#7858);
#7856 = CARTESIAN_POINT('',(-48.88338805779,22.339103635523,1.51));
#7857 = DIRECTION('',(0.,0.,1.));
#7858 = DIRECTION('',(-0.981627261737,0.19080859261,0.));
#7859 = ORIENTED_EDGE('',*,*,#7860,.F.);
#7860 = EDGE_CURVE('',#7861,#7852,#7863,.T.);
#7861 = VERTEX_POINT('',#7862);
#7862 = CARTESIAN_POINT('',(-51.807924,24.588458,1.51));
#7863 = CIRCLE('',#7864,1.649998976836);
#7864 = AXIS2_PLACEMENT_3D('',#7865,#7866,#7867);
#7865 = CARTESIAN_POINT('',(-52.1227575956,22.968773947278,1.51));
#7866 = DIRECTION('',(0.,0.,-1.));
#7867 = DIRECTION('',(0.190808358079,0.981627307326,0.));
#7868 = ORIENTED_EDGE('',*,*,#7869,.F.);
#7869 = EDGE_CURVE('',#7870,#7861,#7872,.T.);
#7870 = VERTEX_POINT('',#7871);
#7871 = CARTESIAN_POINT('',(-59.538238,26.091079,1.51));
#7872 = LINE('',#7873,#7874);
#7873 = CARTESIAN_POINT('',(-59.538238,26.091079,1.51));
#7874 = VECTOR('',#7875,1.);
#7875 = DIRECTION('',(0.981627179287,-0.190809016783,0.));
#7876 = ORIENTED_EDGE('',*,*,#7877,.F.);
#7877 = EDGE_CURVE('',#7878,#7870,#7880,.T.);
#7878 = VERTEX_POINT('',#7879);
#7879 = CARTESIAN_POINT('',(-66.924982,27.526916,1.51));
#7880 = LINE('',#7881,#7882);
#7881 = CARTESIAN_POINT('',(-66.924982,27.526916,1.51));
#7882 = VECTOR('',#7883,1.);
#7883 = DIRECTION('',(0.98162719794,-0.190808920819,0.));
#7884 = ORIENTED_EDGE('',*,*,#7885,.F.);
#7885 = EDGE_CURVE('',#7886,#7878,#7888,.T.);
#7886 = VERTEX_POINT('',#7887);
#7887 = CARTESIAN_POINT('',(-68.506619,29.871789,1.51));
#7888 = CIRCLE('',#7889,2.00000215767);
#7889 = AXIS2_PLACEMENT_3D('',#7890,#7891,#7892);
#7890 = CARTESIAN_POINT('',(-66.54336220097,29.490172213457,1.51));
#7891 = DIRECTION('',(0.,0.,1.));
#7892 = DIRECTION('',(-0.981627340498,0.190808187421,0.));
#7893 = ORIENTED_EDGE('',*,*,#7894,.F.);
#7894 = EDGE_CURVE('',#7895,#7886,#7897,.T.);
#7895 = VERTEX_POINT('',#7896);
#7896 = CARTESIAN_POINT('',(-68.191784,31.491473,1.51));
#7897 = LINE('',#7898,#7899);
#7898 = CARTESIAN_POINT('',(-68.191784,31.491473,1.51));
#7899 = VECTOR('',#7900,1.);
#7900 = DIRECTION('',(-0.190809184226,-0.981627146739,0.));
#7901 = ORIENTED_EDGE('',*,*,#7902,.F.);
#7902 = EDGE_CURVE('',#7903,#7895,#7905,.T.);
#7903 = VERTEX_POINT('',#7904);
#7904 = CARTESIAN_POINT('',(-67.876949,33.111158,1.51));
#7905 = LINE('',#7906,#7907);
#7906 = CARTESIAN_POINT('',(-67.876949,33.111158,1.51));
#7907 = VECTOR('',#7908,1.);
#7908 = DIRECTION('',(-0.190809070709,-0.981627168805,0.));
#7909 = ORIENTED_EDGE('',*,*,#7910,.F.);
#7910 = EDGE_CURVE('',#7911,#7903,#7913,.T.);
#7911 = VERTEX_POINT('',#7912);
#7912 = CARTESIAN_POINT('',(-69.458585,35.456031,1.51));
#7913 = CIRCLE('',#7914,2.000000481925);
#7914 = AXIS2_PLACEMENT_3D('',#7915,#7916,#7917);
#7915 = CARTESIAN_POINT('',(-69.84020379791,33.492776299055,1.51));
#7916 = DIRECTION('',(0.,0.,-1.));
#7917 = DIRECTION('',(0.190809352978,0.981627113937,0.));
#7918 = ORIENTED_EDGE('',*,*,#7919,.F.);
#7919 = EDGE_CURVE('',#114,#7911,#7920,.T.);
#7920 = LINE('',#7921,#7922);
#7921 = CARTESIAN_POINT('',(-76.84533,36.891868,1.51));
#7922 = VECTOR('',#7923,1.);
#7923 = DIRECTION('',(0.981627202778,-0.190808895929,0.));
#7924 = ORIENTED_EDGE('',*,*,#113,.F.);
#7925 = FACE_BOUND('',#7926,.T.);
#7926 = EDGE_LOOP('',(#7927));
#7927 = ORIENTED_EDGE('',*,*,#7928,.T.);
#7928 = EDGE_CURVE('',#7929,#7929,#7931,.T.);
#7929 = VERTEX_POINT('',#7930);
#7930 = CARTESIAN_POINT('',(-55.31232,-66.212362,1.51));
#7931 = CIRCLE('',#7932,0.4953);
#7932 = AXIS2_PLACEMENT_3D('',#7933,#7934,#7935);
#7933 = CARTESIAN_POINT('',(-55.31232,-65.717062,1.51));
#7934 = DIRECTION('',(-0.,0.,-1.));
#7935 = DIRECTION('',(-0.,-1.,0.));
#7936 = FACE_BOUND('',#7937,.T.);
#7937 = EDGE_LOOP('',(#7938));
#7938 = ORIENTED_EDGE('',*,*,#7939,.T.);
#7939 = EDGE_CURVE('',#7940,#7940,#7942,.T.);
#7940 = VERTEX_POINT('',#7941);
#7941 = CARTESIAN_POINT('',(-60.040384,-62.518394,1.51));
#7942 = CIRCLE('',#7943,0.4953);
#7943 = AXIS2_PLACEMENT_3D('',#7944,#7945,#7946);
#7944 = CARTESIAN_POINT('',(-60.040384,-62.023094,1.51));
#7945 = DIRECTION('',(-0.,0.,-1.));
#7946 = DIRECTION('',(-0.,-1.,0.));
#7947 = FACE_BOUND('',#7948,.T.);
#7948 = EDGE_LOOP('',(#7949));
#7949 = ORIENTED_EDGE('',*,*,#7950,.T.);
#7950 = EDGE_CURVE('',#7951,#7951,#7953,.T.);
#7951 = VERTEX_POINT('',#7952);
#7952 = CARTESIAN_POINT('',(-48.747965,-61.643552,1.51));
#7953 = CIRCLE('',#7954,0.95);
#7954 = AXIS2_PLACEMENT_3D('',#7955,#7956,#7957);
#7955 = CARTESIAN_POINT('',(-48.747965,-60.693552,1.51));
#7956 = DIRECTION('',(-0.,0.,-1.));
#7957 = DIRECTION('',(-0.,-1.,0.));
#7958 = FACE_BOUND('',#7959,.T.);
#7959 = EDGE_LOOP('',(#7960));
#7960 = ORIENTED_EDGE('',*,*,#7961,.T.);
#7961 = EDGE_CURVE('',#7962,#7962,#7964,.T.);
#7962 = VERTEX_POINT('',#7963);
#7963 = CARTESIAN_POINT('',(-52.75106,-59.615992,1.51));
#7964 = CIRCLE('',#7965,2.05);
#7965 = AXIS2_PLACEMENT_3D('',#7966,#7967,#7968);
#7966 = CARTESIAN_POINT('',(-52.75106,-57.565992,1.51));
#7967 = DIRECTION('',(-0.,0.,-1.));
#7968 = DIRECTION('',(-3.466062125659E-15,-1.,0.));
#7969 = FACE_BOUND('',#7970,.T.);
#7970 = EDGE_LOOP('',(#7971));
#7971 = ORIENTED_EDGE('',*,*,#7972,.T.);
#7972 = EDGE_CURVE('',#7973,#7973,#7975,.T.);
#7973 = VERTEX_POINT('',#7974);
#7974 = CARTESIAN_POINT('',(-56.754155,-55.388432,1.51));
#7975 = CIRCLE('',#7976,0.95);
#7976 = AXIS2_PLACEMENT_3D('',#7977,#7978,#7979);
#7977 = CARTESIAN_POINT('',(-56.754155,-54.438432,1.51));
#7978 = DIRECTION('',(-0.,0.,-1.));
#7979 = DIRECTION('',(-0.,-1.,0.));
#7980 = FACE_BOUND('',#7981,.T.);
#7981 = EDGE_LOOP('',(#7982));
#7982 = ORIENTED_EDGE('',*,*,#7983,.T.);
#7983 = EDGE_CURVE('',#7984,#7984,#7986,.T.);
#7984 = VERTEX_POINT('',#7985);
#7985 = CARTESIAN_POINT('',(-47.621952,-56.626678,1.51));
#7986 = CIRCLE('',#7987,1.5);
#7987 = AXIS2_PLACEMENT_3D('',#7988,#7989,#7990);
#7988 = CARTESIAN_POINT('',(-47.621952,-55.126678,1.51));
#7989 = DIRECTION('',(-0.,0.,-1.));
#7990 = DIRECTION('',(-0.,-1.,0.));
#7991 = FACE_BOUND('',#7992,.T.);
#7992 = EDGE_LOOP('',(#7993));
#7993 = ORIENTED_EDGE('',*,*,#7994,.T.);
#7994 = EDGE_CURVE('',#7995,#7995,#7997,.T.);
#7995 = VERTEX_POINT('',#7996);
#7996 = CARTESIAN_POINT('',(-54.189601,-54.718774,1.51));
#7997 = CIRCLE('',#7998,1.5);
#7998 = AXIS2_PLACEMENT_3D('',#7999,#8000,#8001);
#7999 = CARTESIAN_POINT('',(-54.189601,-53.218774,1.51));
#8000 = DIRECTION('',(-0.,0.,-1.));
#8001 = DIRECTION('',(-0.,-1.,0.));
#8002 = FACE_BOUND('',#8003,.T.);
#8003 = EDGE_LOOP('',(#8004));
#8004 = ORIENTED_EDGE('',*,*,#8005,.T.);
#8005 = EDGE_CURVE('',#8006,#8006,#8008,.T.);
#8006 = VERTEX_POINT('',#8007);
#8007 = CARTESIAN_POINT('',(-67.207106,-29.579658,1.51));
#8008 = CIRCLE('',#8009,0.4953);
#8009 = AXIS2_PLACEMENT_3D('',#8010,#8011,#8012);
#8010 = CARTESIAN_POINT('',(-67.207106,-29.084358,1.51));
#8011 = DIRECTION('',(-0.,0.,-1.));
#8012 = DIRECTION('',(-0.,-1.,0.));
#8013 = FACE_BOUND('',#8014,.T.);
#8014 = EDGE_LOOP('',(#8015));
#8015 = ORIENTED_EDGE('',*,*,#8016,.T.);
#8016 = EDGE_CURVE('',#8017,#8017,#8019,.T.);
#8017 = VERTEX_POINT('',#8018);
#8018 = CARTESIAN_POINT('',(-110.306057,-20.183356,1.51));
#8019 = CIRCLE('',#8020,0.4953);
#8020 = AXIS2_PLACEMENT_3D('',#8021,#8022,#8023);
#8021 = CARTESIAN_POINT('',(-110.306057,-19.688056,1.51));
#8022 = DIRECTION('',(-0.,0.,-1.));
#8023 = DIRECTION('',(-0.,-1.,0.));
#8024 = FACE_BOUND('',#8025,.T.);
#8025 = EDGE_LOOP('',(#8026));
#8026 = ORIENTED_EDGE('',*,*,#8027,.T.);
#8027 = EDGE_CURVE('',#8028,#8028,#8030,.T.);
#8028 = VERTEX_POINT('',#8029);
#8029 = CARTESIAN_POINT('',(-104.416293,-21.328208,1.51));
#8030 = CIRCLE('',#8031,0.4953);
#8031 = AXIS2_PLACEMENT_3D('',#8032,#8033,#8034);
#8032 = CARTESIAN_POINT('',(-104.416293,-20.832908,1.51));
#8033 = DIRECTION('',(-0.,0.,-1.));
#8034 = DIRECTION('',(-0.,-1.,0.));
#8035 = FACE_BOUND('',#8036,.T.);
#8036 = EDGE_LOOP('',(#8037));
#8037 = ORIENTED_EDGE('',*,*,#8038,.T.);
#8038 = EDGE_CURVE('',#8039,#8039,#8041,.T.);
#8039 = VERTEX_POINT('',#8040);
#8040 = CARTESIAN_POINT('',(-73.09687,-28.434806,1.51));
#8041 = CIRCLE('',#8042,0.4953);
#8042 = AXIS2_PLACEMENT_3D('',#8043,#8044,#8045);
#8043 = CARTESIAN_POINT('',(-73.09687,-27.939506,1.51));
#8044 = DIRECTION('',(-0.,0.,-1.));
#8045 = DIRECTION('',(-0.,-1.,0.));
#8046 = FACE_BOUND('',#8047,.T.);
#8047 = EDGE_LOOP('',(#8048));
#8048 = ORIENTED_EDGE('',*,*,#8049,.T.);
#8049 = EDGE_CURVE('',#8050,#8050,#8052,.T.);
#8050 = VERTEX_POINT('',#8051);
#8051 = CARTESIAN_POINT('',(-90.403962,-17.634016,1.51));
#8052 = CIRCLE('',#8053,0.4953);
#8053 = AXIS2_PLACEMENT_3D('',#8054,#8055,#8056);
#8054 = CARTESIAN_POINT('',(-90.403962,-17.138716,1.51));
#8055 = DIRECTION('',(-0.,0.,-1.));
#8056 = DIRECTION('',(-0.,-1.,0.));
#8057 = FACE_BOUND('',#8058,.T.);
#8058 = EDGE_LOOP('',(#8059));
#8059 = ORIENTED_EDGE('',*,*,#8060,.T.);
#8060 = EDGE_CURVE('',#8061,#8061,#8063,.T.);
#8061 = VERTEX_POINT('',#8062);
#8062 = CARTESIAN_POINT('',(-84.514198,-18.778868,1.51));
#8063 = CIRCLE('',#8064,0.4953);
#8064 = AXIS2_PLACEMENT_3D('',#8065,#8066,#8067);
#8065 = CARTESIAN_POINT('',(-84.514198,-18.283568,1.51));
#8066 = DIRECTION('',(-0.,0.,-1.));
#8067 = DIRECTION('',(-0.,-1.,0.));
#8068 = FACE_BOUND('',#8069,.T.);
#8069 = EDGE_LOOP('',(#8070));
#8070 = ORIENTED_EDGE('',*,*,#8071,.T.);
#8071 = EDGE_CURVE('',#8072,#8072,#8074,.T.);
#8072 = VERTEX_POINT('',#8073);
#8073 = CARTESIAN_POINT('',(-73.612182,-20.639606,1.51));
#8074 = CIRCLE('',#8075,0.95);
#8075 = AXIS2_PLACEMENT_3D('',#8076,#8077,#8078);
#8076 = CARTESIAN_POINT('',(-73.612182,-19.689606,1.51));
#8077 = DIRECTION('',(-0.,0.,-1.));
#8078 = DIRECTION('',(-0.,-1.,0.));
#8079 = FACE_BOUND('',#8080,.T.);
#8080 = EDGE_LOOP('',(#8081));
#8081 = ORIENTED_EDGE('',*,*,#8082,.T.);
#8082 = EDGE_CURVE('',#8083,#8083,#8085,.T.);
#8083 = VERTEX_POINT('',#8084);
#8084 = CARTESIAN_POINT('',(-68.625516,-22.708916,1.51));
#8085 = CIRCLE('',#8086,2.05);
#8086 = AXIS2_PLACEMENT_3D('',#8087,#8088,#8089);
#8087 = CARTESIAN_POINT('',(-68.625516,-20.658916,1.51));
#8088 = DIRECTION('',(-0.,0.,-1.));
#8089 = DIRECTION('',(-0.,-1.,0.));
#8090 = FACE_BOUND('',#8091,.T.);
#8091 = EDGE_LOOP('',(#8092));
#8092 = ORIENTED_EDGE('',*,*,#8093,.T.);
#8093 = EDGE_CURVE('',#8094,#8094,#8096,.T.);
#8094 = VERTEX_POINT('',#8095);
#8095 = CARTESIAN_POINT('',(-71.880861,-18.938601,1.51));
#8096 = CIRCLE('',#8097,1.5);
#8097 = AXIS2_PLACEMENT_3D('',#8098,#8099,#8100);
#8098 = CARTESIAN_POINT('',(-71.880861,-17.438601,1.51));
#8099 = DIRECTION('',(-0.,0.,-1.));
#8100 = DIRECTION('',(-0.,-1.,0.));
#8101 = FACE_BOUND('',#8102,.T.);
#8102 = EDGE_LOOP('',(#8103));
#8103 = ORIENTED_EDGE('',*,*,#8104,.T.);
#8104 = EDGE_CURVE('',#8105,#8105,#8107,.T.);
#8105 = VERTEX_POINT('',#8106);
#8106 = CARTESIAN_POINT('',(-65.162873,-17.656905,1.51));
#8107 = CIRCLE('',#8108,1.5);
#8108 = AXIS2_PLACEMENT_3D('',#8109,#8110,#8111);
#8109 = CARTESIAN_POINT('',(-65.162873,-16.156905,1.51));
#8110 = DIRECTION('',(-0.,0.,-1.));
#8111 = DIRECTION('',(-0.,-1.,0.));
#8112 = FACE_BOUND('',#8113,.T.);
#8113 = EDGE_LOOP('',(#8114));
#8114 = ORIENTED_EDGE('',*,*,#8115,.T.);
#8115 = EDGE_CURVE('',#8116,#8116,#8118,.T.);
#8116 = VERTEX_POINT('',#8117);
#8117 = CARTESIAN_POINT('',(-55.026542,-35.309087,1.51));
#8118 = CIRCLE('',#8119,0.4953);
#8119 = AXIS2_PLACEMENT_3D('',#8120,#8121,#8122);
#8120 = CARTESIAN_POINT('',(-55.026542,-34.813787,1.51));
#8121 = DIRECTION('',(-0.,0.,-1.));
#8122 = DIRECTION('',(-0.,-1.,0.));
#8123 = FACE_BOUND('',#8124,.T.);
#8124 = EDGE_LOOP('',(#8125));
#8125 = ORIENTED_EDGE('',*,*,#8126,.T.);
#8126 = EDGE_CURVE('',#8127,#8127,#8129,.T.);
#8127 = VERTEX_POINT('',#8128);
#8128 = CARTESIAN_POINT('',(-49.136778,-36.453939,1.51));
#8129 = CIRCLE('',#8130,0.4953);
#8130 = AXIS2_PLACEMENT_3D('',#8131,#8132,#8133);
#8131 = CARTESIAN_POINT('',(-49.136778,-35.958639,1.51));
#8132 = DIRECTION('',(-0.,0.,-1.));
#8133 = DIRECTION('',(-0.,-1.,0.));
#8134 = FACE_BOUND('',#8135,.T.);
#8135 = EDGE_LOOP('',(#8136));
#8136 = ORIENTED_EDGE('',*,*,#8137,.T.);
#8137 = EDGE_CURVE('',#8138,#8138,#8140,.T.);
#8138 = VERTEX_POINT('',#8139);
#8139 = CARTESIAN_POINT('',(-45.568522,-29.452507,1.51));
#8140 = CIRCLE('',#8141,0.95);
#8141 = AXIS2_PLACEMENT_3D('',#8142,#8143,#8144);
#8142 = CARTESIAN_POINT('',(-45.568522,-28.502507,1.51));
#8143 = DIRECTION('',(-0.,0.,-1.));
#8144 = DIRECTION('',(-0.,-1.,0.));
#8145 = FACE_BOUND('',#8146,.T.);
#8146 = EDGE_LOOP('',(#8147));
#8147 = ORIENTED_EDGE('',*,*,#8148,.T.);
#8148 = EDGE_CURVE('',#8149,#8149,#8151,.T.);
#8149 = VERTEX_POINT('',#8150);
#8150 = CARTESIAN_POINT('',(-7.64,-38.121,1.51));
#8151 = CIRCLE('',#8152,0.381);
#8152 = AXIS2_PLACEMENT_3D('',#8153,#8154,#8155);
#8153 = CARTESIAN_POINT('',(-7.64,-37.74,1.51));
#8154 = DIRECTION('',(-0.,0.,-1.));
#8155 = DIRECTION('',(2.331176954594E-15,-1.,-0.));
#8156 = FACE_BOUND('',#8157,.T.);
#8157 = EDGE_LOOP('',(#8158));
#8158 = ORIENTED_EDGE('',*,*,#8159,.T.);
#8159 = EDGE_CURVE('',#8160,#8160,#8162,.T.);
#8160 = VERTEX_POINT('',#8161);
#8161 = CARTESIAN_POINT('',(-5.1,-38.121,1.51));
#8162 = CIRCLE('',#8163,0.381);
#8163 = AXIS2_PLACEMENT_3D('',#8164,#8165,#8166);
#8164 = CARTESIAN_POINT('',(-5.1,-37.74,1.51));
#8165 = DIRECTION('',(-0.,0.,-1.));
#8166 = DIRECTION('',(-0.,-1.,0.));
#8167 = FACE_BOUND('',#8168,.T.);
#8168 = EDGE_LOOP('',(#8169));
#8169 = ORIENTED_EDGE('',*,*,#8170,.T.);
#8170 = EDGE_CURVE('',#8171,#8171,#8173,.T.);
#8171 = VERTEX_POINT('',#8172);
#8172 = CARTESIAN_POINT('',(-2.56,-38.121,1.51));
#8173 = CIRCLE('',#8174,0.381);
#8174 = AXIS2_PLACEMENT_3D('',#8175,#8176,#8177);
#8175 = CARTESIAN_POINT('',(-2.56,-37.74,1.51));
#8176 = DIRECTION('',(-0.,0.,-1.));
#8177 = DIRECTION('',(-1.165588477297E-15,-1.,0.));
#8178 = FACE_BOUND('',#8179,.T.);
#8179 = EDGE_LOOP('',(#8180));
#8180 = ORIENTED_EDGE('',*,*,#8181,.T.);
#8181 = EDGE_CURVE('',#8182,#8182,#8184,.T.);
#8182 = VERTEX_POINT('',#8183);
#8183 = CARTESIAN_POINT('',(-2.E-02,-38.121,1.51));
#8184 = CIRCLE('',#8185,0.381);
#8185 = AXIS2_PLACEMENT_3D('',#8186,#8187,#8188);
#8186 = CARTESIAN_POINT('',(-2.E-02,-37.74,1.51));
#8187 = DIRECTION('',(-0.,0.,-1.));
#8188 = DIRECTION('',(1.183800797255E-16,-1.,-0.));
#8189 = FACE_BOUND('',#8190,.T.);
#8190 = EDGE_LOOP('',(#8191));
#8191 = ORIENTED_EDGE('',*,*,#8192,.T.);
#8192 = EDGE_CURVE('',#8193,#8193,#8195,.T.);
#8193 = VERTEX_POINT('',#8194);
#8194 = CARTESIAN_POINT('',(-7.64,-35.581,1.51));
#8195 = CIRCLE('',#8196,0.381);
#8196 = AXIS2_PLACEMENT_3D('',#8197,#8198,#8199);
#8197 = CARTESIAN_POINT('',(-7.64,-35.2,1.51));
#8198 = DIRECTION('',(-0.,0.,-1.));
#8199 = DIRECTION('',(2.331176954594E-15,-1.,-0.));
#8200 = FACE_BOUND('',#8201,.T.);
#8201 = EDGE_LOOP('',(#8202));
#8202 = ORIENTED_EDGE('',*,*,#8203,.T.);
#8203 = EDGE_CURVE('',#8204,#8204,#8206,.T.);
#8204 = VERTEX_POINT('',#8205);
#8205 = CARTESIAN_POINT('',(-7.64,-33.041,1.51));
#8206 = CIRCLE('',#8207,0.381);
#8207 = AXIS2_PLACEMENT_3D('',#8208,#8209,#8210);
#8208 = CARTESIAN_POINT('',(-7.64,-32.66,1.51));
#8209 = DIRECTION('',(-0.,0.,-1.));
#8210 = DIRECTION('',(2.331176954594E-15,-1.,-0.));
#8211 = FACE_BOUND('',#8212,.T.);
#8212 = EDGE_LOOP('',(#8213));
#8213 = ORIENTED_EDGE('',*,*,#8214,.T.);
#8214 = EDGE_CURVE('',#8215,#8215,#8217,.T.);
#8215 = VERTEX_POINT('',#8216);
#8216 = CARTESIAN_POINT('',(-7.64,-30.501,1.51));
#8217 = CIRCLE('',#8218,0.381);
#8218 = AXIS2_PLACEMENT_3D('',#8219,#8220,#8221);
#8219 = CARTESIAN_POINT('',(-7.64,-30.12,1.51));
#8220 = DIRECTION('',(-0.,0.,-1.));
#8221 = DIRECTION('',(2.331176954594E-15,-1.,-0.));
#8222 = FACE_BOUND('',#8223,.T.);
#8223 = EDGE_LOOP('',(#8224));
#8224 = ORIENTED_EDGE('',*,*,#8225,.T.);
#8225 = EDGE_CURVE('',#8226,#8226,#8228,.T.);
#8226 = VERTEX_POINT('',#8227);
#8227 = CARTESIAN_POINT('',(-50.555188,-29.583197,1.51));
#8228 = CIRCLE('',#8229,2.05);
#8229 = AXIS2_PLACEMENT_3D('',#8230,#8231,#8232);
#8230 = CARTESIAN_POINT('',(-50.555188,-27.533197,1.51));
#8231 = DIRECTION('',(-0.,0.,-1.));
#8232 = DIRECTION('',(-0.,-1.,0.));
#8233 = FACE_BOUND('',#8234,.T.);
#8234 = EDGE_LOOP('',(#8235));
#8235 = ORIENTED_EDGE('',*,*,#8236,.T.);
#8236 = EDGE_CURVE('',#8237,#8237,#8239,.T.);
#8237 = VERTEX_POINT('',#8238);
#8238 = CARTESIAN_POINT('',(-55.541854,-27.513887,1.51));
#8239 = CIRCLE('',#8240,0.95);
#8240 = AXIS2_PLACEMENT_3D('',#8241,#8242,#8243);
#8241 = CARTESIAN_POINT('',(-55.541854,-26.563887,1.51));
#8242 = DIRECTION('',(-0.,0.,-1.));
#8243 = DIRECTION('',(-0.,-1.,0.));
#8244 = FACE_BOUND('',#8245,.T.);
#8245 = EDGE_LOOP('',(#8246));
#8246 = ORIENTED_EDGE('',*,*,#8247,.T.);
#8247 = EDGE_CURVE('',#8248,#8248,#8250,.T.);
#8248 = VERTEX_POINT('',#8249);
#8249 = CARTESIAN_POINT('',(-53.810533,-25.812882,1.51));
#8250 = CIRCLE('',#8251,1.5);
#8251 = AXIS2_PLACEMENT_3D('',#8252,#8253,#8254);
#8252 = CARTESIAN_POINT('',(-53.810533,-24.312882,1.51));
#8253 = DIRECTION('',(-0.,0.,-1.));
#8254 = DIRECTION('',(-0.,-1.,0.));
#8255 = FACE_BOUND('',#8256,.T.);
#8256 = EDGE_LOOP('',(#8257));
#8257 = ORIENTED_EDGE('',*,*,#8258,.T.);
#8258 = EDGE_CURVE('',#8259,#8259,#8261,.T.);
#8259 = VERTEX_POINT('',#8260);
#8260 = CARTESIAN_POINT('',(-47.092545,-24.531186,1.51));
#8261 = CIRCLE('',#8262,1.5);
#8262 = AXIS2_PLACEMENT_3D('',#8263,#8264,#8265);
#8263 = CARTESIAN_POINT('',(-47.092545,-23.031186,1.51));
#8264 = DIRECTION('',(-0.,0.,-1.));
#8265 = DIRECTION('',(-0.,-1.,0.));
#8266 = FACE_BOUND('',#8267,.T.);
#8267 = EDGE_LOOP('',(#8268));
#8268 = ORIENTED_EDGE('',*,*,#8269,.T.);
#8269 = EDGE_CURVE('',#8270,#8270,#8272,.T.);
#8270 = VERTEX_POINT('',#8271);
#8271 = CARTESIAN_POINT('',(-63.63885,-22.578226,1.51));
#8272 = CIRCLE('',#8273,0.95);
#8273 = AXIS2_PLACEMENT_3D('',#8274,#8275,#8276);
#8274 = CARTESIAN_POINT('',(-63.63885,-21.628226,1.51));
#8275 = DIRECTION('',(-0.,0.,-1.));
#8276 = DIRECTION('',(-0.,-1.,0.));
#8277 = FACE_BOUND('',#8278,.T.);
#8278 = EDGE_LOOP('',(#8279));
#8279 = ORIENTED_EDGE('',*,*,#8280,.T.);
#8280 = EDGE_CURVE('',#8281,#8281,#8283,.T.);
#8281 = VERTEX_POINT('',#8282);
#8282 = CARTESIAN_POINT('',(-51.391631,-16.609089,1.51));
#8283 = CIRCLE('',#8284,0.4953);
#8284 = AXIS2_PLACEMENT_3D('',#8285,#8286,#8287);
#8285 = CARTESIAN_POINT('',(-51.391631,-16.113789,1.51));
#8286 = DIRECTION('',(-0.,0.,-1.));
#8287 = DIRECTION('',(1.434570433596E-14,-1.,-0.));
#8288 = FACE_BOUND('',#8289,.T.);
#8289 = EDGE_LOOP('',(#8290));
#8290 = ORIENTED_EDGE('',*,*,#8291,.T.);
#8291 = EDGE_CURVE('',#8292,#8292,#8294,.T.);
#8292 = VERTEX_POINT('',#8293);
#8293 = CARTESIAN_POINT('',(-45.501867,-17.753941,1.51));
#8294 = CIRCLE('',#8295,0.4953);
#8295 = AXIS2_PLACEMENT_3D('',#8296,#8297,#8298);
#8296 = CARTESIAN_POINT('',(-45.501867,-17.258641,1.51));
#8297 = DIRECTION('',(-0.,0.,-1.));
#8298 = DIRECTION('',(-0.,-1.,0.));
#8299 = FACE_BOUND('',#8300,.T.);
#8300 = EDGE_LOOP('',(#8301));
#8301 = ORIENTED_EDGE('',*,*,#8302,.T.);
#8302 = EDGE_CURVE('',#8303,#8303,#8305,.T.);
#8303 = VERTEX_POINT('',#8304);
#8304 = CARTESIAN_POINT('',(-7.64,-27.961,1.51));
#8305 = CIRCLE('',#8306,0.381);
#8306 = AXIS2_PLACEMENT_3D('',#8307,#8308,#8309);
#8307 = CARTESIAN_POINT('',(-7.64,-27.58,1.51));
#8308 = DIRECTION('',(-0.,0.,-1.));
#8309 = DIRECTION('',(2.331176954594E-15,-1.,-0.));
#8310 = FACE_BOUND('',#8311,.T.);
#8311 = EDGE_LOOP('',(#8312));
#8312 = ORIENTED_EDGE('',*,*,#8313,.T.);
#8313 = EDGE_CURVE('',#8314,#8314,#8316,.T.);
#8314 = VERTEX_POINT('',#8315);
#8315 = CARTESIAN_POINT('',(-7.64,-25.421,1.51));
#8316 = CIRCLE('',#8317,0.381);
#8317 = AXIS2_PLACEMENT_3D('',#8318,#8319,#8320);
#8318 = CARTESIAN_POINT('',(-7.64,-25.04,1.51));
#8319 = DIRECTION('',(-0.,0.,-1.));
#8320 = DIRECTION('',(2.331176954594E-15,-1.,-0.));
#8321 = FACE_BOUND('',#8322,.T.);
#8322 = EDGE_LOOP('',(#8323));
#8323 = ORIENTED_EDGE('',*,*,#8324,.T.);
#8324 = EDGE_CURVE('',#8325,#8325,#8327,.T.);
#8325 = VERTEX_POINT('',#8326);
#8326 = CARTESIAN_POINT('',(-7.64,-22.881,1.51));
#8327 = CIRCLE('',#8328,0.381);
#8328 = AXIS2_PLACEMENT_3D('',#8329,#8330,#8331);
#8329 = CARTESIAN_POINT('',(-7.64,-22.5,1.51));
#8330 = DIRECTION('',(-0.,0.,-1.));
#8331 = DIRECTION('',(2.331176954594E-15,-1.,-0.));
#8332 = FACE_BOUND('',#8333,.T.);
#8333 = EDGE_LOOP('',(#8334));
#8334 = ORIENTED_EDGE('',*,*,#8335,.T.);
#8335 = EDGE_CURVE('',#8336,#8336,#8338,.T.);
#8336 = VERTEX_POINT('',#8337);
#8337 = CARTESIAN_POINT('',(-7.64,-20.341,1.51));
#8338 = CIRCLE('',#8339,0.381);
#8339 = AXIS2_PLACEMENT_3D('',#8340,#8341,#8342);
#8340 = CARTESIAN_POINT('',(-7.64,-19.96,1.51));
#8341 = DIRECTION('',(-0.,0.,-1.));
#8342 = DIRECTION('',(2.331176954594E-15,-1.,-0.));
#8343 = FACE_BOUND('',#8344,.T.);
#8344 = EDGE_LOOP('',(#8345));
#8345 = ORIENTED_EDGE('',*,*,#8346,.T.);
#8346 = EDGE_CURVE('',#8347,#8347,#8349,.T.);
#8347 = VERTEX_POINT('',#8348);
#8348 = CARTESIAN_POINT('',(-7.64,-17.801,1.51));
#8349 = CIRCLE('',#8350,0.381);
#8350 = AXIS2_PLACEMENT_3D('',#8351,#8352,#8353);
#8351 = CARTESIAN_POINT('',(-7.64,-17.42,1.51));
#8352 = DIRECTION('',(-0.,0.,-1.));
#8353 = DIRECTION('',(2.331176954594E-15,-1.,-0.));
#8354 = FACE_BOUND('',#8355,.T.);
#8355 = EDGE_LOOP('',(#8356));
#8356 = ORIENTED_EDGE('',*,*,#8357,.T.);
#8357 = EDGE_CURVE('',#8358,#8358,#8360,.T.);
#8358 = VERTEX_POINT('',#8359);
#8359 = CARTESIAN_POINT('',(55.31232,-66.212362,1.51));
#8360 = CIRCLE('',#8361,0.4953);
#8361 = AXIS2_PLACEMENT_3D('',#8362,#8363,#8364);
#8362 = CARTESIAN_POINT('',(55.31232,-65.717062,1.51));
#8363 = DIRECTION('',(-0.,0.,-1.));
#8364 = DIRECTION('',(-0.,-1.,0.));
#8365 = FACE_BOUND('',#8366,.T.);
#8366 = EDGE_LOOP('',(#8367));
#8367 = ORIENTED_EDGE('',*,*,#8368,.T.);
#8368 = EDGE_CURVE('',#8369,#8369,#8371,.T.);
#8369 = VERTEX_POINT('',#8370);
#8370 = CARTESIAN_POINT('',(48.747965,-61.643552,1.51));
#8371 = CIRCLE('',#8372,0.95);
#8372 = AXIS2_PLACEMENT_3D('',#8373,#8374,#8375);
#8373 = CARTESIAN_POINT('',(48.747965,-60.693552,1.51));
#8374 = DIRECTION('',(-0.,0.,-1.));
#8375 = DIRECTION('',(-0.,-1.,0.));
#8376 = FACE_BOUND('',#8377,.T.);
#8377 = EDGE_LOOP('',(#8378));
#8378 = ORIENTED_EDGE('',*,*,#8379,.T.);
#8379 = EDGE_CURVE('',#8380,#8380,#8382,.T.);
#8380 = VERTEX_POINT('',#8381);
#8381 = CARTESIAN_POINT('',(60.040384,-62.518394,1.51));
#8382 = CIRCLE('',#8383,0.4953);
#8383 = AXIS2_PLACEMENT_3D('',#8384,#8385,#8386);
#8384 = CARTESIAN_POINT('',(60.040384,-62.023094,1.51));
#8385 = DIRECTION('',(-0.,0.,-1.));
#8386 = DIRECTION('',(-0.,-1.,0.));
#8387 = FACE_BOUND('',#8388,.T.);
#8388 = EDGE_LOOP('',(#8389));
#8389 = ORIENTED_EDGE('',*,*,#8390,.T.);
#8390 = EDGE_CURVE('',#8391,#8391,#8393,.T.);
#8391 = VERTEX_POINT('',#8392);
#8392 = CARTESIAN_POINT('',(48.184959,-59.410115,1.51));
#8393 = CIRCLE('',#8394,1.5);
#8394 = AXIS2_PLACEMENT_3D('',#8395,#8396,#8397);
#8395 = CARTESIAN_POINT('',(48.184959,-57.910115,1.51));
#8396 = DIRECTION('',(-0.,0.,-1.));
#8397 = DIRECTION('',(-0.,-1.,0.));
#8398 = FACE_BOUND('',#8399,.T.);
#8399 = EDGE_LOOP('',(#8400));
#8400 = ORIENTED_EDGE('',*,*,#8401,.T.);
#8401 = EDGE_CURVE('',#8402,#8402,#8404,.T.);
#8402 = VERTEX_POINT('',#8403);
#8403 = CARTESIAN_POINT('',(52.75106,-59.615992,1.51));
#8404 = CIRCLE('',#8405,2.05);
#8405 = AXIS2_PLACEMENT_3D('',#8406,#8407,#8408);
#8406 = CARTESIAN_POINT('',(52.75106,-57.565992,1.51));
#8407 = DIRECTION('',(-0.,0.,-1.));
#8408 = DIRECTION('',(3.466062125659E-15,-1.,-0.));
#8409 = FACE_BOUND('',#8410,.T.);
#8410 = EDGE_LOOP('',(#8411));
#8411 = ORIENTED_EDGE('',*,*,#8412,.T.);
#8412 = EDGE_CURVE('',#8413,#8413,#8415,.T.);
#8413 = VERTEX_POINT('',#8414);
#8414 = CARTESIAN_POINT('',(56.754155,-55.388432,1.51));
#8415 = CIRCLE('',#8416,0.95);
#8416 = AXIS2_PLACEMENT_3D('',#8417,#8418,#8419);
#8417 = CARTESIAN_POINT('',(56.754155,-54.438432,1.51));
#8418 = DIRECTION('',(-0.,0.,-1.));
#8419 = DIRECTION('',(-0.,-1.,0.));
#8420 = FACE_BOUND('',#8421,.T.);
#8421 = EDGE_LOOP('',(#8422));
#8422 = ORIENTED_EDGE('',*,*,#8423,.T.);
#8423 = EDGE_CURVE('',#8424,#8424,#8426,.T.);
#8424 = VERTEX_POINT('',#8425);
#8425 = CARTESIAN_POINT('',(51.625047,-53.499117,1.51));
#8426 = CIRCLE('',#8427,1.5);
#8427 = AXIS2_PLACEMENT_3D('',#8428,#8429,#8430);
#8428 = CARTESIAN_POINT('',(51.625047,-51.999117,1.51));
#8429 = DIRECTION('',(-0.,0.,-1.));
#8430 = DIRECTION('',(-0.,-1.,0.));
#8431 = FACE_BOUND('',#8432,.T.);
#8432 = EDGE_LOOP('',(#8433));
#8433 = ORIENTED_EDGE('',*,*,#8434,.T.);
#8434 = EDGE_CURVE('',#8435,#8435,#8437,.T.);
#8435 = VERTEX_POINT('',#8436);
#8436 = CARTESIAN_POINT('',(2.52,-38.121,1.51));
#8437 = CIRCLE('',#8438,0.381);
#8438 = AXIS2_PLACEMENT_3D('',#8439,#8440,#8441);
#8439 = CARTESIAN_POINT('',(2.52,-37.74,1.51));
#8440 = DIRECTION('',(-0.,0.,-1.));
#8441 = DIRECTION('',(1.165588477297E-15,-1.,-0.));
#8442 = FACE_BOUND('',#8443,.T.);
#8443 = EDGE_LOOP('',(#8444));
#8444 = ORIENTED_EDGE('',*,*,#8445,.T.);
#8445 = EDGE_CURVE('',#8446,#8446,#8448,.T.);
#8446 = VERTEX_POINT('',#8447);
#8447 = CARTESIAN_POINT('',(5.06,-38.121,1.51));
#8448 = CIRCLE('',#8449,0.381);
#8449 = AXIS2_PLACEMENT_3D('',#8450,#8451,#8452);
#8450 = CARTESIAN_POINT('',(5.06,-37.74,1.51));
#8451 = DIRECTION('',(-0.,0.,-1.));
#8452 = DIRECTION('',(-2.331176954594E-15,-1.,0.));
#8453 = FACE_BOUND('',#8454,.T.);
#8454 = EDGE_LOOP('',(#8455));
#8455 = ORIENTED_EDGE('',*,*,#8456,.T.);
#8456 = EDGE_CURVE('',#8457,#8457,#8459,.T.);
#8457 = VERTEX_POINT('',#8458);
#8458 = CARTESIAN_POINT('',(7.6,-38.121,1.51));
#8459 = CIRCLE('',#8460,0.381);
#8460 = AXIS2_PLACEMENT_3D('',#8461,#8462,#8463);
#8461 = CARTESIAN_POINT('',(7.6,-37.74,1.51));
#8462 = DIRECTION('',(-0.,0.,-1.));
#8463 = DIRECTION('',(-0.,-1.,0.));
#8464 = FACE_BOUND('',#8465,.T.);
#8465 = EDGE_LOOP('',(#8466));
#8466 = ORIENTED_EDGE('',*,*,#8467,.T.);
#8467 = EDGE_CURVE('',#8468,#8468,#8470,.T.);
#8468 = VERTEX_POINT('',#8469);
#8469 = CARTESIAN_POINT('',(7.6,-35.581,1.51));
#8470 = CIRCLE('',#8471,0.381);
#8471 = AXIS2_PLACEMENT_3D('',#8472,#8473,#8474);
#8472 = CARTESIAN_POINT('',(7.6,-35.2,1.51));
#8473 = DIRECTION('',(-0.,0.,-1.));
#8474 = DIRECTION('',(-0.,-1.,0.));
#8475 = FACE_BOUND('',#8476,.T.);
#8476 = EDGE_LOOP('',(#8477));
#8477 = ORIENTED_EDGE('',*,*,#8478,.T.);
#8478 = EDGE_CURVE('',#8479,#8479,#8481,.T.);
#8479 = VERTEX_POINT('',#8480);
#8480 = CARTESIAN_POINT('',(7.6,-33.041,1.51));
#8481 = CIRCLE('',#8482,0.381);
#8482 = AXIS2_PLACEMENT_3D('',#8483,#8484,#8485);
#8483 = CARTESIAN_POINT('',(7.6,-32.66,1.51));
#8484 = DIRECTION('',(-0.,0.,-1.));
#8485 = DIRECTION('',(-0.,-1.,0.));
#8486 = FACE_BOUND('',#8487,.T.);
#8487 = EDGE_LOOP('',(#8488));
#8488 = ORIENTED_EDGE('',*,*,#8489,.T.);
#8489 = EDGE_CURVE('',#8490,#8490,#8492,.T.);
#8490 = VERTEX_POINT('',#8491);
#8491 = CARTESIAN_POINT('',(7.6,-30.501,1.51));
#8492 = CIRCLE('',#8493,0.381);
#8493 = AXIS2_PLACEMENT_3D('',#8494,#8495,#8496);
#8494 = CARTESIAN_POINT('',(7.6,-30.12,1.51));
#8495 = DIRECTION('',(-0.,0.,-1.));
#8496 = DIRECTION('',(-0.,-1.,0.));
#8497 = FACE_BOUND('',#8498,.T.);
#8498 = EDGE_LOOP('',(#8499));
#8499 = ORIENTED_EDGE('',*,*,#8500,.T.);
#8500 = EDGE_CURVE('',#8501,#8501,#8503,.T.);
#8501 = VERTEX_POINT('',#8502);
#8502 = CARTESIAN_POINT('',(49.136778,-36.453939,1.51));
#8503 = CIRCLE('',#8504,0.4953);
#8504 = AXIS2_PLACEMENT_3D('',#8505,#8506,#8507);
#8505 = CARTESIAN_POINT('',(49.136778,-35.958639,1.51));
#8506 = DIRECTION('',(-0.,0.,-1.));
#8507 = DIRECTION('',(-0.,-1.,0.));
#8508 = FACE_BOUND('',#8509,.T.);
#8509 = EDGE_LOOP('',(#8510));
#8510 = ORIENTED_EDGE('',*,*,#8511,.T.);
#8511 = EDGE_CURVE('',#8512,#8512,#8514,.T.);
#8512 = VERTEX_POINT('',#8513);
#8513 = CARTESIAN_POINT('',(55.026542,-35.309087,1.51));
#8514 = CIRCLE('',#8515,0.4953);
#8515 = AXIS2_PLACEMENT_3D('',#8516,#8517,#8518);
#8516 = CARTESIAN_POINT('',(55.026542,-34.813787,1.51));
#8517 = DIRECTION('',(-0.,0.,-1.));
#8518 = DIRECTION('',(-0.,-1.,0.));
#8519 = FACE_BOUND('',#8520,.T.);
#8520 = EDGE_LOOP('',(#8521));
#8521 = ORIENTED_EDGE('',*,*,#8522,.T.);
#8522 = EDGE_CURVE('',#8523,#8523,#8525,.T.);
#8523 = VERTEX_POINT('',#8524);
#8524 = CARTESIAN_POINT('',(45.568522,-29.452507,1.51));
#8525 = CIRCLE('',#8526,0.95);
#8526 = AXIS2_PLACEMENT_3D('',#8527,#8528,#8529);
#8527 = CARTESIAN_POINT('',(45.568522,-28.502507,1.51));
#8528 = DIRECTION('',(-0.,0.,-1.));
#8529 = DIRECTION('',(-0.,-1.,0.));
#8530 = FACE_BOUND('',#8531,.T.);
#8531 = EDGE_LOOP('',(#8532));
#8532 = ORIENTED_EDGE('',*,*,#8533,.T.);
#8533 = EDGE_CURVE('',#8534,#8534,#8536,.T.);
#8534 = VERTEX_POINT('',#8535);
#8535 = CARTESIAN_POINT('',(7.6,-27.961,1.51));
#8536 = CIRCLE('',#8537,0.381);
#8537 = AXIS2_PLACEMENT_3D('',#8538,#8539,#8540);
#8538 = CARTESIAN_POINT('',(7.6,-27.58,1.51));
#8539 = DIRECTION('',(-0.,0.,-1.));
#8540 = DIRECTION('',(-0.,-1.,0.));
#8541 = FACE_BOUND('',#8542,.T.);
#8542 = EDGE_LOOP('',(#8543));
#8543 = ORIENTED_EDGE('',*,*,#8544,.T.);
#8544 = EDGE_CURVE('',#8545,#8545,#8547,.T.);
#8545 = VERTEX_POINT('',#8546);
#8546 = CARTESIAN_POINT('',(7.6,-25.421,1.51));
#8547 = CIRCLE('',#8548,0.381);
#8548 = AXIS2_PLACEMENT_3D('',#8549,#8550,#8551);
#8549 = CARTESIAN_POINT('',(7.6,-25.04,1.51));
#8550 = DIRECTION('',(-0.,0.,-1.));
#8551 = DIRECTION('',(-0.,-1.,0.));
#8552 = FACE_BOUND('',#8553,.T.);
#8553 = EDGE_LOOP('',(#8554));
#8554 = ORIENTED_EDGE('',*,*,#8555,.T.);
#8555 = EDGE_CURVE('',#8556,#8556,#8558,.T.);
#8556 = VERTEX_POINT('',#8557);
#8557 = CARTESIAN_POINT('',(7.6,-22.881,1.51));
#8558 = CIRCLE('',#8559,0.381);
#8559 = AXIS2_PLACEMENT_3D('',#8560,#8561,#8562);
#8560 = CARTESIAN_POINT('',(7.6,-22.5,1.51));
#8561 = DIRECTION('',(-0.,0.,-1.));
#8562 = DIRECTION('',(-0.,-1.,0.));
#8563 = FACE_BOUND('',#8564,.T.);
#8564 = EDGE_LOOP('',(#8565));
#8565 = ORIENTED_EDGE('',*,*,#8566,.T.);
#8566 = EDGE_CURVE('',#8567,#8567,#8569,.T.);
#8567 = VERTEX_POINT('',#8568);
#8568 = CARTESIAN_POINT('',(7.6,-20.341,1.51));
#8569 = CIRCLE('',#8570,0.381);
#8570 = AXIS2_PLACEMENT_3D('',#8571,#8572,#8573);
#8571 = CARTESIAN_POINT('',(7.6,-19.96,1.51));
#8572 = DIRECTION('',(-0.,0.,-1.));
#8573 = DIRECTION('',(-0.,-1.,0.));
#8574 = FACE_BOUND('',#8575,.T.);
#8575 = EDGE_LOOP('',(#8576));
#8576 = ORIENTED_EDGE('',*,*,#8577,.T.);
#8577 = EDGE_CURVE('',#8578,#8578,#8580,.T.);
#8578 = VERTEX_POINT('',#8579);
#8579 = CARTESIAN_POINT('',(7.6,-17.801,1.51));
#8580 = CIRCLE('',#8581,0.381);
#8581 = AXIS2_PLACEMENT_3D('',#8582,#8583,#8584);
#8582 = CARTESIAN_POINT('',(7.6,-17.42,1.51));
#8583 = DIRECTION('',(-0.,0.,-1.));
#8584 = DIRECTION('',(-0.,-1.,0.));
#8585 = FACE_BOUND('',#8586,.T.);
#8586 = EDGE_LOOP('',(#8587));
#8587 = ORIENTED_EDGE('',*,*,#8588,.T.);
#8588 = EDGE_CURVE('',#8589,#8589,#8591,.T.);
#8589 = VERTEX_POINT('',#8590);
#8590 = CARTESIAN_POINT('',(46.330534,-27.266846,1.51));
#8591 = CIRCLE('',#8592,1.5);
#8592 = AXIS2_PLACEMENT_3D('',#8593,#8594,#8595);
#8593 = CARTESIAN_POINT('',(46.330534,-25.766846,1.51));
#8594 = DIRECTION('',(-0.,0.,-1.));
#8595 = DIRECTION('',(-0.,-1.,0.));
#8596 = FACE_BOUND('',#8597,.T.);
#8597 = EDGE_LOOP('',(#8598));
#8598 = ORIENTED_EDGE('',*,*,#8599,.T.);
#8599 = EDGE_CURVE('',#8600,#8600,#8602,.T.);
#8600 = VERTEX_POINT('',#8601);
#8601 = CARTESIAN_POINT('',(50.555188,-29.583197,1.51));
#8602 = CIRCLE('',#8603,2.05);
#8603 = AXIS2_PLACEMENT_3D('',#8604,#8605,#8606);
#8604 = CARTESIAN_POINT('',(50.555188,-27.533197,1.51));
#8605 = DIRECTION('',(-0.,0.,-1.));
#8606 = DIRECTION('',(-0.,-1.,0.));
#8607 = FACE_BOUND('',#8608,.T.);
#8608 = EDGE_LOOP('',(#8609));
#8609 = ORIENTED_EDGE('',*,*,#8610,.T.);
#8610 = EDGE_CURVE('',#8611,#8611,#8613,.T.);
#8611 = VERTEX_POINT('',#8612);
#8612 = CARTESIAN_POINT('',(55.541854,-27.513887,1.51));
#8613 = CIRCLE('',#8614,0.95);
#8614 = AXIS2_PLACEMENT_3D('',#8615,#8616,#8617);
#8615 = CARTESIAN_POINT('',(55.541854,-26.563887,1.51));
#8616 = DIRECTION('',(-0.,0.,-1.));
#8617 = DIRECTION('',(-0.,-1.,0.));
#8618 = FACE_BOUND('',#8619,.T.);
#8619 = EDGE_LOOP('',(#8620));
#8620 = ORIENTED_EDGE('',*,*,#8621,.T.);
#8621 = EDGE_CURVE('',#8622,#8622,#8624,.T.);
#8622 = VERTEX_POINT('',#8623);
#8623 = CARTESIAN_POINT('',(45.501867,-17.753941,1.51));
#8624 = CIRCLE('',#8625,0.4953);
#8625 = AXIS2_PLACEMENT_3D('',#8626,#8627,#8628);
#8626 = CARTESIAN_POINT('',(45.501867,-17.258641,1.51));
#8627 = DIRECTION('',(-0.,0.,-1.));
#8628 = DIRECTION('',(-0.,-1.,0.));
#8629 = FACE_BOUND('',#8630,.T.);
#8630 = EDGE_LOOP('',(#8631));
#8631 = ORIENTED_EDGE('',*,*,#8632,.T.);
#8632 = EDGE_CURVE('',#8633,#8633,#8635,.T.);
#8633 = VERTEX_POINT('',#8634);
#8634 = CARTESIAN_POINT('',(52.079211,-23.561876,1.51));
#8635 = CIRCLE('',#8636,1.5);
#8636 = AXIS2_PLACEMENT_3D('',#8637,#8638,#8639);
#8637 = CARTESIAN_POINT('',(52.079211,-22.061876,1.51));
#8638 = DIRECTION('',(-0.,0.,-1.));
#8639 = DIRECTION('',(-0.,-1.,0.));
#8640 = FACE_BOUND('',#8641,.T.);
#8641 = EDGE_LOOP('',(#8642));
#8642 = ORIENTED_EDGE('',*,*,#8643,.T.);
#8643 = EDGE_CURVE('',#8644,#8644,#8646,.T.);
#8644 = VERTEX_POINT('',#8645);
#8645 = CARTESIAN_POINT('',(63.63885,-22.578226,1.51));
#8646 = CIRCLE('',#8647,0.95);
#8647 = AXIS2_PLACEMENT_3D('',#8648,#8649,#8650);
#8648 = CARTESIAN_POINT('',(63.63885,-21.628226,1.51));
#8649 = DIRECTION('',(-0.,0.,-1.));
#8650 = DIRECTION('',(-0.,-1.,0.));
#8651 = FACE_BOUND('',#8652,.T.);
#8652 = EDGE_LOOP('',(#8653));
#8653 = ORIENTED_EDGE('',*,*,#8654,.T.);
#8654 = EDGE_CURVE('',#8655,#8655,#8657,.T.);
#8655 = VERTEX_POINT('',#8656);
#8656 = CARTESIAN_POINT('',(51.391631,-16.609089,1.51));
#8657 = CIRCLE('',#8658,0.4953);
#8658 = AXIS2_PLACEMENT_3D('',#8659,#8660,#8661);
#8659 = CARTESIAN_POINT('',(51.391631,-16.113789,1.51));
#8660 = DIRECTION('',(-0.,0.,-1.));
#8661 = DIRECTION('',(-1.434570433596E-14,-1.,0.));
#8662 = FACE_BOUND('',#8663,.T.);
#8663 = EDGE_LOOP('',(#8664));
#8664 = ORIENTED_EDGE('',*,*,#8665,.T.);
#8665 = EDGE_CURVE('',#8666,#8666,#8668,.T.);
#8666 = VERTEX_POINT('',#8667);
#8667 = CARTESIAN_POINT('',(64.400862,-20.392565,1.51));
#8668 = CIRCLE('',#8669,1.5);
#8669 = AXIS2_PLACEMENT_3D('',#8670,#8671,#8672);
#8670 = CARTESIAN_POINT('',(64.400862,-18.892565,1.51));
#8671 = DIRECTION('',(-0.,0.,-1.));
#8672 = DIRECTION('',(-0.,-1.,0.));
#8673 = FACE_BOUND('',#8674,.T.);
#8674 = EDGE_LOOP('',(#8675));
#8675 = ORIENTED_EDGE('',*,*,#8676,.T.);
#8676 = EDGE_CURVE('',#8677,#8677,#8679,.T.);
#8677 = VERTEX_POINT('',#8678);
#8678 = CARTESIAN_POINT('',(67.207106,-29.579658,1.51));
#8679 = CIRCLE('',#8680,0.4953);
#8680 = AXIS2_PLACEMENT_3D('',#8681,#8682,#8683);
#8681 = CARTESIAN_POINT('',(67.207106,-29.084358,1.51));
#8682 = DIRECTION('',(-0.,0.,-1.));
#8683 = DIRECTION('',(-0.,-1.,0.));
#8684 = FACE_BOUND('',#8685,.T.);
#8685 = EDGE_LOOP('',(#8686));
#8686 = ORIENTED_EDGE('',*,*,#8687,.T.);
#8687 = EDGE_CURVE('',#8688,#8688,#8690,.T.);
#8688 = VERTEX_POINT('',#8689);
#8689 = CARTESIAN_POINT('',(73.09687,-28.434806,1.51));
#8690 = CIRCLE('',#8691,0.4953);
#8691 = AXIS2_PLACEMENT_3D('',#8692,#8693,#8694);
#8692 = CARTESIAN_POINT('',(73.09687,-27.939506,1.51));
#8693 = DIRECTION('',(-0.,0.,-1.));
#8694 = DIRECTION('',(-0.,-1.,0.));
#8695 = FACE_BOUND('',#8696,.T.);
#8696 = EDGE_LOOP('',(#8697));
#8697 = ORIENTED_EDGE('',*,*,#8698,.T.);
#8698 = EDGE_CURVE('',#8699,#8699,#8701,.T.);
#8699 = VERTEX_POINT('',#8700);
#8700 = CARTESIAN_POINT('',(68.625516,-22.708916,1.51));
#8701 = CIRCLE('',#8702,2.05);
#8702 = AXIS2_PLACEMENT_3D('',#8703,#8704,#8705);
#8703 = CARTESIAN_POINT('',(68.625516,-20.658916,1.51));
#8704 = DIRECTION('',(-0.,0.,-1.));
#8705 = DIRECTION('',(-0.,-1.,0.));
#8706 = FACE_BOUND('',#8707,.T.);
#8707 = EDGE_LOOP('',(#8708));
#8708 = ORIENTED_EDGE('',*,*,#8709,.T.);
#8709 = EDGE_CURVE('',#8710,#8710,#8712,.T.);
#8710 = VERTEX_POINT('',#8711);
#8711 = CARTESIAN_POINT('',(73.612182,-20.639606,1.51));
#8712 = CIRCLE('',#8713,0.95);
#8713 = AXIS2_PLACEMENT_3D('',#8714,#8715,#8716);
#8714 = CARTESIAN_POINT('',(73.612182,-19.689606,1.51));
#8715 = DIRECTION('',(-0.,0.,-1.));
#8716 = DIRECTION('',(-0.,-1.,0.));
#8717 = FACE_BOUND('',#8718,.T.);
#8718 = EDGE_LOOP('',(#8719));
#8719 = ORIENTED_EDGE('',*,*,#8720,.T.);
#8720 = EDGE_CURVE('',#8721,#8721,#8723,.T.);
#8721 = VERTEX_POINT('',#8722);
#8722 = CARTESIAN_POINT('',(84.514198,-18.778868,1.51));
#8723 = CIRCLE('',#8724,0.4953);
#8724 = AXIS2_PLACEMENT_3D('',#8725,#8726,#8727);
#8725 = CARTESIAN_POINT('',(84.514198,-18.283568,1.51));
#8726 = DIRECTION('',(-0.,0.,-1.));
#8727 = DIRECTION('',(-0.,-1.,0.));
#8728 = FACE_BOUND('',#8729,.T.);
#8729 = EDGE_LOOP('',(#8730));
#8730 = ORIENTED_EDGE('',*,*,#8731,.T.);
#8731 = EDGE_CURVE('',#8732,#8732,#8734,.T.);
#8732 = VERTEX_POINT('',#8733);
#8733 = CARTESIAN_POINT('',(90.403962,-17.634016,1.51));
#8734 = CIRCLE('',#8735,0.4953);
#8735 = AXIS2_PLACEMENT_3D('',#8736,#8737,#8738);
#8736 = CARTESIAN_POINT('',(90.403962,-17.138716,1.51));
#8737 = DIRECTION('',(-0.,0.,-1.));
#8738 = DIRECTION('',(-0.,-1.,0.));
#8739 = FACE_BOUND('',#8740,.T.);
#8740 = EDGE_LOOP('',(#8741));
#8741 = ORIENTED_EDGE('',*,*,#8742,.T.);
#8742 = EDGE_CURVE('',#8743,#8743,#8745,.T.);
#8743 = VERTEX_POINT('',#8744);
#8744 = CARTESIAN_POINT('',(104.416293,-21.328208,1.51));
#8745 = CIRCLE('',#8746,0.4953);
#8746 = AXIS2_PLACEMENT_3D('',#8747,#8748,#8749);
#8747 = CARTESIAN_POINT('',(104.416293,-20.832908,1.51));
#8748 = DIRECTION('',(-0.,0.,-1.));
#8749 = DIRECTION('',(-0.,-1.,0.));
#8750 = FACE_BOUND('',#8751,.T.);
#8751 = EDGE_LOOP('',(#8752));
#8752 = ORIENTED_EDGE('',*,*,#8753,.T.);
#8753 = EDGE_CURVE('',#8754,#8754,#8756,.T.);
#8754 = VERTEX_POINT('',#8755);
#8755 = CARTESIAN_POINT('',(110.306057,-20.183356,1.51));
#8756 = CIRCLE('',#8757,0.4953);
#8757 = AXIS2_PLACEMENT_3D('',#8758,#8759,#8760);
#8758 = CARTESIAN_POINT('',(110.306057,-19.688056,1.51));
#8759 = DIRECTION('',(-0.,0.,-1.));
#8760 = DIRECTION('',(-0.,-1.,0.));
#8761 = FACE_BOUND('',#8762,.T.);
#8762 = EDGE_LOOP('',(#8763));
#8763 = ORIENTED_EDGE('',*,*,#8764,.T.);
#8764 = EDGE_CURVE('',#8765,#8765,#8767,.T.);
#8765 = VERTEX_POINT('',#8766);
#8766 = CARTESIAN_POINT('',(-127.756256,-10.118787,1.51));
#8767 = CIRCLE('',#8768,0.4953);
#8768 = AXIS2_PLACEMENT_3D('',#8769,#8770,#8771);
#8769 = CARTESIAN_POINT('',(-127.756256,-9.623487,1.51));
#8770 = DIRECTION('',(-0.,0.,-1.));
#8771 = DIRECTION('',(-0.,-1.,0.));
#8772 = FACE_BOUND('',#8773,.T.);
#8773 = EDGE_LOOP('',(#8774));
#8774 = ORIENTED_EDGE('',*,*,#8775,.T.);
#8775 = EDGE_CURVE('',#8776,#8776,#8778,.T.);
#8776 = VERTEX_POINT('',#8777);
#8777 = CARTESIAN_POINT('',(-121.866492,-11.263639,1.51));
#8778 = CIRCLE('',#8779,0.4953);
#8779 = AXIS2_PLACEMENT_3D('',#8780,#8781,#8782);
#8780 = CARTESIAN_POINT('',(-121.866492,-10.768339,1.51));
#8781 = DIRECTION('',(-0.,0.,-1.));
#8782 = DIRECTION('',(-0.,-1.,0.));
#8783 = FACE_BOUND('',#8784,.T.);
#8784 = EDGE_LOOP('',(#8785));
#8785 = ORIENTED_EDGE('',*,*,#8786,.T.);
#8786 = EDGE_CURVE('',#8787,#8787,#8789,.T.);
#8787 = VERTEX_POINT('',#8788);
#8788 = CARTESIAN_POINT('',(-100.848037,-14.326776,1.51));
#8789 = CIRCLE('',#8790,0.95);
#8790 = AXIS2_PLACEMENT_3D('',#8791,#8792,#8793);
#8791 = CARTESIAN_POINT('',(-100.848037,-13.376776,1.51));
#8792 = DIRECTION('',(-0.,0.,-1.));
#8793 = DIRECTION('',(-0.,-1.,0.));
#8794 = FACE_BOUND('',#8795,.T.);
#8795 = EDGE_LOOP('',(#8796));
#8796 = ORIENTED_EDGE('',*,*,#8797,.T.);
#8797 = EDGE_CURVE('',#8798,#8798,#8800,.T.);
#8798 = VERTEX_POINT('',#8799);
#8799 = CARTESIAN_POINT('',(-110.821369,-12.388156,1.51));
#8800 = CIRCLE('',#8801,0.95);
#8801 = AXIS2_PLACEMENT_3D('',#8802,#8803,#8804);
#8802 = CARTESIAN_POINT('',(-110.821369,-11.438156,1.51));
#8803 = DIRECTION('',(-0.,0.,-1.));
#8804 = DIRECTION('',(-0.,-1.,0.));
#8805 = FACE_BOUND('',#8806,.T.);
#8806 = EDGE_LOOP('',(#8807));
#8807 = ORIENTED_EDGE('',*,*,#8808,.T.);
#8808 = EDGE_CURVE('',#8809,#8809,#8811,.T.);
#8809 = VERTEX_POINT('',#8810);
#8810 = CARTESIAN_POINT('',(-105.834703,-14.457466,1.51));
#8811 = CIRCLE('',#8812,2.05);
#8812 = AXIS2_PLACEMENT_3D('',#8813,#8814,#8815);
#8813 = CARTESIAN_POINT('',(-105.834703,-12.407466,1.51));
#8814 = DIRECTION('',(-0.,0.,-1.));
#8815 = DIRECTION('',(-6.932124251318E-15,-1.,0.));
#8816 = FACE_BOUND('',#8817,.T.);
#8817 = EDGE_LOOP('',(#8818));
#8818 = ORIENTED_EDGE('',*,*,#8819,.T.);
#8819 = EDGE_CURVE('',#8820,#8820,#8822,.T.);
#8820 = VERTEX_POINT('',#8821);
#8821 = CARTESIAN_POINT('',(-118.298236,-4.262207,1.51));
#8822 = CIRCLE('',#8823,0.95);
#8823 = AXIS2_PLACEMENT_3D('',#8824,#8825,#8826);
#8824 = CARTESIAN_POINT('',(-118.298236,-3.312207,1.51));
#8825 = DIRECTION('',(-0.,0.,-1.));
#8826 = DIRECTION('',(-0.,-1.,0.));
#8827 = FACE_BOUND('',#8828,.T.);
#8828 = EDGE_LOOP('',(#8829));
#8829 = ORIENTED_EDGE('',*,*,#8830,.T.);
#8830 = EDGE_CURVE('',#8831,#8831,#8833,.T.);
#8831 = VERTEX_POINT('',#8832);
#8832 = CARTESIAN_POINT('',(-109.090048,-10.687151,1.51));
#8833 = CIRCLE('',#8834,1.5);
#8834 = AXIS2_PLACEMENT_3D('',#8835,#8836,#8837);
#8835 = CARTESIAN_POINT('',(-109.090048,-9.187151,1.51));
#8836 = DIRECTION('',(-0.,0.,-1.));
#8837 = DIRECTION('',(-0.,-1.,0.));
#8838 = FACE_BOUND('',#8839,.T.);
#8839 = EDGE_LOOP('',(#8840));
#8840 = ORIENTED_EDGE('',*,*,#8841,.T.);
#8841 = EDGE_CURVE('',#8842,#8842,#8844,.T.);
#8842 = VERTEX_POINT('',#8843);
#8843 = CARTESIAN_POINT('',(-102.37206,-9.405455,1.51));
#8844 = CIRCLE('',#8845,1.5);
#8845 = AXIS2_PLACEMENT_3D('',#8846,#8847,#8848);
#8846 = CARTESIAN_POINT('',(-102.37206,-7.905455,1.51));
#8847 = DIRECTION('',(-0.,0.,-1.));
#8848 = DIRECTION('',(-0.,-1.,0.));
#8849 = FACE_BOUND('',#8850,.T.);
#8850 = EDGE_LOOP('',(#8851));
#8851 = ORIENTED_EDGE('',*,*,#8852,.T.);
#8852 = EDGE_CURVE('',#8853,#8853,#8855,.T.);
#8853 = VERTEX_POINT('',#8854);
#8854 = CARTESIAN_POINT('',(-85.932608,-11.908126,1.51));
#8855 = CIRCLE('',#8856,2.05);
#8856 = AXIS2_PLACEMENT_3D('',#8857,#8858,#8859);
#8857 = CARTESIAN_POINT('',(-85.932608,-9.858126,1.51));
#8858 = DIRECTION('',(-0.,0.,-1.));
#8859 = DIRECTION('',(-0.,-1.,0.));
#8860 = FACE_BOUND('',#8861,.T.);
#8861 = EDGE_LOOP('',(#8862));
#8862 = ORIENTED_EDGE('',*,*,#8863,.T.);
#8863 = EDGE_CURVE('',#8864,#8864,#8866,.T.);
#8864 = VERTEX_POINT('',#8865);
#8865 = CARTESIAN_POINT('',(-80.945942,-11.777436,1.51));
#8866 = CIRCLE('',#8867,0.95);
#8867 = AXIS2_PLACEMENT_3D('',#8868,#8869,#8870);
#8868 = CARTESIAN_POINT('',(-80.945942,-10.827436,1.51));
#8869 = DIRECTION('',(-0.,0.,-1.));
#8870 = DIRECTION('',(-0.,-1.,0.));
#8871 = FACE_BOUND('',#8872,.T.);
#8872 = EDGE_LOOP('',(#8873));
#8873 = ORIENTED_EDGE('',*,*,#8874,.T.);
#8874 = EDGE_CURVE('',#8875,#8875,#8877,.T.);
#8875 = VERTEX_POINT('',#8876);
#8876 = CARTESIAN_POINT('',(-90.919274,-9.838816,1.51));
#8877 = CIRCLE('',#8878,0.95);
#8878 = AXIS2_PLACEMENT_3D('',#8879,#8880,#8881);
#8879 = CARTESIAN_POINT('',(-90.919274,-8.888816,1.51));
#8880 = DIRECTION('',(-0.,0.,-1.));
#8881 = DIRECTION('',(-0.,-1.,0.));
#8882 = FACE_BOUND('',#8883,.T.);
#8883 = EDGE_LOOP('',(#8884));
#8884 = ORIENTED_EDGE('',*,*,#8885,.T.);
#8885 = EDGE_CURVE('',#8886,#8886,#8888,.T.);
#8886 = VERTEX_POINT('',#8887);
#8887 = CARTESIAN_POINT('',(-89.187953,-8.137811,1.51));
#8888 = CIRCLE('',#8889,1.5);
#8889 = AXIS2_PLACEMENT_3D('',#8890,#8891,#8892);
#8890 = CARTESIAN_POINT('',(-89.187953,-6.637811,1.51));
#8891 = DIRECTION('',(-0.,0.,-1.));
#8892 = DIRECTION('',(-0.,-1.,0.));
#8893 = FACE_BOUND('',#8894,.T.);
#8894 = EDGE_LOOP('',(#8895));
#8895 = ORIENTED_EDGE('',*,*,#8896,.T.);
#8896 = EDGE_CURVE('',#8897,#8897,#8899,.T.);
#8897 = VERTEX_POINT('',#8898);
#8898 = CARTESIAN_POINT('',(-82.469965,-6.856115,1.51));
#8899 = CIRCLE('',#8900,1.5);
#8900 = AXIS2_PLACEMENT_3D('',#8901,#8902,#8903);
#8901 = CARTESIAN_POINT('',(-82.469965,-5.356115,1.51));
#8902 = DIRECTION('',(-0.,0.,-1.));
#8903 = DIRECTION('',(-0.,-1.,0.));
#8904 = FACE_BOUND('',#8905,.T.);
#8905 = EDGE_LOOP('',(#8906));
#8906 = ORIENTED_EDGE('',*,*,#8907,.T.);
#8907 = EDGE_CURVE('',#8908,#8908,#8910,.T.);
#8908 = VERTEX_POINT('',#8909);
#8909 = CARTESIAN_POINT('',(-69.461959,-9.734808,1.51));
#8910 = CIRCLE('',#8911,0.4953);
#8911 = AXIS2_PLACEMENT_3D('',#8912,#8913,#8914);
#8912 = CARTESIAN_POINT('',(-69.461959,-9.239508,1.51));
#8913 = DIRECTION('',(-0.,0.,-1.));
#8914 = DIRECTION('',(2.869140867192E-14,-1.,-0.));
#8915 = FACE_BOUND('',#8916,.T.);
#8916 = EDGE_LOOP('',(#8917));
#8917 = ORIENTED_EDGE('',*,*,#8918,.T.);
#8918 = EDGE_CURVE('',#8919,#8919,#8921,.T.);
#8919 = VERTEX_POINT('',#8920);
#8920 = CARTESIAN_POINT('',(-123.284902,-4.392897,1.51));
#8921 = CIRCLE('',#8922,2.05);
#8922 = AXIS2_PLACEMENT_3D('',#8923,#8924,#8925);
#8923 = CARTESIAN_POINT('',(-123.284902,-2.342897,1.51));
#8924 = DIRECTION('',(-0.,0.,-1.));
#8925 = DIRECTION('',(-0.,-1.,0.));
#8926 = FACE_BOUND('',#8927,.T.);
#8927 = EDGE_LOOP('',(#8928));
#8928 = ORIENTED_EDGE('',*,*,#8929,.T.);
#8929 = EDGE_CURVE('',#8930,#8930,#8932,.T.);
#8930 = VERTEX_POINT('',#8931);
#8931 = CARTESIAN_POINT('',(-128.271568,-2.323587,1.51));
#8932 = CIRCLE('',#8933,0.95);
#8933 = AXIS2_PLACEMENT_3D('',#8934,#8935,#8936);
#8934 = CARTESIAN_POINT('',(-128.271568,-1.373587,1.51));
#8935 = DIRECTION('',(-0.,0.,-1.));
#8936 = DIRECTION('',(-0.,-1.,0.));
#8937 = FACE_BOUND('',#8938,.T.);
#8938 = EDGE_LOOP('',(#8939));
#8939 = ORIENTED_EDGE('',*,*,#8940,.T.);
#8940 = EDGE_CURVE('',#8941,#8941,#8943,.T.);
#8941 = VERTEX_POINT('',#8942);
#8942 = CARTESIAN_POINT('',(-126.540247,-0.622582,1.51));
#8943 = CIRCLE('',#8944,1.5);
#8944 = AXIS2_PLACEMENT_3D('',#8945,#8946,#8947);
#8945 = CARTESIAN_POINT('',(-126.540247,0.877418,1.51));
#8946 = DIRECTION('',(-0.,0.,-1.));
#8947 = DIRECTION('',(-0.,-1.,0.));
#8948 = FACE_BOUND('',#8949,.T.);
#8949 = EDGE_LOOP('',(#8950));
#8950 = ORIENTED_EDGE('',*,*,#8951,.T.);
#8951 = EDGE_CURVE('',#8952,#8952,#8954,.T.);
#8952 = VERTEX_POINT('',#8953);
#8953 = CARTESIAN_POINT('',(-119.822259,0.659114,1.51));
#8954 = CIRCLE('',#8955,1.5);
#8955 = AXIS2_PLACEMENT_3D('',#8956,#8957,#8958);
#8956 = CARTESIAN_POINT('',(-119.822259,2.159114,1.51));
#8957 = DIRECTION('',(-0.,0.,-1.));
#8958 = DIRECTION('',(-0.,-1.,0.));
#8959 = FACE_BOUND('',#8960,.T.);
#8960 = EDGE_LOOP('',(#8961));
#8961 = ORIENTED_EDGE('',*,*,#8962,.T.);
#8962 = EDGE_CURVE('',#8963,#8963,#8965,.T.);
#8963 = VERTEX_POINT('',#8964);
#8964 = CARTESIAN_POINT('',(-106.671145,-1.483358,1.51));
#8965 = CIRCLE('',#8966,0.4953);
#8966 = AXIS2_PLACEMENT_3D('',#8967,#8968,#8969);
#8967 = CARTESIAN_POINT('',(-106.671145,-0.988058,1.51));
#8968 = DIRECTION('',(-0.,0.,-1.));
#8969 = DIRECTION('',(-0.,-1.,0.));
#8970 = FACE_BOUND('',#8971,.T.);
#8971 = EDGE_LOOP('',(#8972));
#8972 = ORIENTED_EDGE('',*,*,#8973,.T.);
#8973 = EDGE_CURVE('',#8974,#8974,#8976,.T.);
#8974 = VERTEX_POINT('',#8975);
#8975 = CARTESIAN_POINT('',(-100.781381,-2.62821,1.51));
#8976 = CIRCLE('',#8977,0.4953);
#8977 = AXIS2_PLACEMENT_3D('',#8978,#8979,#8980);
#8978 = CARTESIAN_POINT('',(-100.781381,-2.13291,1.51));
#8979 = DIRECTION('',(-0.,0.,-1.));
#8980 = DIRECTION('',(-0.,-1.,0.));
#8981 = FACE_BOUND('',#8982,.T.);
#8982 = EDGE_LOOP('',(#8983));
#8983 = ORIENTED_EDGE('',*,*,#8984,.T.);
#8984 = EDGE_CURVE('',#8985,#8985,#8987,.T.);
#8985 = VERTEX_POINT('',#8986);
#8986 = CARTESIAN_POINT('',(-124.121344,8.581211,1.51));
#8987 = CIRCLE('',#8988,0.4953);
#8988 = AXIS2_PLACEMENT_3D('',#8989,#8990,#8991);
#8989 = CARTESIAN_POINT('',(-124.121344,9.076511,1.51));
#8990 = DIRECTION('',(-0.,0.,-1.));
#8991 = DIRECTION('',(-0.,-1.,0.));
#8992 = FACE_BOUND('',#8993,.T.);
#8993 = EDGE_LOOP('',(#8994));
#8994 = ORIENTED_EDGE('',*,*,#8995,.T.);
#8995 = EDGE_CURVE('',#8996,#8996,#8998,.T.);
#8996 = VERTEX_POINT('',#8997);
#8997 = CARTESIAN_POINT('',(-118.23158,7.436359,1.51));
#8998 = CIRCLE('',#8999,0.4953);
#8999 = AXIS2_PLACEMENT_3D('',#9000,#9001,#9002);
#9000 = CARTESIAN_POINT('',(-118.23158,7.931659,1.51));
#9001 = DIRECTION('',(-0.,0.,-1.));
#9002 = DIRECTION('',(-0.,-1.,0.));
#9003 = FACE_BOUND('',#9004,.T.);
#9004 = EDGE_LOOP('',(#9005));
#9005 = ORIENTED_EDGE('',*,*,#9006,.T.);
#9006 = EDGE_CURVE('',#9007,#9007,#9009,.T.);
#9007 = VERTEX_POINT('',#9008);
#9008 = CARTESIAN_POINT('',(-97.213125,4.373222,1.51));
#9009 = CIRCLE('',#9010,0.95);
#9010 = AXIS2_PLACEMENT_3D('',#9011,#9012,#9013);
#9011 = CARTESIAN_POINT('',(-97.213125,5.323222,1.51));
#9012 = DIRECTION('',(-0.,0.,-1.));
#9013 = DIRECTION('',(-1.495879443705E-14,-1.,0.));
#9014 = FACE_BOUND('',#9015,.T.);
#9015 = EDGE_LOOP('',(#9016));
#9016 = ORIENTED_EDGE('',*,*,#9017,.T.);
#9017 = EDGE_CURVE('',#9018,#9018,#9020,.T.);
#9018 = VERTEX_POINT('',#9019);
#9019 = CARTESIAN_POINT('',(-107.186457,6.311842,1.51));
#9020 = CIRCLE('',#9021,0.95);
#9021 = AXIS2_PLACEMENT_3D('',#9022,#9023,#9024);
#9022 = CARTESIAN_POINT('',(-107.186457,7.261842,1.51));
#9023 = DIRECTION('',(-0.,0.,-1.));
#9024 = DIRECTION('',(-1.495879443705E-14,-1.,0.));
#9025 = FACE_BOUND('',#9026,.T.);
#9026 = EDGE_LOOP('',(#9027));
#9027 = ORIENTED_EDGE('',*,*,#9028,.T.);
#9028 = EDGE_CURVE('',#9029,#9029,#9031,.T.);
#9029 = VERTEX_POINT('',#9030);
#9030 = CARTESIAN_POINT('',(-102.199791,4.242532,1.51));
#9031 = CIRCLE('',#9032,2.05);
#9032 = AXIS2_PLACEMENT_3D('',#9033,#9034,#9035);
#9033 = CARTESIAN_POINT('',(-102.199791,6.292532,1.51));
#9034 = DIRECTION('',(-0.,0.,-1.));
#9035 = DIRECTION('',(-0.,-1.,0.));
#9036 = FACE_BOUND('',#9037,.T.);
#9037 = EDGE_LOOP('',(#9038));
#9038 = ORIENTED_EDGE('',*,*,#9039,.T.);
#9039 = EDGE_CURVE('',#9040,#9040,#9042,.T.);
#9040 = VERTEX_POINT('',#9041);
#9041 = CARTESIAN_POINT('',(-80.879287,-7.887E-02,1.51));
#9042 = CIRCLE('',#9043,0.4953);
#9043 = AXIS2_PLACEMENT_3D('',#9044,#9045,#9046);
#9044 = CARTESIAN_POINT('',(-80.879287,0.41643,1.51));
#9045 = DIRECTION('',(-0.,0.,-1.));
#9046 = DIRECTION('',(-0.,-1.,0.));
#9047 = FACE_BOUND('',#9048,.T.);
#9048 = EDGE_LOOP('',(#9049));
#9049 = ORIENTED_EDGE('',*,*,#9050,.T.);
#9050 = EDGE_CURVE('',#9051,#9051,#9053,.T.);
#9051 = VERTEX_POINT('',#9052);
#9052 = CARTESIAN_POINT('',(-86.769051,1.065982,1.51));
#9053 = CIRCLE('',#9054,0.4953);
#9054 = AXIS2_PLACEMENT_3D('',#9055,#9056,#9057);
#9055 = CARTESIAN_POINT('',(-86.769051,1.561282,1.51));
#9056 = DIRECTION('',(-0.,0.,-1.));
#9057 = DIRECTION('',(-0.,-1.,0.));
#9058 = FACE_BOUND('',#9059,.T.);
#9059 = EDGE_LOOP('',(#9060));
#9060 = ORIENTED_EDGE('',*,*,#9061,.T.);
#9061 = EDGE_CURVE('',#9062,#9062,#9064,.T.);
#9062 = VERTEX_POINT('',#9063);
#9063 = CARTESIAN_POINT('',(-64.990605,-4.008918,1.51));
#9064 = CIRCLE('',#9065,2.05);
#9065 = AXIS2_PLACEMENT_3D('',#9066,#9067,#9068);
#9066 = CARTESIAN_POINT('',(-64.990605,-1.958918,1.51));
#9067 = DIRECTION('',(-0.,0.,-1.));
#9068 = DIRECTION('',(-0.,-1.,0.));
#9069 = FACE_BOUND('',#9070,.T.);
#9070 = EDGE_LOOP('',(#9071));
#9071 = ORIENTED_EDGE('',*,*,#9072,.T.);
#9072 = EDGE_CURVE('',#9073,#9073,#9075,.T.);
#9073 = VERTEX_POINT('',#9074);
#9074 = CARTESIAN_POINT('',(-69.977271,-1.939608,1.51));
#9075 = CIRCLE('',#9076,0.95);
#9076 = AXIS2_PLACEMENT_3D('',#9077,#9078,#9079);
#9077 = CARTESIAN_POINT('',(-69.977271,-0.989608,1.51));
#9078 = DIRECTION('',(-0.,0.,-1.));
#9079 = DIRECTION('',(-0.,-1.,0.));
#9080 = FACE_BOUND('',#9081,.T.);
#9081 = EDGE_LOOP('',(#9082));
#9082 = ORIENTED_EDGE('',*,*,#9083,.T.);
#9083 = EDGE_CURVE('',#9084,#9084,#9086,.T.);
#9084 = VERTEX_POINT('',#9085);
#9085 = CARTESIAN_POINT('',(-68.24595,-0.238603,1.51));
#9086 = CIRCLE('',#9087,1.5);
#9087 = AXIS2_PLACEMENT_3D('',#9088,#9089,#9090);
#9088 = CARTESIAN_POINT('',(-68.24595,1.261397,1.51));
#9089 = DIRECTION('',(-0.,0.,-1.));
#9090 = DIRECTION('',(-0.,-1.,0.));
#9091 = FACE_BOUND('',#9092,.T.);
#9092 = EDGE_LOOP('',(#9093));
#9093 = ORIENTED_EDGE('',*,*,#9094,.T.);
#9094 = EDGE_CURVE('',#9095,#9095,#9097,.T.);
#9095 = VERTEX_POINT('',#9096);
#9096 = CARTESIAN_POINT('',(-82.297697,6.791872,1.51));
#9097 = CIRCLE('',#9098,2.05);
#9098 = AXIS2_PLACEMENT_3D('',#9099,#9100,#9101);
#9099 = CARTESIAN_POINT('',(-82.297697,8.841872,1.51));
#9100 = DIRECTION('',(-0.,0.,-1.));
#9101 = DIRECTION('',(-0.,-1.,0.));
#9102 = FACE_BOUND('',#9103,.T.);
#9103 = EDGE_LOOP('',(#9104));
#9104 = ORIENTED_EDGE('',*,*,#9105,.T.);
#9105 = EDGE_CURVE('',#9106,#9106,#9108,.T.);
#9106 = VERTEX_POINT('',#9107);
#9107 = CARTESIAN_POINT('',(-77.311031,6.922562,1.51));
#9108 = CIRCLE('',#9109,0.95);
#9109 = AXIS2_PLACEMENT_3D('',#9110,#9111,#9112);
#9110 = CARTESIAN_POINT('',(-77.311031,7.872562,1.51));
#9111 = DIRECTION('',(-0.,0.,-1.));
#9112 = DIRECTION('',(-0.,-1.,0.));
#9113 = FACE_BOUND('',#9114,.T.);
#9114 = EDGE_LOOP('',(#9115));
#9115 = ORIENTED_EDGE('',*,*,#9116,.T.);
#9116 = EDGE_CURVE('',#9117,#9117,#9119,.T.);
#9117 = VERTEX_POINT('',#9118);
#9118 = CARTESIAN_POINT('',(-63.572195,-10.87966,1.51));
#9119 = CIRCLE('',#9120,0.4953);
#9120 = AXIS2_PLACEMENT_3D('',#9121,#9122,#9123);
#9121 = CARTESIAN_POINT('',(-63.572195,-10.38436,1.51));
#9122 = DIRECTION('',(-0.,0.,-1.));
#9123 = DIRECTION('',(-1.434570433596E-14,-1.,0.));
#9124 = FACE_BOUND('',#9125,.T.);
#9125 = EDGE_LOOP('',(#9126));
#9126 = ORIENTED_EDGE('',*,*,#9127,.T.);
#9127 = EDGE_CURVE('',#9128,#9128,#9130,.T.);
#9128 = VERTEX_POINT('',#9129);
#9129 = CARTESIAN_POINT('',(-41.933611,-10.752509,1.51));
#9130 = CIRCLE('',#9131,0.95);
#9131 = AXIS2_PLACEMENT_3D('',#9132,#9133,#9134);
#9132 = CARTESIAN_POINT('',(-41.933611,-9.802509,1.51));
#9133 = DIRECTION('',(-0.,0.,-1.));
#9134 = DIRECTION('',(-0.,-1.,0.));
#9135 = FACE_BOUND('',#9136,.T.);
#9136 = EDGE_LOOP('',(#9137));
#9137 = ORIENTED_EDGE('',*,*,#9138,.T.);
#9138 = EDGE_CURVE('',#9139,#9139,#9141,.T.);
#9139 = VERTEX_POINT('',#9140);
#9140 = CARTESIAN_POINT('',(-51.906943,-8.813889,1.51));
#9141 = CIRCLE('',#9142,0.95);
#9142 = AXIS2_PLACEMENT_3D('',#9143,#9144,#9145);
#9143 = CARTESIAN_POINT('',(-51.906943,-7.863889,1.51));
#9144 = DIRECTION('',(-0.,0.,-1.));
#9145 = DIRECTION('',(-0.,-1.,0.));
#9146 = FACE_BOUND('',#9147,.T.);
#9147 = EDGE_LOOP('',(#9148));
#9148 = ORIENTED_EDGE('',*,*,#9149,.T.);
#9149 = EDGE_CURVE('',#9150,#9150,#9152,.T.);
#9150 = VERTEX_POINT('',#9151);
#9151 = CARTESIAN_POINT('',(-50.175622,-7.112884,1.51));
#9152 = CIRCLE('',#9153,1.5);
#9153 = AXIS2_PLACEMENT_3D('',#9154,#9155,#9156);
#9154 = CARTESIAN_POINT('',(-50.175622,-5.612884,1.51));
#9155 = DIRECTION('',(-0.,0.,-1.));
#9156 = DIRECTION('',(-0.,-1.,0.));
#9157 = FACE_BOUND('',#9158,.T.);
#9158 = EDGE_LOOP('',(#9159));
#9159 = ORIENTED_EDGE('',*,*,#9160,.T.);
#9160 = EDGE_CURVE('',#9161,#9161,#9163,.T.);
#9161 = VERTEX_POINT('',#9162);
#9162 = CARTESIAN_POINT('',(-46.920277,-10.883199,1.51));
#9163 = CIRCLE('',#9164,2.05);
#9164 = AXIS2_PLACEMENT_3D('',#9165,#9166,#9167);
#9165 = CARTESIAN_POINT('',(-46.920277,-8.833199,1.51));
#9166 = DIRECTION('',(-0.,0.,-1.));
#9167 = DIRECTION('',(-0.,-1.,0.));
#9168 = FACE_BOUND('',#9169,.T.);
#9169 = EDGE_LOOP('',(#9170));
#9170 = ORIENTED_EDGE('',*,*,#9171,.T.);
#9171 = EDGE_CURVE('',#9172,#9172,#9174,.T.);
#9172 = VERTEX_POINT('',#9173);
#9173 = CARTESIAN_POINT('',(-43.457634,-5.831188,1.51));
#9174 = CIRCLE('',#9175,1.5);
#9175 = AXIS2_PLACEMENT_3D('',#9176,#9177,#9178);
#9176 = CARTESIAN_POINT('',(-43.457634,-4.331188,1.51));
#9177 = DIRECTION('',(-0.,0.,-1.));
#9178 = DIRECTION('',(-0.,-1.,0.));
#9179 = FACE_BOUND('',#9180,.T.);
#9180 = EDGE_LOOP('',(#9181));
#9181 = ORIENTED_EDGE('',*,*,#9182,.T.);
#9182 = EDGE_CURVE('',#9183,#9183,#9185,.T.);
#9183 = VERTEX_POINT('',#9184);
#9184 = CARTESIAN_POINT('',(-7.64,-15.261,1.51));
#9185 = CIRCLE('',#9186,0.381);
#9186 = AXIS2_PLACEMENT_3D('',#9187,#9188,#9189);
#9187 = CARTESIAN_POINT('',(-7.64,-14.88,1.51));
#9188 = DIRECTION('',(-0.,0.,-1.));
#9189 = DIRECTION('',(2.331176954594E-15,-1.,-0.));
#9190 = FACE_BOUND('',#9191,.T.);
#9191 = EDGE_LOOP('',(#9192));
#9192 = ORIENTED_EDGE('',*,*,#9193,.T.);
#9193 = EDGE_CURVE('',#9194,#9194,#9196,.T.);
#9194 = VERTEX_POINT('',#9195);
#9195 = CARTESIAN_POINT('',(-7.64,-12.721,1.51));
#9196 = CIRCLE('',#9197,0.381);
#9197 = AXIS2_PLACEMENT_3D('',#9198,#9199,#9200);
#9198 = CARTESIAN_POINT('',(-7.64,-12.34,1.51));
#9199 = DIRECTION('',(-0.,0.,-1.));
#9200 = DIRECTION('',(2.331176954594E-15,-1.,-0.));
#9201 = FACE_BOUND('',#9202,.T.);
#9202 = EDGE_LOOP('',(#9203));
#9203 = ORIENTED_EDGE('',*,*,#9204,.T.);
#9204 = EDGE_CURVE('',#9205,#9205,#9207,.T.);
#9205 = VERTEX_POINT('',#9206);
#9206 = CARTESIAN_POINT('',(-7.64,-10.181,1.51));
#9207 = CIRCLE('',#9208,0.381);
#9208 = AXIS2_PLACEMENT_3D('',#9209,#9210,#9211);
#9209 = CARTESIAN_POINT('',(-7.64,-9.8,1.51));
#9210 = DIRECTION('',(-0.,0.,-1.));
#9211 = DIRECTION('',(2.331176954594E-15,-1.,-0.));
#9212 = FACE_BOUND('',#9213,.T.);
#9213 = EDGE_LOOP('',(#9214));
#9214 = ORIENTED_EDGE('',*,*,#9215,.T.);
#9215 = EDGE_CURVE('',#9216,#9216,#9218,.T.);
#9216 = VERTEX_POINT('',#9217);
#9217 = CARTESIAN_POINT('',(-7.59,-7.641,1.51));
#9218 = CIRCLE('',#9219,0.381);
#9219 = AXIS2_PLACEMENT_3D('',#9220,#9221,#9222);
#9220 = CARTESIAN_POINT('',(-7.59,-7.26,1.51));
#9221 = DIRECTION('',(-0.,0.,-1.));
#9222 = DIRECTION('',(-0.,-1.,0.));
#9223 = FACE_BOUND('',#9224,.T.);
#9224 = EDGE_LOOP('',(#9225));
#9225 = ORIENTED_EDGE('',*,*,#9226,.T.);
#9226 = EDGE_CURVE('',#9227,#9227,#9229,.T.);
#9227 = VERTEX_POINT('',#9228);
#9228 = CARTESIAN_POINT('',(-60.003939,-3.878228,1.51));
#9229 = CIRCLE('',#9230,0.95);
#9230 = AXIS2_PLACEMENT_3D('',#9231,#9232,#9233);
#9231 = CARTESIAN_POINT('',(-60.003939,-2.928228,1.51));
#9232 = DIRECTION('',(-0.,0.,-1.));
#9233 = DIRECTION('',(-0.,-1.,0.));
#9234 = FACE_BOUND('',#9235,.T.);
#9235 = EDGE_LOOP('',(#9236));
#9236 = ORIENTED_EDGE('',*,*,#9237,.T.);
#9237 = EDGE_CURVE('',#9238,#9238,#9240,.T.);
#9238 = VERTEX_POINT('',#9239);
#9239 = CARTESIAN_POINT('',(-61.527962,1.043093,1.51));
#9240 = CIRCLE('',#9241,1.5);
#9241 = AXIS2_PLACEMENT_3D('',#9242,#9243,#9244);
#9242 = CARTESIAN_POINT('',(-61.527962,2.543093,1.51));
#9243 = DIRECTION('',(-0.,0.,-1.));
#9244 = DIRECTION('',(-0.,-1.,0.));
#9245 = FACE_BOUND('',#9246,.T.);
#9246 = EDGE_LOOP('',(#9247));
#9247 = ORIENTED_EDGE('',*,*,#9248,.T.);
#9248 = EDGE_CURVE('',#9249,#9249,#9251,.T.);
#9249 = VERTEX_POINT('',#9250);
#9250 = CARTESIAN_POINT('',(-41.866955,0.946057,1.51));
#9251 = CIRCLE('',#9252,0.4953);
#9252 = AXIS2_PLACEMENT_3D('',#9253,#9254,#9255);
#9253 = CARTESIAN_POINT('',(-41.866955,1.441357,1.51));
#9254 = DIRECTION('',(-0.,0.,-1.));
#9255 = DIRECTION('',(-0.,-1.,0.));
#9256 = FACE_BOUND('',#9257,.T.);
#9257 = EDGE_LOOP('',(#9258));
#9258 = ORIENTED_EDGE('',*,*,#9259,.T.);
#9259 = EDGE_CURVE('',#9260,#9260,#9262,.T.);
#9260 = VERTEX_POINT('',#9261);
#9261 = CARTESIAN_POINT('',(-47.756719,2.090909,1.51));
#9262 = CIRCLE('',#9263,0.4953);
#9263 = AXIS2_PLACEMENT_3D('',#9264,#9265,#9266);
#9264 = CARTESIAN_POINT('',(-47.756719,2.586209,1.51));
#9265 = DIRECTION('',(-0.,0.,-1.));
#9266 = DIRECTION('',(-0.,-1.,0.));
#9267 = FACE_BOUND('',#9268,.T.);
#9268 = EDGE_LOOP('',(#9269));
#9269 = ORIENTED_EDGE('',*,*,#9270,.T.);
#9270 = EDGE_CURVE('',#9271,#9271,#9273,.T.);
#9271 = VERTEX_POINT('',#9272);
#9272 = CARTESIAN_POINT('',(-59.937283,7.820338,1.51));
#9273 = CIRCLE('',#9274,0.4953);
#9274 = AXIS2_PLACEMENT_3D('',#9275,#9276,#9277);
#9275 = CARTESIAN_POINT('',(-59.937283,8.315638,1.51));
#9276 = DIRECTION('',(-0.,0.,-1.));
#9277 = DIRECTION('',(-0.,-1.,0.));
#9278 = FACE_BOUND('',#9279,.T.);
#9279 = EDGE_LOOP('',(#9280));
#9280 = ORIENTED_EDGE('',*,*,#9281,.T.);
#9281 = EDGE_CURVE('',#9282,#9282,#9284,.T.);
#9282 = VERTEX_POINT('',#9283);
#9283 = CARTESIAN_POINT('',(-38.298699,7.947489,1.51));
#9284 = CIRCLE('',#9285,0.95);
#9285 = AXIS2_PLACEMENT_3D('',#9286,#9287,#9288);
#9286 = CARTESIAN_POINT('',(-38.298699,8.897489,1.51));
#9287 = DIRECTION('',(-0.,0.,-1.));
#9288 = DIRECTION('',(-0.,-1.,0.));
#9289 = FACE_BOUND('',#9290,.T.);
#9290 = EDGE_LOOP('',(#9291));
#9291 = ORIENTED_EDGE('',*,*,#9292,.T.);
#9292 = EDGE_CURVE('',#9293,#9293,#9295,.T.);
#9293 = VERTEX_POINT('',#9294);
#9294 = CARTESIAN_POINT('',(-114.663324,14.437791,1.51));
#9295 = CIRCLE('',#9296,0.95);
#9296 = AXIS2_PLACEMENT_3D('',#9297,#9298,#9299);
#9297 = CARTESIAN_POINT('',(-114.663324,15.387791,1.51));
#9298 = DIRECTION('',(-0.,0.,-1.));
#9299 = DIRECTION('',(-0.,-1.,0.));
#9300 = FACE_BOUND('',#9301,.T.);
#9301 = EDGE_LOOP('',(#9302));
#9302 = ORIENTED_EDGE('',*,*,#9303,.T.);
#9303 = EDGE_CURVE('',#9304,#9304,#9306,.T.);
#9304 = VERTEX_POINT('',#9305);
#9305 = CARTESIAN_POINT('',(-105.455136,8.012847,1.51));
#9306 = CIRCLE('',#9307,1.5);
#9307 = AXIS2_PLACEMENT_3D('',#9308,#9309,#9310);
#9308 = CARTESIAN_POINT('',(-105.455136,9.512847,1.51));
#9309 = DIRECTION('',(-0.,0.,-1.));
#9310 = DIRECTION('',(-0.,-1.,0.));
#9311 = FACE_BOUND('',#9312,.T.);
#9312 = EDGE_LOOP('',(#9313));
#9313 = ORIENTED_EDGE('',*,*,#9314,.T.);
#9314 = EDGE_CURVE('',#9315,#9315,#9317,.T.);
#9315 = VERTEX_POINT('',#9316);
#9316 = CARTESIAN_POINT('',(-98.737148,9.294543,1.51));
#9317 = CIRCLE('',#9318,1.5);
#9318 = AXIS2_PLACEMENT_3D('',#9319,#9320,#9321);
#9319 = CARTESIAN_POINT('',(-98.737148,10.794543,1.51));
#9320 = DIRECTION('',(-0.,0.,-1.));
#9321 = DIRECTION('',(-0.,-1.,0.));
#9322 = FACE_BOUND('',#9323,.T.);
#9323 = EDGE_LOOP('',(#9324));
#9324 = ORIENTED_EDGE('',*,*,#9325,.T.);
#9325 = EDGE_CURVE('',#9326,#9326,#9328,.T.);
#9326 = VERTEX_POINT('',#9327);
#9327 = CARTESIAN_POINT('',(-124.636656,16.376411,1.51));
#9328 = CIRCLE('',#9329,0.95);
#9329 = AXIS2_PLACEMENT_3D('',#9330,#9331,#9332);
#9330 = CARTESIAN_POINT('',(-124.636656,17.326411,1.51));
#9331 = DIRECTION('',(-0.,0.,-1.));
#9332 = DIRECTION('',(-0.,-1.,0.));
#9333 = FACE_BOUND('',#9334,.T.);
#9334 = EDGE_LOOP('',(#9335));
#9335 = ORIENTED_EDGE('',*,*,#9336,.T.);
#9336 = EDGE_CURVE('',#9337,#9337,#9339,.T.);
#9337 = VERTEX_POINT('',#9338);
#9338 = CARTESIAN_POINT('',(-119.64999,14.307101,1.51));
#9339 = CIRCLE('',#9340,2.05);
#9340 = AXIS2_PLACEMENT_3D('',#9341,#9342,#9343);
#9341 = CARTESIAN_POINT('',(-119.64999,16.357101,1.51));
#9342 = DIRECTION('',(-0.,0.,-1.));
#9343 = DIRECTION('',(-0.,-1.,0.));
#9344 = FACE_BOUND('',#9345,.T.);
#9345 = EDGE_LOOP('',(#9346));
#9346 = ORIENTED_EDGE('',*,*,#9347,.T.);
#9347 = EDGE_CURVE('',#9348,#9348,#9350,.T.);
#9348 = VERTEX_POINT('',#9349);
#9349 = CARTESIAN_POINT('',(-122.905335,18.077416,1.51));
#9350 = CIRCLE('',#9351,1.5);
#9351 = AXIS2_PLACEMENT_3D('',#9352,#9353,#9354);
#9352 = CARTESIAN_POINT('',(-122.905335,19.577416,1.51));
#9353 = DIRECTION('',(-0.,0.,-1.));
#9354 = DIRECTION('',(-0.,-1.,0.));
#9355 = FACE_BOUND('',#9356,.T.);
#9356 = EDGE_LOOP('',(#9357));
#9357 = ORIENTED_EDGE('',*,*,#9358,.T.);
#9358 = EDGE_CURVE('',#9359,#9359,#9361,.T.);
#9359 = VERTEX_POINT('',#9360);
#9360 = CARTESIAN_POINT('',(-116.187347,19.359112,1.51));
#9361 = CIRCLE('',#9362,1.5);
#9362 = AXIS2_PLACEMENT_3D('',#9363,#9364,#9365);
#9363 = CARTESIAN_POINT('',(-116.187347,20.859112,1.51));
#9364 = DIRECTION('',(-0.,0.,-1.));
#9365 = DIRECTION('',(-0.,-1.,0.));
#9366 = FACE_BOUND('',#9367,.T.);
#9367 = EDGE_LOOP('',(#9368));
#9368 = ORIENTED_EDGE('',*,*,#9369,.T.);
#9369 = EDGE_CURVE('',#9370,#9370,#9372,.T.);
#9370 = VERTEX_POINT('',#9371);
#9371 = CARTESIAN_POINT('',(-97.14647,16.071788,1.51));
#9372 = CIRCLE('',#9373,0.4953);
#9373 = AXIS2_PLACEMENT_3D('',#9374,#9375,#9376);
#9374 = CARTESIAN_POINT('',(-97.14647,16.567088,1.51));
#9375 = DIRECTION('',(-0.,0.,-1.));
#9376 = DIRECTION('',(-0.,-1.,0.));
#9377 = FACE_BOUND('',#9378,.T.);
#9378 = EDGE_LOOP('',(#9379));
#9379 = ORIENTED_EDGE('',*,*,#9380,.T.);
#9380 = EDGE_CURVE('',#9381,#9381,#9383,.T.);
#9381 = VERTEX_POINT('',#9382);
#9382 = CARTESIAN_POINT('',(-103.036234,17.21664,1.51));
#9383 = CIRCLE('',#9384,0.4953);
#9384 = AXIS2_PLACEMENT_3D('',#9385,#9386,#9387);
#9385 = CARTESIAN_POINT('',(-103.036234,17.71194,1.51));
#9386 = DIRECTION('',(-0.,0.,-1.));
#9387 = DIRECTION('',(-0.,-1.,0.));
#9388 = FACE_BOUND('',#9389,.T.);
#9389 = EDGE_LOOP('',(#9390));
#9390 = ORIENTED_EDGE('',*,*,#9391,.T.);
#9391 = EDGE_CURVE('',#9392,#9392,#9394,.T.);
#9392 = VERTEX_POINT('',#9393);
#9393 = CARTESIAN_POINT('',(-87.284363,8.861182,1.51));
#9394 = CIRCLE('',#9395,0.95);
#9395 = AXIS2_PLACEMENT_3D('',#9396,#9397,#9398);
#9396 = CARTESIAN_POINT('',(-87.284363,9.811182,1.51));
#9397 = DIRECTION('',(-0.,0.,-1.));
#9398 = DIRECTION('',(-0.,-1.,0.));
#9399 = FACE_BOUND('',#9400,.T.);
#9400 = EDGE_LOOP('',(#9401));
#9401 = ORIENTED_EDGE('',*,*,#9402,.T.);
#9402 = EDGE_CURVE('',#9403,#9403,#9405,.T.);
#9403 = VERTEX_POINT('',#9404);
#9404 = CARTESIAN_POINT('',(-85.553042,10.562187,1.51));
#9405 = CIRCLE('',#9406,1.5);
#9406 = AXIS2_PLACEMENT_3D('',#9407,#9408,#9409);
#9407 = CARTESIAN_POINT('',(-85.553042,12.062187,1.51));
#9408 = DIRECTION('',(-0.,0.,-1.));
#9409 = DIRECTION('',(-0.,-1.,0.));
#9410 = FACE_BOUND('',#9411,.T.);
#9411 = EDGE_LOOP('',(#9412));
#9412 = ORIENTED_EDGE('',*,*,#9413,.T.);
#9413 = EDGE_CURVE('',#9414,#9414,#9416,.T.);
#9414 = VERTEX_POINT('',#9415);
#9415 = CARTESIAN_POINT('',(-65.827047,8.96519,1.51));
#9416 = CIRCLE('',#9417,0.4953);
#9417 = AXIS2_PLACEMENT_3D('',#9418,#9419,#9420);
#9418 = CARTESIAN_POINT('',(-65.827047,9.46049,1.51));
#9419 = DIRECTION('',(-0.,0.,-1.));
#9420 = DIRECTION('',(-0.,-1.,0.));
#9421 = FACE_BOUND('',#9422,.T.);
#9422 = EDGE_LOOP('',(#9423));
#9423 = ORIENTED_EDGE('',*,*,#9424,.T.);
#9424 = EDGE_CURVE('',#9425,#9425,#9427,.T.);
#9425 = VERTEX_POINT('',#9426);
#9426 = CARTESIAN_POINT('',(-78.835054,11.843883,1.51));
#9427 = CIRCLE('',#9428,1.5);
#9428 = AXIS2_PLACEMENT_3D('',#9429,#9430,#9431);
#9429 = CARTESIAN_POINT('',(-78.835054,13.343883,1.51));
#9430 = DIRECTION('',(-0.,0.,-1.));
#9431 = DIRECTION('',(-0.,-1.,0.));
#9432 = FACE_BOUND('',#9433,.T.);
#9433 = EDGE_LOOP('',(#9434));
#9434 = ORIENTED_EDGE('',*,*,#9435,.T.);
#9435 = EDGE_CURVE('',#9436,#9436,#9438,.T.);
#9436 = VERTEX_POINT('',#9437);
#9437 = CARTESIAN_POINT('',(-83.134139,19.765979,1.51));
#9438 = CIRCLE('',#9439,0.4953);
#9439 = AXIS2_PLACEMENT_3D('',#9440,#9441,#9442);
#9440 = CARTESIAN_POINT('',(-83.134139,20.261279,1.51));
#9441 = DIRECTION('',(-0.,0.,-1.));
#9442 = DIRECTION('',(-0.,-1.,0.));
#9443 = FACE_BOUND('',#9444,.T.);
#9444 = EDGE_LOOP('',(#9445));
#9445 = ORIENTED_EDGE('',*,*,#9446,.T.);
#9446 = EDGE_CURVE('',#9447,#9447,#9449,.T.);
#9447 = VERTEX_POINT('',#9448);
#9448 = CARTESIAN_POINT('',(-66.342359,16.76039,1.51));
#9449 = CIRCLE('',#9450,0.95);
#9450 = AXIS2_PLACEMENT_3D('',#9451,#9452,#9453);
#9451 = CARTESIAN_POINT('',(-66.342359,17.71039,1.51));
#9452 = DIRECTION('',(-0.,0.,-1.));
#9453 = DIRECTION('',(-0.,-1.,0.));
#9454 = FACE_BOUND('',#9455,.T.);
#9455 = EDGE_LOOP('',(#9456));
#9456 = ORIENTED_EDGE('',*,*,#9457,.T.);
#9457 = EDGE_CURVE('',#9458,#9458,#9460,.T.);
#9458 = VERTEX_POINT('',#9459);
#9459 = CARTESIAN_POINT('',(-77.244375,18.621127,1.51));
#9460 = CIRCLE('',#9461,0.4953);
#9461 = AXIS2_PLACEMENT_3D('',#9462,#9463,#9464);
#9462 = CARTESIAN_POINT('',(-77.244375,19.116427,1.51));
#9463 = DIRECTION('',(-0.,0.,-1.));
#9464 = DIRECTION('',(-0.,-1.,0.));
#9465 = FACE_BOUND('',#9466,.T.);
#9466 = EDGE_LOOP('',(#9467));
#9467 = ORIENTED_EDGE('',*,*,#9468,.T.);
#9468 = EDGE_CURVE('',#9469,#9469,#9471,.T.);
#9469 = VERTEX_POINT('',#9470);
#9470 = CARTESIAN_POINT('',(-64.611038,18.461395,1.51));
#9471 = CIRCLE('',#9472,1.5);
#9472 = AXIS2_PLACEMENT_3D('',#9473,#9474,#9475);
#9473 = CARTESIAN_POINT('',(-64.611038,19.961395,1.51));
#9474 = DIRECTION('',(-0.,0.,-1.));
#9475 = DIRECTION('',(-0.,-1.,0.));
#9476 = FACE_BOUND('',#9477,.T.);
#9477 = EDGE_LOOP('',(#9478));
#9478 = ORIENTED_EDGE('',*,*,#9479,.T.);
#9479 = EDGE_CURVE('',#9480,#9480,#9482,.T.);
#9480 = VERTEX_POINT('',#9481);
#9481 = CARTESIAN_POINT('',(-98.56488,22.94253,1.51));
#9482 = CIRCLE('',#9483,2.05);
#9483 = AXIS2_PLACEMENT_3D('',#9484,#9485,#9486);
#9484 = CARTESIAN_POINT('',(-98.56488,24.99253,1.51));
#9485 = DIRECTION('',(-0.,0.,-1.));
#9486 = DIRECTION('',(-0.,-1.,0.));
#9487 = FACE_BOUND('',#9488,.T.);
#9488 = EDGE_LOOP('',(#9489));
#9489 = ORIENTED_EDGE('',*,*,#9490,.T.);
#9490 = EDGE_CURVE('',#9491,#9491,#9493,.T.);
#9491 = VERTEX_POINT('',#9492);
#9492 = CARTESIAN_POINT('',(-103.551546,25.01184,1.51));
#9493 = CIRCLE('',#9494,0.95);
#9494 = AXIS2_PLACEMENT_3D('',#9495,#9496,#9497);
#9495 = CARTESIAN_POINT('',(-103.551546,25.96184,1.51));
#9496 = DIRECTION('',(-0.,0.,-1.));
#9497 = DIRECTION('',(-0.,-1.,0.));
#9498 = FACE_BOUND('',#9499,.T.);
#9499 = EDGE_LOOP('',(#9500));
#9500 = ORIENTED_EDGE('',*,*,#9501,.T.);
#9501 = EDGE_CURVE('',#9502,#9502,#9504,.T.);
#9502 = VERTEX_POINT('',#9503);
#9503 = CARTESIAN_POINT('',(-101.820225,26.712845,1.51));
#9504 = CIRCLE('',#9505,1.5);
#9505 = AXIS2_PLACEMENT_3D('',#9506,#9507,#9508);
#9506 = CARTESIAN_POINT('',(-101.820225,28.212845,1.51));
#9507 = DIRECTION('',(-0.,0.,-1.));
#9508 = DIRECTION('',(-0.,-1.,0.));
#9509 = FACE_BOUND('',#9510,.T.);
#9510 = EDGE_LOOP('',(#9511));
#9511 = ORIENTED_EDGE('',*,*,#9512,.T.);
#9512 = EDGE_CURVE('',#9513,#9513,#9515,.T.);
#9513 = VERTEX_POINT('',#9514);
#9514 = CARTESIAN_POINT('',(-93.578214,23.07322,1.51));
#9515 = CIRCLE('',#9516,0.95);
#9516 = AXIS2_PLACEMENT_3D('',#9517,#9518,#9519);
#9517 = CARTESIAN_POINT('',(-93.578214,24.02322,1.51));
#9518 = DIRECTION('',(-0.,0.,-1.));
#9519 = DIRECTION('',(-0.,-1.,0.));
#9520 = FACE_BOUND('',#9521,.T.);
#9521 = EDGE_LOOP('',(#9522));
#9522 = ORIENTED_EDGE('',*,*,#9523,.T.);
#9523 = EDGE_CURVE('',#9524,#9524,#9526,.T.);
#9524 = VERTEX_POINT('',#9525);
#9525 = CARTESIAN_POINT('',(-73.676119,25.622559,1.51));
#9526 = CIRCLE('',#9527,0.95);
#9527 = AXIS2_PLACEMENT_3D('',#9528,#9529,#9530);
#9528 = CARTESIAN_POINT('',(-73.676119,26.572559,1.51));
#9529 = DIRECTION('',(-0.,0.,-1.));
#9530 = DIRECTION('',(-0.,-1.,0.));
#9531 = FACE_BOUND('',#9532,.T.);
#9532 = EDGE_LOOP('',(#9533));
#9533 = ORIENTED_EDGE('',*,*,#9534,.T.);
#9534 = EDGE_CURVE('',#9535,#9535,#9537,.T.);
#9535 = VERTEX_POINT('',#9536);
#9536 = CARTESIAN_POINT('',(-78.662785,25.491869,1.51));
#9537 = CIRCLE('',#9538,2.05);
#9538 = AXIS2_PLACEMENT_3D('',#9539,#9540,#9541);
#9539 = CARTESIAN_POINT('',(-78.662785,27.541869,1.51));
#9540 = DIRECTION('',(-0.,0.,-1.));
#9541 = DIRECTION('',(-0.,-1.,0.));
#9542 = FACE_BOUND('',#9543,.T.);
#9543 = EDGE_LOOP('',(#9544));
#9544 = ORIENTED_EDGE('',*,*,#9545,.T.);
#9545 = EDGE_CURVE('',#9546,#9546,#9548,.T.);
#9546 = VERTEX_POINT('',#9547);
#9547 = CARTESIAN_POINT('',(-95.102237,27.994541,1.51));
#9548 = CIRCLE('',#9549,1.5);
#9549 = AXIS2_PLACEMENT_3D('',#9550,#9551,#9552);
#9550 = CARTESIAN_POINT('',(-95.102237,29.494541,1.51));
#9551 = DIRECTION('',(-0.,0.,-1.));
#9552 = DIRECTION('',(-0.,-1.,0.));
#9553 = FACE_BOUND('',#9554,.T.);
#9554 = EDGE_LOOP('',(#9555));
#9555 = ORIENTED_EDGE('',*,*,#9556,.T.);
#9556 = EDGE_CURVE('',#9557,#9557,#9559,.T.);
#9557 = VERTEX_POINT('',#9558);
#9558 = CARTESIAN_POINT('',(-83.649451,27.561179,1.51));
#9559 = CIRCLE('',#9560,0.95);
#9560 = AXIS2_PLACEMENT_3D('',#9561,#9562,#9563);
#9561 = CARTESIAN_POINT('',(-83.649451,28.511179,1.51));
#9562 = DIRECTION('',(-0.,0.,-1.));
#9563 = DIRECTION('',(-0.,-1.,0.));
#9564 = FACE_BOUND('',#9565,.T.);
#9565 = EDGE_LOOP('',(#9566));
#9566 = ORIENTED_EDGE('',*,*,#9567,.T.);
#9567 = EDGE_CURVE('',#9568,#9568,#9570,.T.);
#9568 = VERTEX_POINT('',#9569);
#9569 = CARTESIAN_POINT('',(-81.91813,29.262184,1.51));
#9570 = CIRCLE('',#9571,1.5);
#9571 = AXIS2_PLACEMENT_3D('',#9572,#9573,#9574);
#9572 = CARTESIAN_POINT('',(-81.91813,30.762184,1.51));
#9573 = DIRECTION('',(-0.,0.,-1.));
#9574 = DIRECTION('',(-0.,-1.,0.));
#9575 = FACE_BOUND('',#9576,.T.);
#9576 = EDGE_LOOP('',(#9577));
#9577 = ORIENTED_EDGE('',*,*,#9578,.T.);
#9578 = EDGE_CURVE('',#9579,#9579,#9581,.T.);
#9579 = VERTEX_POINT('',#9580);
#9580 = CARTESIAN_POINT('',(-75.200142,30.54388,1.51));
#9581 = CIRCLE('',#9582,1.5);
#9582 = AXIS2_PLACEMENT_3D('',#9583,#9584,#9585);
#9583 = CARTESIAN_POINT('',(-75.200142,32.04388,1.51));
#9584 = DIRECTION('',(-0.,0.,-1.));
#9585 = DIRECTION('',(-0.,-1.,0.));
#9586 = FACE_BOUND('',#9587,.T.);
#9587 = EDGE_LOOP('',(#9588));
#9588 = ORIENTED_EDGE('',*,*,#9589,.T.);
#9589 = EDGE_CURVE('',#9590,#9590,#9592,.T.);
#9590 = VERTEX_POINT('',#9591);
#9591 = CARTESIAN_POINT('',(-48.272031,9.886109,1.51));
#9592 = CIRCLE('',#9593,0.95);
#9593 = AXIS2_PLACEMENT_3D('',#9594,#9595,#9596);
#9594 = CARTESIAN_POINT('',(-48.272031,10.836109,1.51));
#9595 = DIRECTION('',(-0.,0.,-1.));
#9596 = DIRECTION('',(-0.,-1.,0.));
#9597 = FACE_BOUND('',#9598,.T.);
#9598 = EDGE_LOOP('',(#9599));
#9599 = ORIENTED_EDGE('',*,*,#9600,.T.);
#9600 = EDGE_CURVE('',#9601,#9601,#9603,.T.);
#9601 = VERTEX_POINT('',#9602);
#9602 = CARTESIAN_POINT('',(-43.285365,7.816799,1.51));
#9603 = CIRCLE('',#9604,2.05);
#9604 = AXIS2_PLACEMENT_3D('',#9605,#9606,#9607);
#9605 = CARTESIAN_POINT('',(-43.285365,9.866799,1.51));
#9606 = DIRECTION('',(-0.,0.,-1.));
#9607 = DIRECTION('',(-0.,-1.,0.));
#9608 = FACE_BOUND('',#9609,.T.);
#9609 = EDGE_LOOP('',(#9610));
#9610 = ORIENTED_EDGE('',*,*,#9611,.T.);
#9611 = EDGE_CURVE('',#9612,#9612,#9614,.T.);
#9612 = VERTEX_POINT('',#9613);
#9613 = CARTESIAN_POINT('',(-46.54071,11.587114,1.51));
#9614 = CIRCLE('',#9615,1.5);
#9615 = AXIS2_PLACEMENT_3D('',#9616,#9617,#9618);
#9616 = CARTESIAN_POINT('',(-46.54071,13.087114,1.51));
#9617 = DIRECTION('',(-0.,0.,-1.));
#9618 = DIRECTION('',(-0.,-1.,0.));
#9619 = FACE_BOUND('',#9620,.T.);
#9620 = EDGE_LOOP('',(#9621));
#9621 = ORIENTED_EDGE('',*,*,#9622,.T.);
#9622 = EDGE_CURVE('',#9623,#9623,#9625,.T.);
#9623 = VERTEX_POINT('',#9624);
#9624 = CARTESIAN_POINT('',(-39.822722,12.86881,1.51));
#9625 = CIRCLE('',#9626,1.5);
#9626 = AXIS2_PLACEMENT_3D('',#9627,#9628,#9629);
#9627 = CARTESIAN_POINT('',(-39.822722,14.36881,1.51));
#9628 = DIRECTION('',(-0.,0.,-1.));
#9629 = DIRECTION('',(-0.,-1.,0.));
#9630 = FACE_BOUND('',#9631,.T.);
#9631 = EDGE_LOOP('',(#9632));
#9632 = ORIENTED_EDGE('',*,*,#9633,.T.);
#9633 = EDGE_CURVE('',#9634,#9634,#9636,.T.);
#9634 = VERTEX_POINT('',#9635);
#9635 = CARTESIAN_POINT('',(-61.355693,14.69108,1.51));
#9636 = CIRCLE('',#9637,2.05);
#9637 = AXIS2_PLACEMENT_3D('',#9638,#9639,#9640);
#9638 = CARTESIAN_POINT('',(-61.355693,16.74108,1.51));
#9639 = DIRECTION('',(-0.,0.,-1.));
#9640 = DIRECTION('',(-0.,-1.,0.));
#9641 = FACE_BOUND('',#9642,.T.);
#9642 = EDGE_LOOP('',(#9643));
#9643 = ORIENTED_EDGE('',*,*,#9644,.T.);
#9644 = EDGE_CURVE('',#9645,#9645,#9647,.T.);
#9645 = VERTEX_POINT('',#9646);
#9646 = CARTESIAN_POINT('',(-56.369027,14.82177,1.51));
#9647 = CIRCLE('',#9648,0.95);
#9648 = AXIS2_PLACEMENT_3D('',#9649,#9650,#9651);
#9649 = CARTESIAN_POINT('',(-56.369027,15.77177,1.51));
#9650 = DIRECTION('',(-0.,0.,-1.));
#9651 = DIRECTION('',(-0.,-1.,0.));
#9652 = FACE_BOUND('',#9653,.T.);
#9653 = EDGE_LOOP('',(#9654));
#9654 = ORIENTED_EDGE('',*,*,#9655,.T.);
#9655 = EDGE_CURVE('',#9656,#9656,#9658,.T.);
#9656 = VERTEX_POINT('',#9657);
#9657 = CARTESIAN_POINT('',(-57.89305,19.743091,1.51));
#9658 = CIRCLE('',#9659,1.5);
#9659 = AXIS2_PLACEMENT_3D('',#9660,#9661,#9662);
#9660 = CARTESIAN_POINT('',(-57.89305,21.243091,1.51));
#9661 = DIRECTION('',(-0.,0.,-1.));
#9662 = DIRECTION('',(-0.,-1.,0.));
#9663 = FACE_BOUND('',#9664,.T.);
#9664 = EDGE_LOOP('',(#9665));
#9665 = ORIENTED_EDGE('',*,*,#9666,.T.);
#9666 = EDGE_CURVE('',#9667,#9667,#9669,.T.);
#9667 = VERTEX_POINT('',#9668);
#9668 = CARTESIAN_POINT('',(7.6,-15.261,1.51));
#9669 = CIRCLE('',#9670,0.381);
#9670 = AXIS2_PLACEMENT_3D('',#9671,#9672,#9673);
#9671 = CARTESIAN_POINT('',(7.6,-14.88,1.51));
#9672 = DIRECTION('',(-0.,0.,-1.));
#9673 = DIRECTION('',(-0.,-1.,0.));
#9674 = FACE_BOUND('',#9675,.T.);
#9675 = EDGE_LOOP('',(#9676));
#9676 = ORIENTED_EDGE('',*,*,#9677,.T.);
#9677 = EDGE_CURVE('',#9678,#9678,#9680,.T.);
#9678 = VERTEX_POINT('',#9679);
#9679 = CARTESIAN_POINT('',(7.6,-12.721,1.51));
#9680 = CIRCLE('',#9681,0.381);
#9681 = AXIS2_PLACEMENT_3D('',#9682,#9683,#9684);
#9682 = CARTESIAN_POINT('',(7.6,-12.34,1.51));
#9683 = DIRECTION('',(-0.,0.,-1.));
#9684 = DIRECTION('',(-0.,-1.,0.));
#9685 = FACE_BOUND('',#9686,.T.);
#9686 = EDGE_LOOP('',(#9687));
#9687 = ORIENTED_EDGE('',*,*,#9688,.T.);
#9688 = EDGE_CURVE('',#9689,#9689,#9691,.T.);
#9689 = VERTEX_POINT('',#9690);
#9690 = CARTESIAN_POINT('',(7.6,-10.181,1.51));
#9691 = CIRCLE('',#9692,0.381);
#9692 = AXIS2_PLACEMENT_3D('',#9693,#9694,#9695);
#9693 = CARTESIAN_POINT('',(7.6,-9.8,1.51));
#9694 = DIRECTION('',(-0.,0.,-1.));
#9695 = DIRECTION('',(-0.,-1.,0.));
#9696 = FACE_BOUND('',#9697,.T.);
#9697 = EDGE_LOOP('',(#9698));
#9698 = ORIENTED_EDGE('',*,*,#9699,.T.);
#9699 = EDGE_CURVE('',#9700,#9700,#9702,.T.);
#9700 = VERTEX_POINT('',#9701);
#9701 = CARTESIAN_POINT('',(7.6,-7.641,1.51));
#9702 = CIRCLE('',#9703,0.381);
#9703 = AXIS2_PLACEMENT_3D('',#9704,#9705,#9706);
#9704 = CARTESIAN_POINT('',(7.6,-7.26,1.51));
#9705 = DIRECTION('',(-0.,0.,-1.));
#9706 = DIRECTION('',(-0.,-1.,0.));
#9707 = FACE_BOUND('',#9708,.T.);
#9708 = EDGE_LOOP('',(#9709));
#9709 = ORIENTED_EDGE('',*,*,#9710,.T.);
#9710 = EDGE_CURVE('',#9711,#9711,#9713,.T.);
#9711 = VERTEX_POINT('',#9712);
#9712 = CARTESIAN_POINT('',(41.933611,-10.752509,1.51));
#9713 = CIRCLE('',#9714,0.95);
#9714 = AXIS2_PLACEMENT_3D('',#9715,#9716,#9717);
#9715 = CARTESIAN_POINT('',(41.933611,-9.802509,1.51));
#9716 = DIRECTION('',(-0.,0.,-1.));
#9717 = DIRECTION('',(-0.,-1.,0.));
#9718 = FACE_BOUND('',#9719,.T.);
#9719 = EDGE_LOOP('',(#9720));
#9720 = ORIENTED_EDGE('',*,*,#9721,.T.);
#9721 = EDGE_CURVE('',#9722,#9722,#9724,.T.);
#9722 = VERTEX_POINT('',#9723);
#9723 = CARTESIAN_POINT('',(63.572195,-10.87966,1.51));
#9724 = CIRCLE('',#9725,0.4953);
#9725 = AXIS2_PLACEMENT_3D('',#9726,#9727,#9728);
#9726 = CARTESIAN_POINT('',(63.572195,-10.38436,1.51));
#9727 = DIRECTION('',(-0.,0.,-1.));
#9728 = DIRECTION('',(1.434570433596E-14,-1.,-0.));
#9729 = FACE_BOUND('',#9730,.T.);
#9730 = EDGE_LOOP('',(#9731));
#9731 = ORIENTED_EDGE('',*,*,#9732,.T.);
#9732 = EDGE_CURVE('',#9733,#9733,#9735,.T.);
#9733 = VERTEX_POINT('',#9734);
#9734 = CARTESIAN_POINT('',(46.920277,-10.883199,1.51));
#9735 = CIRCLE('',#9736,2.05);
#9736 = AXIS2_PLACEMENT_3D('',#9737,#9738,#9739);
#9737 = CARTESIAN_POINT('',(46.920277,-8.833199,1.51));
#9738 = DIRECTION('',(-0.,0.,-1.));
#9739 = DIRECTION('',(-0.,-1.,0.));
#9740 = FACE_BOUND('',#9741,.T.);
#9741 = EDGE_LOOP('',(#9742));
#9742 = ORIENTED_EDGE('',*,*,#9743,.T.);
#9743 = EDGE_CURVE('',#9744,#9744,#9746,.T.);
#9744 = VERTEX_POINT('',#9745);
#9745 = CARTESIAN_POINT('',(42.695623,-8.566848,1.51));
#9746 = CIRCLE('',#9747,1.5);
#9747 = AXIS2_PLACEMENT_3D('',#9748,#9749,#9750);
#9748 = CARTESIAN_POINT('',(42.695623,-7.066848,1.51));
#9749 = DIRECTION('',(-0.,0.,-1.));
#9750 = DIRECTION('',(-0.,-1.,0.));
#9751 = FACE_BOUND('',#9752,.T.);
#9752 = EDGE_LOOP('',(#9753));
#9753 = ORIENTED_EDGE('',*,*,#9754,.T.);
#9754 = EDGE_CURVE('',#9755,#9755,#9757,.T.);
#9755 = VERTEX_POINT('',#9756);
#9756 = CARTESIAN_POINT('',(48.4443,-4.861878,1.51));
#9757 = CIRCLE('',#9758,1.5);
#9758 = AXIS2_PLACEMENT_3D('',#9759,#9760,#9761);
#9759 = CARTESIAN_POINT('',(48.4443,-3.361878,1.51));
#9760 = DIRECTION('',(-0.,0.,-1.));
#9761 = DIRECTION('',(-0.,-1.,0.));
#9762 = FACE_BOUND('',#9763,.T.);
#9763 = EDGE_LOOP('',(#9764));
#9764 = ORIENTED_EDGE('',*,*,#9765,.T.);
#9765 = EDGE_CURVE('',#9766,#9766,#9768,.T.);
#9766 = VERTEX_POINT('',#9767);
#9767 = CARTESIAN_POINT('',(51.906943,-8.813889,1.51));
#9768 = CIRCLE('',#9769,0.95);
#9769 = AXIS2_PLACEMENT_3D('',#9770,#9771,#9772);
#9770 = CARTESIAN_POINT('',(51.906943,-7.863889,1.51));
#9771 = DIRECTION('',(-0.,0.,-1.));
#9772 = DIRECTION('',(-0.,-1.,0.));
#9773 = FACE_BOUND('',#9774,.T.);
#9774 = EDGE_LOOP('',(#9775));
#9775 = ORIENTED_EDGE('',*,*,#9776,.T.);
#9776 = EDGE_CURVE('',#9777,#9777,#9779,.T.);
#9777 = VERTEX_POINT('',#9778);
#9778 = CARTESIAN_POINT('',(41.866955,0.946057,1.51));
#9779 = CIRCLE('',#9780,0.4953);
#9780 = AXIS2_PLACEMENT_3D('',#9781,#9782,#9783);
#9781 = CARTESIAN_POINT('',(41.866955,1.441357,1.51));
#9782 = DIRECTION('',(-0.,0.,-1.));
#9783 = DIRECTION('',(-0.,-1.,0.));
#9784 = FACE_BOUND('',#9785,.T.);
#9785 = EDGE_LOOP('',(#9786));
#9786 = ORIENTED_EDGE('',*,*,#9787,.T.);
#9787 = EDGE_CURVE('',#9788,#9788,#9790,.T.);
#9788 = VERTEX_POINT('',#9789);
#9789 = CARTESIAN_POINT('',(47.756719,2.090909,1.51));
#9790 = CIRCLE('',#9791,0.4953);
#9791 = AXIS2_PLACEMENT_3D('',#9792,#9793,#9794);
#9792 = CARTESIAN_POINT('',(47.756719,2.586209,1.51));
#9793 = DIRECTION('',(-0.,0.,-1.));
#9794 = DIRECTION('',(-0.,-1.,0.));
#9795 = FACE_BOUND('',#9796,.T.);
#9796 = EDGE_LOOP('',(#9797));
#9797 = ORIENTED_EDGE('',*,*,#9798,.T.);
#9798 = EDGE_CURVE('',#9799,#9799,#9801,.T.);
#9799 = VERTEX_POINT('',#9800);
#9800 = CARTESIAN_POINT('',(60.003939,-3.878228,1.51));
#9801 = CIRCLE('',#9802,0.95);
#9802 = AXIS2_PLACEMENT_3D('',#9803,#9804,#9805);
#9803 = CARTESIAN_POINT('',(60.003939,-2.928228,1.51));
#9804 = DIRECTION('',(-0.,0.,-1.));
#9805 = DIRECTION('',(-0.,-1.,0.));
#9806 = FACE_BOUND('',#9807,.T.);
#9807 = EDGE_LOOP('',(#9808));
#9808 = ORIENTED_EDGE('',*,*,#9809,.T.);
#9809 = EDGE_CURVE('',#9810,#9810,#9812,.T.);
#9810 = VERTEX_POINT('',#9811);
#9811 = CARTESIAN_POINT('',(60.765951,-1.692567,1.51));
#9812 = CIRCLE('',#9813,1.5);
#9813 = AXIS2_PLACEMENT_3D('',#9814,#9815,#9816);
#9814 = CARTESIAN_POINT('',(60.765951,-0.192567,1.51));
#9815 = DIRECTION('',(-0.,0.,-1.));
#9816 = DIRECTION('',(-0.,-1.,0.));
#9817 = FACE_BOUND('',#9818,.T.);
#9818 = EDGE_LOOP('',(#9819));
#9819 = ORIENTED_EDGE('',*,*,#9820,.T.);
#9820 = EDGE_CURVE('',#9821,#9821,#9823,.T.);
#9821 = VERTEX_POINT('',#9822);
#9822 = CARTESIAN_POINT('',(38.298699,7.947489,1.51));
#9823 = CIRCLE('',#9824,0.95);
#9824 = AXIS2_PLACEMENT_3D('',#9825,#9826,#9827);
#9825 = CARTESIAN_POINT('',(38.298699,8.897489,1.51));
#9826 = DIRECTION('',(-0.,0.,-1.));
#9827 = DIRECTION('',(-0.,-1.,0.));
#9828 = FACE_BOUND('',#9829,.T.);
#9829 = EDGE_LOOP('',(#9830));
#9830 = ORIENTED_EDGE('',*,*,#9831,.T.);
#9831 = EDGE_CURVE('',#9832,#9832,#9834,.T.);
#9832 = VERTEX_POINT('',#9833);
#9833 = CARTESIAN_POINT('',(59.937283,7.820338,1.51));
#9834 = CIRCLE('',#9835,0.4953);
#9835 = AXIS2_PLACEMENT_3D('',#9836,#9837,#9838);
#9836 = CARTESIAN_POINT('',(59.937283,8.315638,1.51));
#9837 = DIRECTION('',(-0.,0.,-1.));
#9838 = DIRECTION('',(-0.,-1.,0.));
#9839 = FACE_BOUND('',#9840,.T.);
#9840 = EDGE_LOOP('',(#9841));
#9841 = ORIENTED_EDGE('',*,*,#9842,.T.);
#9842 = EDGE_CURVE('',#9843,#9843,#9845,.T.);
#9843 = VERTEX_POINT('',#9844);
#9844 = CARTESIAN_POINT('',(70.149539,-16.687595,1.51));
#9845 = CIRCLE('',#9846,1.5);
#9846 = AXIS2_PLACEMENT_3D('',#9847,#9848,#9849);
#9847 = CARTESIAN_POINT('',(70.149539,-15.187595,1.51));
#9848 = DIRECTION('',(-0.,0.,-1.));
#9849 = DIRECTION('',(-0.,-1.,0.));
#9850 = FACE_BOUND('',#9851,.T.);
#9851 = EDGE_LOOP('',(#9852));
#9852 = ORIENTED_EDGE('',*,*,#9853,.T.);
#9853 = EDGE_CURVE('',#9854,#9854,#9856,.T.);
#9854 = VERTEX_POINT('',#9855);
#9855 = CARTESIAN_POINT('',(80.945942,-11.777436,1.51));
#9856 = CIRCLE('',#9857,0.95);
#9857 = AXIS2_PLACEMENT_3D('',#9858,#9859,#9860);
#9858 = CARTESIAN_POINT('',(80.945942,-10.827436,1.51));
#9859 = DIRECTION('',(-0.,0.,-1.));
#9860 = DIRECTION('',(-0.,-1.,0.));
#9861 = FACE_BOUND('',#9862,.T.);
#9862 = EDGE_LOOP('',(#9863));
#9863 = ORIENTED_EDGE('',*,*,#9864,.T.);
#9864 = EDGE_CURVE('',#9865,#9865,#9867,.T.);
#9865 = VERTEX_POINT('',#9866);
#9866 = CARTESIAN_POINT('',(85.932608,-11.908126,1.51));
#9867 = CIRCLE('',#9868,2.05);
#9868 = AXIS2_PLACEMENT_3D('',#9869,#9870,#9871);
#9869 = CARTESIAN_POINT('',(85.932608,-9.858126,1.51));
#9870 = DIRECTION('',(-0.,0.,-1.));
#9871 = DIRECTION('',(-0.,-1.,0.));
#9872 = FACE_BOUND('',#9873,.T.);
#9873 = EDGE_LOOP('',(#9874));
#9874 = ORIENTED_EDGE('',*,*,#9875,.T.);
#9875 = EDGE_CURVE('',#9876,#9876,#9878,.T.);
#9876 = VERTEX_POINT('',#9877);
#9877 = CARTESIAN_POINT('',(69.461959,-9.734808,1.51));
#9878 = CIRCLE('',#9879,0.4953);
#9879 = AXIS2_PLACEMENT_3D('',#9880,#9881,#9882);
#9880 = CARTESIAN_POINT('',(69.461959,-9.239508,1.51));
#9881 = DIRECTION('',(-0.,0.,-1.));
#9882 = DIRECTION('',(-2.869140867192E-14,-1.,0.));
#9883 = FACE_BOUND('',#9884,.T.);
#9884 = EDGE_LOOP('',(#9885));
#9885 = ORIENTED_EDGE('',*,*,#9886,.T.);
#9886 = EDGE_CURVE('',#9887,#9887,#9889,.T.);
#9887 = VERTEX_POINT('',#9888);
#9888 = CARTESIAN_POINT('',(81.707954,-9.591775,1.51));
#9889 = CIRCLE('',#9890,1.5);
#9890 = AXIS2_PLACEMENT_3D('',#9891,#9892,#9893);
#9891 = CARTESIAN_POINT('',(81.707954,-8.091775,1.51));
#9892 = DIRECTION('',(-0.,0.,-1.));
#9893 = DIRECTION('',(-0.,-1.,0.));
#9894 = FACE_BOUND('',#9895,.T.);
#9895 = EDGE_LOOP('',(#9896));
#9896 = ORIENTED_EDGE('',*,*,#9897,.T.);
#9897 = EDGE_CURVE('',#9898,#9898,#9900,.T.);
#9898 = VERTEX_POINT('',#9899);
#9899 = CARTESIAN_POINT('',(90.919274,-9.838816,1.51));
#9900 = CIRCLE('',#9901,0.95);
#9901 = AXIS2_PLACEMENT_3D('',#9902,#9903,#9904);
#9902 = CARTESIAN_POINT('',(90.919274,-8.888816,1.51));
#9903 = DIRECTION('',(-0.,0.,-1.));
#9904 = DIRECTION('',(-0.,-1.,0.));
#9905 = FACE_BOUND('',#9906,.T.);
#9906 = EDGE_LOOP('',(#9907));
#9907 = ORIENTED_EDGE('',*,*,#9908,.T.);
#9908 = EDGE_CURVE('',#9909,#9909,#9911,.T.);
#9909 = VERTEX_POINT('',#9910);
#9910 = CARTESIAN_POINT('',(87.456631,-5.886805,1.51));
#9911 = CIRCLE('',#9912,1.5);
#9912 = AXIS2_PLACEMENT_3D('',#9913,#9914,#9915);
#9913 = CARTESIAN_POINT('',(87.456631,-4.386805,1.51));
#9914 = DIRECTION('',(-0.,0.,-1.));
#9915 = DIRECTION('',(-0.,-1.,0.));
#9916 = FACE_BOUND('',#9917,.T.);
#9917 = EDGE_LOOP('',(#9918));
#9918 = ORIENTED_EDGE('',*,*,#9919,.T.);
#9919 = EDGE_CURVE('',#9920,#9920,#9922,.T.);
#9920 = VERTEX_POINT('',#9921);
#9921 = CARTESIAN_POINT('',(100.848037,-14.326776,1.51));
#9922 = CIRCLE('',#9923,0.95);
#9923 = AXIS2_PLACEMENT_3D('',#9924,#9925,#9926);
#9924 = CARTESIAN_POINT('',(100.848037,-13.376776,1.51));
#9925 = DIRECTION('',(-0.,0.,-1.));
#9926 = DIRECTION('',(-0.,-1.,0.));
#9927 = FACE_BOUND('',#9928,.T.);
#9928 = EDGE_LOOP('',(#9929));
#9929 = ORIENTED_EDGE('',*,*,#9930,.T.);
#9930 = EDGE_CURVE('',#9931,#9931,#9933,.T.);
#9931 = VERTEX_POINT('',#9932);
#9932 = CARTESIAN_POINT('',(101.610049,-12.141115,1.51));
#9933 = CIRCLE('',#9934,1.5);
#9934 = AXIS2_PLACEMENT_3D('',#9935,#9936,#9937);
#9935 = CARTESIAN_POINT('',(101.610049,-10.641115,1.51));
#9936 = DIRECTION('',(-0.,0.,-1.));
#9937 = DIRECTION('',(-0.,-1.,0.));
#9938 = FACE_BOUND('',#9939,.T.);
#9939 = EDGE_LOOP('',(#9940));
#9940 = ORIENTED_EDGE('',*,*,#9941,.T.);
#9941 = EDGE_CURVE('',#9942,#9942,#9944,.T.);
#9942 = VERTEX_POINT('',#9943);
#9943 = CARTESIAN_POINT('',(105.834703,-14.457466,1.51));
#9944 = CIRCLE('',#9945,2.05);
#9945 = AXIS2_PLACEMENT_3D('',#9946,#9947,#9948);
#9946 = CARTESIAN_POINT('',(105.834703,-12.407466,1.51));
#9947 = DIRECTION('',(-0.,0.,-1.));
#9948 = DIRECTION('',(6.932124251318E-15,-1.,-0.));
#9949 = FACE_BOUND('',#9950,.T.);
#9950 = EDGE_LOOP('',(#9951));
#9951 = ORIENTED_EDGE('',*,*,#9952,.T.);
#9952 = EDGE_CURVE('',#9953,#9953,#9955,.T.);
#9953 = VERTEX_POINT('',#9954);
#9954 = CARTESIAN_POINT('',(110.821369,-12.388156,1.51));
#9955 = CIRCLE('',#9956,0.95);
#9956 = AXIS2_PLACEMENT_3D('',#9957,#9958,#9959);
#9957 = CARTESIAN_POINT('',(110.821369,-11.438156,1.51));
#9958 = DIRECTION('',(-0.,0.,-1.));
#9959 = DIRECTION('',(-0.,-1.,0.));
#9960 = FACE_BOUND('',#9961,.T.);
#9961 = EDGE_LOOP('',(#9962));
#9962 = ORIENTED_EDGE('',*,*,#9963,.T.);
#9963 = EDGE_CURVE('',#9964,#9964,#9966,.T.);
#9964 = VERTEX_POINT('',#9965);
#9965 = CARTESIAN_POINT('',(121.866492,-11.263639,1.51));
#9966 = CIRCLE('',#9967,0.4953);
#9967 = AXIS2_PLACEMENT_3D('',#9968,#9969,#9970);
#9968 = CARTESIAN_POINT('',(121.866492,-10.768339,1.51));
#9969 = DIRECTION('',(-0.,0.,-1.));
#9970 = DIRECTION('',(-0.,-1.,0.));
#9971 = FACE_BOUND('',#9972,.T.);
#9972 = EDGE_LOOP('',(#9973));
#9973 = ORIENTED_EDGE('',*,*,#9974,.T.);
#9974 = EDGE_CURVE('',#9975,#9975,#9977,.T.);
#9975 = VERTEX_POINT('',#9976);
#9976 = CARTESIAN_POINT('',(127.756256,-10.118787,1.51));
#9977 = CIRCLE('',#9978,0.4953);
#9978 = AXIS2_PLACEMENT_3D('',#9979,#9980,#9981);
#9979 = CARTESIAN_POINT('',(127.756256,-9.623487,1.51));
#9980 = DIRECTION('',(-0.,0.,-1.));
#9981 = DIRECTION('',(-0.,-1.,0.));
#9982 = FACE_BOUND('',#9983,.T.);
#9983 = EDGE_LOOP('',(#9984));
#9984 = ORIENTED_EDGE('',*,*,#9985,.T.);
#9985 = EDGE_CURVE('',#9986,#9986,#9988,.T.);
#9986 = VERTEX_POINT('',#9987);
#9987 = CARTESIAN_POINT('',(107.358726,-8.436145,1.51));
#9988 = CIRCLE('',#9989,1.5);
#9989 = AXIS2_PLACEMENT_3D('',#9990,#9991,#9992);
#9990 = CARTESIAN_POINT('',(107.358726,-6.936145,1.51));
#9991 = DIRECTION('',(-0.,0.,-1.));
#9992 = DIRECTION('',(-0.,-1.,0.));
#9993 = FACE_BOUND('',#9994,.T.);
#9994 = EDGE_LOOP('',(#9995));
#9995 = ORIENTED_EDGE('',*,*,#9996,.T.);
#9996 = EDGE_CURVE('',#9997,#9997,#9999,.T.);
#9997 = VERTEX_POINT('',#9998);
#9998 = CARTESIAN_POINT('',(118.298236,-4.262207,1.51));
#9999 = CIRCLE('',#10000,0.95);
#10000 = AXIS2_PLACEMENT_3D('',#10001,#10002,#10003);
#10001 = CARTESIAN_POINT('',(118.298236,-3.312207,1.51));
#10002 = DIRECTION('',(-0.,0.,-1.));
#10003 = DIRECTION('',(-0.,-1.,0.));
#10004 = FACE_BOUND('',#10005,.T.);
#10005 = EDGE_LOOP('',(#10006));
#10006 = ORIENTED_EDGE('',*,*,#10007,.T.);
#10007 = EDGE_CURVE('',#10008,#10008,#10010,.T.);
#10008 = VERTEX_POINT('',#10009);
#10009 = CARTESIAN_POINT('',(64.990605,-4.008918,1.51));
#10010 = CIRCLE('',#10011,2.05);
#10011 = AXIS2_PLACEMENT_3D('',#10012,#10013,#10014);
#10012 = CARTESIAN_POINT('',(64.990605,-1.958918,1.51));
#10013 = DIRECTION('',(-0.,0.,-1.));
#10014 = DIRECTION('',(-0.,-1.,0.));
#10015 = FACE_BOUND('',#10016,.T.);
#10016 = EDGE_LOOP('',(#10017));
#10017 = ORIENTED_EDGE('',*,*,#10018,.T.);
#10018 = EDGE_CURVE('',#10019,#10019,#10021,.T.);
#10019 = VERTEX_POINT('',#10020);
#10020 = CARTESIAN_POINT('',(69.977271,-1.939608,1.51));
#10021 = CIRCLE('',#10022,0.95);
#10022 = AXIS2_PLACEMENT_3D('',#10023,#10024,#10025);
#10023 = CARTESIAN_POINT('',(69.977271,-0.989608,1.51));
#10024 = DIRECTION('',(-0.,0.,-1.));
#10025 = DIRECTION('',(-0.,-1.,0.));
#10026 = FACE_BOUND('',#10027,.T.);
#10027 = EDGE_LOOP('',(#10028));
#10028 = ORIENTED_EDGE('',*,*,#10029,.T.);
#10029 = EDGE_CURVE('',#10030,#10030,#10032,.T.);
#10030 = VERTEX_POINT('',#10031);
#10031 = CARTESIAN_POINT('',(80.879287,-7.887E-02,1.51));
#10032 = CIRCLE('',#10033,0.4953);
#10033 = AXIS2_PLACEMENT_3D('',#10034,#10035,#10036);
#10034 = CARTESIAN_POINT('',(80.879287,0.41643,1.51));
#10035 = DIRECTION('',(-0.,0.,-1.));
#10036 = DIRECTION('',(-0.,-1.,0.));
#10037 = FACE_BOUND('',#10038,.T.);
#10038 = EDGE_LOOP('',(#10039));
#10039 = ORIENTED_EDGE('',*,*,#10040,.T.);
#10040 = EDGE_CURVE('',#10041,#10041,#10043,.T.);
#10041 = VERTEX_POINT('',#10042);
#10042 = CARTESIAN_POINT('',(86.769051,1.065982,1.51));
#10043 = CIRCLE('',#10044,0.4953);
#10044 = AXIS2_PLACEMENT_3D('',#10045,#10046,#10047);
#10045 = CARTESIAN_POINT('',(86.769051,1.561282,1.51));
#10046 = DIRECTION('',(-0.,0.,-1.));
#10047 = DIRECTION('',(-0.,-1.,0.));
#10048 = FACE_BOUND('',#10049,.T.);
#10049 = EDGE_LOOP('',(#10050));
#10050 = ORIENTED_EDGE('',*,*,#10051,.T.);
#10051 = EDGE_CURVE('',#10052,#10052,#10054,.T.);
#10052 = VERTEX_POINT('',#10053);
#10053 = CARTESIAN_POINT('',(66.514628,2.012403,1.51));
#10054 = CIRCLE('',#10055,1.5);
#10055 = AXIS2_PLACEMENT_3D('',#10056,#10057,#10058);
#10056 = CARTESIAN_POINT('',(66.514628,3.512403,1.51));
#10057 = DIRECTION('',(-0.,0.,-1.));
#10058 = DIRECTION('',(-0.,-1.,0.));
#10059 = FACE_BOUND('',#10060,.T.);
#10060 = EDGE_LOOP('',(#10061));
#10061 = ORIENTED_EDGE('',*,*,#10062,.T.);
#10062 = EDGE_CURVE('',#10063,#10063,#10065,.T.);
#10063 = VERTEX_POINT('',#10064);
#10064 = CARTESIAN_POINT('',(77.311031,6.922562,1.51));
#10065 = CIRCLE('',#10066,0.95);
#10066 = AXIS2_PLACEMENT_3D('',#10067,#10068,#10069);
#10067 = CARTESIAN_POINT('',(77.311031,7.872562,1.51));
#10068 = DIRECTION('',(-0.,0.,-1.));
#10069 = DIRECTION('',(-0.,-1.,0.));
#10070 = FACE_BOUND('',#10071,.T.);
#10071 = EDGE_LOOP('',(#10072));
#10072 = ORIENTED_EDGE('',*,*,#10073,.T.);
#10073 = EDGE_CURVE('',#10074,#10074,#10076,.T.);
#10074 = VERTEX_POINT('',#10075);
#10075 = CARTESIAN_POINT('',(82.297697,6.791872,1.51));
#10076 = CIRCLE('',#10077,2.05);
#10077 = AXIS2_PLACEMENT_3D('',#10078,#10079,#10080);
#10078 = CARTESIAN_POINT('',(82.297697,8.841872,1.51));
#10079 = DIRECTION('',(-0.,0.,-1.));
#10080 = DIRECTION('',(-0.,-1.,0.));
#10081 = FACE_BOUND('',#10082,.T.);
#10082 = EDGE_LOOP('',(#10083));
#10083 = ORIENTED_EDGE('',*,*,#10084,.T.);
#10084 = EDGE_CURVE('',#10085,#10085,#10087,.T.);
#10085 = VERTEX_POINT('',#10086);
#10086 = CARTESIAN_POINT('',(100.781381,-2.62821,1.51));
#10087 = CIRCLE('',#10088,0.4953);
#10088 = AXIS2_PLACEMENT_3D('',#10089,#10090,#10091);
#10089 = CARTESIAN_POINT('',(100.781381,-2.13291,1.51));
#10090 = DIRECTION('',(-0.,0.,-1.));
#10091 = DIRECTION('',(-0.,-1.,0.));
#10092 = FACE_BOUND('',#10093,.T.);
#10093 = EDGE_LOOP('',(#10094));
#10094 = ORIENTED_EDGE('',*,*,#10095,.T.);
#10095 = EDGE_CURVE('',#10096,#10096,#10098,.T.);
#10096 = VERTEX_POINT('',#10097);
#10097 = CARTESIAN_POINT('',(106.671145,-1.483358,1.51));
#10098 = CIRCLE('',#10099,0.4953);
#10099 = AXIS2_PLACEMENT_3D('',#10100,#10101,#10102);
#10100 = CARTESIAN_POINT('',(106.671145,-0.988058,1.51));
#10101 = DIRECTION('',(-0.,0.,-1.));
#10102 = DIRECTION('',(-0.,-1.,0.));
#10103 = FACE_BOUND('',#10104,.T.);
#10104 = EDGE_LOOP('',(#10105));
#10105 = ORIENTED_EDGE('',*,*,#10106,.T.);
#10106 = EDGE_CURVE('',#10107,#10107,#10109,.T.);
#10107 = VERTEX_POINT('',#10108);
#10108 = CARTESIAN_POINT('',(119.060248,-2.076546,1.51));
#10109 = CIRCLE('',#10110,1.5);
#10110 = AXIS2_PLACEMENT_3D('',#10111,#10112,#10113);
#10111 = CARTESIAN_POINT('',(119.060248,-0.576546,1.51));
#10112 = DIRECTION('',(-0.,0.,-1.));
#10113 = DIRECTION('',(-0.,-1.,0.));
#10114 = FACE_BOUND('',#10115,.T.);
#10115 = EDGE_LOOP('',(#10116));
#10116 = ORIENTED_EDGE('',*,*,#10117,.T.);
#10117 = EDGE_CURVE('',#10118,#10118,#10120,.T.);
#10118 = VERTEX_POINT('',#10119);
#10119 = CARTESIAN_POINT('',(123.284902,-4.392897,1.51));
#10120 = CIRCLE('',#10121,2.05);
#10121 = AXIS2_PLACEMENT_3D('',#10122,#10123,#10124);
#10122 = CARTESIAN_POINT('',(123.284902,-2.342897,1.51));
#10123 = DIRECTION('',(-0.,0.,-1.));
#10124 = DIRECTION('',(-0.,-1.,0.));
#10125 = FACE_BOUND('',#10126,.T.);
#10126 = EDGE_LOOP('',(#10127));
#10127 = ORIENTED_EDGE('',*,*,#10128,.T.);
#10128 = EDGE_CURVE('',#10129,#10129,#10131,.T.);
#10129 = VERTEX_POINT('',#10130);
#10130 = CARTESIAN_POINT('',(128.271568,-2.323587,1.51));
#10131 = CIRCLE('',#10132,0.95);
#10132 = AXIS2_PLACEMENT_3D('',#10133,#10134,#10135);
#10133 = CARTESIAN_POINT('',(128.271568,-1.373587,1.51));
#10134 = DIRECTION('',(-0.,0.,-1.));
#10135 = DIRECTION('',(-0.,-1.,0.));
#10136 = FACE_BOUND('',#10137,.T.);
#10137 = EDGE_LOOP('',(#10138));
#10138 = ORIENTED_EDGE('',*,*,#10139,.T.);
#10139 = EDGE_CURVE('',#10140,#10140,#10142,.T.);
#10140 = VERTEX_POINT('',#10141);
#10141 = CARTESIAN_POINT('',(97.213125,4.373222,1.51));
#10142 = CIRCLE('',#10143,0.95);
#10143 = AXIS2_PLACEMENT_3D('',#10144,#10145,#10146);
#10144 = CARTESIAN_POINT('',(97.213125,5.323222,1.51));
#10145 = DIRECTION('',(-0.,0.,-1.));
#10146 = DIRECTION('',(1.495879443705E-14,-1.,-0.));
#10147 = FACE_BOUND('',#10148,.T.);
#10148 = EDGE_LOOP('',(#10149));
#10149 = ORIENTED_EDGE('',*,*,#10150,.T.);
#10150 = EDGE_CURVE('',#10151,#10151,#10153,.T.);
#10151 = VERTEX_POINT('',#10152);
#10152 = CARTESIAN_POINT('',(102.199791,4.242532,1.51));
#10153 = CIRCLE('',#10154,2.05);
#10154 = AXIS2_PLACEMENT_3D('',#10155,#10156,#10157);
#10155 = CARTESIAN_POINT('',(102.199791,6.292532,1.51));
#10156 = DIRECTION('',(-0.,0.,-1.));
#10157 = DIRECTION('',(-0.,-1.,0.));
#10158 = FACE_BOUND('',#10159,.T.);
#10159 = EDGE_LOOP('',(#10160));
#10160 = ORIENTED_EDGE('',*,*,#10161,.T.);
#10161 = EDGE_CURVE('',#10162,#10162,#10164,.T.);
#10162 = VERTEX_POINT('',#10163);
#10163 = CARTESIAN_POINT('',(97.975137,6.558883,1.51));
#10164 = CIRCLE('',#10165,1.5);
#10165 = AXIS2_PLACEMENT_3D('',#10166,#10167,#10168);
#10166 = CARTESIAN_POINT('',(97.975137,8.058883,1.51));
#10167 = DIRECTION('',(-0.,0.,-1.));
#10168 = DIRECTION('',(-0.,-1.,0.));
#10169 = FACE_BOUND('',#10170,.T.);
#10170 = EDGE_LOOP('',(#10171));
#10171 = ORIENTED_EDGE('',*,*,#10172,.T.);
#10172 = EDGE_CURVE('',#10173,#10173,#10175,.T.);
#10173 = VERTEX_POINT('',#10174);
#10174 = CARTESIAN_POINT('',(107.186457,6.311842,1.51));
#10175 = CIRCLE('',#10176,0.95);
#10176 = AXIS2_PLACEMENT_3D('',#10177,#10178,#10179);
#10177 = CARTESIAN_POINT('',(107.186457,7.261842,1.51));
#10178 = DIRECTION('',(-0.,0.,-1.));
#10179 = DIRECTION('',(1.495879443705E-14,-1.,-0.));
#10180 = FACE_BOUND('',#10181,.T.);
#10181 = EDGE_LOOP('',(#10182));
#10182 = ORIENTED_EDGE('',*,*,#10183,.T.);
#10183 = EDGE_CURVE('',#10184,#10184,#10186,.T.);
#10184 = VERTEX_POINT('',#10185);
#10185 = CARTESIAN_POINT('',(124.808925,1.628424,1.51));
#10186 = CIRCLE('',#10187,1.5);
#10187 = AXIS2_PLACEMENT_3D('',#10188,#10189,#10190);
#10188 = CARTESIAN_POINT('',(124.808925,3.128424,1.51));
#10189 = DIRECTION('',(-0.,0.,-1.));
#10190 = DIRECTION('',(-0.,-1.,0.));
#10191 = FACE_BOUND('',#10192,.T.);
#10192 = EDGE_LOOP('',(#10193));
#10193 = ORIENTED_EDGE('',*,*,#10194,.T.);
#10194 = EDGE_CURVE('',#10195,#10195,#10197,.T.);
#10195 = VERTEX_POINT('',#10196);
#10196 = CARTESIAN_POINT('',(118.23158,7.436359,1.51));
#10197 = CIRCLE('',#10198,0.4953);
#10198 = AXIS2_PLACEMENT_3D('',#10199,#10200,#10201);
#10199 = CARTESIAN_POINT('',(118.23158,7.931659,1.51));
#10200 = DIRECTION('',(-0.,0.,-1.));
#10201 = DIRECTION('',(-0.,-1.,0.));
#10202 = FACE_BOUND('',#10203,.T.);
#10203 = EDGE_LOOP('',(#10204));
#10204 = ORIENTED_EDGE('',*,*,#10205,.T.);
#10205 = EDGE_CURVE('',#10206,#10206,#10208,.T.);
#10206 = VERTEX_POINT('',#10207);
#10207 = CARTESIAN_POINT('',(124.121344,8.581211,1.51));
#10208 = CIRCLE('',#10209,0.4953);
#10209 = AXIS2_PLACEMENT_3D('',#10210,#10211,#10212);
#10210 = CARTESIAN_POINT('',(124.121344,9.076511,1.51));
#10211 = DIRECTION('',(-0.,0.,-1.));
#10212 = DIRECTION('',(-0.,-1.,0.));
#10213 = FACE_BOUND('',#10214,.T.);
#10214 = EDGE_LOOP('',(#10215));
#10215 = ORIENTED_EDGE('',*,*,#10216,.T.);
#10216 = EDGE_CURVE('',#10217,#10217,#10219,.T.);
#10217 = VERTEX_POINT('',#10218);
#10218 = CARTESIAN_POINT('',(39.060711,10.13315,1.51));
#10219 = CIRCLE('',#10220,1.5);
#10220 = AXIS2_PLACEMENT_3D('',#10221,#10222,#10223);
#10221 = CARTESIAN_POINT('',(39.060711,11.63315,1.51));
#10222 = DIRECTION('',(-0.,0.,-1.));
#10223 = DIRECTION('',(-0.,-1.,0.));
#10224 = FACE_BOUND('',#10225,.T.);
#10225 = EDGE_LOOP('',(#10226));
#10226 = ORIENTED_EDGE('',*,*,#10227,.T.);
#10227 = EDGE_CURVE('',#10228,#10228,#10230,.T.);
#10228 = VERTEX_POINT('',#10229);
#10229 = CARTESIAN_POINT('',(43.285365,7.816799,1.51));
#10230 = CIRCLE('',#10231,2.05);
#10231 = AXIS2_PLACEMENT_3D('',#10232,#10233,#10234);
#10232 = CARTESIAN_POINT('',(43.285365,9.866799,1.51));
#10233 = DIRECTION('',(-0.,0.,-1.));
#10234 = DIRECTION('',(-0.,-1.,0.));
#10235 = FACE_BOUND('',#10236,.T.);
#10236 = EDGE_LOOP('',(#10237));
#10237 = ORIENTED_EDGE('',*,*,#10238,.T.);
#10238 = EDGE_CURVE('',#10239,#10239,#10241,.T.);
#10239 = VERTEX_POINT('',#10240);
#10240 = CARTESIAN_POINT('',(48.272031,9.886109,1.51));
#10241 = CIRCLE('',#10242,0.95);
#10242 = AXIS2_PLACEMENT_3D('',#10243,#10244,#10245);
#10243 = CARTESIAN_POINT('',(48.272031,10.836109,1.51));
#10244 = DIRECTION('',(-0.,0.,-1.));
#10245 = DIRECTION('',(-0.,-1.,0.));
#10246 = FACE_BOUND('',#10247,.T.);
#10247 = EDGE_LOOP('',(#10248));
#10248 = ORIENTED_EDGE('',*,*,#10249,.T.);
#10249 = EDGE_CURVE('',#10250,#10250,#10252,.T.);
#10250 = VERTEX_POINT('',#10251);
#10251 = CARTESIAN_POINT('',(44.809388,13.83812,1.51));
#10252 = CIRCLE('',#10253,1.5);
#10253 = AXIS2_PLACEMENT_3D('',#10254,#10255,#10256);
#10254 = CARTESIAN_POINT('',(44.809388,15.33812,1.51));
#10255 = DIRECTION('',(-0.,0.,-1.));
#10256 = DIRECTION('',(-0.,-1.,0.));
#10257 = FACE_BOUND('',#10258,.T.);
#10258 = EDGE_LOOP('',(#10259));
#10259 = ORIENTED_EDGE('',*,*,#10260,.T.);
#10260 = EDGE_CURVE('',#10261,#10261,#10263,.T.);
#10261 = VERTEX_POINT('',#10262);
#10262 = CARTESIAN_POINT('',(56.369027,14.82177,1.51));
#10263 = CIRCLE('',#10264,0.95);
#10264 = AXIS2_PLACEMENT_3D('',#10265,#10266,#10267);
#10265 = CARTESIAN_POINT('',(56.369027,15.77177,1.51));
#10266 = DIRECTION('',(-0.,0.,-1.));
#10267 = DIRECTION('',(-0.,-1.,0.));
#10268 = FACE_BOUND('',#10269,.T.);
#10269 = EDGE_LOOP('',(#10270));
#10270 = ORIENTED_EDGE('',*,*,#10271,.T.);
#10271 = EDGE_CURVE('',#10272,#10272,#10274,.T.);
#10272 = VERTEX_POINT('',#10273);
#10273 = CARTESIAN_POINT('',(61.355693,14.69108,1.51));
#10274 = CIRCLE('',#10275,2.05);
#10275 = AXIS2_PLACEMENT_3D('',#10276,#10277,#10278);
#10276 = CARTESIAN_POINT('',(61.355693,16.74108,1.51));
#10277 = DIRECTION('',(-0.,0.,-1.));
#10278 = DIRECTION('',(-0.,-1.,0.));
#10279 = FACE_BOUND('',#10280,.T.);
#10280 = EDGE_LOOP('',(#10281));
#10281 = ORIENTED_EDGE('',*,*,#10282,.T.);
#10282 = EDGE_CURVE('',#10283,#10283,#10285,.T.);
#10283 = VERTEX_POINT('',#10284);
#10284 = CARTESIAN_POINT('',(57.131039,17.007431,1.51));
#10285 = CIRCLE('',#10286,1.5);
#10286 = AXIS2_PLACEMENT_3D('',#10287,#10288,#10289);
#10287 = CARTESIAN_POINT('',(57.131039,18.507431,1.51));
#10288 = DIRECTION('',(-0.,0.,-1.));
#10289 = DIRECTION('',(-0.,-1.,0.));
#10290 = FACE_BOUND('',#10291,.T.);
#10291 = EDGE_LOOP('',(#10292));
#10292 = ORIENTED_EDGE('',*,*,#10293,.T.);
#10293 = EDGE_CURVE('',#10294,#10294,#10296,.T.);
#10294 = VERTEX_POINT('',#10295);
#10295 = CARTESIAN_POINT('',(62.879716,20.712401,1.51));
#10296 = CIRCLE('',#10297,1.5);
#10297 = AXIS2_PLACEMENT_3D('',#10298,#10299,#10300);
#10298 = CARTESIAN_POINT('',(62.879716,22.212401,1.51));
#10299 = DIRECTION('',(-0.,0.,-1.));
#10300 = DIRECTION('',(-0.,-1.,0.));
#10301 = FACE_BOUND('',#10302,.T.);
#10302 = EDGE_LOOP('',(#10303));
#10303 = ORIENTED_EDGE('',*,*,#10304,.T.);
#10304 = EDGE_CURVE('',#10305,#10305,#10307,.T.);
#10305 = VERTEX_POINT('',#10306);
#10306 = CARTESIAN_POINT('',(65.827047,8.96519,1.51));
#10307 = CIRCLE('',#10308,0.4953);
#10308 = AXIS2_PLACEMENT_3D('',#10309,#10310,#10311);
#10309 = CARTESIAN_POINT('',(65.827047,9.46049,1.51));
#10310 = DIRECTION('',(-0.,0.,-1.));
#10311 = DIRECTION('',(-0.,-1.,0.));
#10312 = FACE_BOUND('',#10313,.T.);
#10313 = EDGE_LOOP('',(#10314));
#10314 = ORIENTED_EDGE('',*,*,#10315,.T.);
#10315 = EDGE_CURVE('',#10316,#10316,#10318,.T.);
#10316 = VERTEX_POINT('',#10317);
#10317 = CARTESIAN_POINT('',(78.073043,9.108223,1.51));
#10318 = CIRCLE('',#10319,1.5);
#10319 = AXIS2_PLACEMENT_3D('',#10320,#10321,#10322);
#10320 = CARTESIAN_POINT('',(78.073043,10.608223,1.51));
#10321 = DIRECTION('',(-0.,0.,-1.));
#10322 = DIRECTION('',(-0.,-1.,0.));
#10323 = FACE_BOUND('',#10324,.T.);
#10324 = EDGE_LOOP('',(#10325));
#10325 = ORIENTED_EDGE('',*,*,#10326,.T.);
#10326 = EDGE_CURVE('',#10327,#10327,#10329,.T.);
#10327 = VERTEX_POINT('',#10328);
#10328 = CARTESIAN_POINT('',(87.284363,8.861182,1.51));
#10329 = CIRCLE('',#10330,0.95);
#10330 = AXIS2_PLACEMENT_3D('',#10331,#10332,#10333);
#10331 = CARTESIAN_POINT('',(87.284363,9.811182,1.51));
#10332 = DIRECTION('',(-0.,0.,-1.));
#10333 = DIRECTION('',(-0.,-1.,0.));
#10334 = FACE_BOUND('',#10335,.T.);
#10335 = EDGE_LOOP('',(#10336));
#10336 = ORIENTED_EDGE('',*,*,#10337,.T.);
#10337 = EDGE_CURVE('',#10338,#10338,#10340,.T.);
#10338 = VERTEX_POINT('',#10339);
#10339 = CARTESIAN_POINT('',(83.82172,12.813193,1.51));
#10340 = CIRCLE('',#10341,1.5);
#10341 = AXIS2_PLACEMENT_3D('',#10342,#10343,#10344);
#10342 = CARTESIAN_POINT('',(83.82172,14.313193,1.51));
#10343 = DIRECTION('',(-0.,0.,-1.));
#10344 = DIRECTION('',(-0.,-1.,0.));
#10345 = FACE_BOUND('',#10346,.T.);
#10346 = EDGE_LOOP('',(#10347));
#10347 = ORIENTED_EDGE('',*,*,#10348,.T.);
#10348 = EDGE_CURVE('',#10349,#10349,#10351,.T.);
#10349 = VERTEX_POINT('',#10350);
#10350 = CARTESIAN_POINT('',(66.342359,16.76039,1.51));
#10351 = CIRCLE('',#10352,0.95);
#10352 = AXIS2_PLACEMENT_3D('',#10353,#10354,#10355);
#10353 = CARTESIAN_POINT('',(66.342359,17.71039,1.51));
#10354 = DIRECTION('',(-0.,0.,-1.));
#10355 = DIRECTION('',(-0.,-1.,0.));
#10356 = FACE_BOUND('',#10357,.T.);
#10357 = EDGE_LOOP('',(#10358));
#10358 = ORIENTED_EDGE('',*,*,#10359,.T.);
#10359 = EDGE_CURVE('',#10360,#10360,#10362,.T.);
#10360 = VERTEX_POINT('',#10361);
#10361 = CARTESIAN_POINT('',(77.244375,18.621127,1.51));
#10362 = CIRCLE('',#10363,0.4953);
#10363 = AXIS2_PLACEMENT_3D('',#10364,#10365,#10366);
#10364 = CARTESIAN_POINT('',(77.244375,19.116427,1.51));
#10365 = DIRECTION('',(-0.,0.,-1.));
#10366 = DIRECTION('',(-0.,-1.,0.));
#10367 = FACE_BOUND('',#10368,.T.);
#10368 = EDGE_LOOP('',(#10369));
#10369 = ORIENTED_EDGE('',*,*,#10370,.T.);
#10370 = EDGE_CURVE('',#10371,#10371,#10373,.T.);
#10371 = VERTEX_POINT('',#10372);
#10372 = CARTESIAN_POINT('',(83.134139,19.765979,1.51));
#10373 = CIRCLE('',#10374,0.4953);
#10374 = AXIS2_PLACEMENT_3D('',#10375,#10376,#10377);
#10375 = CARTESIAN_POINT('',(83.134139,20.261279,1.51));
#10376 = DIRECTION('',(-0.,0.,-1.));
#10377 = DIRECTION('',(-0.,-1.,0.));
#10378 = FACE_BOUND('',#10379,.T.);
#10379 = EDGE_LOOP('',(#10380));
#10380 = ORIENTED_EDGE('',*,*,#10381,.T.);
#10381 = EDGE_CURVE('',#10382,#10382,#10384,.T.);
#10382 = VERTEX_POINT('',#10383);
#10383 = CARTESIAN_POINT('',(103.723814,10.263853,1.51));
#10384 = CIRCLE('',#10385,1.5);
#10385 = AXIS2_PLACEMENT_3D('',#10386,#10387,#10388);
#10386 = CARTESIAN_POINT('',(103.723814,11.763853,1.51));
#10387 = DIRECTION('',(-0.,0.,-1.));
#10388 = DIRECTION('',(-0.,-1.,0.));
#10389 = FACE_BOUND('',#10390,.T.);
#10390 = EDGE_LOOP('',(#10391));
#10391 = ORIENTED_EDGE('',*,*,#10392,.T.);
#10392 = EDGE_CURVE('',#10393,#10393,#10395,.T.);
#10393 = VERTEX_POINT('',#10394);
#10394 = CARTESIAN_POINT('',(114.663324,14.437791,1.51));
#10395 = CIRCLE('',#10396,0.95);
#10396 = AXIS2_PLACEMENT_3D('',#10397,#10398,#10399);
#10397 = CARTESIAN_POINT('',(114.663324,15.387791,1.51));
#10398 = DIRECTION('',(-0.,0.,-1.));
#10399 = DIRECTION('',(-0.,-1.,0.));
#10400 = FACE_BOUND('',#10401,.T.);
#10401 = EDGE_LOOP('',(#10402));
#10402 = ORIENTED_EDGE('',*,*,#10403,.T.);
#10403 = EDGE_CURVE('',#10404,#10404,#10406,.T.);
#10404 = VERTEX_POINT('',#10405);
#10405 = CARTESIAN_POINT('',(97.14647,16.071788,1.51));
#10406 = CIRCLE('',#10407,0.4953);
#10407 = AXIS2_PLACEMENT_3D('',#10408,#10409,#10410);
#10408 = CARTESIAN_POINT('',(97.14647,16.567088,1.51));
#10409 = DIRECTION('',(-0.,0.,-1.));
#10410 = DIRECTION('',(-0.,-1.,0.));
#10411 = FACE_BOUND('',#10412,.T.);
#10412 = EDGE_LOOP('',(#10413));
#10413 = ORIENTED_EDGE('',*,*,#10414,.T.);
#10414 = EDGE_CURVE('',#10415,#10415,#10417,.T.);
#10415 = VERTEX_POINT('',#10416);
#10416 = CARTESIAN_POINT('',(103.036234,17.21664,1.51));
#10417 = CIRCLE('',#10418,0.4953);
#10418 = AXIS2_PLACEMENT_3D('',#10419,#10420,#10421);
#10419 = CARTESIAN_POINT('',(103.036234,17.71194,1.51));
#10420 = DIRECTION('',(-0.,0.,-1.));
#10421 = DIRECTION('',(-0.,-1.,0.));
#10422 = FACE_BOUND('',#10423,.T.);
#10423 = EDGE_LOOP('',(#10424));
#10424 = ORIENTED_EDGE('',*,*,#10425,.T.);
#10425 = EDGE_CURVE('',#10426,#10426,#10428,.T.);
#10426 = VERTEX_POINT('',#10427);
#10427 = CARTESIAN_POINT('',(119.64999,14.307101,1.51));
#10428 = CIRCLE('',#10429,2.05);
#10429 = AXIS2_PLACEMENT_3D('',#10430,#10431,#10432);
#10430 = CARTESIAN_POINT('',(119.64999,16.357101,1.51));
#10431 = DIRECTION('',(-0.,0.,-1.));
#10432 = DIRECTION('',(-0.,-1.,0.));
#10433 = FACE_BOUND('',#10434,.T.);
#10434 = EDGE_LOOP('',(#10435));
#10435 = ORIENTED_EDGE('',*,*,#10436,.T.);
#10436 = EDGE_CURVE('',#10437,#10437,#10439,.T.);
#10437 = VERTEX_POINT('',#10438);
#10438 = CARTESIAN_POINT('',(115.425336,16.623452,1.51));
#10439 = CIRCLE('',#10440,1.5);
#10440 = AXIS2_PLACEMENT_3D('',#10441,#10442,#10443);
#10441 = CARTESIAN_POINT('',(115.425336,18.123452,1.51));
#10442 = DIRECTION('',(-0.,0.,-1.));
#10443 = DIRECTION('',(-0.,-1.,0.));
#10444 = FACE_BOUND('',#10445,.T.);
#10445 = EDGE_LOOP('',(#10446));
#10446 = ORIENTED_EDGE('',*,*,#10447,.T.);
#10447 = EDGE_CURVE('',#10448,#10448,#10450,.T.);
#10448 = VERTEX_POINT('',#10449);
#10449 = CARTESIAN_POINT('',(124.636656,16.376411,1.51));
#10450 = CIRCLE('',#10451,0.95);
#10451 = AXIS2_PLACEMENT_3D('',#10452,#10453,#10454);
#10452 = CARTESIAN_POINT('',(124.636656,17.326411,1.51));
#10453 = DIRECTION('',(-0.,0.,-1.));
#10454 = DIRECTION('',(-0.,-1.,0.));
#10455 = FACE_BOUND('',#10456,.T.);
#10456 = EDGE_LOOP('',(#10457));
#10457 = ORIENTED_EDGE('',*,*,#10458,.T.);
#10458 = EDGE_CURVE('',#10459,#10459,#10461,.T.);
#10459 = VERTEX_POINT('',#10460);
#10460 = CARTESIAN_POINT('',(121.174013,20.328422,1.51));
#10461 = CIRCLE('',#10462,1.5);
#10462 = AXIS2_PLACEMENT_3D('',#10463,#10464,#10465);
#10463 = CARTESIAN_POINT('',(121.174013,21.828422,1.51));
#10464 = DIRECTION('',(-0.,0.,-1.));
#10465 = DIRECTION('',(-0.,-1.,0.));
#10466 = FACE_BOUND('',#10467,.T.);
#10467 = EDGE_LOOP('',(#10468));
#10468 = ORIENTED_EDGE('',*,*,#10469,.T.);
#10469 = EDGE_CURVE('',#10470,#10470,#10472,.T.);
#10470 = VERTEX_POINT('',#10471);
#10471 = CARTESIAN_POINT('',(73.676119,25.622559,1.51));
#10472 = CIRCLE('',#10473,0.95);
#10473 = AXIS2_PLACEMENT_3D('',#10474,#10475,#10476);
#10474 = CARTESIAN_POINT('',(73.676119,26.572559,1.51));
#10475 = DIRECTION('',(-0.,0.,-1.));
#10476 = DIRECTION('',(-0.,-1.,0.));
#10477 = FACE_BOUND('',#10478,.T.);
#10478 = EDGE_LOOP('',(#10479));
#10479 = ORIENTED_EDGE('',*,*,#10480,.T.);
#10480 = EDGE_CURVE('',#10481,#10481,#10483,.T.);
#10481 = VERTEX_POINT('',#10482);
#10482 = CARTESIAN_POINT('',(78.662785,25.491869,1.51));
#10483 = CIRCLE('',#10484,2.05);
#10484 = AXIS2_PLACEMENT_3D('',#10485,#10486,#10487);
#10485 = CARTESIAN_POINT('',(78.662785,27.541869,1.51));
#10486 = DIRECTION('',(-0.,0.,-1.));
#10487 = DIRECTION('',(-0.,-1.,0.));
#10488 = FACE_BOUND('',#10489,.T.);
#10489 = EDGE_LOOP('',(#10490));
#10490 = ORIENTED_EDGE('',*,*,#10491,.T.);
#10491 = EDGE_CURVE('',#10492,#10492,#10494,.T.);
#10492 = VERTEX_POINT('',#10493);
#10493 = CARTESIAN_POINT('',(93.578214,23.07322,1.51));
#10494 = CIRCLE('',#10495,0.95);
#10495 = AXIS2_PLACEMENT_3D('',#10496,#10497,#10498);
#10496 = CARTESIAN_POINT('',(93.578214,24.02322,1.51));
#10497 = DIRECTION('',(-0.,0.,-1.));
#10498 = DIRECTION('',(-0.,-1.,0.));
#10499 = FACE_BOUND('',#10500,.T.);
#10500 = EDGE_LOOP('',(#10501));
#10501 = ORIENTED_EDGE('',*,*,#10502,.T.);
#10502 = EDGE_CURVE('',#10503,#10503,#10505,.T.);
#10503 = VERTEX_POINT('',#10504);
#10504 = CARTESIAN_POINT('',(94.340226,25.258881,1.51));
#10505 = CIRCLE('',#10506,1.5);
#10506 = AXIS2_PLACEMENT_3D('',#10507,#10508,#10509);
#10507 = CARTESIAN_POINT('',(94.340226,26.758881,1.51));
#10508 = DIRECTION('',(-0.,0.,-1.));
#10509 = DIRECTION('',(-0.,-1.,0.));
#10510 = FACE_BOUND('',#10511,.T.);
#10511 = EDGE_LOOP('',(#10512));
#10512 = ORIENTED_EDGE('',*,*,#10513,.T.);
#10513 = EDGE_CURVE('',#10514,#10514,#10516,.T.);
#10514 = VERTEX_POINT('',#10515);
#10515 = CARTESIAN_POINT('',(74.438131,27.80822,1.51));
#10516 = CIRCLE('',#10517,1.5);
#10517 = AXIS2_PLACEMENT_3D('',#10518,#10519,#10520);
#10518 = CARTESIAN_POINT('',(74.438131,29.30822,1.51));
#10519 = DIRECTION('',(-0.,0.,-1.));
#10520 = DIRECTION('',(-0.,-1.,0.));
#10521 = FACE_BOUND('',#10522,.T.);
#10522 = EDGE_LOOP('',(#10523));
#10523 = ORIENTED_EDGE('',*,*,#10524,.T.);
#10524 = EDGE_CURVE('',#10525,#10525,#10527,.T.);
#10525 = VERTEX_POINT('',#10526);
#10526 = CARTESIAN_POINT('',(80.186808,31.51319,1.51));
#10527 = CIRCLE('',#10528,1.5);
#10528 = AXIS2_PLACEMENT_3D('',#10529,#10530,#10531);
#10529 = CARTESIAN_POINT('',(80.186808,33.01319,1.51));
#10530 = DIRECTION('',(-0.,0.,-1.));
#10531 = DIRECTION('',(-0.,-1.,0.));
#10532 = FACE_BOUND('',#10533,.T.);
#10533 = EDGE_LOOP('',(#10534));
#10534 = ORIENTED_EDGE('',*,*,#10535,.T.);
#10535 = EDGE_CURVE('',#10536,#10536,#10538,.T.);
#10536 = VERTEX_POINT('',#10537);
#10537 = CARTESIAN_POINT('',(83.649451,27.561179,1.51));
#10538 = CIRCLE('',#10539,0.95);
#10539 = AXIS2_PLACEMENT_3D('',#10540,#10541,#10542);
#10540 = CARTESIAN_POINT('',(83.649451,28.511179,1.51));
#10541 = DIRECTION('',(-0.,0.,-1.));
#10542 = DIRECTION('',(-0.,-1.,0.));
#10543 = FACE_BOUND('',#10544,.T.);
#10544 = EDGE_LOOP('',(#10545));
#10545 = ORIENTED_EDGE('',*,*,#10546,.T.);
#10546 = EDGE_CURVE('',#10547,#10547,#10549,.T.);
#10547 = VERTEX_POINT('',#10548);
#10548 = CARTESIAN_POINT('',(98.56488,22.94253,1.51));
#10549 = CIRCLE('',#10550,2.05);
#10550 = AXIS2_PLACEMENT_3D('',#10551,#10552,#10553);
#10551 = CARTESIAN_POINT('',(98.56488,24.99253,1.51));
#10552 = DIRECTION('',(-0.,0.,-1.));
#10553 = DIRECTION('',(-0.,-1.,0.));
#10554 = FACE_BOUND('',#10555,.T.);
#10555 = EDGE_LOOP('',(#10556));
#10556 = ORIENTED_EDGE('',*,*,#10557,.T.);
#10557 = EDGE_CURVE('',#10558,#10558,#10560,.T.);
#10558 = VERTEX_POINT('',#10559);
#10559 = CARTESIAN_POINT('',(103.551546,25.01184,1.51));
#10560 = CIRCLE('',#10561,0.95);
#10561 = AXIS2_PLACEMENT_3D('',#10562,#10563,#10564);
#10562 = CARTESIAN_POINT('',(103.551546,25.96184,1.51));
#10563 = DIRECTION('',(-0.,0.,-1.));
#10564 = DIRECTION('',(-0.,-1.,0.));
#10565 = FACE_BOUND('',#10566,.T.);
#10566 = EDGE_LOOP('',(#10567));
#10567 = ORIENTED_EDGE('',*,*,#10568,.T.);
#10568 = EDGE_CURVE('',#10569,#10569,#10571,.T.);
#10569 = VERTEX_POINT('',#10570);
#10570 = CARTESIAN_POINT('',(100.088903,28.963851,1.51));
#10571 = CIRCLE('',#10572,1.5);
#10572 = AXIS2_PLACEMENT_3D('',#10573,#10574,#10575);
#10573 = CARTESIAN_POINT('',(100.088903,30.463851,1.51));
#10574 = DIRECTION('',(-0.,0.,-1.));
#10575 = DIRECTION('',(-0.,-1.,0.));
#10576 = PLANE('',#10577);
#10577 = AXIS2_PLACEMENT_3D('',#10578,#10579,#10580);
#10578 = CARTESIAN_POINT('',(0.,0.,1.51));
#10579 = DIRECTION('',(0.,0.,1.));
#10580 = DIRECTION('',(1.,0.,-0.));
#10581 = ADVANCED_FACE('',(#10582),#10593,.T.);
#10582 = FACE_BOUND('',#10583,.T.);
#10583 = EDGE_LOOP('',(#10584,#10590,#10591,#10592));
#10584 = ORIENTED_EDGE('',*,*,#10585,.T.);
#10585 = EDGE_CURVE('',#146,#5367,#10586,.T.);
#10586 = LINE('',#10587,#10588);
#10587 = CARTESIAN_POINT('',(-87.015807,34.488327,0.));
#10588 = VECTOR('',#10589,1.);
#10589 = DIRECTION('',(0.,0.,1.));
#10590 = ORIENTED_EDGE('',*,*,#5366,.T.);
#10591 = ORIENTED_EDGE('',*,*,#81,.F.);
#10592 = ORIENTED_EDGE('',*,*,#145,.F.);
#10593 = PLANE('',#10594);
#10594 = AXIS2_PLACEMENT_3D('',#10595,#10596,#10597);
#10595 = CARTESIAN_POINT('',(-87.015807,34.488327,0.));
#10596 = DIRECTION('',(-0.981627231325,0.190808749068,0.));
#10597 = DIRECTION('',(0.190808749068,0.981627231325,0.));
#10598 = ADVANCED_FACE('',(#10599),#10610,.T.);
#10599 = FACE_BOUND('',#10600,.T.);
#10600 = EDGE_LOOP('',(#10601,#10602,#10603,#10609));
#10601 = ORIENTED_EDGE('',*,*,#121,.T.);
#10602 = ORIENTED_EDGE('',*,*,#7919,.T.);
#10603 = ORIENTED_EDGE('',*,*,#10604,.F.);
#10604 = EDGE_CURVE('',#2690,#7911,#10605,.T.);
#10605 = LINE('',#10606,#10607);
#10606 = CARTESIAN_POINT('',(-69.458585,35.456031,0.));
#10607 = VECTOR('',#10608,1.);
#10608 = DIRECTION('',(0.,0.,1.));
#10609 = ORIENTED_EDGE('',*,*,#2698,.F.);
#10610 = PLANE('',#10611);
#10611 = AXIS2_PLACEMENT_3D('',#10612,#10613,#10614);
#10612 = CARTESIAN_POINT('',(-76.84533,36.891868,0.));
#10613 = DIRECTION('',(0.190808895929,0.981627202778,-0.));
#10614 = DIRECTION('',(0.981627202778,-0.190808895929,0.));
#10615 = ADVANCED_FACE('',(#10616),#10627,.F.);
#10616 = FACE_BOUND('',#10617,.T.);
#10617 = EDGE_LOOP('',(#10618,#10624,#10625,#10626));
#10618 = ORIENTED_EDGE('',*,*,#10619,.T.);
#10619 = EDGE_CURVE('',#154,#5375,#10620,.T.);
#10620 = LINE('',#10621,#10622);
#10621 = CARTESIAN_POINT('',(-89.36068,32.906691,0.));
#10622 = VECTOR('',#10623,1.);
#10623 = DIRECTION('',(0.,0.,1.));
#10624 = ORIENTED_EDGE('',*,*,#5374,.T.);
#10625 = ORIENTED_EDGE('',*,*,#10585,.F.);
#10626 = ORIENTED_EDGE('',*,*,#153,.F.);
#10627 = CYLINDRICAL_SURFACE('',#10628,2.000000481925);
#10628 = AXIS2_PLACEMENT_3D('',#10629,#10630,#10631);
#10629 = CARTESIAN_POINT('',(-88.97906170094,34.869945797913,0.));
#10630 = DIRECTION('',(-0.,-0.,-1.));
#10631 = DIRECTION('',(-0.19080910355,-0.981627162421,0.));
#10632 = ADVANCED_FACE('',(#10633),#10644,.T.);
#10633 = FACE_BOUND('',#10634,.T.);
#10634 = EDGE_LOOP('',(#10635,#10636,#10637,#10643));
#10635 = ORIENTED_EDGE('',*,*,#10604,.T.);
#10636 = ORIENTED_EDGE('',*,*,#7910,.T.);
#10637 = ORIENTED_EDGE('',*,*,#10638,.F.);
#10638 = EDGE_CURVE('',#2682,#7903,#10639,.T.);
#10639 = LINE('',#10640,#10641);
#10640 = CARTESIAN_POINT('',(-67.876949,33.111158,0.));
#10641 = VECTOR('',#10642,1.);
#10642 = DIRECTION('',(0.,0.,1.));
#10643 = ORIENTED_EDGE('',*,*,#2689,.F.);
#10644 = CYLINDRICAL_SURFACE('',#10645,2.000000481925);
#10645 = AXIS2_PLACEMENT_3D('',#10646,#10647,#10648);
#10646 = CARTESIAN_POINT('',(-69.84020379791,33.492776299055,0.));
#10647 = DIRECTION('',(0.,0.,-1.));
#10648 = DIRECTION('',(0.190809352978,0.981627113937,0.));
#10649 = ADVANCED_FACE('',(#10650),#10661,.T.);
#10650 = FACE_BOUND('',#10651,.T.);
#10651 = EDGE_LOOP('',(#10652,#10658,#10659,#10660));
#10652 = ORIENTED_EDGE('',*,*,#10653,.T.);
#10653 = EDGE_CURVE('',#163,#5384,#10654,.T.);
#10654 = LINE('',#10655,#10656);
#10655 = CARTESIAN_POINT('',(-96.747424,34.342528,0.));
#10656 = VECTOR('',#10657,1.);
#10657 = DIRECTION('',(0.,0.,1.));
#10658 = ORIENTED_EDGE('',*,*,#5383,.T.);
#10659 = ORIENTED_EDGE('',*,*,#10619,.F.);
#10660 = ORIENTED_EDGE('',*,*,#162,.F.);
#10661 = PLANE('',#10662);
#10662 = AXIS2_PLACEMENT_3D('',#10663,#10664,#10665);
#10663 = CARTESIAN_POINT('',(-96.747424,34.342528,0.));
#10664 = DIRECTION('',(0.190808920819,0.98162719794,-0.));
#10665 = DIRECTION('',(0.98162719794,-0.190808920819,0.));
#10666 = ADVANCED_FACE('',(#10667),#10678,.T.);
#10667 = FACE_BOUND('',#10668,.T.);
#10668 = EDGE_LOOP('',(#10669,#10670,#10671,#10677));
#10669 = ORIENTED_EDGE('',*,*,#10638,.T.);
#10670 = ORIENTED_EDGE('',*,*,#7902,.T.);
#10671 = ORIENTED_EDGE('',*,*,#10672,.F.);
#10672 = EDGE_CURVE('',#2674,#7895,#10673,.T.);
#10673 = LINE('',#10674,#10675);
#10674 = CARTESIAN_POINT('',(-68.191784,31.491473,0.));
#10675 = VECTOR('',#10676,1.);
#10676 = DIRECTION('',(0.,0.,1.));
#10677 = ORIENTED_EDGE('',*,*,#2681,.F.);
#10678 = PLANE('',#10679);
#10679 = AXIS2_PLACEMENT_3D('',#10680,#10681,#10682);
#10680 = CARTESIAN_POINT('',(-67.876949,33.111158,0.));
#10681 = DIRECTION('',(0.981627168805,-0.190809070709,0.));
#10682 = DIRECTION('',(-0.190809070709,-0.981627168805,0.));
#10683 = ADVANCED_FACE('',(#10684),#10695,.T.);
#10684 = FACE_BOUND('',#10685,.T.);
#10685 = EDGE_LOOP('',(#10686,#10692,#10693,#10694));
#10686 = ORIENTED_EDGE('',*,*,#10687,.T.);
#10687 = EDGE_CURVE('',#171,#5392,#10688,.T.);
#10688 = LINE('',#10689,#10690);
#10689 = CARTESIAN_POINT('',(-104.134169,35.778366,0.));
#10690 = VECTOR('',#10691,1.);
#10691 = DIRECTION('',(0.,0.,1.));
#10692 = ORIENTED_EDGE('',*,*,#5391,.T.);
#10693 = ORIENTED_EDGE('',*,*,#10653,.F.);
#10694 = ORIENTED_EDGE('',*,*,#170,.F.);
#10695 = PLANE('',#10696);
#10696 = AXIS2_PLACEMENT_3D('',#10697,#10698,#10699);
#10697 = CARTESIAN_POINT('',(-104.134169,35.778366,0.));
#10698 = DIRECTION('',(0.190809023981,0.981627177888,-0.));
#10699 = DIRECTION('',(0.981627177888,-0.190809023981,0.));
#10700 = ADVANCED_FACE('',(#10701),#10712,.T.);
#10701 = FACE_BOUND('',#10702,.T.);
#10702 = EDGE_LOOP('',(#10703,#10704,#10705,#10711));
#10703 = ORIENTED_EDGE('',*,*,#10672,.T.);
#10704 = ORIENTED_EDGE('',*,*,#7894,.T.);
#10705 = ORIENTED_EDGE('',*,*,#10706,.F.);
#10706 = EDGE_CURVE('',#2665,#7886,#10707,.T.);
#10707 = LINE('',#10708,#10709);
#10708 = CARTESIAN_POINT('',(-68.506619,29.871789,0.));
#10709 = VECTOR('',#10710,1.);
#10710 = DIRECTION('',(0.,0.,1.));
#10711 = ORIENTED_EDGE('',*,*,#2673,.F.);
#10712 = PLANE('',#10713);
#10713 = AXIS2_PLACEMENT_3D('',#10714,#10715,#10716);
#10714 = CARTESIAN_POINT('',(-68.191784,31.491473,0.));
#10715 = DIRECTION('',(0.981627146739,-0.190809184226,0.));
#10716 = DIRECTION('',(-0.190809184226,-0.981627146739,0.));
#10717 = ADVANCED_FACE('',(#10718),#10729,.T.);
#10718 = FACE_BOUND('',#10719,.T.);
#10719 = EDGE_LOOP('',(#10720,#10726,#10727,#10728));
#10720 = ORIENTED_EDGE('',*,*,#10721,.T.);
#10721 = EDGE_CURVE('',#179,#5400,#10722,.T.);
#10722 = LINE('',#10723,#10724);
#10723 = CARTESIAN_POINT('',(-106.479041,34.19673,0.));
#10724 = VECTOR('',#10725,1.);
#10725 = DIRECTION('',(0.,0.,1.));
#10726 = ORIENTED_EDGE('',*,*,#5399,.T.);
#10727 = ORIENTED_EDGE('',*,*,#10687,.F.);
#10728 = ORIENTED_EDGE('',*,*,#178,.F.);
#10729 = CYLINDRICAL_SURFACE('',#10730,1.999998806183);
#10730 = AXIS2_PLACEMENT_3D('',#10731,#10732,#10733);
#10731 = CARTESIAN_POINT('',(-104.5157876606,33.815112979485,0.));
#10732 = DIRECTION('',(0.,0.,-1.));
#10733 = DIRECTION('',(-0.981627255606,0.190808624153,0.));
#10734 = ADVANCED_FACE('',(#10735),#10746,.F.);
#10735 = FACE_BOUND('',#10736,.T.);
#10736 = EDGE_LOOP('',(#10737,#10738,#10739,#10745));
#10737 = ORIENTED_EDGE('',*,*,#10706,.T.);
#10738 = ORIENTED_EDGE('',*,*,#7885,.T.);
#10739 = ORIENTED_EDGE('',*,*,#10740,.F.);
#10740 = EDGE_CURVE('',#2657,#7878,#10741,.T.);
#10741 = LINE('',#10742,#10743);
#10742 = CARTESIAN_POINT('',(-66.924982,27.526916,0.));
#10743 = VECTOR('',#10744,1.);
#10744 = DIRECTION('',(0.,0.,1.));
#10745 = ORIENTED_EDGE('',*,*,#2664,.F.);
#10746 = CYLINDRICAL_SURFACE('',#10747,2.00000215767);
#10747 = AXIS2_PLACEMENT_3D('',#10748,#10749,#10750);
#10748 = CARTESIAN_POINT('',(-66.54336220097,29.490172213457,0.));
#10749 = DIRECTION('',(-0.,-0.,-1.));
#10750 = DIRECTION('',(-0.981627340498,0.190808187421,0.));
#10751 = ADVANCED_FACE('',(#10752),#10763,.T.);
#10752 = FACE_BOUND('',#10753,.T.);
#10753 = EDGE_LOOP('',(#10754,#10760,#10761,#10762));
#10754 = ORIENTED_EDGE('',*,*,#10755,.T.);
#10755 = EDGE_CURVE('',#188,#5409,#10756,.T.);
#10756 = LINE('',#10757,#10758);
#10757 = CARTESIAN_POINT('',(-107.289979,30.024814,0.));
#10758 = VECTOR('',#10759,1.);
#10759 = DIRECTION('',(0.,0.,1.));
#10760 = ORIENTED_EDGE('',*,*,#5408,.T.);
#10761 = ORIENTED_EDGE('',*,*,#10721,.F.);
#10762 = ORIENTED_EDGE('',*,*,#187,.F.);
#10763 = PLANE('',#10764);
#10764 = AXIS2_PLACEMENT_3D('',#10765,#10766,#10767);
#10765 = CARTESIAN_POINT('',(-107.289979,30.024814,0.));
#10766 = DIRECTION('',(-0.981627197629,0.190808922421,0.));
#10767 = DIRECTION('',(0.190808922421,0.981627197629,0.));
#10768 = ADVANCED_FACE('',(#10769),#10780,.T.);
#10769 = FACE_BOUND('',#10770,.T.);
#10770 = EDGE_LOOP('',(#10771,#10772,#10773,#10779));
#10771 = ORIENTED_EDGE('',*,*,#10740,.T.);
#10772 = ORIENTED_EDGE('',*,*,#7877,.T.);
#10773 = ORIENTED_EDGE('',*,*,#10774,.F.);
#10774 = EDGE_CURVE('',#2649,#7870,#10775,.T.);
#10775 = LINE('',#10776,#10777);
#10776 = CARTESIAN_POINT('',(-59.538238,26.091079,0.));
#10777 = VECTOR('',#10778,1.);
#10778 = DIRECTION('',(0.,0.,1.));
#10779 = ORIENTED_EDGE('',*,*,#2656,.F.);
#10780 = PLANE('',#10781);
#10781 = AXIS2_PLACEMENT_3D('',#10782,#10783,#10784);
#10782 = CARTESIAN_POINT('',(-66.924982,27.526916,0.));
#10783 = DIRECTION('',(0.190808920819,0.98162719794,-0.));
#10784 = DIRECTION('',(0.98162719794,-0.190808920819,0.));
#10785 = ADVANCED_FACE('',(#10786),#10797,.T.);
#10786 = FACE_BOUND('',#10787,.T.);
#10787 = EDGE_LOOP('',(#10788,#10794,#10795,#10796));
#10788 = ORIENTED_EDGE('',*,*,#10789,.T.);
#10789 = EDGE_CURVE('',#196,#5417,#10790,.T.);
#10790 = LINE('',#10791,#10792);
#10791 = CARTESIAN_POINT('',(-108.100918,25.852899,0.));
#10792 = VECTOR('',#10793,1.);
#10793 = DIRECTION('',(0.,0.,1.));
#10794 = ORIENTED_EDGE('',*,*,#5416,.T.);
#10795 = ORIENTED_EDGE('',*,*,#10755,.F.);
#10796 = ORIENTED_EDGE('',*,*,#195,.F.);
#10797 = PLANE('',#10798);
#10798 = AXIS2_PLACEMENT_3D('',#10799,#10800,#10801);
#10799 = CARTESIAN_POINT('',(-108.100918,25.852899,0.));
#10800 = DIRECTION('',(-0.981627144991,0.19080919322,0.));
#10801 = DIRECTION('',(0.19080919322,0.981627144991,0.));
#10802 = ADVANCED_FACE('',(#10803),#10814,.T.);
#10803 = FACE_BOUND('',#10804,.T.);
#10804 = EDGE_LOOP('',(#10805,#10806,#10807,#10813));
#10805 = ORIENTED_EDGE('',*,*,#10774,.T.);
#10806 = ORIENTED_EDGE('',*,*,#7869,.T.);
#10807 = ORIENTED_EDGE('',*,*,#10808,.F.);
#10808 = EDGE_CURVE('',#2640,#7861,#10809,.T.);
#10809 = LINE('',#10810,#10811);
#10810 = CARTESIAN_POINT('',(-51.807924,24.588458,0.));
#10811 = VECTOR('',#10812,1.);
#10812 = DIRECTION('',(0.,0.,1.));
#10813 = ORIENTED_EDGE('',*,*,#2648,.F.);
#10814 = PLANE('',#10815);
#10815 = AXIS2_PLACEMENT_3D('',#10816,#10817,#10818);
#10816 = CARTESIAN_POINT('',(-59.538238,26.091079,0.));
#10817 = DIRECTION('',(0.190809016783,0.981627179287,-0.));
#10818 = DIRECTION('',(0.981627179287,-0.190809016783,0.));
#10819 = ADVANCED_FACE('',(#10820),#10831,.F.);
#10820 = FACE_BOUND('',#10821,.T.);
#10821 = EDGE_LOOP('',(#10822,#10828,#10829,#10830));
#10822 = ORIENTED_EDGE('',*,*,#10823,.T.);
#10823 = EDGE_CURVE('',#204,#5425,#10824,.T.);
#10824 = LINE('',#10825,#10826);
#10825 = CARTESIAN_POINT('',(-110.44579,24.271262,0.));
#10826 = VECTOR('',#10827,1.);
#10827 = DIRECTION('',(0.,0.,1.));
#10828 = ORIENTED_EDGE('',*,*,#5424,.T.);
#10829 = ORIENTED_EDGE('',*,*,#10789,.F.);
#10830 = ORIENTED_EDGE('',*,*,#203,.F.);
#10831 = CYLINDRICAL_SURFACE('',#10832,2.000000481925);
#10832 = AXIS2_PLACEMENT_3D('',#10833,#10834,#10835);
#10833 = CARTESIAN_POINT('',(-110.0641728518,26.234517021624,0.));
#10834 = DIRECTION('',(-0.,-0.,-1.));
#10835 = DIRECTION('',(-0.190808528102,-0.981627274276,0.));
#10836 = ADVANCED_FACE('',(#10837),#10848,.T.);
#10837 = FACE_BOUND('',#10838,.T.);
#10838 = EDGE_LOOP('',(#10839,#10840,#10841,#10847));
#10839 = ORIENTED_EDGE('',*,*,#10808,.T.);
#10840 = ORIENTED_EDGE('',*,*,#7860,.T.);
#10841 = ORIENTED_EDGE('',*,*,#10842,.F.);
#10842 = EDGE_CURVE('',#2631,#7852,#10843,.T.);
#10843 = LINE('',#10844,#10845);
#10844 = CARTESIAN_POINT('',(-50.503074,22.653938,0.));
#10845 = VECTOR('',#10846,1.);
#10846 = DIRECTION('',(0.,0.,1.));
#10847 = ORIENTED_EDGE('',*,*,#2639,.F.);
#10848 = CYLINDRICAL_SURFACE('',#10849,1.649998976836);
#10849 = AXIS2_PLACEMENT_3D('',#10850,#10851,#10852);
#10850 = CARTESIAN_POINT('',(-52.1227575956,22.968773947278,0.));
#10851 = DIRECTION('',(0.,0.,-1.));
#10852 = DIRECTION('',(0.190808358079,0.981627307326,0.));
#10853 = ADVANCED_FACE('',(#10854),#10865,.T.);
#10854 = FACE_BOUND('',#10855,.T.);
#10855 = EDGE_LOOP('',(#10856,#10862,#10863,#10864));
#10856 = ORIENTED_EDGE('',*,*,#10857,.T.);
#10857 = EDGE_CURVE('',#213,#5434,#10858,.T.);
#10858 = LINE('',#10859,#10860);
#10859 = CARTESIAN_POINT('',(-117.832535,25.7071,0.));
#10860 = VECTOR('',#10861,1.);
#10861 = DIRECTION('',(0.,0.,1.));
#10862 = ORIENTED_EDGE('',*,*,#5433,.T.);
#10863 = ORIENTED_EDGE('',*,*,#10823,.F.);
#10864 = ORIENTED_EDGE('',*,*,#212,.F.);
#10865 = PLANE('',#10866);
#10866 = AXIS2_PLACEMENT_3D('',#10867,#10868,#10869);
#10867 = CARTESIAN_POINT('',(-117.832535,25.7071,0.));
#10868 = DIRECTION('',(0.190809023981,0.981627177888,-0.));
#10869 = DIRECTION('',(0.981627177888,-0.190809023981,0.));
#10870 = ADVANCED_FACE('',(#10871),#10882,.F.);
#10871 = FACE_BOUND('',#10872,.T.);
#10872 = EDGE_LOOP('',(#10873,#10874,#10875,#10881));
#10873 = ORIENTED_EDGE('',*,*,#10842,.T.);
#10874 = ORIENTED_EDGE('',*,*,#7851,.T.);
#10875 = ORIENTED_EDGE('',*,*,#10876,.F.);
#10876 = EDGE_CURVE('',#2623,#7844,#10877,.T.);
#10877 = LINE('',#10878,#10879);
#10878 = CARTESIAN_POINT('',(-49.198224,20.719418,0.));
#10879 = VECTOR('',#10880,1.);
#10880 = DIRECTION('',(0.,0.,1.));
#10881 = ORIENTED_EDGE('',*,*,#2630,.F.);
#10882 = CYLINDRICAL_SURFACE('',#10883,1.65000097831);
#10883 = AXIS2_PLACEMENT_3D('',#10884,#10885,#10886);
#10884 = CARTESIAN_POINT('',(-48.88338805779,22.339103635523,0.));
#10885 = DIRECTION('',(-0.,-0.,-1.));
#10886 = DIRECTION('',(-0.981627261737,0.19080859261,0.));
#10887 = ADVANCED_FACE('',(#10888),#10899,.T.);
#10888 = FACE_BOUND('',#10889,.T.);
#10889 = EDGE_LOOP('',(#10890,#10896,#10897,#10898));
#10890 = ORIENTED_EDGE('',*,*,#10891,.T.);
#10891 = EDGE_CURVE('',#221,#5442,#10892,.T.);
#10892 = LINE('',#10893,#10894);
#10893 = CARTESIAN_POINT('',(-125.219279,27.142938,0.));
#10894 = VECTOR('',#10895,1.);
#10895 = DIRECTION('',(0.,0.,1.));
#10896 = ORIENTED_EDGE('',*,*,#5441,.T.);
#10897 = ORIENTED_EDGE('',*,*,#10857,.F.);
#10898 = ORIENTED_EDGE('',*,*,#220,.F.);
#10899 = PLANE('',#10900);
#10900 = AXIS2_PLACEMENT_3D('',#10901,#10902,#10903);
#10901 = CARTESIAN_POINT('',(-125.219279,27.142938,0.));
#10902 = DIRECTION('',(0.190809048871,0.981627173049,-0.));
#10903 = DIRECTION('',(0.981627173049,-0.190809048871,0.));
#10904 = ADVANCED_FACE('',(#10905),#10916,.T.);
#10905 = FACE_BOUND('',#10906,.T.);
#10906 = EDGE_LOOP('',(#10907,#10908,#10909,#10915));
#10907 = ORIENTED_EDGE('',*,*,#10876,.T.);
#10908 = ORIENTED_EDGE('',*,*,#7843,.T.);
#10909 = ORIENTED_EDGE('',*,*,#10910,.F.);
#10910 = EDGE_CURVE('',#2615,#7836,#10911,.T.);
#10911 = LINE('',#10912,#10913);
#10912 = CARTESIAN_POINT('',(-41.467909,19.216798,0.));
#10913 = VECTOR('',#10914,1.);
#10914 = DIRECTION('',(0.,0.,1.));
#10915 = ORIENTED_EDGE('',*,*,#2622,.F.);
#10916 = PLANE('',#10917);
#10917 = AXIS2_PLACEMENT_3D('',#10918,#10919,#10920);
#10918 = CARTESIAN_POINT('',(-49.198224,20.719418,0.));
#10919 = DIRECTION('',(0.190808870638,0.981627207694,-0.));
#10920 = DIRECTION('',(0.981627207694,-0.190808870638,0.));
#10921 = ADVANCED_FACE('',(#10922),#10933,.T.);
#10922 = FACE_BOUND('',#10923,.T.);
#10923 = EDGE_LOOP('',(#10924,#10930,#10931,#10932));
#10924 = ORIENTED_EDGE('',*,*,#10925,.T.);
#10925 = EDGE_CURVE('',#229,#5450,#10926,.T.);
#10926 = LINE('',#10927,#10928);
#10927 = CARTESIAN_POINT('',(-127.564152,25.561301,0.));
#10928 = VECTOR('',#10929,1.);
#10929 = DIRECTION('',(0.,0.,1.));
#10930 = ORIENTED_EDGE('',*,*,#5449,.T.);
#10931 = ORIENTED_EDGE('',*,*,#10891,.F.);
#10932 = ORIENTED_EDGE('',*,*,#228,.F.);
#10933 = CYLINDRICAL_SURFACE('',#10934,2.000000156194);
#10934 = AXIS2_PLACEMENT_3D('',#10935,#10936,#10937);
#10935 = CARTESIAN_POINT('',(-125.6008973693,25.179683547578,0.));
#10936 = DIRECTION('',(0.,0.,-1.));
#10937 = DIRECTION('',(-0.981627238665,0.190808711309,0.));
#10938 = ADVANCED_FACE('',(#10939),#10950,.T.);
#10939 = FACE_BOUND('',#10940,.T.);
#10940 = EDGE_LOOP('',(#10941,#10942,#10943,#10949));
#10941 = ORIENTED_EDGE('',*,*,#10910,.T.);
#10942 = ORIENTED_EDGE('',*,*,#7835,.T.);
#10943 = ORIENTED_EDGE('',*,*,#10944,.F.);
#10944 = EDGE_CURVE('',#2607,#7828,#10945,.T.);
#10945 = LINE('',#10946,#10947);
#10946 = CARTESIAN_POINT('',(-32.117911,17.399342,0.));
#10947 = VECTOR('',#10948,1.);
#10948 = DIRECTION('',(0.,0.,1.));
#10949 = ORIENTED_EDGE('',*,*,#2614,.F.);
#10950 = PLANE('',#10951);
#10951 = AXIS2_PLACEMENT_3D('',#10952,#10953,#10954);
#10952 = CARTESIAN_POINT('',(-41.467909,19.216798,0.));
#10953 = DIRECTION('',(0.190809045789,0.981627173648,-0.));
#10954 = DIRECTION('',(0.981627173648,-0.190809045789,0.));
#10955 = ADVANCED_FACE('',(#10956),#10967,.T.);
#10956 = FACE_BOUND('',#10957,.T.);
#10957 = EDGE_LOOP('',(#10958,#10964,#10965,#10966));
#10958 = ORIENTED_EDGE('',*,*,#10959,.T.);
#10959 = EDGE_CURVE('',#238,#5459,#10960,.T.);
#10960 = LINE('',#10961,#10962);
#10961 = CARTESIAN_POINT('',(-130.817445,8.824558,0.));
#10962 = VECTOR('',#10963,1.);
#10963 = DIRECTION('',(0.,0.,1.));
#10964 = ORIENTED_EDGE('',*,*,#5458,.T.);
#10965 = ORIENTED_EDGE('',*,*,#10925,.F.);
#10966 = ORIENTED_EDGE('',*,*,#237,.F.);
#10967 = PLANE('',#10968);
#10968 = AXIS2_PLACEMENT_3D('',#10969,#10970,#10971);
#10969 = CARTESIAN_POINT('',(-130.817445,8.824558,0.));
#10970 = DIRECTION('',(-0.981627186505,0.190808979648,0.));
#10971 = DIRECTION('',(0.190808979648,0.981627186505,0.));
#10972 = ADVANCED_FACE('',(#10973),#10984,.T.);
#10973 = FACE_BOUND('',#10974,.T.);
#10974 = EDGE_LOOP('',(#10975,#10976,#10977,#10983));
#10975 = ORIENTED_EDGE('',*,*,#10944,.T.);
#10976 = ORIENTED_EDGE('',*,*,#7827,.T.);
#10977 = ORIENTED_EDGE('',*,*,#10978,.F.);
#10978 = EDGE_CURVE('',#2599,#7820,#10979,.T.);
#10979 = LINE('',#10980,#10981);
#10980 = CARTESIAN_POINT('',(-29.663843,16.922319,0.));
#10981 = VECTOR('',#10982,1.);
#10982 = DIRECTION('',(0.,0.,1.));
#10983 = ORIENTED_EDGE('',*,*,#2606,.F.);
#10984 = PLANE('',#10985);
#10985 = AXIS2_PLACEMENT_3D('',#10986,#10987,#10988);
#10986 = CARTESIAN_POINT('',(-32.117911,17.399342,0.));
#10987 = DIRECTION('',(0.19080918945,0.981627145724,-0.));
#10988 = DIRECTION('',(0.981627145724,-0.19080918945,0.));
#10989 = ADVANCED_FACE('',(#10990),#11001,.T.);
#10990 = FACE_BOUND('',#10991,.T.);
#10991 = EDGE_LOOP('',(#10992,#10998,#10999,#11000));
#10992 = ORIENTED_EDGE('',*,*,#10993,.T.);
#10993 = EDGE_CURVE('',#246,#5467,#10994,.T.);
#10994 = LINE('',#10995,#10996);
#10995 = CARTESIAN_POINT('',(-134.070738,-7.912186,0.));
#10996 = VECTOR('',#10997,1.);
#10997 = DIRECTION('',(0.,0.,1.));
#10998 = ORIENTED_EDGE('',*,*,#5466,.T.);
#10999 = ORIENTED_EDGE('',*,*,#10959,.F.);
#11000 = ORIENTED_EDGE('',*,*,#245,.F.);
#11001 = PLANE('',#11002);
#11002 = AXIS2_PLACEMENT_3D('',#11003,#11004,#11005);
#11003 = CARTESIAN_POINT('',(-134.070738,-7.912186,0.));
#11004 = DIRECTION('',(-0.98162718864,0.190808968663,0.));
#11005 = DIRECTION('',(0.190808968663,0.98162718864,0.));
#11006 = ADVANCED_FACE('',(#11007),#11018,.T.);
#11007 = FACE_BOUND('',#11008,.T.);
#11008 = EDGE_LOOP('',(#11009,#11010,#11011,#11017));
#11009 = ORIENTED_EDGE('',*,*,#10978,.T.);
#11010 = ORIENTED_EDGE('',*,*,#7819,.T.);
#11011 = ORIENTED_EDGE('',*,*,#11012,.F.);
#11012 = EDGE_CURVE('',#2591,#7812,#11013,.T.);
#11013 = LINE('',#11014,#11015);
#11014 = CARTESIAN_POINT('',(-29.173029,16.826915,0.));
#11015 = VECTOR('',#11016,1.);
#11016 = DIRECTION('',(0.,0.,1.));
#11017 = ORIENTED_EDGE('',*,*,#2598,.F.);
#11018 = PLANE('',#11019);
#11019 = AXIS2_PLACEMENT_3D('',#11020,#11021,#11022);
#11020 = CARTESIAN_POINT('',(-29.663843,16.922319,0.));
#11021 = DIRECTION('',(0.190807883297,0.981627399613,-0.));
#11022 = DIRECTION('',(0.981627399613,-0.190807883297,0.));
#11023 = ADVANCED_FACE('',(#11024),#11035,.T.);
#11024 = FACE_BOUND('',#11025,.T.);
#11025 = EDGE_LOOP('',(#11026,#11032,#11033,#11034));
#11026 = ORIENTED_EDGE('',*,*,#11027,.T.);
#11027 = EDGE_CURVE('',#254,#5475,#11028,.T.);
#11028 = LINE('',#11029,#11030);
#11029 = CARTESIAN_POINT('',(-132.489102,-10.257058,0.));
#11030 = VECTOR('',#11031,1.);
#11031 = DIRECTION('',(0.,0.,1.));
#11032 = ORIENTED_EDGE('',*,*,#5474,.T.);
#11033 = ORIENTED_EDGE('',*,*,#10993,.F.);
#11034 = ORIENTED_EDGE('',*,*,#253,.F.);
#11035 = CYLINDRICAL_SURFACE('',#11036,2.000000156194);
#11036 = AXIS2_PLACEMENT_3D('',#11037,#11038,#11039);
#11037 = CARTESIAN_POINT('',(-132.1074833966,-8.293803593058,0.));
#11038 = DIRECTION('',(0.,0.,-1.));
#11039 = DIRECTION('',(-0.190809286757,-0.981627126809,-0.));
#11040 = ADVANCED_FACE('',(#11041),#11052,.T.);
#11041 = FACE_BOUND('',#11042,.T.);
#11042 = EDGE_LOOP('',(#11043,#11044,#11045,#11051));
#11043 = ORIENTED_EDGE('',*,*,#11012,.T.);
#11044 = ORIENTED_EDGE('',*,*,#7811,.T.);
#11045 = ORIENTED_EDGE('',*,*,#11046,.F.);
#11046 = EDGE_CURVE('',#2583,#7804,#11047,.T.);
#11047 = LINE('',#11048,#11049);
#11048 = CARTESIAN_POINT('',(-25.24652,16.063679,0.));
#11049 = VECTOR('',#11050,1.);
#11050 = DIRECTION('',(0.,0.,1.));
#11051 = ORIENTED_EDGE('',*,*,#2590,.F.);
#11052 = PLANE('',#11053);
#11053 = AXIS2_PLACEMENT_3D('',#11054,#11055,#11056);
#11054 = CARTESIAN_POINT('',(-29.173029,16.826915,0.));
#11055 = DIRECTION('',(0.190808987366,0.981627185005,-0.));
#11056 = DIRECTION('',(0.981627185005,-0.190808987366,0.));
#11057 = ADVANCED_FACE('',(#11058),#11069,.T.);
#11058 = FACE_BOUND('',#11059,.T.);
#11059 = EDGE_LOOP('',(#11060,#11066,#11067,#11068));
#11060 = ORIENTED_EDGE('',*,*,#11061,.T.);
#11061 = EDGE_CURVE('',#263,#5484,#11062,.T.);
#11062 = LINE('',#11063,#11064);
#11063 = CARTESIAN_POINT('',(-125.102357,-11.692896,0.));
#11064 = VECTOR('',#11065,1.);
#11065 = DIRECTION('',(0.,0.,1.));
#11066 = ORIENTED_EDGE('',*,*,#5483,.T.);
#11067 = ORIENTED_EDGE('',*,*,#11027,.F.);
#11068 = ORIENTED_EDGE('',*,*,#262,.F.);
#11069 = PLANE('',#11070);
#11070 = AXIS2_PLACEMENT_3D('',#11071,#11072,#11073);
#11071 = CARTESIAN_POINT('',(-125.102357,-11.692896,0.));
#11072 = DIRECTION('',(-0.190809023981,-0.981627177888,0.));
#11073 = DIRECTION('',(-0.981627177888,0.190809023981,0.));
#11074 = ADVANCED_FACE('',(#11075),#11086,.T.);
#11075 = FACE_BOUND('',#11076,.T.);
#11076 = EDGE_LOOP('',(#11077,#11078,#11079,#11085));
#11077 = ORIENTED_EDGE('',*,*,#11046,.T.);
#11078 = ORIENTED_EDGE('',*,*,#7803,.T.);
#11079 = ORIENTED_EDGE('',*,*,#11080,.F.);
#11080 = EDGE_CURVE('',#2575,#7796,#11081,.T.);
#11081 = LINE('',#11082,#11083);
#11082 = CARTESIAN_POINT('',(-16.854887,14.432511,0.));
#11083 = VECTOR('',#11084,1.);
#11084 = DIRECTION('',(0.,0.,1.));
#11085 = ORIENTED_EDGE('',*,*,#2582,.F.);
#11086 = PLANE('',#11087);
#11087 = AXIS2_PLACEMENT_3D('',#11088,#11089,#11090);
#11088 = CARTESIAN_POINT('',(-25.24652,16.063679,0.));
#11089 = DIRECTION('',(0.190808970949,0.981627188196,-0.));
#11090 = DIRECTION('',(0.981627188196,-0.190808970949,0.));
#11091 = ADVANCED_FACE('',(#11092),#11103,.T.);
#11092 = FACE_BOUND('',#11093,.T.);
#11093 = EDGE_LOOP('',(#11094,#11100,#11101,#11102));
#11094 = ORIENTED_EDGE('',*,*,#11095,.T.);
#11095 = EDGE_CURVE('',#271,#5492,#11096,.T.);
#11096 = LINE('',#11097,#11098);
#11097 = CARTESIAN_POINT('',(-117.715613,-13.128733,0.));
#11098 = VECTOR('',#11099,1.);
#11099 = DIRECTION('',(0.,0.,1.));
#11100 = ORIENTED_EDGE('',*,*,#5491,.T.);
#11101 = ORIENTED_EDGE('',*,*,#11061,.F.);
#11102 = ORIENTED_EDGE('',*,*,#270,.F.);
#11103 = PLANE('',#11104);
#11104 = AXIS2_PLACEMENT_3D('',#11105,#11106,#11107);
#11105 = CARTESIAN_POINT('',(-117.715613,-13.128733,0.));
#11106 = DIRECTION('',(-0.190808920819,-0.98162719794,0.));
#11107 = DIRECTION('',(-0.98162719794,0.190808920819,0.));
#11108 = ADVANCED_FACE('',(#11109),#11120,.T.);
#11109 = FACE_BOUND('',#11110,.T.);
#11110 = EDGE_LOOP('',(#11111,#11112,#11113,#11119));
#11111 = ORIENTED_EDGE('',*,*,#11080,.T.);
#11112 = ORIENTED_EDGE('',*,*,#7795,.T.);
#11113 = ORIENTED_EDGE('',*,*,#11114,.F.);
#11114 = EDGE_CURVE('',#2566,#7787,#11115,.T.);
#11115 = LINE('',#11116,#11117);
#11116 = CARTESIAN_POINT('',(-8.463254,12.801342,0.));
#11117 = VECTOR('',#11118,1.);
#11118 = DIRECTION('',(0.,0.,1.));
#11119 = ORIENTED_EDGE('',*,*,#2574,.F.);
#11120 = PLANE('',#11121);
#11121 = AXIS2_PLACEMENT_3D('',#11122,#11123,#11124);
#11122 = CARTESIAN_POINT('',(-16.854887,14.432511,0.));
#11123 = DIRECTION('',(0.190809083667,0.981627166286,-0.));
#11124 = DIRECTION('',(0.981627166286,-0.190809083667,0.));
#11125 = ADVANCED_FACE('',(#11126),#11137,.F.);
#11126 = FACE_BOUND('',#11127,.T.);
#11127 = EDGE_LOOP('',(#11128,#11134,#11135,#11136));
#11128 = ORIENTED_EDGE('',*,*,#11129,.T.);
#11129 = EDGE_CURVE('',#279,#5500,#11130,.T.);
#11130 = LINE('',#11131,#11132);
#11131 = CARTESIAN_POINT('',(-116.133976,-15.473606,0.));
#11132 = VECTOR('',#11133,1.);
#11133 = DIRECTION('',(0.,0.,1.));
#11134 = ORIENTED_EDGE('',*,*,#5499,.T.);
#11135 = ORIENTED_EDGE('',*,*,#11095,.F.);
#11136 = ORIENTED_EDGE('',*,*,#278,.F.);
#11137 = CYLINDRICAL_SURFACE('',#11138,2.00000215767);
#11138 = AXIS2_PLACEMENT_3D('',#11139,#11140,#11141);
#11139 = CARTESIAN_POINT('',(-118.097232799,-15.09198921345,0.));
#11140 = DIRECTION('',(-0.,-0.,-1.));
#11141 = DIRECTION('',(0.981627340498,-0.190808187421,0.));
#11142 = ADVANCED_FACE('',(#11143),#11154,.T.);
#11143 = FACE_BOUND('',#11144,.T.);
#11144 = EDGE_LOOP('',(#11145,#11146,#11147,#11153));
#11145 = ORIENTED_EDGE('',*,*,#11114,.T.);
#11146 = ORIENTED_EDGE('',*,*,#7786,.T.);
#11147 = ORIENTED_EDGE('',*,*,#11148,.F.);
#11148 = EDGE_CURVE('',#2558,#7779,#11149,.T.);
#11149 = LINE('',#11150,#11151);
#11150 = CARTESIAN_POINT('',(-6.5,10.419724,0.));
#11151 = VECTOR('',#11152,1.);
#11152 = DIRECTION('',(0.,0.,1.));
#11153 = ORIENTED_EDGE('',*,*,#2565,.F.);
#11154 = CYLINDRICAL_SURFACE('',#11155,2.42619221488);
#11155 = AXIS2_PLACEMENT_3D('',#11156,#11157,#11158);
#11156 = CARTESIAN_POINT('',(-8.92619221488,10.419725558851,0.));
#11157 = DIRECTION('',(0.,0.,-1.));
#11158 = DIRECTION('',(0.19080854849,0.981627270313,0.));
#11159 = ADVANCED_FACE('',(#11160),#11171,.T.);
#11160 = FACE_BOUND('',#11161,.T.);
#11161 = EDGE_LOOP('',(#11162,#11168,#11169,#11170));
#11162 = ORIENTED_EDGE('',*,*,#11163,.T.);
#11163 = EDGE_CURVE('',#288,#5509,#11164,.T.);
#11164 = LINE('',#11165,#11166);
#11165 = CARTESIAN_POINT('',(-116.377258,-16.72518,0.));
#11166 = VECTOR('',#11167,1.);
#11167 = DIRECTION('',(0.,0.,1.));
#11168 = ORIENTED_EDGE('',*,*,#5508,.T.);
#11169 = ORIENTED_EDGE('',*,*,#11129,.F.);
#11170 = ORIENTED_EDGE('',*,*,#287,.F.);
#11171 = PLANE('',#11172);
#11172 = AXIS2_PLACEMENT_3D('',#11173,#11174,#11175);
#11173 = CARTESIAN_POINT('',(-116.377258,-16.72518,0.));
#11174 = DIRECTION('',(-0.981627086642,0.1908094934,0.));
#11175 = DIRECTION('',(0.1908094934,0.981627086642,0.));
#11176 = ADVANCED_FACE('',(#11177),#11188,.T.);
#11177 = FACE_BOUND('',#11178,.T.);
#11178 = EDGE_LOOP('',(#11179,#11180,#11181,#11187));
#11179 = ORIENTED_EDGE('',*,*,#11148,.T.);
#11180 = ORIENTED_EDGE('',*,*,#7778,.T.);
#11181 = ORIENTED_EDGE('',*,*,#11182,.F.);
#11182 = EDGE_CURVE('',#2550,#7771,#11183,.T.);
#11183 = LINE('',#11184,#11185);
#11184 = CARTESIAN_POINT('',(-6.5,4.779349,0.));
#11185 = VECTOR('',#11186,1.);
#11186 = DIRECTION('',(0.,0.,1.));
#11187 = ORIENTED_EDGE('',*,*,#2557,.F.);
#11188 = PLANE('',#11189);
#11189 = AXIS2_PLACEMENT_3D('',#11190,#11191,#11192);
#11190 = CARTESIAN_POINT('',(-6.5,10.419724,0.));
#11191 = DIRECTION('',(1.,0.,-0.));
#11192 = DIRECTION('',(0.,-1.,0.));
#11193 = ADVANCED_FACE('',(#11194),#11205,.T.);
#11194 = FACE_BOUND('',#11195,.T.);
#11195 = EDGE_LOOP('',(#11196,#11202,#11203,#11204));
#11196 = ORIENTED_EDGE('',*,*,#11197,.T.);
#11197 = EDGE_CURVE('',#296,#5517,#11198,.T.);
#11198 = LINE('',#11199,#11200);
#11199 = CARTESIAN_POINT('',(-116.620539,-17.976755,0.));
#11200 = VECTOR('',#11201,1.);
#11201 = DIRECTION('',(0.,0.,1.));
#11202 = ORIENTED_EDGE('',*,*,#5516,.T.);
#11203 = ORIENTED_EDGE('',*,*,#11163,.F.);
#11204 = ORIENTED_EDGE('',*,*,#295,.F.);
#11205 = PLANE('',#11206);
#11206 = AXIS2_PLACEMENT_3D('',#11207,#11208,#11209);
#11207 = CARTESIAN_POINT('',(-116.620539,-17.976755,0.));
#11208 = DIRECTION('',(-0.981627262102,0.190808590737,0.));
#11209 = DIRECTION('',(0.190808590737,0.981627262102,0.));
#11210 = ADVANCED_FACE('',(#11211),#11222,.T.);
#11211 = FACE_BOUND('',#11212,.T.);
#11212 = EDGE_LOOP('',(#11213,#11214,#11215,#11221));
#11213 = ORIENTED_EDGE('',*,*,#11182,.T.);
#11214 = ORIENTED_EDGE('',*,*,#7770,.T.);
#11215 = ORIENTED_EDGE('',*,*,#11216,.F.);
#11216 = EDGE_CURVE('',#2541,#7762,#11217,.T.);
#11217 = LINE('',#11218,#11219);
#11218 = CARTESIAN_POINT('',(-6.5,-0.861026,0.));
#11219 = VECTOR('',#11220,1.);
#11220 = DIRECTION('',(0.,0.,1.));
#11221 = ORIENTED_EDGE('',*,*,#2549,.F.);
#11222 = PLANE('',#11223);
#11223 = AXIS2_PLACEMENT_3D('',#11224,#11225,#11226);
#11224 = CARTESIAN_POINT('',(-6.5,4.779349,0.));
#11225 = DIRECTION('',(1.,0.,-0.));
#11226 = DIRECTION('',(0.,-1.,0.));
#11227 = ADVANCED_FACE('',(#11228),#11239,.T.);
#11228 = FACE_BOUND('',#11229,.T.);
#11229 = EDGE_LOOP('',(#11230,#11236,#11237,#11238));
#11230 = ORIENTED_EDGE('',*,*,#11231,.T.);
#11231 = EDGE_CURVE('',#304,#5525,#11232,.T.);
#11232 = LINE('',#11233,#11234);
#11233 = CARTESIAN_POINT('',(-115.038903,-20.321627,0.));
#11234 = VECTOR('',#11235,1.);
#11235 = DIRECTION('',(0.,0.,1.));
#11236 = ORIENTED_EDGE('',*,*,#5524,.T.);
#11237 = ORIENTED_EDGE('',*,*,#11197,.F.);
#11238 = ORIENTED_EDGE('',*,*,#303,.F.);
#11239 = CYLINDRICAL_SURFACE('',#11240,1.999998806183);
#11240 = AXIS2_PLACEMENT_3D('',#11241,#11242,#11243);
#11241 = CARTESIAN_POINT('',(-114.6572859794,-18.35837366067,0.));
#11242 = DIRECTION('',(0.,0.,-1.));
#11243 = DIRECTION('',(-0.190808624153,-0.981627255606,-0.));
#11244 = ADVANCED_FACE('',(#11245),#11256,.T.);
#11245 = FACE_BOUND('',#11246,.T.);
#11246 = EDGE_LOOP('',(#11247,#11248,#11249,#11255));
#11247 = ORIENTED_EDGE('',*,*,#11216,.T.);
#11248 = ORIENTED_EDGE('',*,*,#7761,.T.);
#11249 = ORIENTED_EDGE('',*,*,#11250,.F.);
#11250 = EDGE_CURVE('',#2533,#7754,#11251,.T.);
#11251 = LINE('',#11252,#11253);
#11252 = CARTESIAN_POINT('',(-8.463254,-2.479408,0.));
#11253 = VECTOR('',#11254,1.);
#11254 = DIRECTION('',(0.,0.,1.));
#11255 = ORIENTED_EDGE('',*,*,#2540,.F.);
#11256 = CYLINDRICAL_SURFACE('',#11257,1.648673335825);
#11257 = AXIS2_PLACEMENT_3D('',#11258,#11259,#11260);
#11258 = CARTESIAN_POINT('',(-8.148673335825,-0.861025235019,0.));
#11259 = DIRECTION('',(0.,0.,-1.));
#11260 = DIRECTION('',(1.,-4.639976950616E-07,0.));
#11261 = ADVANCED_FACE('',(#11262),#11273,.T.);
#11262 = FACE_BOUND('',#11263,.T.);
#11263 = EDGE_LOOP('',(#11264,#11270,#11271,#11272));
#11264 = ORIENTED_EDGE('',*,*,#11265,.T.);
#11265 = EDGE_CURVE('',#313,#5534,#11266,.T.);
#11266 = LINE('',#11267,#11268);
#11267 = CARTESIAN_POINT('',(-107.652158,-21.757465,0.));
#11268 = VECTOR('',#11269,1.);
#11269 = DIRECTION('',(0.,0.,1.));
#11270 = ORIENTED_EDGE('',*,*,#5533,.T.);
#11271 = ORIENTED_EDGE('',*,*,#11231,.F.);
#11272 = ORIENTED_EDGE('',*,*,#312,.F.);
#11273 = PLANE('',#11274);
#11274 = AXIS2_PLACEMENT_3D('',#11275,#11276,#11277);
#11275 = CARTESIAN_POINT('',(-107.652158,-21.757465,0.));
#11276 = DIRECTION('',(-0.190809023981,-0.981627177888,0.));
#11277 = DIRECTION('',(-0.981627177888,0.190809023981,0.));
#11278 = ADVANCED_FACE('',(#11279),#11290,.T.);
#11279 = FACE_BOUND('',#11280,.T.);
#11280 = EDGE_LOOP('',(#11281,#11282,#11283,#11289));
#11281 = ORIENTED_EDGE('',*,*,#11250,.T.);
#11282 = ORIENTED_EDGE('',*,*,#7753,.T.);
#11283 = ORIENTED_EDGE('',*,*,#11284,.F.);
#11284 = EDGE_CURVE('',#2525,#7746,#11285,.T.);
#11285 = LINE('',#11286,#11287);
#11286 = CARTESIAN_POINT('',(-16.813514,-0.856282,0.));
#11287 = VECTOR('',#11288,1.);
#11288 = DIRECTION('',(0.,0.,1.));
#11289 = ORIENTED_EDGE('',*,*,#2532,.F.);
#11290 = PLANE('',#11291);
#11291 = AXIS2_PLACEMENT_3D('',#11292,#11293,#11294);
#11292 = CARTESIAN_POINT('',(-8.463254,-2.479408,0.));
#11293 = DIRECTION('',(-0.190808981763,-0.981627186094,0.));
#11294 = DIRECTION('',(-0.981627186094,0.190808981763,0.));
#11295 = ADVANCED_FACE('',(#11296),#11307,.T.);
#11296 = FACE_BOUND('',#11297,.T.);
#11297 = EDGE_LOOP('',(#11298,#11304,#11305,#11306));
#11298 = ORIENTED_EDGE('',*,*,#11299,.T.);
#11299 = EDGE_CURVE('',#321,#5542,#11300,.T.);
#11300 = LINE('',#11301,#11302);
#11301 = CARTESIAN_POINT('',(-100.265414,-23.193303,0.));
#11302 = VECTOR('',#11303,1.);
#11303 = DIRECTION('',(0.,0.,1.));
#11304 = ORIENTED_EDGE('',*,*,#5541,.T.);
#11305 = ORIENTED_EDGE('',*,*,#11265,.F.);
#11306 = ORIENTED_EDGE('',*,*,#320,.F.);
#11307 = PLANE('',#11308);
#11308 = AXIS2_PLACEMENT_3D('',#11309,#11310,#11311);
#11309 = CARTESIAN_POINT('',(-100.265414,-23.193303,0.));
#11310 = DIRECTION('',(-0.190809048871,-0.981627173049,0.));
#11311 = DIRECTION('',(-0.981627173049,0.190809048871,0.));
#11312 = ADVANCED_FACE('',(#11313),#11324,.T.);
#11313 = FACE_BOUND('',#11314,.T.);
#11314 = EDGE_LOOP('',(#11315,#11316,#11317,#11323));
#11315 = ORIENTED_EDGE('',*,*,#11284,.T.);
#11316 = ORIENTED_EDGE('',*,*,#7745,.T.);
#11317 = ORIENTED_EDGE('',*,*,#11318,.F.);
#11318 = EDGE_CURVE('',#2516,#7737,#11319,.T.);
#11319 = LINE('',#11320,#11321);
#11320 = CARTESIAN_POINT('',(-26.636214,1.053058,0.));
#11321 = VECTOR('',#11322,1.);
#11322 = DIRECTION('',(0.,0.,1.));
#11323 = ORIENTED_EDGE('',*,*,#2524,.F.);
#11324 = PLANE('',#11325);
#11325 = AXIS2_PLACEMENT_3D('',#11326,#11327,#11328);
#11326 = CARTESIAN_POINT('',(-16.813514,-0.856282,0.));
#11327 = DIRECTION('',(-0.190809047129,-0.981627173388,0.));
#11328 = DIRECTION('',(-0.981627173388,0.190809047129,0.));
#11329 = ADVANCED_FACE('',(#11330),#11341,.T.);
#11330 = FACE_BOUND('',#11331,.T.);
#11331 = EDGE_LOOP('',(#11332,#11338,#11339,#11340));
#11332 = ORIENTED_EDGE('',*,*,#11333,.T.);
#11333 = EDGE_CURVE('',#329,#5550,#11334,.T.);
#11334 = LINE('',#11335,#11336);
#11335 = CARTESIAN_POINT('',(-97.920542,-21.611666,0.));
#11336 = VECTOR('',#11337,1.);
#11337 = DIRECTION('',(0.,0.,1.));
#11338 = ORIENTED_EDGE('',*,*,#5549,.T.);
#11339 = ORIENTED_EDGE('',*,*,#11299,.F.);
#11340 = ORIENTED_EDGE('',*,*,#328,.F.);
#11341 = CYLINDRICAL_SURFACE('',#11342,1.999998480454);
#11342 = AXIS2_PLACEMENT_3D('',#11343,#11344,#11345);
#11343 = CARTESIAN_POINT('',(-99.88379526903,-21.23005032497,0.));
#11344 = DIRECTION('',(0.,0.,-1.));
#11345 = DIRECTION('',(0.981627380334,-0.190807982484,0.));
#11346 = ADVANCED_FACE('',(#11347),#11358,.F.);
#11347 = FACE_BOUND('',#11348,.T.);
#11348 = EDGE_LOOP('',(#11349,#11350,#11351,#11357));
#11349 = ORIENTED_EDGE('',*,*,#11318,.T.);
#11350 = ORIENTED_EDGE('',*,*,#7736,.T.);
#11351 = ORIENTED_EDGE('',*,*,#11352,.F.);
#11352 = EDGE_CURVE('',#2507,#7728,#11353,.T.);
#11353 = LINE('',#11354,#11355);
#11354 = CARTESIAN_POINT('',(-27.222433,0.657649,0.));
#11355 = VECTOR('',#11356,1.);
#11356 = DIRECTION('',(0.,0.,1.));
#11357 = ORIENTED_EDGE('',*,*,#2515,.F.);
#11358 = CYLINDRICAL_SURFACE('',#11359,0.500001877663);
#11359 = AXIS2_PLACEMENT_3D('',#11360,#11361,#11362);
#11360 = CARTESIAN_POINT('',(-26.73161790784,0.562242380817,0.));
#11361 = DIRECTION('',(-0.,-0.,-1.));
#11362 = DIRECTION('',(0.190807099156,0.981627552034,-0.));
#11363 = ADVANCED_FACE('',(#11364),#11375,.T.);
#11364 = FACE_BOUND('',#11365,.T.);
#11365 = EDGE_LOOP('',(#11366,#11372,#11373,#11374));
#11366 = ORIENTED_EDGE('',*,*,#11367,.T.);
#11367 = EDGE_CURVE('',#338,#5559,#11368,.T.);
#11368 = LINE('',#11369,#11370);
#11369 = CARTESIAN_POINT('',(-97.701111,-20.482795,0.));
#11370 = VECTOR('',#11371,1.);
#11371 = DIRECTION('',(0.,0.,1.));
#11372 = ORIENTED_EDGE('',*,*,#5558,.T.);
#11373 = ORIENTED_EDGE('',*,*,#11333,.F.);
#11374 = ORIENTED_EDGE('',*,*,#337,.F.);
#11375 = PLANE('',#11376);
#11376 = AXIS2_PLACEMENT_3D('',#11377,#11378,#11379);
#11377 = CARTESIAN_POINT('',(-97.701111,-20.482795,0.));
#11378 = DIRECTION('',(0.981627068452,-0.190809586975,0.));
#11379 = DIRECTION('',(-0.190809586975,-0.981627068452,0.));
#11380 = ADVANCED_FACE('',(#11381),#11392,.F.);
#11381 = FACE_BOUND('',#11382,.T.);
#11382 = EDGE_LOOP('',(#11383,#11384,#11385,#11391));
#11383 = ORIENTED_EDGE('',*,*,#11352,.T.);
#11384 = ORIENTED_EDGE('',*,*,#7727,.T.);
#11385 = ORIENTED_EDGE('',*,*,#11386,.F.);
#11386 = EDGE_CURVE('',#2499,#7720,#11387,.T.);
#11387 = LINE('',#11388,#11389);
#11388 = CARTESIAN_POINT('',(-26.827023,7.143E-02,0.));
#11389 = VECTOR('',#11390,1.);
#11390 = DIRECTION('',(0.,0.,1.));
#11391 = ORIENTED_EDGE('',*,*,#2506,.F.);
#11392 = CYLINDRICAL_SURFACE('',#11393,0.500001551926);
#11393 = AXIS2_PLACEMENT_3D('',#11394,#11395,#11396);
#11394 = CARTESIAN_POINT('',(-26.73161772631,0.562245021858,0.));
#11395 = DIRECTION('',(-0.,-0.,-1.));
#11396 = DIRECTION('',(-0.981627500545,0.190807364045,0.));
#11397 = ADVANCED_FACE('',(#11398),#11409,.T.);
#11398 = FACE_BOUND('',#11399,.T.);
#11399 = EDGE_LOOP('',(#11400,#11406,#11407,#11408));
#11400 = ORIENTED_EDGE('',*,*,#11401,.T.);
#11401 = EDGE_CURVE('',#346,#5567,#11402,.T.);
#11402 = LINE('',#11403,#11404);
#11403 = CARTESIAN_POINT('',(-97.481681,-19.353924,0.));
#11404 = VECTOR('',#11405,1.);
#11405 = DIRECTION('',(0.,0.,1.));
#11406 = ORIENTED_EDGE('',*,*,#5566,.T.);
#11407 = ORIENTED_EDGE('',*,*,#11367,.F.);
#11408 = ORIENTED_EDGE('',*,*,#345,.F.);
#11409 = PLANE('',#11410);
#11410 = AXIS2_PLACEMENT_3D('',#11411,#11412,#11413);
#11411 = CARTESIAN_POINT('',(-97.481681,-19.353924,0.));
#11412 = DIRECTION('',(0.981627231325,-0.190808749068,0.));
#11413 = DIRECTION('',(-0.190808749068,-0.981627231325,0.));
#11414 = ADVANCED_FACE('',(#11415),#11426,.T.);
#11415 = FACE_BOUND('',#11416,.T.);
#11416 = EDGE_LOOP('',(#11417,#11418,#11419,#11425));
#11417 = ORIENTED_EDGE('',*,*,#11386,.T.);
#11418 = ORIENTED_EDGE('',*,*,#7719,.T.);
#11419 = ORIENTED_EDGE('',*,*,#11420,.F.);
#11420 = EDGE_CURVE('',#2491,#7712,#11421,.T.);
#11421 = LINE('',#11422,#11423);
#11422 = CARTESIAN_POINT('',(-19.908919,-1.273313,0.));
#11423 = VECTOR('',#11424,1.);
#11424 = DIRECTION('',(0.,0.,1.));
#11425 = ORIENTED_EDGE('',*,*,#2498,.F.);
#11426 = PLANE('',#11427);
#11427 = AXIS2_PLACEMENT_3D('',#11428,#11429,#11430);
#11428 = CARTESIAN_POINT('',(-26.827023,7.143E-02,0.));
#11429 = DIRECTION('',(0.190808968829,0.981627188608,-0.));
#11430 = DIRECTION('',(0.981627188608,-0.190808968829,0.));
#11431 = ADVANCED_FACE('',(#11432),#11443,.F.);
#11432 = FACE_BOUND('',#11433,.T.);
#11433 = EDGE_LOOP('',(#11434,#11440,#11441,#11442));
#11434 = ORIENTED_EDGE('',*,*,#11435,.T.);
#11435 = EDGE_CURVE('',#354,#5575,#11436,.T.);
#11436 = LINE('',#11437,#11438);
#11437 = CARTESIAN_POINT('',(-95.136808,-17.772287,0.));
#11438 = VECTOR('',#11439,1.);
#11439 = DIRECTION('',(0.,0.,1.));
#11440 = ORIENTED_EDGE('',*,*,#5574,.T.);
#11441 = ORIENTED_EDGE('',*,*,#11401,.F.);
#11442 = ORIENTED_EDGE('',*,*,#353,.F.);
#11443 = CYLINDRICAL_SURFACE('',#11444,2.00000215767);
#11444 = AXIS2_PLACEMENT_3D('',#11445,#11446,#11447);
#11445 = CARTESIAN_POINT('',(-95.51842478654,-19.73554379902,0.));
#11446 = DIRECTION('',(-0.,-0.,-1.));
#11447 = DIRECTION('',(0.190808187421,0.981627340498,-0.));
#11448 = ADVANCED_FACE('',(#11449),#11460,.T.);
#11449 = FACE_BOUND('',#11450,.T.);
#11450 = EDGE_LOOP('',(#11451,#11452,#11453,#11459));
#11451 = ORIENTED_EDGE('',*,*,#11420,.T.);
#11452 = ORIENTED_EDGE('',*,*,#7711,.T.);
#11453 = ORIENTED_EDGE('',*,*,#11454,.F.);
#11454 = EDGE_CURVE('',#2482,#7703,#11455,.T.);
#11455 = LINE('',#11456,#11457);
#11456 = CARTESIAN_POINT('',(-14.463254,-2.331843,0.));
#11457 = VECTOR('',#11458,1.);
#11458 = DIRECTION('',(0.,0.,1.));
#11459 = ORIENTED_EDGE('',*,*,#2490,.F.);
#11460 = PLANE('',#11461);
#11461 = AXIS2_PLACEMENT_3D('',#11462,#11463,#11464);
#11462 = CARTESIAN_POINT('',(-19.908919,-1.273313,0.));
#11463 = DIRECTION('',(0.190808987359,0.981627185006,-0.));
#11464 = DIRECTION('',(0.981627185006,-0.190808987359,0.));
#11465 = ADVANCED_FACE('',(#11466),#11477,.T.);
#11466 = FACE_BOUND('',#11467,.T.);
#11467 = EDGE_LOOP('',(#11468,#11474,#11475,#11476));
#11468 = ORIENTED_EDGE('',*,*,#11469,.T.);
#11469 = EDGE_CURVE('',#363,#5584,#11470,.T.);
#11470 = LINE('',#11471,#11472);
#11471 = CARTESIAN_POINT('',(-87.750064,-19.208125,0.));
#11472 = VECTOR('',#11473,1.);
#11473 = DIRECTION('',(0.,0.,1.));
#11474 = ORIENTED_EDGE('',*,*,#5583,.T.);
#11475 = ORIENTED_EDGE('',*,*,#11435,.F.);
#11476 = ORIENTED_EDGE('',*,*,#362,.F.);
#11477 = PLANE('',#11478);
#11478 = AXIS2_PLACEMENT_3D('',#11479,#11480,#11481);
#11479 = CARTESIAN_POINT('',(-87.750064,-19.208125,0.));
#11480 = DIRECTION('',(-0.190809048871,-0.981627173049,0.));
#11481 = DIRECTION('',(-0.981627173049,0.190809048871,0.));
#11482 = ADVANCED_FACE('',(#11483),#11494,.T.);
#11483 = FACE_BOUND('',#11484,.T.);
#11484 = EDGE_LOOP('',(#11485,#11486,#11487,#11493));
#11485 = ORIENTED_EDGE('',*,*,#11454,.T.);
#11486 = ORIENTED_EDGE('',*,*,#7702,.T.);
#11487 = ORIENTED_EDGE('',*,*,#11488,.F.);
#11488 = EDGE_CURVE('',#2474,#7695,#11489,.T.);
#11489 = LINE('',#11490,#11491);
#11490 = CARTESIAN_POINT('',(-12.5,-4.713461,0.));
#11491 = VECTOR('',#11492,1.);
#11492 = DIRECTION('',(0.,0.,1.));
#11493 = ORIENTED_EDGE('',*,*,#2481,.F.);
#11494 = CYLINDRICAL_SURFACE('',#11495,2.426194364032);
#11495 = AXIS2_PLACEMENT_3D('',#11496,#11497,#11498);
#11496 = CARTESIAN_POINT('',(-14.92619436403,-4.713461212772,0.));
#11497 = DIRECTION('',(0.,0.,-1.));
#11498 = DIRECTION('',(0.190809265282,0.981627130983,0.));
#11499 = ADVANCED_FACE('',(#11500),#11511,.T.);
#11500 = FACE_BOUND('',#11501,.T.);
#11501 = EDGE_LOOP('',(#11502,#11508,#11509,#11510));
#11502 = ORIENTED_EDGE('',*,*,#11503,.T.);
#11503 = EDGE_CURVE('',#371,#5592,#11504,.T.);
#11504 = LINE('',#11505,#11506);
#11505 = CARTESIAN_POINT('',(-80.363319,-20.643963,0.));
#11506 = VECTOR('',#11507,1.);
#11507 = DIRECTION('',(0.,0.,1.));
#11508 = ORIENTED_EDGE('',*,*,#5591,.T.);
#11509 = ORIENTED_EDGE('',*,*,#11469,.F.);
#11510 = ORIENTED_EDGE('',*,*,#370,.F.);
#11511 = PLANE('',#11512);
#11512 = AXIS2_PLACEMENT_3D('',#11513,#11514,#11515);
#11513 = CARTESIAN_POINT('',(-80.363319,-20.643963,0.));
#11514 = DIRECTION('',(-0.190809023981,-0.981627177888,0.));
#11515 = DIRECTION('',(-0.981627177888,0.190809023981,0.));
#11516 = ADVANCED_FACE('',(#11517),#11528,.T.);
#11517 = FACE_BOUND('',#11518,.T.);
#11518 = EDGE_LOOP('',(#11519,#11520,#11521,#11527));
#11519 = ORIENTED_EDGE('',*,*,#11488,.T.);
#11520 = ORIENTED_EDGE('',*,*,#7694,.T.);
#11521 = ORIENTED_EDGE('',*,*,#11522,.F.);
#11522 = EDGE_CURVE('',#2466,#7687,#11523,.T.);
#11523 = LINE('',#11524,#11525);
#11524 = CARTESIAN_POINT('',(-12.5,-10.353836,0.));
#11525 = VECTOR('',#11526,1.);
#11526 = DIRECTION('',(0.,0.,1.));
#11527 = ORIENTED_EDGE('',*,*,#2473,.F.);
#11528 = PLANE('',#11529);
#11529 = AXIS2_PLACEMENT_3D('',#11530,#11531,#11532);
#11530 = CARTESIAN_POINT('',(-12.5,-4.713461,0.));
#11531 = DIRECTION('',(1.,0.,-0.));
#11532 = DIRECTION('',(0.,-1.,0.));
#11533 = ADVANCED_FACE('',(#11534),#11545,.F.);
#11534 = FACE_BOUND('',#11535,.T.);
#11535 = EDGE_LOOP('',(#11536,#11542,#11543,#11544));
#11536 = ORIENTED_EDGE('',*,*,#11537,.T.);
#11537 = EDGE_CURVE('',#379,#5600,#11538,.T.);
#11538 = LINE('',#11539,#11540);
#11539 = CARTESIAN_POINT('',(-78.781683,-22.988835,0.));
#11540 = VECTOR('',#11541,1.);
#11541 = DIRECTION('',(0.,0.,1.));
#11542 = ORIENTED_EDGE('',*,*,#5599,.T.);
#11543 = ORIENTED_EDGE('',*,*,#11503,.F.);
#11544 = ORIENTED_EDGE('',*,*,#378,.F.);
#11545 = CYLINDRICAL_SURFACE('',#11546,1.999998806183);
#11546 = AXIS2_PLACEMENT_3D('',#11547,#11548,#11549);
#11547 = CARTESIAN_POINT('',(-80.74493602051,-22.60721633932,0.));
#11548 = DIRECTION('',(-0.,-0.,-1.));
#11549 = DIRECTION('',(0.981627096199,-0.190809444231,0.));
#11550 = ADVANCED_FACE('',(#11551),#11562,.T.);
#11551 = FACE_BOUND('',#11552,.T.);
#11552 = EDGE_LOOP('',(#11553,#11554,#11555,#11561));
#11553 = ORIENTED_EDGE('',*,*,#11522,.T.);
#11554 = ORIENTED_EDGE('',*,*,#7686,.T.);
#11555 = ORIENTED_EDGE('',*,*,#11556,.F.);
#11556 = EDGE_CURVE('',#2457,#7678,#11557,.T.);
#11557 = LINE('',#11558,#11559);
#11558 = CARTESIAN_POINT('',(-12.5,-15.994211,0.));
#11559 = VECTOR('',#11560,1.);
#11560 = DIRECTION('',(0.,0.,1.));
#11561 = ORIENTED_EDGE('',*,*,#2465,.F.);
#11562 = PLANE('',#11563);
#11563 = AXIS2_PLACEMENT_3D('',#11564,#11565,#11566);
#11564 = CARTESIAN_POINT('',(-12.5,-10.353836,0.));
#11565 = DIRECTION('',(1.,0.,-0.));
#11566 = DIRECTION('',(0.,-1.,0.));
#11567 = ADVANCED_FACE('',(#11568),#11579,.T.);
#11568 = FACE_BOUND('',#11569,.T.);
#11569 = EDGE_LOOP('',(#11570,#11576,#11577,#11578));
#11570 = ORIENTED_EDGE('',*,*,#11571,.T.);
#11571 = EDGE_CURVE('',#388,#5609,#11572,.T.);
#11572 = LINE('',#11573,#11574);
#11573 = CARTESIAN_POINT('',(-79.096518,-24.60852,0.));
#11574 = VECTOR('',#11575,1.);
#11575 = DIRECTION('',(0.,0.,1.));
#11576 = ORIENTED_EDGE('',*,*,#5608,.T.);
#11577 = ORIENTED_EDGE('',*,*,#11537,.F.);
#11578 = ORIENTED_EDGE('',*,*,#387,.F.);
#11579 = PLANE('',#11580);
#11580 = AXIS2_PLACEMENT_3D('',#11581,#11582,#11583);
#11581 = CARTESIAN_POINT('',(-79.096518,-24.60852,0.));
#11582 = DIRECTION('',(-0.981627168805,0.190809070709,0.));
#11583 = DIRECTION('',(0.190809070709,0.981627168805,0.));
#11584 = ADVANCED_FACE('',(#11585),#11596,.T.);
#11585 = FACE_BOUND('',#11586,.T.);
#11586 = EDGE_LOOP('',(#11587,#11588,#11589,#11595));
#11587 = ORIENTED_EDGE('',*,*,#11556,.T.);
#11588 = ORIENTED_EDGE('',*,*,#7677,.T.);
#11589 = ORIENTED_EDGE('',*,*,#11590,.F.);
#11590 = EDGE_CURVE('',#2449,#7670,#11591,.T.);
#11591 = LINE('',#11592,#11593);
#11592 = CARTESIAN_POINT('',(-14.463254,-17.612593,0.));
#11593 = VECTOR('',#11594,1.);
#11594 = DIRECTION('',(0.,0.,1.));
#11595 = ORIENTED_EDGE('',*,*,#2456,.F.);
#11596 = CYLINDRICAL_SURFACE('',#11597,1.648671987146);
#11597 = AXIS2_PLACEMENT_3D('',#11598,#11599,#11600);
#11598 = CARTESIAN_POINT('',(-14.14867198714,-15.99421187109,0.));
#11599 = DIRECTION('',(0.,0.,-1.));
#11600 = DIRECTION('',(1.,5.283633085876E-07,0.));
#11601 = ADVANCED_FACE('',(#11602),#11613,.T.);
#11602 = FACE_BOUND('',#11603,.T.);
#11603 = EDGE_LOOP('',(#11604,#11610,#11611,#11612));
#11604 = ORIENTED_EDGE('',*,*,#11605,.T.);
#11605 = EDGE_CURVE('',#396,#5617,#11606,.T.);
#11606 = LINE('',#11607,#11608);
#11607 = CARTESIAN_POINT('',(-79.411353,-26.228205,0.));
#11608 = VECTOR('',#11609,1.);
#11609 = DIRECTION('',(0.,0.,1.));
#11610 = ORIENTED_EDGE('',*,*,#5616,.T.);
#11611 = ORIENTED_EDGE('',*,*,#11571,.F.);
#11612 = ORIENTED_EDGE('',*,*,#395,.F.);
#11613 = PLANE('',#11614);
#11614 = AXIS2_PLACEMENT_3D('',#11615,#11616,#11617);
#11615 = CARTESIAN_POINT('',(-79.411353,-26.228205,0.));
#11616 = DIRECTION('',(-0.981627168805,0.190809070709,0.));
#11617 = DIRECTION('',(0.190809070709,0.981627168805,0.));
#11618 = ADVANCED_FACE('',(#11619),#11630,.T.);
#11619 = FACE_BOUND('',#11620,.T.);
#11620 = EDGE_LOOP('',(#11621,#11622,#11623,#11629));
#11621 = ORIENTED_EDGE('',*,*,#11590,.T.);
#11622 = ORIENTED_EDGE('',*,*,#7669,.T.);
#11623 = ORIENTED_EDGE('',*,*,#11624,.F.);
#11624 = EDGE_CURVE('',#2441,#7662,#11625,.T.);
#11625 = LINE('',#11626,#11627);
#11626 = CARTESIAN_POINT('',(-21.339986,-16.275892,0.));
#11627 = VECTOR('',#11628,1.);
#11628 = DIRECTION('',(0.,0.,1.));
#11629 = ORIENTED_EDGE('',*,*,#2448,.F.);
#11630 = PLANE('',#11631);
#11631 = AXIS2_PLACEMENT_3D('',#11632,#11633,#11634);
#11632 = CARTESIAN_POINT('',(-14.463254,-17.612593,0.));
#11633 = DIRECTION('',(-0.19080895521,-0.981627191255,0.));
#11634 = DIRECTION('',(-0.981627191255,0.19080895521,0.));
#11635 = ADVANCED_FACE('',(#11636),#11647,.T.);
#11636 = FACE_BOUND('',#11637,.T.);
#11637 = EDGE_LOOP('',(#11638,#11644,#11645,#11646));
#11638 = ORIENTED_EDGE('',*,*,#11639,.T.);
#11639 = EDGE_CURVE('',#404,#5625,#11640,.T.);
#11640 = LINE('',#11641,#11642);
#11641 = CARTESIAN_POINT('',(-77.829716,-28.573077,0.));
#11642 = VECTOR('',#11643,1.);
#11643 = DIRECTION('',(0.,0.,1.));
#11644 = ORIENTED_EDGE('',*,*,#5624,.T.);
#11645 = ORIENTED_EDGE('',*,*,#11605,.F.);
#11646 = ORIENTED_EDGE('',*,*,#403,.F.);
#11647 = CYLINDRICAL_SURFACE('',#11648,2.000000481925);
#11648 = AXIS2_PLACEMENT_3D('',#11649,#11650,#11651);
#11649 = CARTESIAN_POINT('',(-77.44809797837,-26.60982214816,0.));
#11650 = DIRECTION('',(0.,0.,-1.));
#11651 = DIRECTION('',(-0.190808964834,-0.981627189385,-0.));
#11652 = ADVANCED_FACE('',(#11653),#11664,.T.);
#11653 = FACE_BOUND('',#11654,.T.);
#11654 = EDGE_LOOP('',(#11655,#11656,#11657,#11663));
#11655 = ORIENTED_EDGE('',*,*,#11624,.T.);
#11656 = ORIENTED_EDGE('',*,*,#7661,.T.);
#11657 = ORIENTED_EDGE('',*,*,#11658,.F.);
#11658 = EDGE_CURVE('',#2432,#7653,#11659,.T.);
#11659 = LINE('',#11660,#11661);
#11660 = CARTESIAN_POINT('',(-29.689158,-14.652977,0.));
#11661 = VECTOR('',#11662,1.);
#11662 = DIRECTION('',(0.,0.,1.));
#11663 = ORIENTED_EDGE('',*,*,#2440,.F.);
#11664 = PLANE('',#11665);
#11665 = AXIS2_PLACEMENT_3D('',#11666,#11667,#11668);
#11666 = CARTESIAN_POINT('',(-21.339986,-16.275892,0.));
#11667 = DIRECTION('',(-0.190809036795,-0.981627175397,0.));
#11668 = DIRECTION('',(-0.981627175397,0.190809036795,0.));
#11669 = ADVANCED_FACE('',(#11670),#11681,.T.);
#11670 = FACE_BOUND('',#11671,.T.);
#11671 = EDGE_LOOP('',(#11672,#11678,#11679,#11680));
#11672 = ORIENTED_EDGE('',*,*,#11673,.T.);
#11673 = EDGE_CURVE('',#413,#5634,#11674,.T.);
#11674 = LINE('',#11675,#11676);
#11675 = CARTESIAN_POINT('',(-70.442972,-30.008915,0.));
#11676 = VECTOR('',#11677,1.);
#11677 = DIRECTION('',(0.,0.,1.));
#11678 = ORIENTED_EDGE('',*,*,#5633,.T.);
#11679 = ORIENTED_EDGE('',*,*,#11639,.F.);
#11680 = ORIENTED_EDGE('',*,*,#412,.F.);
#11681 = PLANE('',#11682);
#11682 = AXIS2_PLACEMENT_3D('',#11683,#11684,#11685);
#11683 = CARTESIAN_POINT('',(-70.442972,-30.008915,0.));
#11684 = DIRECTION('',(-0.190809048871,-0.981627173049,0.));
#11685 = DIRECTION('',(-0.981627173049,0.190809048871,0.));
#11686 = ADVANCED_FACE('',(#11687),#11698,.F.);
#11687 = FACE_BOUND('',#11688,.T.);
#11688 = EDGE_LOOP('',(#11689,#11690,#11691,#11697));
#11689 = ORIENTED_EDGE('',*,*,#11658,.T.);
#11690 = ORIENTED_EDGE('',*,*,#7652,.T.);
#11691 = ORIENTED_EDGE('',*,*,#11692,.F.);
#11692 = EDGE_CURVE('',#2423,#7644,#11693,.T.);
#11693 = LINE('',#11694,#11695);
#11694 = CARTESIAN_POINT('',(-30.275376,-15.048386,0.));
#11695 = VECTOR('',#11696,1.);
#11696 = DIRECTION('',(0.,0.,1.));
#11697 = ORIENTED_EDGE('',*,*,#2431,.F.);
#11698 = CYLINDRICAL_SURFACE('',#11699,0.500000201914);
#11699 = AXIS2_PLACEMENT_3D('',#11700,#11701,#11702);
#11700 = CARTESIAN_POINT('',(-29.78456226946,-15.14379084177,0.));
#11701 = DIRECTION('',(-0.,-0.,-1.));
#11702 = DIRECTION('',(0.190808461881,0.981627287149,-0.));
#11703 = ADVANCED_FACE('',(#11704),#11715,.T.);
#11704 = FACE_BOUND('',#11705,.T.);
#11705 = EDGE_LOOP('',(#11706,#11712,#11713,#11714));
#11706 = ORIENTED_EDGE('',*,*,#11707,.T.);
#11707 = EDGE_CURVE('',#421,#5642,#11708,.T.);
#11708 = LINE('',#11709,#11710);
#11709 = CARTESIAN_POINT('',(-62.712658,-31.511536,0.));
#11710 = VECTOR('',#11711,1.);
#11711 = DIRECTION('',(0.,0.,1.));
#11712 = ORIENTED_EDGE('',*,*,#5641,.T.);
#11713 = ORIENTED_EDGE('',*,*,#11673,.F.);
#11714 = ORIENTED_EDGE('',*,*,#420,.F.);
#11715 = PLANE('',#11716);
#11716 = AXIS2_PLACEMENT_3D('',#11717,#11718,#11719);
#11717 = CARTESIAN_POINT('',(-62.712658,-31.511536,0.));
#11718 = DIRECTION('',(-0.190809016783,-0.981627179287,0.));
#11719 = DIRECTION('',(-0.981627179287,0.190809016783,0.));
#11720 = ADVANCED_FACE('',(#11721),#11732,.F.);
#11721 = FACE_BOUND('',#11722,.T.);
#11722 = EDGE_LOOP('',(#11723,#11724,#11725,#11731));
#11723 = ORIENTED_EDGE('',*,*,#11692,.T.);
#11724 = ORIENTED_EDGE('',*,*,#7643,.T.);
#11725 = ORIENTED_EDGE('',*,*,#11726,.F.);
#11726 = EDGE_CURVE('',#2415,#7636,#11727,.T.);
#11727 = LINE('',#11728,#11729);
#11728 = CARTESIAN_POINT('',(-29.879967,-15.634605,0.));
#11729 = VECTOR('',#11730,1.);
#11730 = DIRECTION('',(0.,0.,1.));
#11731 = ORIENTED_EDGE('',*,*,#2422,.F.);
#11732 = CYLINDRICAL_SURFACE('',#11733,0.499998526185);
#11733 = AXIS2_PLACEMENT_3D('',#11734,#11735,#11736);
#11734 = CARTESIAN_POINT('',(-29.78456431021,-15.14379255825,0.));
#11735 = DIRECTION('',(-0.,-0.,-1.));
#11736 = DIRECTION('',(-0.981626273039,0.190813678962,0.));
#11737 = ADVANCED_FACE('',(#11738),#11749,.F.);
#11738 = FACE_BOUND('',#11739,.T.);
#11739 = EDGE_LOOP('',(#11740,#11746,#11747,#11748));
#11740 = ORIENTED_EDGE('',*,*,#11741,.T.);
#11741 = EDGE_CURVE('',#429,#5650,#11742,.T.);
#11742 = LINE('',#11743,#11744);
#11743 = CARTESIAN_POINT('',(-61.407808,-33.446055,0.));
#11744 = VECTOR('',#11745,1.);
#11745 = DIRECTION('',(0.,0.,1.));
#11746 = ORIENTED_EDGE('',*,*,#5649,.T.);
#11747 = ORIENTED_EDGE('',*,*,#11707,.F.);
#11748 = ORIENTED_EDGE('',*,*,#428,.F.);
#11749 = CYLINDRICAL_SURFACE('',#11750,1.649999302567);
#11750 = AXIS2_PLACEMENT_3D('',#11751,#11752,#11753);
#11751 = CARTESIAN_POINT('',(-63.0274921648,-33.1312202739,0.));
#11752 = DIRECTION('',(-0.,-0.,-1.));
#11753 = DIRECTION('',(0.981627181469,-0.190809005557,0.));
#11754 = ADVANCED_FACE('',(#11755),#11766,.T.);
#11755 = FACE_BOUND('',#11756,.T.);
#11756 = EDGE_LOOP('',(#11757,#11758,#11759,#11765));
#11757 = ORIENTED_EDGE('',*,*,#11726,.T.);
#11758 = ORIENTED_EDGE('',*,*,#7635,.T.);
#11759 = ORIENTED_EDGE('',*,*,#11760,.F.);
#11760 = EDGE_CURVE('',#2407,#7628,#11761,.T.);
#11761 = LINE('',#11762,#11763);
#11762 = CARTESIAN_POINT('',(-21.43539,-17.276064,0.));
#11763 = VECTOR('',#11764,1.);
#11764 = DIRECTION('',(0.,0.,1.));
#11765 = ORIENTED_EDGE('',*,*,#2414,.F.);
#11766 = PLANE('',#11767);
#11767 = AXIS2_PLACEMENT_3D('',#11768,#11769,#11770);
#11768 = CARTESIAN_POINT('',(-29.879967,-15.634605,0.));
#11769 = DIRECTION('',(0.190808940738,0.981627194068,-0.));
#11770 = DIRECTION('',(0.981627194068,-0.190808940738,0.));
#11771 = ADVANCED_FACE('',(#11772),#11783,.T.);
#11772 = FACE_BOUND('',#11773,.T.);
#11773 = EDGE_LOOP('',(#11774,#11780,#11781,#11782));
#11774 = ORIENTED_EDGE('',*,*,#11775,.T.);
#11775 = EDGE_CURVE('',#438,#5659,#11776,.T.);
#11776 = LINE('',#11777,#11778);
#11777 = CARTESIAN_POINT('',(-60.102958,-35.380575,0.));
#11778 = VECTOR('',#11779,1.);
#11779 = DIRECTION('',(0.,0.,1.));
#11780 = ORIENTED_EDGE('',*,*,#5658,.T.);
#11781 = ORIENTED_EDGE('',*,*,#11741,.F.);
#11782 = ORIENTED_EDGE('',*,*,#437,.F.);
#11783 = CYLINDRICAL_SURFACE('',#11784,1.649999628298);
#11784 = AXIS2_PLACEMENT_3D('',#11785,#11786,#11787);
#11785 = CARTESIAN_POINT('',(-59.7881236406,-33.76089043209,0.));
#11786 = DIRECTION('',(0.,0.,-1.));
#11787 = DIRECTION('',(-0.190808745651,-0.981627231989,-0.));
#11788 = ADVANCED_FACE('',(#11789),#11800,.T.);
#11789 = FACE_BOUND('',#11790,.T.);
#11790 = EDGE_LOOP('',(#11791,#11792,#11793,#11799));
#11791 = ORIENTED_EDGE('',*,*,#11760,.T.);
#11792 = ORIENTED_EDGE('',*,*,#7627,.T.);
#11793 = ORIENTED_EDGE('',*,*,#11794,.F.);
#11794 = EDGE_CURVE('',#2398,#7619,#11795,.T.);
#11795 = LINE('',#11796,#11797);
#11796 = CARTESIAN_POINT('',(-14.463254,-18.63131,0.));
#11797 = VECTOR('',#11798,1.);
#11798 = DIRECTION('',(0.,0.,1.));
#11799 = ORIENTED_EDGE('',*,*,#2406,.F.);
#11800 = PLANE('',#11801);
#11801 = AXIS2_PLACEMENT_3D('',#11802,#11803,#11804);
#11802 = CARTESIAN_POINT('',(-21.43539,-17.276064,0.));
#11803 = DIRECTION('',(0.19080900202,0.981627182156,-0.));
#11804 = DIRECTION('',(0.981627182156,-0.19080900202,0.));
#11805 = ADVANCED_FACE('',(#11806),#11817,.T.);
#11806 = FACE_BOUND('',#11807,.T.);
#11807 = EDGE_LOOP('',(#11808,#11814,#11815,#11816));
#11808 = ORIENTED_EDGE('',*,*,#11809,.T.);
#11809 = EDGE_CURVE('',#447,#5668,#11810,.T.);
#11810 = LINE('',#11811,#11812);
#11811 = CARTESIAN_POINT('',(-52.372644,-36.883196,0.));
#11812 = VECTOR('',#11813,1.);
#11813 = DIRECTION('',(0.,0.,1.));
#11814 = ORIENTED_EDGE('',*,*,#5667,.T.);
#11815 = ORIENTED_EDGE('',*,*,#11775,.F.);
#11816 = ORIENTED_EDGE('',*,*,#446,.F.);
#11817 = PLANE('',#11818);
#11818 = AXIS2_PLACEMENT_3D('',#11819,#11820,#11821);
#11819 = CARTESIAN_POINT('',(-52.372644,-36.883196,0.));
#11820 = DIRECTION('',(-0.190809016783,-0.981627179287,0.));
#11821 = DIRECTION('',(-0.981627179287,0.190809016783,0.));
#11822 = ADVANCED_FACE('',(#11823),#11834,.T.);
#11823 = FACE_BOUND('',#11824,.T.);
#11824 = EDGE_LOOP('',(#11825,#11826,#11827,#11833));
#11825 = ORIENTED_EDGE('',*,*,#11794,.T.);
#11826 = ORIENTED_EDGE('',*,*,#7618,.T.);
#11827 = ORIENTED_EDGE('',*,*,#11828,.F.);
#11828 = EDGE_CURVE('',#2390,#7611,#11829,.T.);
#11829 = LINE('',#11830,#11831);
#11830 = CARTESIAN_POINT('',(-12.5,-21.012928,0.));
#11831 = VECTOR('',#11832,1.);
#11832 = DIRECTION('',(0.,0.,1.));
#11833 = ORIENTED_EDGE('',*,*,#2397,.F.);
#11834 = CYLINDRICAL_SURFACE('',#11835,2.426194364032);
#11835 = AXIS2_PLACEMENT_3D('',#11836,#11837,#11838);
#11836 = CARTESIAN_POINT('',(-14.92619436403,-21.01292821277,0.));
#11837 = DIRECTION('',(0.,0.,-1.));
#11838 = DIRECTION('',(0.190809265282,0.981627130983,0.));
#11839 = ADVANCED_FACE('',(#11840),#11851,.T.);
#11840 = FACE_BOUND('',#11841,.T.);
#11841 = EDGE_LOOP('',(#11842,#11848,#11849,#11850));
#11842 = ORIENTED_EDGE('',*,*,#11843,.T.);
#11843 = EDGE_CURVE('',#455,#5676,#11844,.T.);
#11844 = LINE('',#11845,#11846);
#11845 = CARTESIAN_POINT('',(-44.985899,-38.319034,0.));
#11846 = VECTOR('',#11847,1.);
#11847 = DIRECTION('',(0.,0.,1.));
#11848 = ORIENTED_EDGE('',*,*,#5675,.T.);
#11849 = ORIENTED_EDGE('',*,*,#11809,.F.);
#11850 = ORIENTED_EDGE('',*,*,#454,.F.);
#11851 = PLANE('',#11852);
#11852 = AXIS2_PLACEMENT_3D('',#11853,#11854,#11855);
#11853 = CARTESIAN_POINT('',(-44.985899,-38.319034,0.));
#11854 = DIRECTION('',(-0.190809023981,-0.981627177888,0.));
#11855 = DIRECTION('',(-0.981627177888,0.190809023981,0.));
#11856 = ADVANCED_FACE('',(#11857),#11868,.T.);
#11857 = FACE_BOUND('',#11858,.T.);
#11858 = EDGE_LOOP('',(#11859,#11860,#11861,#11867));
#11859 = ORIENTED_EDGE('',*,*,#11828,.T.);
#11860 = ORIENTED_EDGE('',*,*,#7610,.T.);
#11861 = ORIENTED_EDGE('',*,*,#11862,.F.);
#11862 = EDGE_CURVE('',#2382,#7603,#11863,.T.);
#11863 = LINE('',#11864,#11865);
#11864 = CARTESIAN_POINT('',(-12.5,-26.653303,0.));
#11865 = VECTOR('',#11866,1.);
#11866 = DIRECTION('',(0.,0.,1.));
#11867 = ORIENTED_EDGE('',*,*,#2389,.F.);
#11868 = PLANE('',#11869);
#11869 = AXIS2_PLACEMENT_3D('',#11870,#11871,#11872);
#11870 = CARTESIAN_POINT('',(-12.5,-21.012928,0.));
#11871 = DIRECTION('',(1.,0.,-0.));
#11872 = DIRECTION('',(0.,-1.,0.));
#11873 = ADVANCED_FACE('',(#11874),#11885,.T.);
#11874 = FACE_BOUND('',#11875,.T.);
#11875 = EDGE_LOOP('',(#11876,#11882,#11883,#11884));
#11876 = ORIENTED_EDGE('',*,*,#11877,.T.);
#11877 = EDGE_CURVE('',#463,#5684,#11878,.T.);
#11878 = LINE('',#11879,#11880);
#11879 = CARTESIAN_POINT('',(-42.641027,-36.737397,0.));
#11880 = VECTOR('',#11881,1.);
#11881 = DIRECTION('',(0.,0.,1.));
#11882 = ORIENTED_EDGE('',*,*,#5683,.T.);
#11883 = ORIENTED_EDGE('',*,*,#11843,.F.);
#11884 = ORIENTED_EDGE('',*,*,#462,.F.);
#11885 = CYLINDRICAL_SURFACE('',#11886,2.000000481925);
#11886 = AXIS2_PLACEMENT_3D('',#11887,#11888,#11889);
#11887 = CARTESIAN_POINT('',(-44.60428185184,-36.35577897837,0.));
#11888 = DIRECTION('',(0.,0.,-1.));
#11889 = DIRECTION('',(0.981627189385,-0.190808964834,0.));
#11890 = ADVANCED_FACE('',(#11891),#11902,.T.);
#11891 = FACE_BOUND('',#11892,.T.);
#11892 = EDGE_LOOP('',(#11893,#11894,#11895,#11901));
#11893 = ORIENTED_EDGE('',*,*,#11862,.T.);
#11894 = ORIENTED_EDGE('',*,*,#7602,.T.);
#11895 = ORIENTED_EDGE('',*,*,#11896,.F.);
#11896 = EDGE_CURVE('',#2373,#7594,#11897,.T.);
#11897 = LINE('',#11898,#11899);
#11898 = CARTESIAN_POINT('',(-12.5,-32.293678,0.));
#11899 = VECTOR('',#11900,1.);
#11900 = DIRECTION('',(0.,0.,1.));
#11901 = ORIENTED_EDGE('',*,*,#2381,.F.);
#11902 = PLANE('',#11903);
#11903 = AXIS2_PLACEMENT_3D('',#11904,#11905,#11906);
#11904 = CARTESIAN_POINT('',(-12.5,-26.653303,0.));
#11905 = DIRECTION('',(1.,0.,-0.));
#11906 = DIRECTION('',(0.,-1.,0.));
#11907 = ADVANCED_FACE('',(#11908),#11919,.T.);
#11908 = FACE_BOUND('',#11909,.T.);
#11909 = EDGE_LOOP('',(#11910,#11916,#11917,#11918));
#11910 = ORIENTED_EDGE('',*,*,#11911,.T.);
#11911 = EDGE_CURVE('',#472,#5693,#11912,.T.);
#11912 = LINE('',#11913,#11914);
#11913 = CARTESIAN_POINT('',(-38.238109,-14.08635,0.));
#11914 = VECTOR('',#11915,1.);
#11915 = DIRECTION('',(0.,0.,1.));
#11916 = ORIENTED_EDGE('',*,*,#5692,.T.);
#11917 = ORIENTED_EDGE('',*,*,#11877,.F.);
#11918 = ORIENTED_EDGE('',*,*,#471,.F.);
#11919 = PLANE('',#11920);
#11920 = AXIS2_PLACEMENT_3D('',#11921,#11922,#11923);
#11921 = CARTESIAN_POINT('',(-38.238109,-14.08635,0.));
#11922 = DIRECTION('',(0.981627179536,-0.190809015498,0.));
#11923 = DIRECTION('',(-0.190809015498,-0.981627179536,0.));
#11924 = ADVANCED_FACE('',(#11925),#11936,.T.);
#11925 = FACE_BOUND('',#11926,.T.);
#11926 = EDGE_LOOP('',(#11927,#11928,#11929,#11935));
#11927 = ORIENTED_EDGE('',*,*,#11896,.T.);
#11928 = ORIENTED_EDGE('',*,*,#7593,.T.);
#11929 = ORIENTED_EDGE('',*,*,#11930,.F.);
#11930 = EDGE_CURVE('',#2365,#7586,#11931,.T.);
#11931 = LINE('',#11932,#11933);
#11932 = CARTESIAN_POINT('',(-14.463254,-33.91206,0.));
#11933 = VECTOR('',#11934,1.);
#11934 = DIRECTION('',(0.,0.,1.));
#11935 = ORIENTED_EDGE('',*,*,#2372,.F.);
#11936 = CYLINDRICAL_SURFACE('',#11937,1.648671987146);
#11937 = AXIS2_PLACEMENT_3D('',#11938,#11939,#11940);
#11938 = CARTESIAN_POINT('',(-14.14867198714,-32.29367887109,0.));
#11939 = DIRECTION('',(0.,0.,-1.));
#11940 = DIRECTION('',(1.,5.283633064327E-07,0.));
#11941 = ADVANCED_FACE('',(#11942),#11953,.T.);
#11942 = FACE_BOUND('',#11943,.T.);
#11943 = EDGE_LOOP('',(#11944,#11950,#11951,#11952));
#11944 = ORIENTED_EDGE('',*,*,#11945,.T.);
#11945 = EDGE_CURVE('',#480,#5701,#11946,.T.);
#11946 = LINE('',#11947,#11948);
#11947 = CARTESIAN_POINT('',(-33.453574,10.527952,0.));
#11948 = VECTOR('',#11949,1.);
#11949 = DIRECTION('',(0.,0.,1.));
#11950 = ORIENTED_EDGE('',*,*,#5700,.T.);
#11951 = ORIENTED_EDGE('',*,*,#11911,.F.);
#11952 = ORIENTED_EDGE('',*,*,#479,.F.);
#11953 = PLANE('',#11954);
#11954 = AXIS2_PLACEMENT_3D('',#11955,#11956,#11957);
#11955 = CARTESIAN_POINT('',(-33.453574,10.527952,0.));
#11956 = DIRECTION('',(0.981627188168,-0.190808971091,0.));
#11957 = DIRECTION('',(-0.190808971091,-0.981627188168,0.));
#11958 = ADVANCED_FACE('',(#11959),#11970,.T.);
#11959 = FACE_BOUND('',#11960,.T.);
#11960 = EDGE_LOOP('',(#11961,#11962,#11963,#11969));
#11961 = ORIENTED_EDGE('',*,*,#11930,.T.);
#11962 = ORIENTED_EDGE('',*,*,#7585,.T.);
#11963 = ORIENTED_EDGE('',*,*,#11964,.F.);
#11964 = EDGE_CURVE('',#2357,#7578,#11965,.T.);
#11965 = LINE('',#11966,#11967);
#11966 = CARTESIAN_POINT('',(-22.866458,-32.278643,0.));
#11967 = VECTOR('',#11968,1.);
#11968 = DIRECTION('',(0.,0.,1.));
#11969 = ORIENTED_EDGE('',*,*,#2364,.F.);
#11970 = PLANE('',#11971);
#11971 = AXIS2_PLACEMENT_3D('',#11972,#11973,#11974);
#11972 = CARTESIAN_POINT('',(-14.463254,-33.91206,0.));
#11973 = DIRECTION('',(-0.190808951334,-0.981627192009,0.));
#11974 = DIRECTION('',(-0.981627192009,0.190808951334,0.));
#11975 = ADVANCED_FACE('',(#11976),#11987,.T.);
#11976 = FACE_BOUND('',#11977,.T.);
#11977 = EDGE_LOOP('',(#11978,#11984,#11985,#11986));
#11978 = ORIENTED_EDGE('',*,*,#11979,.T.);
#11979 = EDGE_CURVE('',#488,#5709,#11980,.T.);
#11980 = LINE('',#11981,#11982);
#11981 = CARTESIAN_POINT('',(-30.999506,10.050929,0.));
#11982 = VECTOR('',#11983,1.);
#11983 = DIRECTION('',(0.,0.,1.));
#11984 = ORIENTED_EDGE('',*,*,#5708,.T.);
#11985 = ORIENTED_EDGE('',*,*,#11945,.F.);
#11986 = ORIENTED_EDGE('',*,*,#487,.F.);
#11987 = PLANE('',#11988);
#11988 = AXIS2_PLACEMENT_3D('',#11989,#11990,#11991);
#11989 = CARTESIAN_POINT('',(-30.999506,10.050929,0.));
#11990 = DIRECTION('',(-0.19080918945,-0.981627145724,0.));
#11991 = DIRECTION('',(-0.981627145724,0.19080918945,0.));
#11992 = ADVANCED_FACE('',(#11993),#12004,.T.);
#11993 = FACE_BOUND('',#11994,.T.);
#11994 = EDGE_LOOP('',(#11995,#11996,#11997,#12003));
#11995 = ORIENTED_EDGE('',*,*,#11964,.T.);
#11996 = ORIENTED_EDGE('',*,*,#7577,.T.);
#11997 = ORIENTED_EDGE('',*,*,#11998,.F.);
#11998 = EDGE_CURVE('',#2348,#7569,#11999,.T.);
#11999 = LINE('',#12000,#12001);
#12000 = CARTESIAN_POINT('',(-32.742102,-30.359012,0.));
#12001 = VECTOR('',#12002,1.);
#12002 = DIRECTION('',(0.,0.,1.));
#12003 = ORIENTED_EDGE('',*,*,#2356,.F.);
#12004 = PLANE('',#12005);
#12005 = AXIS2_PLACEMENT_3D('',#12006,#12007,#12008);
#12006 = CARTESIAN_POINT('',(-22.866458,-32.278643,0.));
#12007 = DIRECTION('',(-0.190809020887,-0.981627178489,0.));
#12008 = DIRECTION('',(-0.981627178489,0.190809020887,0.));
#12009 = ADVANCED_FACE('',(#12010),#12021,.T.);
#12010 = FACE_BOUND('',#12011,.T.);
#12011 = EDGE_LOOP('',(#12012,#12018,#12019,#12020));
#12012 = ORIENTED_EDGE('',*,*,#12013,.T.);
#12013 = EDGE_CURVE('',#496,#5717,#12014,.T.);
#12014 = LINE('',#12015,#12016);
#12015 = CARTESIAN_POINT('',(-30.508692,9.955525,0.));
#12016 = VECTOR('',#12017,1.);
#12017 = DIRECTION('',(0.,0.,1.));
#12018 = ORIENTED_EDGE('',*,*,#5716,.T.);
#12019 = ORIENTED_EDGE('',*,*,#11979,.F.);
#12020 = ORIENTED_EDGE('',*,*,#495,.F.);
#12021 = PLANE('',#12022);
#12022 = AXIS2_PLACEMENT_3D('',#12023,#12024,#12025);
#12023 = CARTESIAN_POINT('',(-30.508692,9.955525,0.));
#12024 = DIRECTION('',(-0.190807883297,-0.981627399613,0.));
#12025 = DIRECTION('',(-0.981627399613,0.190807883297,0.));
#12026 = ADVANCED_FACE('',(#12027),#12038,.F.);
#12027 = FACE_BOUND('',#12028,.T.);
#12028 = EDGE_LOOP('',(#12029,#12030,#12031,#12037));
#12029 = ORIENTED_EDGE('',*,*,#11998,.T.);
#12030 = ORIENTED_EDGE('',*,*,#7568,.T.);
#12031 = ORIENTED_EDGE('',*,*,#12032,.F.);
#12032 = EDGE_CURVE('',#2339,#7560,#12033,.T.);
#12033 = LINE('',#12034,#12035);
#12034 = CARTESIAN_POINT('',(-33.32832,-30.754421,0.));
#12035 = VECTOR('',#12036,1.);
#12036 = DIRECTION('',(0.,0.,1.));
#12037 = ORIENTED_EDGE('',*,*,#2347,.F.);
#12038 = CYLINDRICAL_SURFACE('',#12039,0.500000201914);
#12039 = AXIS2_PLACEMENT_3D('',#12040,#12041,#12042);
#12040 = CARTESIAN_POINT('',(-32.83750626946,-30.84982584177,0.));
#12041 = DIRECTION('',(-0.,-0.,-1.));
#12042 = DIRECTION('',(0.190808461881,0.981627287149,-0.));
#12043 = ADVANCED_FACE('',(#12044),#12055,.T.);
#12044 = FACE_BOUND('',#12045,.T.);
#12045 = EDGE_LOOP('',(#12046,#12052,#12053,#12054));
#12046 = ORIENTED_EDGE('',*,*,#12047,.T.);
#12047 = EDGE_CURVE('',#504,#5725,#12048,.T.);
#12048 = LINE('',#12049,#12050);
#12049 = CARTESIAN_POINT('',(-26.582183,9.192289,0.));
#12050 = VECTOR('',#12051,1.);
#12051 = DIRECTION('',(0.,0.,1.));
#12052 = ORIENTED_EDGE('',*,*,#5724,.T.);
#12053 = ORIENTED_EDGE('',*,*,#12013,.F.);
#12054 = ORIENTED_EDGE('',*,*,#503,.F.);
#12055 = PLANE('',#12056);
#12056 = AXIS2_PLACEMENT_3D('',#12057,#12058,#12059);
#12057 = CARTESIAN_POINT('',(-26.582183,9.192289,0.));
#12058 = DIRECTION('',(-0.190808987366,-0.981627185005,0.));
#12059 = DIRECTION('',(-0.981627185005,0.190808987366,0.));
#12060 = ADVANCED_FACE('',(#12061),#12072,.F.);
#12061 = FACE_BOUND('',#12062,.T.);
#12062 = EDGE_LOOP('',(#12063,#12064,#12065,#12071));
#12063 = ORIENTED_EDGE('',*,*,#12032,.T.);
#12064 = ORIENTED_EDGE('',*,*,#7559,.T.);
#12065 = ORIENTED_EDGE('',*,*,#12066,.F.);
#12066 = EDGE_CURVE('',#2331,#7552,#12067,.T.);
#12067 = LINE('',#12068,#12069);
#12068 = CARTESIAN_POINT('',(-32.932911,-31.340639,0.));
#12069 = VECTOR('',#12070,1.);
#12070 = DIRECTION('',(0.,0.,1.));
#12071 = ORIENTED_EDGE('',*,*,#2338,.F.);
#12072 = CYLINDRICAL_SURFACE('',#12073,0.49999820045);
#12073 = AXIS2_PLACEMENT_3D('',#12074,#12075,#12076);
#12074 = CARTESIAN_POINT('',(-32.83750850481,-30.84982685226,0.));
#12075 = DIRECTION('',(-0.,-0.,-1.));
#12076 = DIRECTION('',(-0.981626523345,0.19081239128,0.));
#12077 = ADVANCED_FACE('',(#12078),#12089,.T.);
#12078 = FACE_BOUND('',#12079,.T.);
#12079 = EDGE_LOOP('',(#12080,#12086,#12087,#12088));
#12080 = ORIENTED_EDGE('',*,*,#12081,.T.);
#12081 = EDGE_CURVE('',#512,#5733,#12082,.T.);
#12082 = LINE('',#12083,#12084);
#12083 = CARTESIAN_POINT('',(-21.022719,8.111638,0.));
#12084 = VECTOR('',#12085,1.);
#12085 = DIRECTION('',(0.,0.,1.));
#12086 = ORIENTED_EDGE('',*,*,#5732,.T.);
#12087 = ORIENTED_EDGE('',*,*,#12047,.F.);
#12088 = ORIENTED_EDGE('',*,*,#511,.F.);
#12089 = PLANE('',#12090);
#12090 = AXIS2_PLACEMENT_3D('',#12091,#12092,#12093);
#12091 = CARTESIAN_POINT('',(-21.022719,8.111638,0.));
#12092 = DIRECTION('',(-0.190809109207,-0.981627161321,0.));
#12093 = DIRECTION('',(-0.981627161321,0.190809109207,0.));
#12094 = ADVANCED_FACE('',(#12095),#12106,.T.);
#12095 = FACE_BOUND('',#12096,.T.);
#12096 = EDGE_LOOP('',(#12097,#12098,#12099,#12105));
#12097 = ORIENTED_EDGE('',*,*,#12066,.T.);
#12098 = ORIENTED_EDGE('',*,*,#7551,.T.);
#12099 = ORIENTED_EDGE('',*,*,#12100,.F.);
#12100 = EDGE_CURVE('',#2323,#7544,#12101,.T.);
#12101 = LINE('',#12102,#12103);
#12102 = CARTESIAN_POINT('',(-22.961862,-33.278815,0.));
#12103 = VECTOR('',#12104,1.);
#12104 = DIRECTION('',(0.,0.,1.));
#12105 = ORIENTED_EDGE('',*,*,#2330,.F.);
#12106 = PLANE('',#12107);
#12107 = AXIS2_PLACEMENT_3D('',#12108,#12109,#12110);
#12108 = CARTESIAN_POINT('',(-32.932911,-31.340639,0.));
#12109 = DIRECTION('',(0.190809034551,0.981627175833,-0.));
#12110 = DIRECTION('',(0.981627175833,-0.190809034551,0.));
#12111 = ADVANCED_FACE('',(#12112),#12123,.T.);
#12112 = FACE_BOUND('',#12113,.T.);
#12113 = EDGE_LOOP('',(#12114,#12120,#12121,#12122));
#12114 = ORIENTED_EDGE('',*,*,#12115,.T.);
#12115 = EDGE_CURVE('',#520,#5741,#12116,.T.);
#12116 = LINE('',#12117,#12118);
#12117 = CARTESIAN_POINT('',(-14.,6.74656,0.));
#12118 = VECTOR('',#12119,1.);
#12119 = DIRECTION('',(0.,0.,1.));
#12120 = ORIENTED_EDGE('',*,*,#5740,.T.);
#12121 = ORIENTED_EDGE('',*,*,#12081,.F.);
#12122 = ORIENTED_EDGE('',*,*,#519,.F.);
#12123 = PLANE('',#12124);
#12124 = AXIS2_PLACEMENT_3D('',#12125,#12126,#12127);
#12125 = CARTESIAN_POINT('',(-14.,6.74656,0.));
#12126 = DIRECTION('',(-0.190808956289,-0.981627191046,0.));
#12127 = DIRECTION('',(-0.981627191046,0.190808956289,0.));
#12128 = ADVANCED_FACE('',(#12129),#12140,.T.);
#12129 = FACE_BOUND('',#12130,.T.);
#12130 = EDGE_LOOP('',(#12131,#12132,#12133,#12139));
#12131 = ORIENTED_EDGE('',*,*,#12100,.T.);
#12132 = ORIENTED_EDGE('',*,*,#7543,.T.);
#12133 = ORIENTED_EDGE('',*,*,#12134,.F.);
#12134 = EDGE_CURVE('',#2315,#7536,#12135,.T.);
#12135 = LINE('',#12136,#12137);
#12136 = CARTESIAN_POINT('',(-12.5,-35.312395,0.));
#12137 = VECTOR('',#12138,1.);
#12138 = DIRECTION('',(0.,0.,1.));
#12139 = ORIENTED_EDGE('',*,*,#2322,.F.);
#12140 = PLANE('',#12141);
#12141 = AXIS2_PLACEMENT_3D('',#12142,#12143,#12144);
#12142 = CARTESIAN_POINT('',(-22.961862,-33.278815,0.));
#12143 = DIRECTION('',(0.190808998115,0.981627182915,-0.));
#12144 = DIRECTION('',(0.981627182915,-0.190808998115,0.));
#12145 = ADVANCED_FACE('',(#12146),#12157,.F.);
#12146 = FACE_BOUND('',#12147,.T.);
#12147 = EDGE_LOOP('',(#12148,#12154,#12155,#12156));
#12148 = ORIENTED_EDGE('',*,*,#12149,.T.);
#12149 = EDGE_CURVE('',#528,#5749,#12150,.T.);
#12150 = LINE('',#12151,#12152);
#12151 = CARTESIAN_POINT('',(-13.5,6.140011,0.));
#12152 = VECTOR('',#12153,1.);
#12153 = DIRECTION('',(0.,0.,1.));
#12154 = ORIENTED_EDGE('',*,*,#5748,.T.);
#12155 = ORIENTED_EDGE('',*,*,#12115,.F.);
#12156 = ORIENTED_EDGE('',*,*,#527,.F.);
#12157 = CYLINDRICAL_SURFACE('',#12158,0.617899825514);
#12158 = AXIS2_PLACEMENT_3D('',#12159,#12160,#12161);
#12159 = CARTESIAN_POINT('',(-14.11789982551,6.14001253647,0.));
#12160 = DIRECTION('',(-0.,-0.,-1.));
#12161 = DIRECTION('',(0.999999999997,-2.486600695722E-06,0.));
#12162 = ADVANCED_FACE('',(#12163),#12174,.T.);
#12163 = FACE_BOUND('',#12164,.T.);
#12164 = EDGE_LOOP('',(#12165,#12166,#12167,#12173));
#12165 = ORIENTED_EDGE('',*,*,#12134,.T.);
#12166 = ORIENTED_EDGE('',*,*,#7535,.T.);
#12167 = ORIENTED_EDGE('',*,*,#12168,.F.);
#12168 = EDGE_CURVE('',#2306,#7527,#12169,.T.);
#12169 = LINE('',#12170,#12171);
#12170 = CARTESIAN_POINT('',(-12.,-35.312395,0.));
#12171 = VECTOR('',#12172,1.);
#12172 = DIRECTION('',(0.,0.,1.));
#12173 = ORIENTED_EDGE('',*,*,#2314,.F.);
#12174 = PLANE('',#12175);
#12175 = AXIS2_PLACEMENT_3D('',#12176,#12177,#12178);
#12176 = CARTESIAN_POINT('',(-12.5,-35.312395,0.));
#12177 = DIRECTION('',(0.,1.,0.));
#12178 = DIRECTION('',(1.,0.,0.));
#12179 = ADVANCED_FACE('',(#12180),#12191,.F.);
#12180 = FACE_BOUND('',#12181,.T.);
#12181 = EDGE_LOOP('',(#12182,#12188,#12189,#12190));
#12182 = ORIENTED_EDGE('',*,*,#12183,.T.);
#12183 = EDGE_CURVE('',#537,#5758,#12184,.T.);
#12184 = LINE('',#12185,#12186);
#12185 = CARTESIAN_POINT('',(-14.,5.727843,0.));
#12186 = VECTOR('',#12187,1.);
#12187 = DIRECTION('',(0.,0.,1.));
#12188 = ORIENTED_EDGE('',*,*,#5757,.T.);
#12189 = ORIENTED_EDGE('',*,*,#12149,.F.);
#12190 = ORIENTED_EDGE('',*,*,#536,.F.);
#12191 = CYLINDRICAL_SURFACE('',#12192,0.419882893993);
#12192 = AXIS2_PLACEMENT_3D('',#12193,#12194,#12195);
#12193 = CARTESIAN_POINT('',(-13.91988289399,6.140011526203,0.));
#12194 = DIRECTION('',(-0.,-0.,-1.));
#12195 = DIRECTION('',(-0.190808216181,-0.981627334908,0.));
#12196 = ADVANCED_FACE('',(#12197),#12208,.F.);
#12197 = FACE_BOUND('',#12198,.T.);
#12198 = EDGE_LOOP('',(#12199,#12200,#12201,#12207));
#12199 = ORIENTED_EDGE('',*,*,#12168,.T.);
#12200 = ORIENTED_EDGE('',*,*,#7526,.T.);
#12201 = ORIENTED_EDGE('',*,*,#12202,.F.);
#12202 = EDGE_CURVE('',#2298,#7519,#12203,.T.);
#12203 = LINE('',#12204,#12205);
#12204 = CARTESIAN_POINT('',(-11.5,-34.812395,0.));
#12205 = VECTOR('',#12206,1.);
#12206 = DIRECTION('',(0.,0.,1.));
#12207 = ORIENTED_EDGE('',*,*,#2305,.F.);
#12208 = CYLINDRICAL_SURFACE('',#12209,0.500001333575);
#12209 = AXIS2_PLACEMENT_3D('',#12210,#12211,#12212);
#12210 = CARTESIAN_POINT('',(-12.00000133357,-34.81239366642,0.));
#12211 = DIRECTION('',(-0.,-0.,-1.));
#12212 = DIRECTION('',(2.66713918749E-06,-0.999999999996,0.));
#12213 = ADVANCED_FACE('',(#12214),#12225,.T.);
#12214 = FACE_BOUND('',#12215,.T.);
#12215 = EDGE_LOOP('',(#12216,#12222,#12223,#12224));
#12216 = ORIENTED_EDGE('',*,*,#12217,.T.);
#12217 = EDGE_CURVE('',#546,#5767,#12218,.T.);
#12218 = LINE('',#12219,#12220);
#12219 = CARTESIAN_POINT('',(-23.081378,7.493084,0.));
#12220 = VECTOR('',#12221,1.);
#12221 = DIRECTION('',(0.,0.,1.));
#12222 = ORIENTED_EDGE('',*,*,#5766,.T.);
#12223 = ORIENTED_EDGE('',*,*,#12183,.F.);
#12224 = ORIENTED_EDGE('',*,*,#545,.F.);
#12225 = PLANE('',#12226);
#12226 = AXIS2_PLACEMENT_3D('',#12227,#12228,#12229);
#12227 = CARTESIAN_POINT('',(-23.081378,7.493084,0.));
#12228 = DIRECTION('',(0.190808988811,0.981627184724,-0.));
#12229 = DIRECTION('',(0.981627184724,-0.190808988811,0.));
#12230 = ADVANCED_FACE('',(#12231),#12242,.T.);
#12231 = FACE_BOUND('',#12232,.T.);
#12232 = EDGE_LOOP('',(#12233,#12234,#12235,#12241));
#12233 = ORIENTED_EDGE('',*,*,#12202,.T.);
#12234 = ORIENTED_EDGE('',*,*,#7518,.T.);
#12235 = ORIENTED_EDGE('',*,*,#12236,.F.);
#12236 = EDGE_CURVE('',#2290,#7511,#12237,.T.);
#12237 = LINE('',#12238,#12239);
#12238 = CARTESIAN_POINT('',(-11.5,-30.312395,0.));
#12239 = VECTOR('',#12240,1.);
#12240 = DIRECTION('',(0.,0.,1.));
#12241 = ORIENTED_EDGE('',*,*,#2297,.F.);
#12242 = PLANE('',#12243);
#12243 = AXIS2_PLACEMENT_3D('',#12244,#12245,#12246);
#12244 = CARTESIAN_POINT('',(-11.5,-34.812395,0.));
#12245 = DIRECTION('',(-1.,0.,0.));
#12246 = DIRECTION('',(0.,1.,0.));
#12247 = ADVANCED_FACE('',(#12248),#12259,.T.);
#12248 = FACE_BOUND('',#12249,.T.);
#12249 = EDGE_LOOP('',(#12250,#12256,#12257,#12258));
#12250 = ORIENTED_EDGE('',*,*,#12251,.T.);
#12251 = EDGE_CURVE('',#554,#5775,#12252,.T.);
#12252 = LINE('',#12253,#12254);
#12253 = CARTESIAN_POINT('',(-30.699501,8.973897,0.));
#12254 = VECTOR('',#12255,1.);
#12255 = DIRECTION('',(0.,0.,1.));
#12256 = ORIENTED_EDGE('',*,*,#5774,.T.);
#12257 = ORIENTED_EDGE('',*,*,#12217,.F.);
#12258 = ORIENTED_EDGE('',*,*,#553,.F.);
#12259 = PLANE('',#12260);
#12260 = AXIS2_PLACEMENT_3D('',#12261,#12262,#12263);
#12261 = CARTESIAN_POINT('',(-30.699501,8.973897,0.));
#12262 = DIRECTION('',(0.19080898249,0.981627185953,-0.));
#12263 = DIRECTION('',(0.981627185953,-0.19080898249,0.));
#12264 = ADVANCED_FACE('',(#12265),#12276,.T.);
#12265 = FACE_BOUND('',#12266,.T.);
#12266 = EDGE_LOOP('',(#12267,#12268,#12269,#12275));
#12267 = ORIENTED_EDGE('',*,*,#12236,.T.);
#12268 = ORIENTED_EDGE('',*,*,#7510,.T.);
#12269 = ORIENTED_EDGE('',*,*,#12270,.F.);
#12270 = EDGE_CURVE('',#2282,#7503,#12271,.T.);
#12271 = LINE('',#12272,#12273);
#12272 = CARTESIAN_POINT('',(-11.5,-25.312395,0.));
#12273 = VECTOR('',#12274,1.);
#12274 = DIRECTION('',(0.,0.,1.));
#12275 = ORIENTED_EDGE('',*,*,#2289,.F.);
#12276 = PLANE('',#12277);
#12277 = AXIS2_PLACEMENT_3D('',#12278,#12279,#12280);
#12278 = CARTESIAN_POINT('',(-11.5,-30.312395,0.));
#12279 = DIRECTION('',(-1.,0.,0.));
#12280 = DIRECTION('',(0.,1.,0.));
#12281 = ADVANCED_FACE('',(#12282),#12293,.T.);
#12282 = FACE_BOUND('',#12283,.T.);
#12283 = EDGE_LOOP('',(#12284,#12290,#12291,#12292));
#12284 = ORIENTED_EDGE('',*,*,#12285,.T.);
#12285 = EDGE_CURVE('',#562,#5783,#12286,.T.);
#12286 = LINE('',#12287,#12288);
#12287 = CARTESIAN_POINT('',(-33.044373,7.392261,0.));
#12288 = VECTOR('',#12289,1.);
#12289 = DIRECTION('',(0.,0.,1.));
#12290 = ORIENTED_EDGE('',*,*,#5782,.T.);
#12291 = ORIENTED_EDGE('',*,*,#12251,.F.);
#12292 = ORIENTED_EDGE('',*,*,#561,.F.);
#12293 = CYLINDRICAL_SURFACE('',#12294,1.999998806183);
#12294 = AXIS2_PLACEMENT_3D('',#12295,#12296,#12297);
#12295 = CARTESIAN_POINT('',(-31.08111966067,7.010643979485,0.));
#12296 = DIRECTION('',(0.,0.,-1.));
#12297 = DIRECTION('',(-0.981627255606,0.190808624153,0.));
#12298 = ADVANCED_FACE('',(#12299),#12310,.T.);
#12299 = FACE_BOUND('',#12300,.T.);
#12300 = EDGE_LOOP('',(#12301,#12302,#12303,#12309));
#12301 = ORIENTED_EDGE('',*,*,#12270,.T.);
#12302 = ORIENTED_EDGE('',*,*,#7502,.T.);
#12303 = ORIENTED_EDGE('',*,*,#12304,.F.);
#12304 = EDGE_CURVE('',#2274,#7495,#12305,.T.);
#12305 = LINE('',#12306,#12307);
#12306 = CARTESIAN_POINT('',(-11.5,-14.406198,0.));
#12307 = VECTOR('',#12308,1.);
#12308 = DIRECTION('',(0.,0.,1.));
#12309 = ORIENTED_EDGE('',*,*,#2281,.F.);
#12310 = PLANE('',#12311);
#12311 = AXIS2_PLACEMENT_3D('',#12312,#12313,#12314);
#12312 = CARTESIAN_POINT('',(-11.5,-25.312395,0.));
#12313 = DIRECTION('',(-1.,0.,0.));
#12314 = DIRECTION('',(0.,1.,0.));
#12315 = ADVANCED_FACE('',(#12316),#12327,.T.);
#12316 = FACE_BOUND('',#12317,.T.);
#12317 = EDGE_LOOP('',(#12318,#12324,#12325,#12326));
#12318 = ORIENTED_EDGE('',*,*,#12319,.T.);
#12319 = EDGE_CURVE('',#571,#5792,#12320,.T.);
#12320 = LINE('',#12321,#12322);
#12321 = CARTESIAN_POINT('',(-34.093823,1.993311,0.));
#12322 = VECTOR('',#12323,1.);
#12323 = DIRECTION('',(0.,0.,1.));
#12324 = ORIENTED_EDGE('',*,*,#5791,.T.);
#12325 = ORIENTED_EDGE('',*,*,#12285,.F.);
#12326 = ORIENTED_EDGE('',*,*,#570,.F.);
#12327 = PLANE('',#12328);
#12328 = AXIS2_PLACEMENT_3D('',#12329,#12330,#12331);
#12329 = CARTESIAN_POINT('',(-34.093823,1.993311,0.));
#12330 = DIRECTION('',(-0.981627168805,0.190809070709,0.));
#12331 = DIRECTION('',(0.190809070709,0.981627168805,0.));
#12332 = ADVANCED_FACE('',(#12333),#12344,.T.);
#12333 = FACE_BOUND('',#12334,.T.);
#12334 = EDGE_LOOP('',(#12335,#12336,#12337,#12343));
#12335 = ORIENTED_EDGE('',*,*,#12304,.T.);
#12336 = ORIENTED_EDGE('',*,*,#7494,.T.);
#12337 = ORIENTED_EDGE('',*,*,#12338,.F.);
#12338 = EDGE_CURVE('',#2265,#7486,#12339,.T.);
#12339 = LINE('',#12340,#12341);
#12340 = CARTESIAN_POINT('',(-11.5,-5.5,0.));
#12341 = VECTOR('',#12342,1.);
#12342 = DIRECTION('',(0.,0.,1.));
#12343 = ORIENTED_EDGE('',*,*,#2273,.F.);
#12344 = PLANE('',#12345);
#12345 = AXIS2_PLACEMENT_3D('',#12346,#12347,#12348);
#12346 = CARTESIAN_POINT('',(-11.5,-14.406198,0.));
#12347 = DIRECTION('',(-1.,0.,0.));
#12348 = DIRECTION('',(0.,1.,0.));
#12349 = ADVANCED_FACE('',(#12350),#12361,.T.);
#12350 = FACE_BOUND('',#12351,.T.);
#12351 = EDGE_LOOP('',(#12352,#12358,#12359,#12360));
#12352 = ORIENTED_EDGE('',*,*,#12353,.T.);
#12353 = EDGE_CURVE('',#579,#5800,#12354,.T.);
#12354 = LINE('',#12355,#12356);
#12355 = CARTESIAN_POINT('',(-35.143272,-3.405638,0.));
#12356 = VECTOR('',#12357,1.);
#12357 = DIRECTION('',(0.,0.,1.));
#12358 = ORIENTED_EDGE('',*,*,#5799,.T.);
#12359 = ORIENTED_EDGE('',*,*,#12319,.F.);
#12360 = ORIENTED_EDGE('',*,*,#578,.F.);
#12361 = PLANE('',#12362);
#12362 = AXIS2_PLACEMENT_3D('',#12363,#12364,#12365);
#12363 = CARTESIAN_POINT('',(-35.143272,-3.405638,0.));
#12364 = DIRECTION('',(-0.98162719624,0.190808929565,0.));
#12365 = DIRECTION('',(0.190808929565,0.98162719624,0.));
#12366 = ADVANCED_FACE('',(#12367),#12378,.T.);
#12367 = FACE_BOUND('',#12368,.T.);
#12368 = EDGE_LOOP('',(#12369,#12370,#12371,#12377));
#12369 = ORIENTED_EDGE('',*,*,#12338,.T.);
#12370 = ORIENTED_EDGE('',*,*,#7485,.T.);
#12371 = ORIENTED_EDGE('',*,*,#12372,.F.);
#12372 = EDGE_CURVE('',#2257,#7478,#12373,.T.);
#12373 = LINE('',#12374,#12375);
#12374 = CARTESIAN_POINT('',(-9.5,-3.5,0.));
#12375 = VECTOR('',#12376,1.);
#12376 = DIRECTION('',(0.,0.,1.));
#12377 = ORIENTED_EDGE('',*,*,#2264,.F.);
#12378 = CYLINDRICAL_SURFACE('',#12379,1.99999850585);
#12379 = AXIS2_PLACEMENT_3D('',#12380,#12381,#12382);
#12380 = CARTESIAN_POINT('',(-9.50000149415,-5.49999850585,0.));
#12381 = DIRECTION('',(0.,0.,-1.));
#12382 = DIRECTION('',(-1.,-7.470757416152E-07,-0.));
#12383 = ADVANCED_FACE('',(#12384),#12395,.T.);
#12384 = FACE_BOUND('',#12385,.T.);
#12385 = EDGE_LOOP('',(#12386,#12392,#12393,#12394));
#12386 = ORIENTED_EDGE('',*,*,#12387,.T.);
#12387 = EDGE_CURVE('',#587,#5808,#12388,.T.);
#12388 = LINE('',#12389,#12390);
#12389 = CARTESIAN_POINT('',(-33.561636,-5.75051,0.));
#12390 = VECTOR('',#12391,1.);
#12391 = DIRECTION('',(0.,0.,1.));
#12392 = ORIENTED_EDGE('',*,*,#5807,.T.);
#12393 = ORIENTED_EDGE('',*,*,#12353,.F.);
#12394 = ORIENTED_EDGE('',*,*,#586,.F.);
#12395 = CYLINDRICAL_SURFACE('',#12396,1.999998806183);
#12396 = AXIS2_PLACEMENT_3D('',#12397,#12398,#12399);
#12397 = CARTESIAN_POINT('',(-33.18001897948,-3.787256660671,0.));
#12398 = DIRECTION('',(0.,0.,-1.));
#12399 = DIRECTION('',(-0.190808624153,-0.981627255606,-0.));
#12400 = ADVANCED_FACE('',(#12401),#12412,.T.);
#12401 = FACE_BOUND('',#12402,.T.);
#12402 = EDGE_LOOP('',(#12403,#12404,#12405,#12411));
#12403 = ORIENTED_EDGE('',*,*,#12372,.T.);
#12404 = ORIENTED_EDGE('',*,*,#7477,.T.);
#12405 = ORIENTED_EDGE('',*,*,#12406,.F.);
#12406 = EDGE_CURVE('',#2249,#7470,#12407,.T.);
#12407 = LINE('',#12408,#12409);
#12408 = CARTESIAN_POINT('',(-5.75,-3.5,0.));
#12409 = VECTOR('',#12410,1.);
#12410 = DIRECTION('',(0.,0.,1.));
#12411 = ORIENTED_EDGE('',*,*,#2256,.F.);
#12412 = PLANE('',#12413);
#12413 = AXIS2_PLACEMENT_3D('',#12414,#12415,#12416);
#12414 = CARTESIAN_POINT('',(-9.5,-3.5,0.));
#12415 = DIRECTION('',(0.,1.,0.));
#12416 = DIRECTION('',(1.,0.,0.));
#12417 = ADVANCED_FACE('',(#12418),#12429,.T.);
#12418 = FACE_BOUND('',#12419,.T.);
#12419 = EDGE_LOOP('',(#12420,#12426,#12427,#12428));
#12420 = ORIENTED_EDGE('',*,*,#12421,.T.);
#12421 = EDGE_CURVE('',#596,#5817,#12422,.T.);
#12422 = LINE('',#12423,#12424);
#12423 = CARTESIAN_POINT('',(-27.512445,-6.926354,0.));
#12424 = VECTOR('',#12425,1.);
#12425 = DIRECTION('',(0.,0.,1.));
#12426 = ORIENTED_EDGE('',*,*,#5816,.T.);
#12427 = ORIENTED_EDGE('',*,*,#12387,.F.);
#12428 = ORIENTED_EDGE('',*,*,#595,.F.);
#12429 = PLANE('',#12430);
#12430 = AXIS2_PLACEMENT_3D('',#12431,#12432,#12433);
#12431 = CARTESIAN_POINT('',(-27.512445,-6.926354,0.));
#12432 = DIRECTION('',(-0.190809055325,-0.981627171795,0.));
#12433 = DIRECTION('',(-0.981627171795,0.190809055325,0.));
#12434 = ADVANCED_FACE('',(#12435),#12446,.T.);
#12435 = FACE_BOUND('',#12436,.T.);
#12436 = EDGE_LOOP('',(#12437,#12438,#12439,#12445));
#12437 = ORIENTED_EDGE('',*,*,#12406,.T.);
#12438 = ORIENTED_EDGE('',*,*,#7469,.T.);
#12439 = ORIENTED_EDGE('',*,*,#12440,.F.);
#12440 = EDGE_CURVE('',#2241,#7462,#12441,.T.);
#12441 = LINE('',#12442,#12443);
#12442 = CARTESIAN_POINT('',(0.,-3.5,0.));
#12443 = VECTOR('',#12444,1.);
#12444 = DIRECTION('',(0.,0.,1.));
#12445 = ORIENTED_EDGE('',*,*,#2248,.F.);
#12446 = PLANE('',#12447);
#12447 = AXIS2_PLACEMENT_3D('',#12448,#12449,#12450);
#12448 = CARTESIAN_POINT('',(-5.75,-3.5,0.));
#12449 = DIRECTION('',(0.,1.,0.));
#12450 = DIRECTION('',(1.,0.,0.));
#12451 = ADVANCED_FACE('',(#12452),#12463,.T.);
#12452 = FACE_BOUND('',#12453,.T.);
#12453 = EDGE_LOOP('',(#12454,#12460,#12461,#12462));
#12454 = ORIENTED_EDGE('',*,*,#12455,.T.);
#12455 = EDGE_CURVE('',#604,#5825,#12456,.T.);
#12456 = LINE('',#12457,#12458);
#12457 = CARTESIAN_POINT('',(-20.,-8.386625,0.));
#12458 = VECTOR('',#12459,1.);
#12459 = DIRECTION('',(0.,0.,1.));
#12460 = ORIENTED_EDGE('',*,*,#5824,.T.);
#12461 = ORIENTED_EDGE('',*,*,#12421,.F.);
#12462 = ORIENTED_EDGE('',*,*,#603,.F.);
#12463 = PLANE('',#12464);
#12464 = AXIS2_PLACEMENT_3D('',#12465,#12466,#12467);
#12465 = CARTESIAN_POINT('',(-20.,-8.386625,0.));
#12466 = DIRECTION('',(-0.190808947345,-0.981627192784,0.));
#12467 = DIRECTION('',(-0.981627192784,0.190808947345,0.));
#12468 = ADVANCED_FACE('',(#12469),#12480,.T.);
#12469 = FACE_BOUND('',#12470,.T.);
#12470 = EDGE_LOOP('',(#12471,#12472,#12473,#12479));
#12471 = ORIENTED_EDGE('',*,*,#12440,.T.);
#12472 = ORIENTED_EDGE('',*,*,#7461,.T.);
#12473 = ORIENTED_EDGE('',*,*,#12474,.F.);
#12474 = EDGE_CURVE('',#2233,#7454,#12475,.T.);
#12475 = LINE('',#12476,#12477);
#12476 = CARTESIAN_POINT('',(5.75,-3.5,0.));
#12477 = VECTOR('',#12478,1.);
#12478 = DIRECTION('',(0.,0.,1.));
#12479 = ORIENTED_EDGE('',*,*,#2240,.F.);
#12480 = PLANE('',#12481);
#12481 = AXIS2_PLACEMENT_3D('',#12482,#12483,#12484);
#12482 = CARTESIAN_POINT('',(0.,-3.5,0.));
#12483 = DIRECTION('',(0.,1.,0.));
#12484 = DIRECTION('',(1.,0.,0.));
#12485 = ADVANCED_FACE('',(#12486),#12497,.F.);
#12486 = FACE_BOUND('',#12487,.T.);
#12487 = EDGE_LOOP('',(#12488,#12494,#12495,#12496));
#12488 = ORIENTED_EDGE('',*,*,#12489,.T.);
#12489 = EDGE_CURVE('',#612,#5833,#12490,.T.);
#12490 = LINE('',#12491,#12492);
#12491 = CARTESIAN_POINT('',(-19.5,-8.993174,0.));
#12492 = VECTOR('',#12493,1.);
#12493 = DIRECTION('',(0.,0.,1.));
#12494 = ORIENTED_EDGE('',*,*,#5832,.T.);
#12495 = ORIENTED_EDGE('',*,*,#12455,.F.);
#12496 = ORIENTED_EDGE('',*,*,#611,.F.);
#12497 = CYLINDRICAL_SURFACE('',#12498,0.617899825514);
#12498 = AXIS2_PLACEMENT_3D('',#12499,#12500,#12501);
#12499 = CARTESIAN_POINT('',(-20.11789982551,-8.99317246353,0.));
#12500 = DIRECTION('',(-0.,-0.,-1.));
#12501 = DIRECTION('',(0.999999999997,-2.48660069716E-06,0.));
#12502 = ADVANCED_FACE('',(#12503),#12514,.T.);
#12503 = FACE_BOUND('',#12504,.T.);
#12504 = EDGE_LOOP('',(#12505,#12506,#12507,#12513));
#12505 = ORIENTED_EDGE('',*,*,#12474,.T.);
#12506 = ORIENTED_EDGE('',*,*,#7453,.T.);
#12507 = ORIENTED_EDGE('',*,*,#12508,.F.);
#12508 = EDGE_CURVE('',#2224,#7445,#12509,.T.);
#12509 = LINE('',#12510,#12511);
#12510 = CARTESIAN_POINT('',(9.5,-3.5,0.));
#12511 = VECTOR('',#12512,1.);
#12512 = DIRECTION('',(0.,0.,1.));
#12513 = ORIENTED_EDGE('',*,*,#2232,.F.);
#12514 = PLANE('',#12515);
#12515 = AXIS2_PLACEMENT_3D('',#12516,#12517,#12518);
#12516 = CARTESIAN_POINT('',(5.75,-3.5,0.));
#12517 = DIRECTION('',(0.,1.,0.));
#12518 = DIRECTION('',(1.,0.,0.));
#12519 = ADVANCED_FACE('',(#12520),#12531,.F.);
#12520 = FACE_BOUND('',#12521,.T.);
#12521 = EDGE_LOOP('',(#12522,#12528,#12529,#12530));
#12522 = ORIENTED_EDGE('',*,*,#12523,.T.);
#12523 = EDGE_CURVE('',#621,#5842,#12524,.T.);
#12524 = LINE('',#12525,#12526);
#12525 = CARTESIAN_POINT('',(-20.,-9.405342,0.));
#12526 = VECTOR('',#12527,1.);
#12527 = DIRECTION('',(0.,0.,1.));
#12528 = ORIENTED_EDGE('',*,*,#5841,.T.);
#12529 = ORIENTED_EDGE('',*,*,#12489,.F.);
#12530 = ORIENTED_EDGE('',*,*,#620,.F.);
#12531 = CYLINDRICAL_SURFACE('',#12532,0.419881545319);
#12532 = AXIS2_PLACEMENT_3D('',#12533,#12534,#12535);
#12533 = CARTESIAN_POINT('',(-19.91988154531,-8.993175109871,0.));
#12534 = DIRECTION('',(-0.,-0.,-1.));
#12535 = DIRECTION('',(-0.1908120411,-0.981626591414,0.));
#12536 = ADVANCED_FACE('',(#12537),#12548,.T.);
#12537 = FACE_BOUND('',#12538,.T.);
#12538 = EDGE_LOOP('',(#12539,#12540,#12541,#12547));
#12539 = ORIENTED_EDGE('',*,*,#12508,.T.);
#12540 = ORIENTED_EDGE('',*,*,#7444,.T.);
#12541 = ORIENTED_EDGE('',*,*,#12542,.F.);
#12542 = EDGE_CURVE('',#2216,#7437,#12543,.T.);
#12543 = LINE('',#12544,#12545);
#12544 = CARTESIAN_POINT('',(11.5,-5.5,0.));
#12545 = VECTOR('',#12546,1.);
#12546 = DIRECTION('',(0.,0.,1.));
#12547 = ORIENTED_EDGE('',*,*,#2223,.F.);
#12548 = CYLINDRICAL_SURFACE('',#12549,1.99999850585);
#12549 = AXIS2_PLACEMENT_3D('',#12550,#12551,#12552);
#12550 = CARTESIAN_POINT('',(9.50000149415,-5.49999850585,0.));
#12551 = DIRECTION('',(0.,0.,-1.));
#12552 = DIRECTION('',(-7.470757420593E-07,1.,0.));
#12553 = ADVANCED_FACE('',(#12554),#12565,.T.);
#12554 = FACE_BOUND('',#12555,.T.);
#12555 = EDGE_LOOP('',(#12556,#12562,#12563,#12564));
#12556 = ORIENTED_EDGE('',*,*,#12557,.T.);
#12557 = EDGE_CURVE('',#630,#5851,#12558,.T.);
#12558 = LINE('',#12559,#12560);
#12559 = CARTESIAN_POINT('',(-27.60785,-7.926526,0.));
#12560 = VECTOR('',#12561,1.);
#12561 = DIRECTION('',(0.,0.,1.));
#12562 = ORIENTED_EDGE('',*,*,#5850,.T.);
#12563 = ORIENTED_EDGE('',*,*,#12523,.F.);
#12564 = ORIENTED_EDGE('',*,*,#629,.F.);
#12565 = PLANE('',#12566);
#12566 = AXIS2_PLACEMENT_3D('',#12567,#12568,#12569);
#12567 = CARTESIAN_POINT('',(-27.60785,-7.926526,0.));
#12568 = DIRECTION('',(0.190808966175,0.981627189124,-0.));
#12569 = DIRECTION('',(0.981627189124,-0.190808966175,0.));
#12570 = ADVANCED_FACE('',(#12571),#12582,.T.);
#12571 = FACE_BOUND('',#12572,.T.);
#12572 = EDGE_LOOP('',(#12573,#12574,#12575,#12581));
#12573 = ORIENTED_EDGE('',*,*,#12542,.T.);
#12574 = ORIENTED_EDGE('',*,*,#7436,.T.);
#12575 = ORIENTED_EDGE('',*,*,#12576,.F.);
#12576 = EDGE_CURVE('',#2208,#7429,#12577,.T.);
#12577 = LINE('',#12578,#12579);
#12578 = CARTESIAN_POINT('',(11.5,-14.406198,0.));
#12579 = VECTOR('',#12580,1.);
#12580 = DIRECTION('',(0.,0.,1.));
#12581 = ORIENTED_EDGE('',*,*,#2215,.F.);
#12582 = PLANE('',#12583);
#12583 = AXIS2_PLACEMENT_3D('',#12584,#12585,#12586);
#12584 = CARTESIAN_POINT('',(11.5,-5.5,0.));
#12585 = DIRECTION('',(1.,0.,-0.));
#12586 = DIRECTION('',(0.,-1.,0.));
#12587 = ADVANCED_FACE('',(#12588),#12599,.T.);
#12588 = FACE_BOUND('',#12589,.T.);
#12589 = EDGE_LOOP('',(#12590,#12596,#12597,#12598));
#12590 = ORIENTED_EDGE('',*,*,#12591,.T.);
#12591 = EDGE_CURVE('',#638,#5859,#12592,.T.);
#12592 = LINE('',#12593,#12594);
#12593 = CARTESIAN_POINT('',(-33.752445,-6.732138,0.));
#12594 = VECTOR('',#12595,1.);
#12595 = DIRECTION('',(0.,0.,1.));
#12596 = ORIENTED_EDGE('',*,*,#5858,.T.);
#12597 = ORIENTED_EDGE('',*,*,#12557,.F.);
#12598 = ORIENTED_EDGE('',*,*,#637,.F.);
#12599 = PLANE('',#12600);
#12600 = AXIS2_PLACEMENT_3D('',#12601,#12602,#12603);
#12601 = CARTESIAN_POINT('',(-33.752445,-6.732138,0.));
#12602 = DIRECTION('',(0.190808952947,0.981627191695,-0.));
#12603 = DIRECTION('',(0.981627191695,-0.190808952947,0.));
#12604 = ADVANCED_FACE('',(#12605),#12616,.T.);
#12605 = FACE_BOUND('',#12606,.T.);
#12606 = EDGE_LOOP('',(#12607,#12608,#12609,#12615));
#12607 = ORIENTED_EDGE('',*,*,#12576,.T.);
#12608 = ORIENTED_EDGE('',*,*,#7428,.T.);
#12609 = ORIENTED_EDGE('',*,*,#12610,.F.);
#12610 = EDGE_CURVE('',#2200,#7421,#12611,.T.);
#12611 = LINE('',#12612,#12613);
#12612 = CARTESIAN_POINT('',(11.5,-25.312395,0.));
#12613 = VECTOR('',#12614,1.);
#12614 = DIRECTION('',(0.,0.,1.));
#12615 = ORIENTED_EDGE('',*,*,#2207,.F.);
#12616 = PLANE('',#12617);
#12617 = AXIS2_PLACEMENT_3D('',#12618,#12619,#12620);
#12618 = CARTESIAN_POINT('',(11.5,-14.406198,0.));
#12619 = DIRECTION('',(1.,0.,-0.));
#12620 = DIRECTION('',(0.,-1.,0.));
#12621 = ADVANCED_FACE('',(#12622),#12633,.T.);
#12622 = FACE_BOUND('',#12623,.T.);
#12623 = EDGE_LOOP('',(#12624,#12630,#12631,#12632));
#12624 = ORIENTED_EDGE('',*,*,#12625,.T.);
#12625 = EDGE_CURVE('',#646,#5867,#12626,.T.);
#12626 = LINE('',#12627,#12628);
#12627 = CARTESIAN_POINT('',(-36.097317,-8.313774,0.));
#12628 = VECTOR('',#12629,1.);
#12629 = DIRECTION('',(0.,0.,1.));
#12630 = ORIENTED_EDGE('',*,*,#5866,.T.);
#12631 = ORIENTED_EDGE('',*,*,#12591,.F.);
#12632 = ORIENTED_EDGE('',*,*,#645,.F.);
#12633 = CYLINDRICAL_SURFACE('',#12634,1.999998806183);
#12634 = AXIS2_PLACEMENT_3D('',#12635,#12636,#12637);
#12635 = CARTESIAN_POINT('',(-34.13406366067,-8.695391020515,0.));
#12636 = DIRECTION('',(0.,0.,-1.));
#12637 = DIRECTION('',(-0.981627255606,0.190808624153,0.));
#12638 = ADVANCED_FACE('',(#12639),#12650,.T.);
#12639 = FACE_BOUND('',#12640,.T.);
#12640 = EDGE_LOOP('',(#12641,#12642,#12643,#12649));
#12641 = ORIENTED_EDGE('',*,*,#12610,.T.);
#12642 = ORIENTED_EDGE('',*,*,#7420,.T.);
#12643 = ORIENTED_EDGE('',*,*,#12644,.F.);
#12644 = EDGE_CURVE('',#2192,#7413,#12645,.T.);
#12645 = LINE('',#12646,#12647);
#12646 = CARTESIAN_POINT('',(11.5,-30.312395,0.));
#12647 = VECTOR('',#12648,1.);
#12648 = DIRECTION('',(0.,0.,1.));
#12649 = ORIENTED_EDGE('',*,*,#2199,.F.);
#12650 = PLANE('',#12651);
#12651 = AXIS2_PLACEMENT_3D('',#12652,#12653,#12654);
#12652 = CARTESIAN_POINT('',(11.5,-25.312395,0.));
#12653 = DIRECTION('',(1.,0.,-0.));
#12654 = DIRECTION('',(0.,-1.,0.));
#12655 = ADVANCED_FACE('',(#12656),#12667,.T.);
#12656 = FACE_BOUND('',#12657,.T.);
#12657 = EDGE_LOOP('',(#12658,#12664,#12665,#12666));
#12658 = ORIENTED_EDGE('',*,*,#12659,.T.);
#12659 = EDGE_CURVE('',#655,#5876,#12660,.T.);
#12660 = LINE('',#12661,#12662);
#12661 = CARTESIAN_POINT('',(-37.146767,-13.712723,0.));
#12662 = VECTOR('',#12663,1.);
#12663 = DIRECTION('',(0.,0.,1.));
#12664 = ORIENTED_EDGE('',*,*,#5875,.T.);
#12665 = ORIENTED_EDGE('',*,*,#12625,.F.);
#12666 = ORIENTED_EDGE('',*,*,#654,.F.);
#12667 = PLANE('',#12668);
#12668 = AXIS2_PLACEMENT_3D('',#12669,#12670,#12671);
#12669 = CARTESIAN_POINT('',(-37.146767,-13.712723,0.));
#12670 = DIRECTION('',(-0.981627162185,0.190809104764,0.));
#12671 = DIRECTION('',(0.190809104764,0.981627162185,0.));
#12672 = ADVANCED_FACE('',(#12673),#12684,.T.);
#12673 = FACE_BOUND('',#12674,.T.);
#12674 = EDGE_LOOP('',(#12675,#12676,#12677,#12683));
#12675 = ORIENTED_EDGE('',*,*,#12644,.T.);
#12676 = ORIENTED_EDGE('',*,*,#7412,.T.);
#12677 = ORIENTED_EDGE('',*,*,#12678,.F.);
#12678 = EDGE_CURVE('',#2183,#7404,#12679,.T.);
#12679 = LINE('',#12680,#12681);
#12680 = CARTESIAN_POINT('',(11.5,-34.812395,0.));
#12681 = VECTOR('',#12682,1.);
#12682 = DIRECTION('',(0.,0.,1.));
#12683 = ORIENTED_EDGE('',*,*,#2191,.F.);
#12684 = PLANE('',#12685);
#12685 = AXIS2_PLACEMENT_3D('',#12686,#12687,#12688);
#12686 = CARTESIAN_POINT('',(11.5,-30.312395,0.));
#12687 = DIRECTION('',(1.,0.,-0.));
#12688 = DIRECTION('',(0.,-1.,0.));
#12689 = ADVANCED_FACE('',(#12690),#12701,.T.);
#12690 = FACE_BOUND('',#12691,.T.);
#12691 = EDGE_LOOP('',(#12692,#12698,#12699,#12700));
#12692 = ORIENTED_EDGE('',*,*,#12693,.T.);
#12693 = EDGE_CURVE('',#663,#5884,#12694,.T.);
#12694 = LINE('',#12695,#12696);
#12695 = CARTESIAN_POINT('',(-38.196216,-19.111673,0.));
#12696 = VECTOR('',#12697,1.);
#12697 = DIRECTION('',(0.,0.,1.));
#12698 = ORIENTED_EDGE('',*,*,#5883,.T.);
#12699 = ORIENTED_EDGE('',*,*,#12659,.F.);
#12700 = ORIENTED_EDGE('',*,*,#662,.F.);
#12701 = PLANE('',#12702);
#12702 = AXIS2_PLACEMENT_3D('',#12703,#12704,#12705);
#12703 = CARTESIAN_POINT('',(-38.196216,-19.111673,0.));
#12704 = DIRECTION('',(-0.98162720286,0.19080889551,0.));
#12705 = DIRECTION('',(0.19080889551,0.98162720286,0.));
#12706 = ADVANCED_FACE('',(#12707),#12718,.F.);
#12707 = FACE_BOUND('',#12708,.T.);
#12708 = EDGE_LOOP('',(#12709,#12710,#12711,#12717));
#12709 = ORIENTED_EDGE('',*,*,#12678,.T.);
#12710 = ORIENTED_EDGE('',*,*,#7403,.T.);
#12711 = ORIENTED_EDGE('',*,*,#12712,.F.);
#12712 = EDGE_CURVE('',#2175,#7396,#12713,.T.);
#12713 = LINE('',#12714,#12715);
#12714 = CARTESIAN_POINT('',(12.,-35.312395,0.));
#12715 = VECTOR('',#12716,1.);
#12716 = DIRECTION('',(0.,0.,1.));
#12717 = ORIENTED_EDGE('',*,*,#2182,.F.);
#12718 = CYLINDRICAL_SURFACE('',#12719,0.500001333575);
#12719 = AXIS2_PLACEMENT_3D('',#12720,#12721,#12722);
#12720 = CARTESIAN_POINT('',(12.000001333573,-34.81239366642,0.));
#12721 = DIRECTION('',(-0.,-0.,-1.));
#12722 = DIRECTION('',(-0.999999999996,-2.667139191042E-06,0.));
#12723 = ADVANCED_FACE('',(#12724),#12735,.T.);
#12724 = FACE_BOUND('',#12725,.T.);
#12725 = EDGE_LOOP('',(#12726,#12732,#12733,#12734));
#12726 = ORIENTED_EDGE('',*,*,#12727,.T.);
#12727 = EDGE_CURVE('',#671,#5892,#12728,.T.);
#12728 = LINE('',#12729,#12730);
#12729 = CARTESIAN_POINT('',(-36.61458,-21.456545,0.));
#12730 = VECTOR('',#12731,1.);
#12731 = DIRECTION('',(0.,0.,1.));
#12732 = ORIENTED_EDGE('',*,*,#5891,.T.);
#12733 = ORIENTED_EDGE('',*,*,#12693,.F.);
#12734 = ORIENTED_EDGE('',*,*,#670,.F.);
#12735 = CYLINDRICAL_SURFACE('',#12736,1.999998806183);
#12736 = AXIS2_PLACEMENT_3D('',#12737,#12738,#12739);
#12737 = CARTESIAN_POINT('',(-36.23296297948,-19.49329166067,0.));
#12738 = DIRECTION('',(0.,0.,-1.));
#12739 = DIRECTION('',(-0.190808624153,-0.981627255606,-0.));
#12740 = ADVANCED_FACE('',(#12741),#12752,.T.);
#12741 = FACE_BOUND('',#12742,.T.);
#12742 = EDGE_LOOP('',(#12743,#12744,#12745,#12751));
#12743 = ORIENTED_EDGE('',*,*,#12712,.T.);
#12744 = ORIENTED_EDGE('',*,*,#7395,.T.);
#12745 = ORIENTED_EDGE('',*,*,#12746,.F.);
#12746 = EDGE_CURVE('',#2167,#7388,#12747,.T.);
#12747 = LINE('',#12748,#12749);
#12748 = CARTESIAN_POINT('',(12.5,-35.312395,0.));
#12749 = VECTOR('',#12750,1.);
#12750 = DIRECTION('',(0.,0.,1.));
#12751 = ORIENTED_EDGE('',*,*,#2174,.F.);
#12752 = PLANE('',#12753);
#12753 = AXIS2_PLACEMENT_3D('',#12754,#12755,#12756);
#12754 = CARTESIAN_POINT('',(12.,-35.312395,0.));
#12755 = DIRECTION('',(0.,1.,0.));
#12756 = DIRECTION('',(1.,0.,0.));
#12757 = ADVANCED_FACE('',(#12758),#12769,.T.);
#12758 = FACE_BOUND('',#12759,.T.);
#12759 = EDGE_LOOP('',(#12760,#12766,#12767,#12768));
#12760 = ORIENTED_EDGE('',*,*,#12761,.T.);
#12761 = EDGE_CURVE('',#680,#5901,#12762,.T.);
#12762 = LINE('',#12763,#12764);
#12763 = CARTESIAN_POINT('',(-29.038917,-22.929105,0.));
#12764 = VECTOR('',#12765,1.);
#12765 = DIRECTION('',(0.,0.,1.));
#12766 = ORIENTED_EDGE('',*,*,#5900,.T.);
#12767 = ORIENTED_EDGE('',*,*,#12727,.F.);
#12768 = ORIENTED_EDGE('',*,*,#679,.F.);
#12769 = PLANE('',#12770);
#12770 = AXIS2_PLACEMENT_3D('',#12771,#12772,#12773);
#12771 = CARTESIAN_POINT('',(-29.038917,-22.929105,0.));
#12772 = DIRECTION('',(-0.190809030854,-0.981627176552,0.));
#12773 = DIRECTION('',(-0.981627176552,0.190809030854,0.));
#12774 = ADVANCED_FACE('',(#12775),#12786,.T.);
#12775 = FACE_BOUND('',#12776,.T.);
#12776 = EDGE_LOOP('',(#12777,#12778,#12779,#12785));
#12777 = ORIENTED_EDGE('',*,*,#12746,.T.);
#12778 = ORIENTED_EDGE('',*,*,#7387,.T.);
#12779 = ORIENTED_EDGE('',*,*,#12780,.F.);
#12780 = EDGE_CURVE('',#2159,#7380,#12781,.T.);
#12781 = LINE('',#12782,#12783);
#12782 = CARTESIAN_POINT('',(22.961862,-33.278815,0.));
#12783 = VECTOR('',#12784,1.);
#12784 = DIRECTION('',(0.,0.,1.));
#12785 = ORIENTED_EDGE('',*,*,#2166,.F.);
#12786 = PLANE('',#12787);
#12787 = AXIS2_PLACEMENT_3D('',#12788,#12789,#12790);
#12788 = CARTESIAN_POINT('',(12.5,-35.312395,0.));
#12789 = DIRECTION('',(-0.190808998115,0.981627182915,0.));
#12790 = DIRECTION('',(0.981627182915,0.190808998115,0.));
#12791 = ADVANCED_FACE('',(#12792),#12803,.T.);
#12792 = FACE_BOUND('',#12793,.T.);
#12793 = EDGE_LOOP('',(#12794,#12800,#12801,#12802));
#12794 = ORIENTED_EDGE('',*,*,#12795,.T.);
#12795 = EDGE_CURVE('',#688,#5909,#12796,.T.);
#12796 = LINE('',#12797,#12798);
#12797 = CARTESIAN_POINT('',(-20.,-24.686092,0.));
#12798 = VECTOR('',#12799,1.);
#12799 = DIRECTION('',(0.,0.,1.));
#12800 = ORIENTED_EDGE('',*,*,#5908,.T.);
#12801 = ORIENTED_EDGE('',*,*,#12761,.F.);
#12802 = ORIENTED_EDGE('',*,*,#687,.F.);
#12803 = PLANE('',#12804);
#12804 = AXIS2_PLACEMENT_3D('',#12805,#12806,#12807);
#12805 = CARTESIAN_POINT('',(-20.,-24.686092,0.));
#12806 = DIRECTION('',(-0.19080894507,-0.981627193226,0.));
#12807 = DIRECTION('',(-0.981627193226,0.19080894507,0.));
#12808 = ADVANCED_FACE('',(#12809),#12820,.T.);
#12809 = FACE_BOUND('',#12810,.T.);
#12810 = EDGE_LOOP('',(#12811,#12812,#12813,#12819));
#12811 = ORIENTED_EDGE('',*,*,#12780,.T.);
#12812 = ORIENTED_EDGE('',*,*,#7379,.T.);
#12813 = ORIENTED_EDGE('',*,*,#12814,.F.);
#12814 = EDGE_CURVE('',#2150,#7371,#12815,.T.);
#12815 = LINE('',#12816,#12817);
#12816 = CARTESIAN_POINT('',(32.932911,-31.340639,0.));
#12817 = VECTOR('',#12818,1.);
#12818 = DIRECTION('',(0.,0.,1.));
#12819 = ORIENTED_EDGE('',*,*,#2158,.F.);
#12820 = PLANE('',#12821);
#12821 = AXIS2_PLACEMENT_3D('',#12822,#12823,#12824);
#12822 = CARTESIAN_POINT('',(22.961862,-33.278815,0.));
#12823 = DIRECTION('',(-0.190809034551,0.981627175833,0.));
#12824 = DIRECTION('',(0.981627175833,0.190809034551,0.));
#12825 = ADVANCED_FACE('',(#12826),#12837,.F.);
#12826 = FACE_BOUND('',#12827,.T.);
#12827 = EDGE_LOOP('',(#12828,#12834,#12835,#12836));
#12828 = ORIENTED_EDGE('',*,*,#12829,.T.);
#12829 = EDGE_CURVE('',#696,#5917,#12830,.T.);
#12830 = LINE('',#12831,#12832);
#12831 = CARTESIAN_POINT('',(-19.5,-25.292641,0.));
#12832 = VECTOR('',#12833,1.);
#12833 = DIRECTION('',(0.,0.,1.));
#12834 = ORIENTED_EDGE('',*,*,#5916,.T.);
#12835 = ORIENTED_EDGE('',*,*,#12795,.F.);
#12836 = ORIENTED_EDGE('',*,*,#695,.F.);
#12837 = CYLINDRICAL_SURFACE('',#12838,0.617901974659);
#12838 = AXIS2_PLACEMENT_3D('',#12839,#12840,#12841);
#12839 = CARTESIAN_POINT('',(-20.11790197465,-25.29264123514,0.));
#12840 = DIRECTION('',(-0.,-0.,-1.));
#12841 = DIRECTION('',(1.,3.805592692167E-07,-0.));
#12842 = ADVANCED_FACE('',(#12843),#12854,.F.);
#12843 = FACE_BOUND('',#12844,.T.);
#12844 = EDGE_LOOP('',(#12845,#12846,#12847,#12853));
#12845 = ORIENTED_EDGE('',*,*,#12814,.T.);
#12846 = ORIENTED_EDGE('',*,*,#7370,.T.);
#12847 = ORIENTED_EDGE('',*,*,#12848,.F.);
#12848 = EDGE_CURVE('',#2141,#7362,#12849,.T.);
#12849 = LINE('',#12850,#12851);
#12850 = CARTESIAN_POINT('',(33.32832,-30.754421,0.));
#12851 = VECTOR('',#12852,1.);
#12852 = DIRECTION('',(0.,0.,1.));
#12853 = ORIENTED_EDGE('',*,*,#2149,.F.);
#12854 = CYLINDRICAL_SURFACE('',#12855,0.49999820045);
#12855 = AXIS2_PLACEMENT_3D('',#12856,#12857,#12858);
#12856 = CARTESIAN_POINT('',(32.837508504814,-30.84982685226,0.));
#12857 = DIRECTION('',(-0.,-0.,-1.));
#12858 = DIRECTION('',(0.190805677102,-0.981627828449,0.));
#12859 = ADVANCED_FACE('',(#12860),#12871,.F.);
#12860 = FACE_BOUND('',#12861,.T.);
#12861 = EDGE_LOOP('',(#12862,#12868,#12869,#12870));
#12862 = ORIENTED_EDGE('',*,*,#12863,.T.);
#12863 = EDGE_CURVE('',#705,#5926,#12864,.T.);
#12864 = LINE('',#12865,#12866);
#12865 = CARTESIAN_POINT('',(-20.,-25.704809,0.));
#12866 = VECTOR('',#12867,1.);
#12867 = DIRECTION('',(0.,0.,1.));
#12868 = ORIENTED_EDGE('',*,*,#5925,.T.);
#12869 = ORIENTED_EDGE('',*,*,#12829,.F.);
#12870 = ORIENTED_EDGE('',*,*,#704,.F.);
#12871 = CYLINDRICAL_SURFACE('',#12872,0.419881545319);
#12872 = AXIS2_PLACEMENT_3D('',#12873,#12874,#12875);
#12873 = CARTESIAN_POINT('',(-19.91988154531,-25.29264210987,0.));
#12874 = DIRECTION('',(-0.,-0.,-1.));
#12875 = DIRECTION('',(-0.1908120411,-0.981626591414,0.));
#12876 = ADVANCED_FACE('',(#12877),#12888,.F.);
#12877 = FACE_BOUND('',#12878,.T.);
#12878 = EDGE_LOOP('',(#12879,#12880,#12881,#12887));
#12879 = ORIENTED_EDGE('',*,*,#12848,.T.);
#12880 = ORIENTED_EDGE('',*,*,#7361,.T.);
#12881 = ORIENTED_EDGE('',*,*,#12882,.F.);
#12882 = EDGE_CURVE('',#2133,#7354,#12883,.T.);
#12883 = LINE('',#12884,#12885);
#12884 = CARTESIAN_POINT('',(32.742102,-30.359012,0.));
#12885 = VECTOR('',#12886,1.);
#12886 = DIRECTION('',(0.,0.,1.));
#12887 = ORIENTED_EDGE('',*,*,#2140,.F.);
#12888 = CYLINDRICAL_SURFACE('',#12889,0.500000201914);
#12889 = AXIS2_PLACEMENT_3D('',#12890,#12891,#12892);
#12890 = CARTESIAN_POINT('',(32.837506269467,-30.84982584177,0.));
#12891 = DIRECTION('',(-0.,-0.,-1.));
#12892 = DIRECTION('',(0.981627064656,0.190809606503,-0.));
#12893 = ADVANCED_FACE('',(#12894),#12905,.T.);
#12894 = FACE_BOUND('',#12895,.T.);
#12895 = EDGE_LOOP('',(#12896,#12902,#12903,#12904));
#12896 = ORIENTED_EDGE('',*,*,#12897,.T.);
#12897 = EDGE_CURVE('',#714,#5935,#12898,.T.);
#12898 = LINE('',#12899,#12900);
#12899 = CARTESIAN_POINT('',(-29.134322,-23.929277,0.));
#12900 = VECTOR('',#12901,1.);
#12901 = DIRECTION('',(0.,0.,1.));
#12902 = ORIENTED_EDGE('',*,*,#5934,.T.);
#12903 = ORIENTED_EDGE('',*,*,#12863,.F.);
#12904 = ORIENTED_EDGE('',*,*,#713,.F.);
#12905 = PLANE('',#12906);
#12906 = AXIS2_PLACEMENT_3D('',#12907,#12908,#12909);
#12907 = CARTESIAN_POINT('',(-29.134322,-23.929277,0.));
#12908 = DIRECTION('',(0.190808960777,0.981627190173,-0.));
#12909 = DIRECTION('',(0.981627190173,-0.190808960777,0.));
#12910 = ADVANCED_FACE('',(#12911),#12922,.T.);
#12911 = FACE_BOUND('',#12912,.T.);
#12912 = EDGE_LOOP('',(#12913,#12914,#12915,#12921));
#12913 = ORIENTED_EDGE('',*,*,#12882,.T.);
#12914 = ORIENTED_EDGE('',*,*,#7353,.T.);
#12915 = ORIENTED_EDGE('',*,*,#12916,.F.);
#12916 = EDGE_CURVE('',#2125,#7346,#12917,.T.);
#12917 = LINE('',#12918,#12919);
#12918 = CARTESIAN_POINT('',(22.866458,-32.278643,0.));
#12919 = VECTOR('',#12920,1.);
#12920 = DIRECTION('',(0.,0.,1.));
#12921 = ORIENTED_EDGE('',*,*,#2132,.F.);
#12922 = PLANE('',#12923);
#12923 = AXIS2_PLACEMENT_3D('',#12924,#12925,#12926);
#12924 = CARTESIAN_POINT('',(32.742102,-30.359012,0.));
#12925 = DIRECTION('',(0.190809020887,-0.981627178489,0.));
#12926 = DIRECTION('',(-0.981627178489,-0.190809020887,0.));
#12927 = ADVANCED_FACE('',(#12928),#12939,.T.);
#12928 = FACE_BOUND('',#12929,.T.);
#12929 = EDGE_LOOP('',(#12930,#12936,#12937,#12938));
#12930 = ORIENTED_EDGE('',*,*,#12931,.T.);
#12931 = EDGE_CURVE('',#722,#5943,#12932,.T.);
#12932 = LINE('',#12933,#12934);
#12933 = CARTESIAN_POINT('',(-36.805389,-22.438172,0.));
#12934 = VECTOR('',#12935,1.);
#12935 = DIRECTION('',(0.,0.,1.));
#12936 = ORIENTED_EDGE('',*,*,#5942,.T.);
#12937 = ORIENTED_EDGE('',*,*,#12897,.F.);
#12938 = ORIENTED_EDGE('',*,*,#721,.F.);
#12939 = PLANE('',#12940);
#12940 = AXIS2_PLACEMENT_3D('',#12941,#12942,#12943);
#12941 = CARTESIAN_POINT('',(-36.805389,-22.438172,0.));
#12942 = DIRECTION('',(0.190809072458,0.981627168465,-0.));
#12943 = DIRECTION('',(0.981627168465,-0.190809072458,0.));
#12944 = ADVANCED_FACE('',(#12945),#12956,.T.);
#12945 = FACE_BOUND('',#12946,.T.);
#12946 = EDGE_LOOP('',(#12947,#12948,#12949,#12955));
#12947 = ORIENTED_EDGE('',*,*,#12916,.T.);
#12948 = ORIENTED_EDGE('',*,*,#7345,.T.);
#12949 = ORIENTED_EDGE('',*,*,#12950,.F.);
#12950 = EDGE_CURVE('',#2116,#7337,#12951,.T.);
#12951 = LINE('',#12952,#12953);
#12952 = CARTESIAN_POINT('',(14.463254,-33.91206,0.));
#12953 = VECTOR('',#12954,1.);
#12954 = DIRECTION('',(0.,0.,1.));
#12955 = ORIENTED_EDGE('',*,*,#2124,.F.);
#12956 = PLANE('',#12957);
#12957 = AXIS2_PLACEMENT_3D('',#12958,#12959,#12960);
#12958 = CARTESIAN_POINT('',(22.866458,-32.278643,0.));
#12959 = DIRECTION('',(0.190808951334,-0.981627192009,0.));
#12960 = DIRECTION('',(-0.981627192009,-0.190808951334,0.));
#12961 = ADVANCED_FACE('',(#12962),#12973,.T.);
#12962 = FACE_BOUND('',#12963,.T.);
#12963 = EDGE_LOOP('',(#12964,#12970,#12971,#12972));
#12964 = ORIENTED_EDGE('',*,*,#12965,.T.);
#12965 = EDGE_CURVE('',#730,#5951,#12966,.T.);
#12966 = LINE('',#12967,#12968);
#12967 = CARTESIAN_POINT('',(-39.150261,-24.019809,0.));
#12968 = VECTOR('',#12969,1.);
#12969 = DIRECTION('',(0.,0.,1.));
#12970 = ORIENTED_EDGE('',*,*,#5950,.T.);
#12971 = ORIENTED_EDGE('',*,*,#12931,.F.);
#12972 = ORIENTED_EDGE('',*,*,#729,.F.);
#12973 = CYLINDRICAL_SURFACE('',#12974,2.000000481925);
#12974 = AXIS2_PLACEMENT_3D('',#12975,#12976,#12977);
#12975 = CARTESIAN_POINT('',(-37.18700614816,-24.40142702162,0.));
#12976 = DIRECTION('',(0.,0.,-1.));
#12977 = DIRECTION('',(-0.981627189385,0.190808964834,0.));
#12978 = ADVANCED_FACE('',(#12979),#12990,.T.);
#12979 = FACE_BOUND('',#12980,.T.);
#12980 = EDGE_LOOP('',(#12981,#12982,#12983,#12989));
#12981 = ORIENTED_EDGE('',*,*,#12950,.T.);
#12982 = ORIENTED_EDGE('',*,*,#7336,.T.);
#12983 = ORIENTED_EDGE('',*,*,#12984,.F.);
#12984 = EDGE_CURVE('',#2108,#7329,#12985,.T.);
#12985 = LINE('',#12986,#12987);
#12986 = CARTESIAN_POINT('',(12.5,-32.293678,0.));
#12987 = VECTOR('',#12988,1.);
#12988 = DIRECTION('',(0.,0.,1.));
#12989 = ORIENTED_EDGE('',*,*,#2115,.F.);
#12990 = CYLINDRICAL_SURFACE('',#12991,1.648668414958);
#12991 = AXIS2_PLACEMENT_3D('',#12992,#12993,#12994);
#12992 = CARTESIAN_POINT('',(14.148668414949,-32.29368320451,0.));
#12993 = DIRECTION('',(0.,0.,-1.));
#12994 = DIRECTION('',(0.190811919605,-0.981626615031,0.));
#12995 = ADVANCED_FACE('',(#12996),#13007,.T.);
#12996 = FACE_BOUND('',#12997,.T.);
#12997 = EDGE_LOOP('',(#12998,#13004,#13005,#13006));
#12998 = ORIENTED_EDGE('',*,*,#12999,.T.);
#12999 = EDGE_CURVE('',#739,#5960,#13000,.T.);
#13000 = LINE('',#13001,#13002);
#13001 = CARTESIAN_POINT('',(-40.199711,-29.418758,0.));
#13002 = VECTOR('',#13003,1.);
#13003 = DIRECTION('',(0.,0.,1.));
#13004 = ORIENTED_EDGE('',*,*,#5959,.T.);
#13005 = ORIENTED_EDGE('',*,*,#12965,.F.);
#13006 = ORIENTED_EDGE('',*,*,#738,.F.);
#13007 = PLANE('',#13008);
#13008 = AXIS2_PLACEMENT_3D('',#13009,#13010,#13011);
#13009 = CARTESIAN_POINT('',(-40.199711,-29.418758,0.));
#13010 = DIRECTION('',(-0.981627162185,0.190809104764,0.));
#13011 = DIRECTION('',(0.190809104764,0.981627162185,0.));
#13012 = ADVANCED_FACE('',(#13013),#13024,.T.);
#13013 = FACE_BOUND('',#13014,.T.);
#13014 = EDGE_LOOP('',(#13015,#13016,#13017,#13023));
#13015 = ORIENTED_EDGE('',*,*,#12984,.T.);
#13016 = ORIENTED_EDGE('',*,*,#7328,.T.);
#13017 = ORIENTED_EDGE('',*,*,#13018,.F.);
#13018 = EDGE_CURVE('',#2100,#7321,#13019,.T.);
#13019 = LINE('',#13020,#13021);
#13020 = CARTESIAN_POINT('',(12.5,-26.653303,0.));
#13021 = VECTOR('',#13022,1.);
#13022 = DIRECTION('',(0.,0.,1.));
#13023 = ORIENTED_EDGE('',*,*,#2107,.F.);
#13024 = PLANE('',#13025);
#13025 = AXIS2_PLACEMENT_3D('',#13026,#13027,#13028);
#13026 = CARTESIAN_POINT('',(12.5,-32.293678,0.));
#13027 = DIRECTION('',(-1.,0.,0.));
#13028 = DIRECTION('',(0.,1.,0.));
#13029 = ADVANCED_FACE('',(#13030),#13041,.T.);
#13030 = FACE_BOUND('',#13031,.T.);
#13031 = EDGE_LOOP('',(#13032,#13038,#13039,#13040));
#13032 = ORIENTED_EDGE('',*,*,#13033,.T.);
#13033 = EDGE_CURVE('',#747,#5968,#13034,.T.);
#13034 = LINE('',#13035,#13036);
#13035 = CARTESIAN_POINT('',(-41.521063,-36.216527,0.));
#13036 = VECTOR('',#13037,1.);
#13037 = DIRECTION('',(0.,0.,1.));
#13038 = ORIENTED_EDGE('',*,*,#5967,.T.);
#13039 = ORIENTED_EDGE('',*,*,#12999,.F.);
#13040 = ORIENTED_EDGE('',*,*,#746,.F.);
#13041 = PLANE('',#13042);
#13042 = AXIS2_PLACEMENT_3D('',#13043,#13044,#13045);
#13043 = CARTESIAN_POINT('',(-41.521063,-36.216527,0.));
#13044 = DIRECTION('',(-0.98162719534,0.190808934198,0.));
#13045 = DIRECTION('',(0.190808934198,0.98162719534,0.));
#13046 = ADVANCED_FACE('',(#13047),#13058,.T.);
#13047 = FACE_BOUND('',#13048,.T.);
#13048 = EDGE_LOOP('',(#13049,#13050,#13051,#13057));
#13049 = ORIENTED_EDGE('',*,*,#13018,.T.);
#13050 = ORIENTED_EDGE('',*,*,#7320,.T.);
#13051 = ORIENTED_EDGE('',*,*,#13052,.F.);
#13052 = EDGE_CURVE('',#2091,#7312,#13053,.T.);
#13053 = LINE('',#13054,#13055);
#13054 = CARTESIAN_POINT('',(12.5,-21.012928,0.));
#13055 = VECTOR('',#13056,1.);
#13056 = DIRECTION('',(0.,0.,1.));
#13057 = ORIENTED_EDGE('',*,*,#2099,.F.);
#13058 = PLANE('',#13059);
#13059 = AXIS2_PLACEMENT_3D('',#13060,#13061,#13062);
#13060 = CARTESIAN_POINT('',(12.5,-26.653303,0.));
#13061 = DIRECTION('',(-1.,0.,0.));
#13062 = DIRECTION('',(0.,1.,0.));
#13063 = ADVANCED_FACE('',(#13064),#13075,.T.);
#13064 = FACE_BOUND('',#13065,.T.);
#13065 = EDGE_LOOP('',(#13066,#13072,#13073,#13074));
#13066 = ORIENTED_EDGE('',*,*,#13067,.T.);
#13067 = EDGE_CURVE('',#755,#5976,#13068,.T.);
#13068 = LINE('',#13069,#13070);
#13069 = CARTESIAN_POINT('',(-41.740493,-37.345398,0.));
#13070 = VECTOR('',#13071,1.);
#13071 = DIRECTION('',(0.,0.,1.));
#13072 = ORIENTED_EDGE('',*,*,#5975,.T.);
#13073 = ORIENTED_EDGE('',*,*,#13033,.F.);
#13074 = ORIENTED_EDGE('',*,*,#754,.F.);
#13075 = PLANE('',#13076);
#13076 = AXIS2_PLACEMENT_3D('',#13077,#13078,#13079);
#13077 = CARTESIAN_POINT('',(-41.740493,-37.345398,0.));
#13078 = DIRECTION('',(-0.981627231325,0.190808749068,0.));
#13079 = DIRECTION('',(0.190808749068,0.981627231325,0.));
#13080 = ADVANCED_FACE('',(#13081),#13092,.T.);
#13081 = FACE_BOUND('',#13082,.T.);
#13082 = EDGE_LOOP('',(#13083,#13084,#13085,#13091));
#13083 = ORIENTED_EDGE('',*,*,#13052,.T.);
#13084 = ORIENTED_EDGE('',*,*,#7311,.T.);
#13085 = ORIENTED_EDGE('',*,*,#13086,.F.);
#13086 = EDGE_CURVE('',#2083,#7304,#13087,.T.);
#13087 = LINE('',#13088,#13089);
#13088 = CARTESIAN_POINT('',(14.463254,-18.63131,0.));
#13089 = VECTOR('',#13090,1.);
#13090 = DIRECTION('',(0.,0.,1.));
#13091 = ORIENTED_EDGE('',*,*,#2090,.F.);
#13092 = CYLINDRICAL_SURFACE('',#13093,2.426129152546);
#13093 = AXIS2_PLACEMENT_3D('',#13094,#13095,#13096);
#13094 = CARTESIAN_POINT('',(14.926129151955,-21.01287445609,0.));
#13095 = DIRECTION('',(0.,0.,-1.));
#13096 = DIRECTION('',(-0.999999999756,-2.206968449615E-05,-0.));
#13097 = ADVANCED_FACE('',(#13098),#13109,.F.);
#13098 = FACE_BOUND('',#13099,.T.);
#13099 = EDGE_LOOP('',(#13100,#13106,#13107,#13108));
#13100 = ORIENTED_EDGE('',*,*,#13101,.T.);
#13101 = EDGE_CURVE('',#763,#5984,#13102,.T.);
#13102 = LINE('',#13103,#13104);
#13103 = CARTESIAN_POINT('',(-42.270913,-38.301793,0.));
#13104 = VECTOR('',#13105,1.);
#13105 = DIRECTION('',(0.,0.,1.));
#13106 = ORIENTED_EDGE('',*,*,#5983,.T.);
#13107 = ORIENTED_EDGE('',*,*,#13067,.F.);
#13108 = ORIENTED_EDGE('',*,*,#762,.F.);
#13109 = CYLINDRICAL_SURFACE('',#13110,1.768318915933);
#13110 = AXIS2_PLACEMENT_3D('',#13111,#13112,#13113);
#13111 = CARTESIAN_POINT('',(-43.47632251768,-37.00798479044,0.));
#13112 = DIRECTION('',(-0.,-0.,-1.));
#13113 = DIRECTION('',(0.681669752454,-0.731659995209,0.));
#13114 = ADVANCED_FACE('',(#13115),#13126,.T.);
#13115 = FACE_BOUND('',#13116,.T.);
#13116 = EDGE_LOOP('',(#13117,#13118,#13119,#13125));
#13117 = ORIENTED_EDGE('',*,*,#13086,.T.);
#13118 = ORIENTED_EDGE('',*,*,#7303,.T.);
#13119 = ORIENTED_EDGE('',*,*,#13120,.F.);
#13120 = EDGE_CURVE('',#2075,#7296,#13121,.T.);
#13121 = LINE('',#13122,#13123);
#13122 = CARTESIAN_POINT('',(21.43539,-17.276064,0.));
#13123 = VECTOR('',#13124,1.);
#13124 = DIRECTION('',(0.,0.,1.));
#13125 = ORIENTED_EDGE('',*,*,#2082,.F.);
#13126 = PLANE('',#13127);
#13127 = AXIS2_PLACEMENT_3D('',#13128,#13129,#13130);
#13128 = CARTESIAN_POINT('',(14.463254,-18.63131,0.));
#13129 = DIRECTION('',(-0.19080900202,0.981627182156,0.));
#13130 = DIRECTION('',(0.981627182156,0.19080900202,0.));
#13131 = ADVANCED_FACE('',(#13132),#13143,.T.);
#13132 = FACE_BOUND('',#13133,.T.);
#13133 = EDGE_LOOP('',(#13134,#13140,#13141,#13142));
#13134 = ORIENTED_EDGE('',*,*,#13135,.T.);
#13135 = EDGE_CURVE('',#772,#5993,#13136,.T.);
#13136 = LINE('',#13137,#13138);
#13137 = CARTESIAN_POINT('',(-46.545426,-42.284247,0.));
#13138 = VECTOR('',#13139,1.);
#13139 = DIRECTION('',(0.,0.,1.));
#13140 = ORIENTED_EDGE('',*,*,#5992,.T.);
#13141 = ORIENTED_EDGE('',*,*,#13101,.F.);
#13142 = ORIENTED_EDGE('',*,*,#771,.F.);
#13143 = PLANE('',#13144);
#13144 = AXIS2_PLACEMENT_3D('',#13145,#13146,#13147);
#13145 = CARTESIAN_POINT('',(-46.545426,-42.284247,0.));
#13146 = DIRECTION('',(-0.681669258518,0.731660455397,0.));
#13147 = DIRECTION('',(0.731660455397,0.681669258518,0.));
#13148 = ADVANCED_FACE('',(#13149),#13160,.T.);
#13149 = FACE_BOUND('',#13150,.T.);
#13150 = EDGE_LOOP('',(#13151,#13152,#13153,#13159));
#13151 = ORIENTED_EDGE('',*,*,#13120,.T.);
#13152 = ORIENTED_EDGE('',*,*,#7295,.T.);
#13153 = ORIENTED_EDGE('',*,*,#13154,.F.);
#13154 = EDGE_CURVE('',#2066,#7287,#13155,.T.);
#13155 = LINE('',#13156,#13157);
#13156 = CARTESIAN_POINT('',(29.879967,-15.634605,0.));
#13157 = VECTOR('',#13158,1.);
#13158 = DIRECTION('',(0.,0.,1.));
#13159 = ORIENTED_EDGE('',*,*,#2074,.F.);
#13160 = PLANE('',#13161);
#13161 = AXIS2_PLACEMENT_3D('',#13162,#13163,#13164);
#13162 = CARTESIAN_POINT('',(21.43539,-17.276064,0.));
#13163 = DIRECTION('',(-0.190808940738,0.981627194068,0.));
#13164 = DIRECTION('',(0.981627194068,0.190808940738,0.));
#13165 = ADVANCED_FACE('',(#13166),#13177,.T.);
#13166 = FACE_BOUND('',#13167,.T.);
#13167 = EDGE_LOOP('',(#13168,#13174,#13175,#13176));
#13168 = ORIENTED_EDGE('',*,*,#13169,.T.);
#13169 = EDGE_CURVE('',#780,#6001,#13170,.T.);
#13170 = LINE('',#13171,#13172);
#13171 = CARTESIAN_POINT('',(-49.777323,-45.295322,0.));
#13172 = VECTOR('',#13173,1.);
#13173 = DIRECTION('',(0.,0.,1.));
#13174 = ORIENTED_EDGE('',*,*,#6000,.T.);
#13175 = ORIENTED_EDGE('',*,*,#13135,.F.);
#13176 = ORIENTED_EDGE('',*,*,#779,.F.);
#13177 = PLANE('',#13178);
#13178 = AXIS2_PLACEMENT_3D('',#13179,#13180,#13181);
#13179 = CARTESIAN_POINT('',(-49.777323,-45.295322,0.));
#13180 = DIRECTION('',(-0.681669204543,0.731660505684,0.));
#13181 = DIRECTION('',(0.731660505684,0.681669204543,0.));
#13182 = ADVANCED_FACE('',(#13183),#13194,.F.);
#13183 = FACE_BOUND('',#13184,.T.);
#13184 = EDGE_LOOP('',(#13185,#13186,#13187,#13193));
#13185 = ORIENTED_EDGE('',*,*,#13154,.T.);
#13186 = ORIENTED_EDGE('',*,*,#7286,.T.);
#13187 = ORIENTED_EDGE('',*,*,#13188,.F.);
#13188 = EDGE_CURVE('',#2057,#7278,#13189,.T.);
#13189 = LINE('',#13190,#13191);
#13190 = CARTESIAN_POINT('',(30.275376,-15.048386,0.));
#13191 = VECTOR('',#13192,1.);
#13192 = DIRECTION('',(0.,0.,1.));
#13193 = ORIENTED_EDGE('',*,*,#2065,.F.);
#13194 = CYLINDRICAL_SURFACE('',#13195,0.499999876182);
#13195 = AXIS2_PLACEMENT_3D('',#13196,#13197,#13198);
#13196 = CARTESIAN_POINT('',(29.784562727426,-15.14379149065,0.));
#13197 = DIRECTION('',(-0.,-0.,-1.));
#13198 = DIRECTION('',(0.1908085924,-0.981627261778,0.));
#13199 = ADVANCED_FACE('',(#13200),#13211,.F.);
#13200 = FACE_BOUND('',#13201,.T.);
#13201 = EDGE_LOOP('',(#13202,#13208,#13209,#13210));
#13202 = ORIENTED_EDGE('',*,*,#13203,.T.);
#13203 = EDGE_CURVE('',#788,#6009,#13204,.T.);
#13204 = LINE('',#13205,#13206);
#13205 = CARTESIAN_POINT('',(-52.816665,-45.427337,0.));
#13206 = VECTOR('',#13207,1.);
#13207 = DIRECTION('',(0.,0.,1.));
#13208 = ORIENTED_EDGE('',*,*,#6008,.T.);
#13209 = ORIENTED_EDGE('',*,*,#13169,.F.);
#13210 = ORIENTED_EDGE('',*,*,#787,.F.);
#13211 = CYLINDRICAL_SURFACE('',#13212,2.342767480479);
#13212 = AXIS2_PLACEMENT_3D('',#13213,#13214,#13215);
#13213 = CARTESIAN_POINT('',(-51.37431416571,-43.58121036879,0.));
#13214 = DIRECTION('',(-0.,-0.,-1.));
#13215 = DIRECTION('',(-0.615661112894,-0.788011036769,0.));
#13216 = ADVANCED_FACE('',(#13217),#13228,.F.);
#13217 = FACE_BOUND('',#13218,.T.);
#13218 = EDGE_LOOP('',(#13219,#13220,#13221,#13227));
#13219 = ORIENTED_EDGE('',*,*,#13188,.T.);
#13220 = ORIENTED_EDGE('',*,*,#7277,.T.);
#13221 = ORIENTED_EDGE('',*,*,#13222,.F.);
#13222 = EDGE_CURVE('',#2049,#7270,#13223,.T.);
#13223 = LINE('',#13224,#13225);
#13224 = CARTESIAN_POINT('',(29.689158,-14.652977,0.));
#13225 = VECTOR('',#13226,1.);
#13226 = DIRECTION('',(0.,0.,1.));
#13227 = ORIENTED_EDGE('',*,*,#2056,.F.);
#13228 = CYLINDRICAL_SURFACE('',#13229,0.500000201914);
#13229 = AXIS2_PLACEMENT_3D('',#13230,#13231,#13232);
#13230 = CARTESIAN_POINT('',(29.784562269467,-15.14379084177,0.));
#13231 = DIRECTION('',(-0.,-0.,-1.));
#13232 = DIRECTION('',(0.981627064656,0.190809606503,-0.));
#13233 = ADVANCED_FACE('',(#13234),#13245,.T.);
#13234 = FACE_BOUND('',#13235,.T.);
#13235 = EDGE_LOOP('',(#13236,#13242,#13243,#13244));
#13236 = ORIENTED_EDGE('',*,*,#13237,.T.);
#13237 = EDGE_CURVE('',#797,#6018,#13238,.T.);
#13238 = LINE('',#13239,#13240);
#13239 = CARTESIAN_POINT('',(-55.624009,-45.772036,0.));
#13240 = VECTOR('',#13241,1.);
#13241 = DIRECTION('',(0.,0.,1.));
#13242 = ORIENTED_EDGE('',*,*,#6017,.T.);
#13243 = ORIENTED_EDGE('',*,*,#13203,.F.);
#13244 = ORIENTED_EDGE('',*,*,#796,.F.);
#13245 = CYLINDRICAL_SURFACE('',#13246,1.999998322692);
#13246 = AXIS2_PLACEMENT_3D('',#13247,#13248,#13249);
#13247 = CARTESIAN_POINT('',(-54.04798774028,-47.00335654303,0.));
#13248 = DIRECTION('',(0.,0.,-1.));
#13249 = DIRECTION('',(-0.788011290726,0.615660787844,0.));
#13250 = ADVANCED_FACE('',(#13251),#13262,.T.);
#13251 = FACE_BOUND('',#13252,.T.);
#13252 = EDGE_LOOP('',(#13253,#13254,#13255,#13261));
#13253 = ORIENTED_EDGE('',*,*,#13222,.T.);
#13254 = ORIENTED_EDGE('',*,*,#7269,.T.);
#13255 = ORIENTED_EDGE('',*,*,#13256,.F.);
#13256 = EDGE_CURVE('',#2041,#7262,#13257,.T.);
#13257 = LINE('',#13258,#13259);
#13258 = CARTESIAN_POINT('',(21.339986,-16.275892,0.));
#13259 = VECTOR('',#13260,1.);
#13260 = DIRECTION('',(0.,0.,1.));
#13261 = ORIENTED_EDGE('',*,*,#2048,.F.);
#13262 = PLANE('',#13263);
#13263 = AXIS2_PLACEMENT_3D('',#13264,#13265,#13266);
#13264 = CARTESIAN_POINT('',(29.689158,-14.652977,0.));
#13265 = DIRECTION('',(0.190809036795,-0.981627175397,0.));
#13266 = DIRECTION('',(-0.981627175397,-0.190809036795,0.));
#13267 = ADVANCED_FACE('',(#13268),#13279,.T.);
#13268 = FACE_BOUND('',#13269,.T.);
#13269 = EDGE_LOOP('',(#13270,#13276,#13277,#13278));
#13270 = ORIENTED_EDGE('',*,*,#13271,.T.);
#13271 = EDGE_CURVE('',#806,#6027,#13272,.T.);
#13272 = LINE('',#13273,#13274);
#13273 = CARTESIAN_POINT('',(-60.256862,-51.701816,0.));
#13274 = VECTOR('',#13275,1.);
#13275 = DIRECTION('',(0.,0.,1.));
#13276 = ORIENTED_EDGE('',*,*,#6026,.T.);
#13277 = ORIENTED_EDGE('',*,*,#13237,.F.);
#13278 = ORIENTED_EDGE('',*,*,#805,.F.);
#13279 = PLANE('',#13280);
#13280 = AXIS2_PLACEMENT_3D('',#13281,#13282,#13283);
#13281 = CARTESIAN_POINT('',(-60.256862,-51.701816,0.));
#13282 = DIRECTION('',(-0.78801068155,0.615661567554,0.));
#13283 = DIRECTION('',(0.615661567554,0.78801068155,0.));
#13284 = ADVANCED_FACE('',(#13285),#13296,.T.);
#13285 = FACE_BOUND('',#13286,.T.);
#13286 = EDGE_LOOP('',(#13287,#13288,#13289,#13295));
#13287 = ORIENTED_EDGE('',*,*,#13256,.T.);
#13288 = ORIENTED_EDGE('',*,*,#7261,.T.);
#13289 = ORIENTED_EDGE('',*,*,#13290,.F.);
#13290 = EDGE_CURVE('',#2032,#7253,#13291,.T.);
#13291 = LINE('',#13292,#13293);
#13292 = CARTESIAN_POINT('',(14.463254,-17.612593,0.));
#13293 = VECTOR('',#13294,1.);
#13294 = DIRECTION('',(0.,0.,1.));
#13295 = ORIENTED_EDGE('',*,*,#2040,.F.);
#13296 = PLANE('',#13297);
#13297 = AXIS2_PLACEMENT_3D('',#13298,#13299,#13300);
#13298 = CARTESIAN_POINT('',(21.339986,-16.275892,0.));
#13299 = DIRECTION('',(0.19080895521,-0.981627191255,0.));
#13300 = DIRECTION('',(-0.981627191255,-0.19080895521,0.));
#13301 = ADVANCED_FACE('',(#13302),#13313,.T.);
#13302 = FACE_BOUND('',#13303,.T.);
#13303 = EDGE_LOOP('',(#13304,#13310,#13311,#13312));
#13304 = ORIENTED_EDGE('',*,*,#13305,.T.);
#13305 = EDGE_CURVE('',#814,#6035,#13306,.T.);
#13306 = LINE('',#13307,#13308);
#13307 = CARTESIAN_POINT('',(-64.889715,-57.631597,0.));
#13308 = VECTOR('',#13309,1.);
#13309 = DIRECTION('',(0.,0.,1.));
#13310 = ORIENTED_EDGE('',*,*,#6034,.T.);
#13311 = ORIENTED_EDGE('',*,*,#13271,.F.);
#13312 = ORIENTED_EDGE('',*,*,#813,.F.);
#13313 = PLANE('',#13314);
#13314 = AXIS2_PLACEMENT_3D('',#13315,#13316,#13317);
#13315 = CARTESIAN_POINT('',(-64.889715,-57.631597,0.));
#13316 = DIRECTION('',(-0.788010731921,0.615661503083,0.));
#13317 = DIRECTION('',(0.615661503083,0.788010731921,0.));
#13318 = ADVANCED_FACE('',(#13319),#13330,.T.);
#13319 = FACE_BOUND('',#13320,.T.);
#13320 = EDGE_LOOP('',(#13321,#13322,#13323,#13329));
#13321 = ORIENTED_EDGE('',*,*,#13290,.T.);
#13322 = ORIENTED_EDGE('',*,*,#7252,.T.);
#13323 = ORIENTED_EDGE('',*,*,#13324,.F.);
#13324 = EDGE_CURVE('',#2024,#7245,#13325,.T.);
#13325 = LINE('',#13326,#13327);
#13326 = CARTESIAN_POINT('',(12.5,-15.994211,0.));
#13327 = VECTOR('',#13328,1.);
#13328 = DIRECTION('',(0.,0.,1.));
#13329 = ORIENTED_EDGE('',*,*,#2031,.F.);
#13330 = CYLINDRICAL_SURFACE('',#13331,1.648667303205);
#13331 = AXIS2_PLACEMENT_3D('',#13332,#13333,#13334);
#13332 = CARTESIAN_POINT('',(14.148667303192,-15.99421755318,0.));
#13333 = DIRECTION('',(0.,0.,-1.));
#13334 = DIRECTION('',(0.190812722613,-0.981626458939,0.));
#13335 = ADVANCED_FACE('',(#13336),#13347,.T.);
#13336 = FACE_BOUND('',#13337,.T.);
#13337 = EDGE_LOOP('',(#13338,#13344,#13345,#13346));
#13338 = ORIENTED_EDGE('',*,*,#13339,.T.);
#13339 = EDGE_CURVE('',#822,#6043,#13340,.T.);
#13340 = LINE('',#13341,#13342);
#13341 = CARTESIAN_POINT('',(-64.545016,-60.438942,0.));
#13342 = VECTOR('',#13343,1.);
#13343 = DIRECTION('',(0.,0.,1.));
#13344 = ORIENTED_EDGE('',*,*,#6042,.T.);
#13345 = ORIENTED_EDGE('',*,*,#13305,.F.);
#13346 = ORIENTED_EDGE('',*,*,#821,.F.);
#13347 = CYLINDRICAL_SURFACE('',#13348,2.00000206413);
#13348 = AXIS2_PLACEMENT_3D('',#13349,#13350,#13351);
#13349 = CARTESIAN_POINT('',(-63.31369069036,-58.86291971641,0.));
#13350 = DIRECTION('',(0.,0.,-1.));
#13351 = DIRECTION('',(-0.615662019416,-0.788010328516,-0.));
#13352 = ADVANCED_FACE('',(#13353),#13364,.T.);
#13353 = FACE_BOUND('',#13354,.T.);
#13354 = EDGE_LOOP('',(#13355,#13356,#13357,#13363));
#13355 = ORIENTED_EDGE('',*,*,#13324,.T.);
#13356 = ORIENTED_EDGE('',*,*,#7244,.T.);
#13357 = ORIENTED_EDGE('',*,*,#13358,.F.);
#13358 = EDGE_CURVE('',#2016,#7237,#13359,.T.);
#13359 = LINE('',#13360,#13361);
#13360 = CARTESIAN_POINT('',(12.5,-10.353836,0.));
#13361 = VECTOR('',#13362,1.);
#13362 = DIRECTION('',(0.,0.,1.));
#13363 = ORIENTED_EDGE('',*,*,#2023,.F.);
#13364 = PLANE('',#13365);
#13365 = AXIS2_PLACEMENT_3D('',#13366,#13367,#13368);
#13366 = CARTESIAN_POINT('',(12.5,-15.994211,0.));
#13367 = DIRECTION('',(-1.,0.,0.));
#13368 = DIRECTION('',(0.,1.,0.));
#13369 = ADVANCED_FACE('',(#13370),#13381,.T.);
#13370 = FACE_BOUND('',#13371,.T.);
#13371 = EDGE_LOOP('',(#13372,#13378,#13379,#13380));
#13372 = ORIENTED_EDGE('',*,*,#13373,.T.);
#13373 = EDGE_CURVE('',#831,#6052,#13374,.T.);
#13374 = LINE('',#13375,#13376);
#13375 = CARTESIAN_POINT('',(-58.615235,-65.071794,0.));
#13376 = VECTOR('',#13377,1.);
#13377 = DIRECTION('',(0.,0.,1.));
#13378 = ORIENTED_EDGE('',*,*,#6051,.T.);
#13379 = ORIENTED_EDGE('',*,*,#13339,.F.);
#13380 = ORIENTED_EDGE('',*,*,#830,.F.);
#13381 = PLANE('',#13382);
#13382 = AXIS2_PLACEMENT_3D('',#13383,#13384,#13385);
#13383 = CARTESIAN_POINT('',(-58.615235,-65.071794,0.));
#13384 = DIRECTION('',(-0.615661420563,-0.788010796392,0.));
#13385 = DIRECTION('',(-0.788010796392,0.615661420563,0.));
#13386 = ADVANCED_FACE('',(#13387),#13398,.T.);
#13387 = FACE_BOUND('',#13388,.T.);
#13388 = EDGE_LOOP('',(#13389,#13390,#13391,#13397));
#13389 = ORIENTED_EDGE('',*,*,#13358,.T.);
#13390 = ORIENTED_EDGE('',*,*,#7236,.T.);
#13391 = ORIENTED_EDGE('',*,*,#13392,.F.);
#13392 = EDGE_CURVE('',#2007,#7228,#13393,.T.);
#13393 = LINE('',#13394,#13395);
#13394 = CARTESIAN_POINT('',(12.5,-4.713461,0.));
#13395 = VECTOR('',#13396,1.);
#13396 = DIRECTION('',(0.,0.,1.));
#13397 = ORIENTED_EDGE('',*,*,#2015,.F.);
#13398 = PLANE('',#13399);
#13399 = AXIS2_PLACEMENT_3D('',#13400,#13401,#13402);
#13400 = CARTESIAN_POINT('',(12.5,-10.353836,0.));
#13401 = DIRECTION('',(-1.,0.,0.));
#13402 = DIRECTION('',(0.,1.,0.));
#13403 = ADVANCED_FACE('',(#13404),#13415,.T.);
#13404 = FACE_BOUND('',#13405,.T.);
#13405 = EDGE_LOOP('',(#13406,#13412,#13413,#13414));
#13406 = ORIENTED_EDGE('',*,*,#13407,.T.);
#13407 = EDGE_CURVE('',#839,#6060,#13408,.T.);
#13408 = LINE('',#13409,#13410);
#13409 = CARTESIAN_POINT('',(-52.685454,-69.704647,0.));
#13410 = VECTOR('',#13411,1.);
#13411 = DIRECTION('',(0.,0.,1.));
#13412 = ORIENTED_EDGE('',*,*,#6059,.T.);
#13413 = ORIENTED_EDGE('',*,*,#13373,.F.);
#13414 = ORIENTED_EDGE('',*,*,#838,.F.);
#13415 = PLANE('',#13416);
#13416 = AXIS2_PLACEMENT_3D('',#13417,#13418,#13419);
#13417 = CARTESIAN_POINT('',(-52.685454,-69.704647,0.));
#13418 = DIRECTION('',(-0.615661503083,-0.788010731921,0.));
#13419 = DIRECTION('',(-0.788010731921,0.615661503083,0.));
#13420 = ADVANCED_FACE('',(#13421),#13432,.T.);
#13421 = FACE_BOUND('',#13422,.T.);
#13422 = EDGE_LOOP('',(#13423,#13424,#13425,#13431));
#13423 = ORIENTED_EDGE('',*,*,#13392,.T.);
#13424 = ORIENTED_EDGE('',*,*,#7227,.T.);
#13425 = ORIENTED_EDGE('',*,*,#13426,.F.);
#13426 = EDGE_CURVE('',#1999,#7220,#13427,.T.);
#13427 = LINE('',#13428,#13429);
#13428 = CARTESIAN_POINT('',(14.463254,-2.331843,0.));
#13429 = VECTOR('',#13430,1.);
#13430 = DIRECTION('',(0.,0.,1.));
#13431 = ORIENTED_EDGE('',*,*,#2006,.F.);
#13432 = CYLINDRICAL_SURFACE('',#13433,2.426273850801);
#13433 = AXIS2_PLACEMENT_3D('',#13434,#13435,#13436);
#13434 = CARTESIAN_POINT('',(14.926273849911,-4.713526735862,0.));
#13435 = DIRECTION('',(0.,0.,-1.));
#13436 = DIRECTION('',(-0.999999999633,2.709333997846E-05,0.));
#13437 = ADVANCED_FACE('',(#13438),#13449,.T.);
#13438 = FACE_BOUND('',#13439,.T.);
#13439 = EDGE_LOOP('',(#13440,#13446,#13447,#13448));
#13440 = ORIENTED_EDGE('',*,*,#13441,.T.);
#13441 = EDGE_CURVE('',#847,#6068,#13442,.T.);
#13442 = LINE('',#13443,#13444);
#13443 = CARTESIAN_POINT('',(-49.87811,-69.359949,0.));
#13444 = VECTOR('',#13445,1.);
#13445 = DIRECTION('',(0.,0.,1.));
#13446 = ORIENTED_EDGE('',*,*,#6067,.T.);
#13447 = ORIENTED_EDGE('',*,*,#13407,.F.);
#13448 = ORIENTED_EDGE('',*,*,#846,.F.);
#13449 = CYLINDRICAL_SURFACE('',#13450,1.999999667909);
#13450 = AXIS2_PLACEMENT_3D('',#13451,#13452,#13453);
#13451 = CARTESIAN_POINT('',(-51.45413100641,-68.12862594776,0.));
#13452 = DIRECTION('',(-0.,0.,-1.));
#13453 = DIRECTION('',(0.788010634053,-0.615661628348,-0.));
#13454 = ADVANCED_FACE('',(#13455),#13466,.T.);
#13455 = FACE_BOUND('',#13456,.T.);
#13456 = EDGE_LOOP('',(#13457,#13458,#13459,#13465));
#13457 = ORIENTED_EDGE('',*,*,#13426,.T.);
#13458 = ORIENTED_EDGE('',*,*,#7219,.T.);
#13459 = ORIENTED_EDGE('',*,*,#13460,.F.);
#13460 = EDGE_CURVE('',#1991,#7212,#13461,.T.);
#13461 = LINE('',#13462,#13463);
#13462 = CARTESIAN_POINT('',(19.908919,-1.273313,0.));
#13463 = VECTOR('',#13464,1.);
#13464 = DIRECTION('',(0.,0.,1.));
#13465 = ORIENTED_EDGE('',*,*,#1998,.F.);
#13466 = PLANE('',#13467);
#13467 = AXIS2_PLACEMENT_3D('',#13468,#13469,#13470);
#13468 = CARTESIAN_POINT('',(14.463254,-2.331843,0.));
#13469 = DIRECTION('',(-0.190808987359,0.981627185006,0.));
#13470 = DIRECTION('',(0.981627185006,0.190808987359,0.));
#13471 = ADVANCED_FACE('',(#13472),#13483,.T.);
#13472 = FACE_BOUND('',#13473,.T.);
#13473 = EDGE_LOOP('',(#13474,#13480,#13481,#13482));
#13474 = ORIENTED_EDGE('',*,*,#13475,.T.);
#13475 = EDGE_CURVE('',#856,#6077,#13476,.T.);
#13476 = LINE('',#13477,#13478);
#13477 = CARTESIAN_POINT('',(-45.245257,-63.430168,0.));
#13478 = VECTOR('',#13479,1.);
#13479 = DIRECTION('',(0.,0.,1.));
#13480 = ORIENTED_EDGE('',*,*,#6076,.T.);
#13481 = ORIENTED_EDGE('',*,*,#13441,.F.);
#13482 = ORIENTED_EDGE('',*,*,#855,.F.);
#13483 = PLANE('',#13484);
#13484 = AXIS2_PLACEMENT_3D('',#13485,#13486,#13487);
#13485 = CARTESIAN_POINT('',(-45.245257,-63.430168,0.));
#13486 = DIRECTION('',(0.788010731921,-0.615661503083,0.));
#13487 = DIRECTION('',(-0.615661503083,-0.788010731921,0.));
#13488 = ADVANCED_FACE('',(#13489),#13500,.T.);
#13489 = FACE_BOUND('',#13490,.T.);
#13490 = EDGE_LOOP('',(#13491,#13492,#13493,#13499));
#13491 = ORIENTED_EDGE('',*,*,#13460,.T.);
#13492 = ORIENTED_EDGE('',*,*,#7211,.T.);
#13493 = ORIENTED_EDGE('',*,*,#13494,.F.);
#13494 = EDGE_CURVE('',#1982,#7203,#13495,.T.);
#13495 = LINE('',#13496,#13497);
#13496 = CARTESIAN_POINT('',(26.827023,7.143E-02,0.));
#13497 = VECTOR('',#13498,1.);
#13498 = DIRECTION('',(0.,0.,1.));
#13499 = ORIENTED_EDGE('',*,*,#1990,.F.);
#13500 = PLANE('',#13501);
#13501 = AXIS2_PLACEMENT_3D('',#13502,#13503,#13504);
#13502 = CARTESIAN_POINT('',(19.908919,-1.273313,0.));
#13503 = DIRECTION('',(-0.190808968829,0.981627188608,0.));
#13504 = DIRECTION('',(0.981627188608,0.190808968829,0.));
#13505 = ADVANCED_FACE('',(#13506),#13517,.T.);
#13506 = FACE_BOUND('',#13507,.T.);
#13507 = EDGE_LOOP('',(#13508,#13514,#13515,#13516));
#13508 = ORIENTED_EDGE('',*,*,#13509,.T.);
#13509 = EDGE_CURVE('',#864,#6085,#13510,.T.);
#13510 = LINE('',#13511,#13512);
#13511 = CARTESIAN_POINT('',(-40.612405,-57.500387,0.));
#13512 = VECTOR('',#13513,1.);
#13513 = DIRECTION('',(0.,0.,1.));
#13514 = ORIENTED_EDGE('',*,*,#6084,.T.);
#13515 = ORIENTED_EDGE('',*,*,#13475,.F.);
#13516 = ORIENTED_EDGE('',*,*,#863,.F.);
#13517 = PLANE('',#13518);
#13518 = AXIS2_PLACEMENT_3D('',#13519,#13520,#13521);
#13519 = CARTESIAN_POINT('',(-40.612405,-57.500387,0.));
#13520 = DIRECTION('',(0.788010796392,-0.615661420563,0.));
#13521 = DIRECTION('',(-0.615661420563,-0.788010796392,0.));
#13522 = ADVANCED_FACE('',(#13523),#13534,.F.);
#13523 = FACE_BOUND('',#13524,.T.);
#13524 = EDGE_LOOP('',(#13525,#13526,#13527,#13533));
#13525 = ORIENTED_EDGE('',*,*,#13494,.T.);
#13526 = ORIENTED_EDGE('',*,*,#7202,.T.);
#13527 = ORIENTED_EDGE('',*,*,#13528,.F.);
#13528 = EDGE_CURVE('',#1973,#7194,#13529,.T.);
#13529 = LINE('',#13530,#13531);
#13530 = CARTESIAN_POINT('',(27.222433,0.657649,0.));
#13531 = VECTOR('',#13532,1.);
#13532 = DIRECTION('',(0.,0.,1.));
#13533 = ORIENTED_EDGE('',*,*,#1981,.F.);
#13534 = CYLINDRICAL_SURFACE('',#13535,0.500001551926);
#13535 = AXIS2_PLACEMENT_3D('',#13536,#13537,#13538);
#13536 = CARTESIAN_POINT('',(26.731617726314,0.562245021858,0.));
#13537 = DIRECTION('',(-0.,-0.,-1.));
#13538 = DIRECTION('',(0.190809955126,-0.981626996891,0.));
#13539 = ADVANCED_FACE('',(#13540),#13551,.T.);
#13540 = FACE_BOUND('',#13541,.T.);
#13541 = EDGE_LOOP('',(#13542,#13548,#13549,#13550));
#13542 = ORIENTED_EDGE('',*,*,#13543,.T.);
#13543 = EDGE_CURVE('',#872,#6093,#13544,.T.);
#13544 = LINE('',#13545,#13546);
#13545 = CARTESIAN_POINT('',(-40.957103,-54.693042,0.));
#13546 = VECTOR('',#13547,1.);
#13547 = DIRECTION('',(0.,0.,1.));
#13548 = ORIENTED_EDGE('',*,*,#6092,.T.);
#13549 = ORIENTED_EDGE('',*,*,#13509,.F.);
#13550 = ORIENTED_EDGE('',*,*,#871,.F.);
#13551 = CYLINDRICAL_SURFACE('',#13552,2.000000718909);
#13552 = AXIS2_PLACEMENT_3D('',#13553,#13554,#13555);
#13553 = CARTESIAN_POINT('',(-42.18842704235,-56.26906356659,0.));
#13554 = DIRECTION('',(0.,0.,-1.));
#13555 = DIRECTION('',(0.615661799873,0.788010500042,0.));
#13556 = ADVANCED_FACE('',(#13557),#13568,.F.);
#13557 = FACE_BOUND('',#13558,.T.);
#13558 = EDGE_LOOP('',(#13559,#13560,#13561,#13567));
#13559 = ORIENTED_EDGE('',*,*,#13528,.T.);
#13560 = ORIENTED_EDGE('',*,*,#7193,.T.);
#13561 = ORIENTED_EDGE('',*,*,#13562,.F.);
#13562 = EDGE_CURVE('',#1965,#7186,#13563,.T.);
#13563 = LINE('',#13564,#13565);
#13564 = CARTESIAN_POINT('',(26.636214,1.053058,0.));
#13565 = VECTOR('',#13566,1.);
#13566 = DIRECTION('',(0.,0.,1.));
#13567 = ORIENTED_EDGE('',*,*,#1972,.F.);
#13568 = CYLINDRICAL_SURFACE('',#13569,0.500001877663);
#13569 = AXIS2_PLACEMENT_3D('',#13570,#13571,#13572);
#13570 = CARTESIAN_POINT('',(26.731617907849,0.562242380817,0.));
#13571 = DIRECTION('',(-0.,-0.,-1.));
#13572 = DIRECTION('',(0.981626497973,0.190812521802,-0.));
#13573 = ADVANCED_FACE('',(#13574),#13585,.F.);
#13574 = FACE_BOUND('',#13575,.T.);
#13575 = EDGE_LOOP('',(#13576,#13582,#13583,#13584));
#13576 = ORIENTED_EDGE('',*,*,#13577,.T.);
#13577 = EDGE_CURVE('',#881,#6102,#13578,.T.);
#13578 = LINE('',#13579,#13580);
#13579 = CARTESIAN_POINT('',(-41.060671,-52.10825,0.));
#13580 = VECTOR('',#13581,1.);
#13581 = DIRECTION('',(0.,0.,1.));
#13582 = ORIENTED_EDGE('',*,*,#6101,.T.);
#13583 = ORIENTED_EDGE('',*,*,#13543,.F.);
#13584 = ORIENTED_EDGE('',*,*,#880,.F.);
#13585 = CYLINDRICAL_SURFACE('',#13586,1.695793762195);
#13586 = AXIS2_PLACEMENT_3D('',#13587,#13588,#13589);
#13587 = CARTESIAN_POINT('',(-39.91306784958,-53.35673848335,0.));
#13588 = DIRECTION('',(-0.,-0.,-1.));
#13589 = DIRECTION('',(-0.676735093616,0.736226604429,0.));
#13590 = ADVANCED_FACE('',(#13591),#13602,.T.);
#13591 = FACE_BOUND('',#13592,.T.);
#13592 = EDGE_LOOP('',(#13593,#13594,#13595,#13601));
#13593 = ORIENTED_EDGE('',*,*,#13562,.T.);
#13594 = ORIENTED_EDGE('',*,*,#7185,.T.);
#13595 = ORIENTED_EDGE('',*,*,#13596,.F.);
#13596 = EDGE_CURVE('',#1957,#7178,#13597,.T.);
#13597 = LINE('',#13598,#13599);
#13598 = CARTESIAN_POINT('',(16.813514,-0.856282,0.));
#13599 = VECTOR('',#13600,1.);
#13600 = DIRECTION('',(0.,0.,1.));
#13601 = ORIENTED_EDGE('',*,*,#1964,.F.);
#13602 = PLANE('',#13603);
#13603 = AXIS2_PLACEMENT_3D('',#13604,#13605,#13606);
#13604 = CARTESIAN_POINT('',(26.636214,1.053058,0.));
#13605 = DIRECTION('',(0.190809047129,-0.981627173388,0.));
#13606 = DIRECTION('',(-0.981627173388,-0.190809047129,0.));
#13607 = ADVANCED_FACE('',(#13608),#13619,.T.);
#13608 = FACE_BOUND('',#13609,.T.);
#13609 = EDGE_LOOP('',(#13610,#13616,#13617,#13618));
#13610 = ORIENTED_EDGE('',*,*,#13611,.T.);
#13611 = EDGE_CURVE('',#890,#6111,#13612,.T.);
#13612 = LINE('',#13613,#13614);
#13613 = CARTESIAN_POINT('',(-35.779372,-47.253714,0.));
#13614 = VECTOR('',#13615,1.);
#13615 = DIRECTION('',(0.,0.,1.));
#13616 = ORIENTED_EDGE('',*,*,#6110,.T.);
#13617 = ORIENTED_EDGE('',*,*,#13577,.F.);
#13618 = ORIENTED_EDGE('',*,*,#889,.F.);
#13619 = PLANE('',#13620);
#13620 = AXIS2_PLACEMENT_3D('',#13621,#13622,#13623);
#13621 = CARTESIAN_POINT('',(-35.779372,-47.253714,0.));
#13622 = DIRECTION('',(0.676734907049,-0.73622677592,0.));
#13623 = DIRECTION('',(-0.73622677592,-0.676734907049,0.));
#13624 = ADVANCED_FACE('',(#13625),#13636,.T.);
#13625 = FACE_BOUND('',#13626,.T.);
#13626 = EDGE_LOOP('',(#13627,#13628,#13629,#13635));
#13627 = ORIENTED_EDGE('',*,*,#13596,.T.);
#13628 = ORIENTED_EDGE('',*,*,#7177,.T.);
#13629 = ORIENTED_EDGE('',*,*,#13630,.F.);
#13630 = EDGE_CURVE('',#1948,#7169,#13631,.T.);
#13631 = LINE('',#13632,#13633);
#13632 = CARTESIAN_POINT('',(8.463254,-2.479408,0.));
#13633 = VECTOR('',#13634,1.);
#13634 = DIRECTION('',(0.,0.,1.));
#13635 = ORIENTED_EDGE('',*,*,#1956,.F.);
#13636 = PLANE('',#13637);
#13637 = AXIS2_PLACEMENT_3D('',#13638,#13639,#13640);
#13638 = CARTESIAN_POINT('',(16.813514,-0.856282,0.));
#13639 = DIRECTION('',(0.190808981763,-0.981627186094,0.));
#13640 = DIRECTION('',(-0.981627186094,-0.190808981763,0.));
#13641 = ADVANCED_FACE('',(#13642),#13653,.T.);
#13642 = FACE_BOUND('',#13643,.T.);
#13643 = EDGE_LOOP('',(#13644,#13650,#13651,#13652));
#13644 = ORIENTED_EDGE('',*,*,#13645,.T.);
#13645 = EDGE_CURVE('',#898,#6119,#13646,.T.);
#13646 = LINE('',#13647,#13648);
#13647 = CARTESIAN_POINT('',(-30.498073,-42.399179,0.));
#13648 = VECTOR('',#13649,1.);
#13649 = DIRECTION('',(0.,0.,1.));
#13650 = ORIENTED_EDGE('',*,*,#6118,.T.);
#13651 = ORIENTED_EDGE('',*,*,#13611,.F.);
#13652 = ORIENTED_EDGE('',*,*,#897,.F.);
#13653 = PLANE('',#13654);
#13654 = AXIS2_PLACEMENT_3D('',#13655,#13656,#13657);
#13655 = CARTESIAN_POINT('',(-30.498073,-42.399179,0.));
#13656 = DIRECTION('',(0.676734831489,-0.736226845374,0.));
#13657 = DIRECTION('',(-0.736226845374,-0.676734831489,0.));
#13658 = ADVANCED_FACE('',(#13659),#13670,.T.);
#13659 = FACE_BOUND('',#13660,.T.);
#13660 = EDGE_LOOP('',(#13661,#13662,#13663,#13669));
#13661 = ORIENTED_EDGE('',*,*,#13630,.T.);
#13662 = ORIENTED_EDGE('',*,*,#7168,.T.);
#13663 = ORIENTED_EDGE('',*,*,#13664,.F.);
#13664 = EDGE_CURVE('',#1940,#7161,#13665,.T.);
#13665 = LINE('',#13666,#13667);
#13666 = CARTESIAN_POINT('',(6.5,-0.861026,0.));
#13667 = VECTOR('',#13668,1.);
#13668 = DIRECTION('',(0.,0.,1.));
#13669 = ORIENTED_EDGE('',*,*,#1947,.F.);
#13670 = CYLINDRICAL_SURFACE('',#13671,1.648670875384);
#13671 = AXIS2_PLACEMENT_3D('',#13672,#13673,#13674);
#13672 = CARTESIAN_POINT('',(8.148670875382,-0.861028219774,0.));
#13673 = DIRECTION('',(0.,0.,-1.));
#13674 = DIRECTION('',(0.19081014247,-0.981626960475,0.));
#13675 = ADVANCED_FACE('',(#13676),#13687,.F.);
#13676 = FACE_BOUND('',#13677,.T.);
#13677 = EDGE_LOOP('',(#13678,#13684,#13685,#13686));
#13678 = ORIENTED_EDGE('',*,*,#13679,.T.);
#13679 = EDGE_CURVE('',#906,#6127,#13680,.T.);
#13680 = LINE('',#13681,#13682);
#13681 = CARTESIAN_POINT('',(-27.062598,-41.428522,0.));
#13682 = VECTOR('',#13683,1.);
#13683 = DIRECTION('',(0.,0.,1.));
#13684 = ORIENTED_EDGE('',*,*,#6126,.T.);
#13685 = ORIENTED_EDGE('',*,*,#13645,.F.);
#13686 = ORIENTED_EDGE('',*,*,#905,.F.);
#13687 = CYLINDRICAL_SURFACE('',#13688,3.957271548697);
#13688 = AXIS2_PLACEMENT_3D('',#13689,#13690,#13691);
#13689 = CARTESIAN_POINT('',(-27.82004738485,-45.31262659945,0.));
#13690 = DIRECTION('',(-0.,-0.,-1.));
#13691 = DIRECTION('',(0.19140697714,0.981510758526,-0.));
#13692 = ADVANCED_FACE('',(#13693),#13704,.T.);
#13693 = FACE_BOUND('',#13694,.T.);
#13694 = EDGE_LOOP('',(#13695,#13696,#13697,#13703));
#13695 = ORIENTED_EDGE('',*,*,#13664,.T.);
#13696 = ORIENTED_EDGE('',*,*,#7160,.T.);
#13697 = ORIENTED_EDGE('',*,*,#13698,.F.);
#13698 = EDGE_CURVE('',#1932,#7153,#13699,.T.);
#13699 = LINE('',#13700,#13701);
#13700 = CARTESIAN_POINT('',(6.5,4.779349,0.));
#13701 = VECTOR('',#13702,1.);
#13702 = DIRECTION('',(0.,0.,1.));
#13703 = ORIENTED_EDGE('',*,*,#1939,.F.);
#13704 = PLANE('',#13705);
#13705 = AXIS2_PLACEMENT_3D('',#13706,#13707,#13708);
#13706 = CARTESIAN_POINT('',(6.5,-0.861026,0.));
#13707 = DIRECTION('',(-1.,0.,0.));
#13708 = DIRECTION('',(0.,1.,0.));
#13709 = ADVANCED_FACE('',(#13710),#13721,.T.);
#13710 = FACE_BOUND('',#13711,.T.);
#13711 = EDGE_LOOP('',(#13712,#13718,#13719,#13720));
#13712 = ORIENTED_EDGE('',*,*,#13713,.T.);
#13713 = EDGE_CURVE('',#915,#6136,#13714,.T.);
#13714 = LINE('',#13715,#13716);
#13715 = CARTESIAN_POINT('',(-21.16281,-42.579052,0.));
#13716 = VECTOR('',#13717,1.);
#13717 = DIRECTION('',(0.,0.,1.));
#13718 = ORIENTED_EDGE('',*,*,#6135,.T.);
#13719 = ORIENTED_EDGE('',*,*,#13679,.F.);
#13720 = ORIENTED_EDGE('',*,*,#914,.F.);
#13721 = PLANE('',#13722);
#13722 = AXIS2_PLACEMENT_3D('',#13723,#13724,#13725);
#13723 = CARTESIAN_POINT('',(-21.16281,-42.579052,0.));
#13724 = DIRECTION('',(-0.191406485017,-0.981510854496,0.));
#13725 = DIRECTION('',(-0.981510854496,0.191406485017,0.));
#13726 = ADVANCED_FACE('',(#13727),#13738,.T.);
#13727 = FACE_BOUND('',#13728,.T.);
#13728 = EDGE_LOOP('',(#13729,#13730,#13731,#13737));
#13729 = ORIENTED_EDGE('',*,*,#13698,.T.);
#13730 = ORIENTED_EDGE('',*,*,#7152,.T.);
#13731 = ORIENTED_EDGE('',*,*,#13732,.F.);
#13732 = EDGE_CURVE('',#1923,#7144,#13733,.T.);
#13733 = LINE('',#13734,#13735);
#13734 = CARTESIAN_POINT('',(6.5,10.419724,0.));
#13735 = VECTOR('',#13736,1.);
#13736 = DIRECTION('',(0.,0.,1.));
#13737 = ORIENTED_EDGE('',*,*,#1931,.F.);
#13738 = PLANE('',#13739);
#13739 = AXIS2_PLACEMENT_3D('',#13740,#13741,#13742);
#13740 = CARTESIAN_POINT('',(6.5,4.779349,0.));
#13741 = DIRECTION('',(-1.,0.,0.));
#13742 = DIRECTION('',(0.,1.,0.));
#13743 = ADVANCED_FACE('',(#13744),#13755,.T.);
#13744 = FACE_BOUND('',#13745,.T.);
#13745 = EDGE_LOOP('',(#13746,#13752,#13753,#13754));
#13746 = ORIENTED_EDGE('',*,*,#13747,.T.);
#13747 = EDGE_CURVE('',#923,#6144,#13748,.T.);
#13748 = LINE('',#13749,#13750);
#13749 = CARTESIAN_POINT('',(-15.263022,-43.729582,0.));
#13750 = VECTOR('',#13751,1.);
#13751 = DIRECTION('',(0.,0.,1.));
#13752 = ORIENTED_EDGE('',*,*,#6143,.T.);
#13753 = ORIENTED_EDGE('',*,*,#13713,.F.);
#13754 = ORIENTED_EDGE('',*,*,#922,.F.);
#13755 = PLANE('',#13756);
#13756 = AXIS2_PLACEMENT_3D('',#13757,#13758,#13759);
#13757 = CARTESIAN_POINT('',(-15.263022,-43.729582,0.));
#13758 = DIRECTION('',(-0.191406485017,-0.981510854496,0.));
#13759 = DIRECTION('',(-0.981510854496,0.191406485017,0.));
#13760 = ADVANCED_FACE('',(#13761),#13772,.T.);
#13761 = FACE_BOUND('',#13762,.T.);
#13762 = EDGE_LOOP('',(#13763,#13764,#13765,#13771));
#13763 = ORIENTED_EDGE('',*,*,#13732,.T.);
#13764 = ORIENTED_EDGE('',*,*,#7143,.T.);
#13765 = ORIENTED_EDGE('',*,*,#13766,.F.);
#13766 = EDGE_CURVE('',#1915,#7136,#13767,.T.);
#13767 = LINE('',#13768,#13769);
#13768 = CARTESIAN_POINT('',(8.463254,12.801342,0.));
#13769 = VECTOR('',#13770,1.);
#13770 = DIRECTION('',(0.,0.,1.));
#13771 = ORIENTED_EDGE('',*,*,#1922,.F.);
#13772 = CYLINDRICAL_SURFACE('',#13773,2.426184851515);
#13773 = AXIS2_PLACEMENT_3D('',#13774,#13775,#13776);
#13774 = CARTESIAN_POINT('',(8.926184851503,10.41973162875,0.));
#13775 = DIRECTION('',(0.,0.,-1.));
#13776 = DIRECTION('',(-0.999999999995,-3.144339769403E-06,-0.));
#13777 = ADVANCED_FACE('',(#13778),#13789,.T.);
#13778 = FACE_BOUND('',#13779,.T.);
#13779 = EDGE_LOOP('',(#13780,#13786,#13787,#13788));
#13780 = ORIENTED_EDGE('',*,*,#13781,.T.);
#13781 = EDGE_CURVE('',#931,#6152,#13782,.T.);
#13782 = LINE('',#13783,#13784);
#13783 = CARTESIAN_POINT('',(-11.3,-44.112395,0.));
#13784 = VECTOR('',#13785,1.);
#13785 = DIRECTION('',(0.,0.,1.));
#13786 = ORIENTED_EDGE('',*,*,#6151,.T.);
#13787 = ORIENTED_EDGE('',*,*,#13747,.F.);
#13788 = ORIENTED_EDGE('',*,*,#930,.F.);
#13789 = CYLINDRICAL_SURFACE('',#13790,20.704645876293);
#13790 = AXIS2_PLACEMENT_3D('',#13791,#13792,#13793);
#13791 = CARTESIAN_POINT('',(-11.30000933148,-23.4077491237,0.));
#13792 = DIRECTION('',(0.,0.,-1.));
#13793 = DIRECTION('',(4.506952929513E-07,-1.,0.));
#13794 = ADVANCED_FACE('',(#13795),#13806,.T.);
#13795 = FACE_BOUND('',#13796,.T.);
#13796 = EDGE_LOOP('',(#13797,#13798,#13799,#13805));
#13797 = ORIENTED_EDGE('',*,*,#13766,.T.);
#13798 = ORIENTED_EDGE('',*,*,#7135,.T.);
#13799 = ORIENTED_EDGE('',*,*,#13800,.F.);
#13800 = EDGE_CURVE('',#1907,#7128,#13801,.T.);
#13801 = LINE('',#13802,#13803);
#13802 = CARTESIAN_POINT('',(16.854887,14.432511,0.));
#13803 = VECTOR('',#13804,1.);
#13804 = DIRECTION('',(0.,0.,1.));
#13805 = ORIENTED_EDGE('',*,*,#1914,.F.);
#13806 = PLANE('',#13807);
#13807 = AXIS2_PLACEMENT_3D('',#13808,#13809,#13810);
#13808 = CARTESIAN_POINT('',(8.463254,12.801342,0.));
#13809 = DIRECTION('',(-0.190809083667,0.981627166286,0.));
#13810 = DIRECTION('',(0.981627166286,0.190809083667,0.));
#13811 = ADVANCED_FACE('',(#13812),#13823,.T.);
#13812 = FACE_BOUND('',#13813,.T.);
#13813 = EDGE_LOOP('',(#13814,#13820,#13821,#13822));
#13814 = ORIENTED_EDGE('',*,*,#13815,.T.);
#13815 = EDGE_CURVE('',#940,#6161,#13816,.T.);
#13816 = LINE('',#13817,#13818);
#13817 = CARTESIAN_POINT('',(-6.65,-44.112395,0.));
#13818 = VECTOR('',#13819,1.);
#13819 = DIRECTION('',(0.,0.,1.));
#13820 = ORIENTED_EDGE('',*,*,#6160,.T.);
#13821 = ORIENTED_EDGE('',*,*,#13781,.F.);
#13822 = ORIENTED_EDGE('',*,*,#939,.F.);
#13823 = PLANE('',#13824);
#13824 = AXIS2_PLACEMENT_3D('',#13825,#13826,#13827);
#13825 = CARTESIAN_POINT('',(-6.65,-44.112395,0.));
#13826 = DIRECTION('',(0.,-1.,0.));
#13827 = DIRECTION('',(-1.,0.,0.));
#13828 = ADVANCED_FACE('',(#13829),#13840,.T.);
#13829 = FACE_BOUND('',#13830,.T.);
#13830 = EDGE_LOOP('',(#13831,#13832,#13833,#13839));
#13831 = ORIENTED_EDGE('',*,*,#13800,.T.);
#13832 = ORIENTED_EDGE('',*,*,#7127,.T.);
#13833 = ORIENTED_EDGE('',*,*,#13834,.F.);
#13834 = EDGE_CURVE('',#1899,#7120,#13835,.T.);
#13835 = LINE('',#13836,#13837);
#13836 = CARTESIAN_POINT('',(25.24652,16.063679,0.));
#13837 = VECTOR('',#13838,1.);
#13838 = DIRECTION('',(0.,0.,1.));
#13839 = ORIENTED_EDGE('',*,*,#1906,.F.);
#13840 = PLANE('',#13841);
#13841 = AXIS2_PLACEMENT_3D('',#13842,#13843,#13844);
#13842 = CARTESIAN_POINT('',(16.854887,14.432511,0.));
#13843 = DIRECTION('',(-0.190808970949,0.981627188196,0.));
#13844 = DIRECTION('',(0.981627188196,0.190808970949,0.));
#13845 = ADVANCED_FACE('',(#13846),#13857,.T.);
#13846 = FACE_BOUND('',#13847,.T.);
#13847 = EDGE_LOOP('',(#13848,#13854,#13855,#13856));
#13848 = ORIENTED_EDGE('',*,*,#13849,.T.);
#13849 = EDGE_CURVE('',#948,#6169,#13850,.T.);
#13850 = LINE('',#13851,#13852);
#13851 = CARTESIAN_POINT('',(0.,-44.112395,0.));
#13852 = VECTOR('',#13853,1.);
#13853 = DIRECTION('',(0.,0.,1.));
#13854 = ORIENTED_EDGE('',*,*,#6168,.T.);
#13855 = ORIENTED_EDGE('',*,*,#13815,.F.);
#13856 = ORIENTED_EDGE('',*,*,#947,.F.);
#13857 = PLANE('',#13858);
#13858 = AXIS2_PLACEMENT_3D('',#13859,#13860,#13861);
#13859 = CARTESIAN_POINT('',(0.,-44.112395,0.));
#13860 = DIRECTION('',(0.,-1.,0.));
#13861 = DIRECTION('',(-1.,0.,0.));
#13862 = ADVANCED_FACE('',(#13863),#13874,.T.);
#13863 = FACE_BOUND('',#13864,.T.);
#13864 = EDGE_LOOP('',(#13865,#13866,#13867,#13873));
#13865 = ORIENTED_EDGE('',*,*,#13834,.T.);
#13866 = ORIENTED_EDGE('',*,*,#7119,.T.);
#13867 = ORIENTED_EDGE('',*,*,#13868,.F.);
#13868 = EDGE_CURVE('',#1891,#7112,#13869,.T.);
#13869 = LINE('',#13870,#13871);
#13870 = CARTESIAN_POINT('',(29.173029,16.826915,0.));
#13871 = VECTOR('',#13872,1.);
#13872 = DIRECTION('',(0.,0.,1.));
#13873 = ORIENTED_EDGE('',*,*,#1898,.F.);
#13874 = PLANE('',#13875);
#13875 = AXIS2_PLACEMENT_3D('',#13876,#13877,#13878);
#13876 = CARTESIAN_POINT('',(25.24652,16.063679,0.));
#13877 = DIRECTION('',(-0.190808987366,0.981627185005,0.));
#13878 = DIRECTION('',(0.981627185005,0.190808987366,0.));
#13879 = ADVANCED_FACE('',(#13880),#13891,.T.);
#13880 = FACE_BOUND('',#13881,.T.);
#13881 = EDGE_LOOP('',(#13882,#13888,#13889,#13890));
#13882 = ORIENTED_EDGE('',*,*,#13883,.T.);
#13883 = EDGE_CURVE('',#956,#6177,#13884,.T.);
#13884 = LINE('',#13885,#13886);
#13885 = CARTESIAN_POINT('',(6.65,-44.112395,0.));
#13886 = VECTOR('',#13887,1.);
#13887 = DIRECTION('',(0.,0.,1.));
#13888 = ORIENTED_EDGE('',*,*,#6176,.T.);
#13889 = ORIENTED_EDGE('',*,*,#13849,.F.);
#13890 = ORIENTED_EDGE('',*,*,#955,.F.);
#13891 = PLANE('',#13892);
#13892 = AXIS2_PLACEMENT_3D('',#13893,#13894,#13895);
#13893 = CARTESIAN_POINT('',(6.65,-44.112395,0.));
#13894 = DIRECTION('',(0.,-1.,0.));
#13895 = DIRECTION('',(-1.,0.,0.));
#13896 = ADVANCED_FACE('',(#13897),#13908,.T.);
#13897 = FACE_BOUND('',#13898,.T.);
#13898 = EDGE_LOOP('',(#13899,#13900,#13901,#13907));
#13899 = ORIENTED_EDGE('',*,*,#13868,.T.);
#13900 = ORIENTED_EDGE('',*,*,#7111,.T.);
#13901 = ORIENTED_EDGE('',*,*,#13902,.F.);
#13902 = EDGE_CURVE('',#1883,#7104,#13903,.T.);
#13903 = LINE('',#13904,#13905);
#13904 = CARTESIAN_POINT('',(29.663843,16.922319,0.));
#13905 = VECTOR('',#13906,1.);
#13906 = DIRECTION('',(0.,0.,1.));
#13907 = ORIENTED_EDGE('',*,*,#1890,.F.);
#13908 = PLANE('',#13909);
#13909 = AXIS2_PLACEMENT_3D('',#13910,#13911,#13912);
#13910 = CARTESIAN_POINT('',(29.173029,16.826915,0.));
#13911 = DIRECTION('',(-0.190807883297,0.981627399613,0.));
#13912 = DIRECTION('',(0.981627399613,0.190807883297,0.));
#13913 = ADVANCED_FACE('',(#13914),#13925,.T.);
#13914 = FACE_BOUND('',#13915,.T.);
#13915 = EDGE_LOOP('',(#13916,#13922,#13923,#13924));
#13916 = ORIENTED_EDGE('',*,*,#13917,.T.);
#13917 = EDGE_CURVE('',#964,#6185,#13918,.T.);
#13918 = LINE('',#13919,#13920);
#13919 = CARTESIAN_POINT('',(11.3,-44.112395,0.));
#13920 = VECTOR('',#13921,1.);
#13921 = DIRECTION('',(0.,0.,1.));
#13922 = ORIENTED_EDGE('',*,*,#6184,.T.);
#13923 = ORIENTED_EDGE('',*,*,#13883,.F.);
#13924 = ORIENTED_EDGE('',*,*,#963,.F.);
#13925 = PLANE('',#13926);
#13926 = AXIS2_PLACEMENT_3D('',#13927,#13928,#13929);
#13927 = CARTESIAN_POINT('',(11.3,-44.112395,0.));
#13928 = DIRECTION('',(0.,-1.,0.));
#13929 = DIRECTION('',(-1.,0.,0.));
#13930 = ADVANCED_FACE('',(#13931),#13942,.T.);
#13931 = FACE_BOUND('',#13932,.T.);
#13932 = EDGE_LOOP('',(#13933,#13934,#13935,#13941));
#13933 = ORIENTED_EDGE('',*,*,#13902,.T.);
#13934 = ORIENTED_EDGE('',*,*,#7103,.T.);
#13935 = ORIENTED_EDGE('',*,*,#13936,.F.);
#13936 = EDGE_CURVE('',#1875,#7096,#13937,.T.);
#13937 = LINE('',#13938,#13939);
#13938 = CARTESIAN_POINT('',(32.117911,17.399342,0.));
#13939 = VECTOR('',#13940,1.);
#13940 = DIRECTION('',(0.,0.,1.));
#13941 = ORIENTED_EDGE('',*,*,#1882,.F.);
#13942 = PLANE('',#13943);
#13943 = AXIS2_PLACEMENT_3D('',#13944,#13945,#13946);
#13944 = CARTESIAN_POINT('',(29.663843,16.922319,0.));
#13945 = DIRECTION('',(-0.19080918945,0.981627145724,0.));
#13946 = DIRECTION('',(0.981627145724,0.19080918945,0.));
#13947 = ADVANCED_FACE('',(#13948),#13959,.T.);
#13948 = FACE_BOUND('',#13949,.T.);
#13949 = EDGE_LOOP('',(#13950,#13956,#13957,#13958));
#13950 = ORIENTED_EDGE('',*,*,#13951,.T.);
#13951 = EDGE_CURVE('',#972,#6193,#13952,.T.);
#13952 = LINE('',#13953,#13954);
#13953 = CARTESIAN_POINT('',(15.263022,-43.729582,0.));
#13954 = VECTOR('',#13955,1.);
#13955 = DIRECTION('',(0.,0.,1.));
#13956 = ORIENTED_EDGE('',*,*,#6192,.T.);
#13957 = ORIENTED_EDGE('',*,*,#13917,.F.);
#13958 = ORIENTED_EDGE('',*,*,#971,.F.);
#13959 = CYLINDRICAL_SURFACE('',#13960,20.704645876293);
#13960 = AXIS2_PLACEMENT_3D('',#13961,#13962,#13963);
#13961 = CARTESIAN_POINT('',(11.300009331486,-23.4077491237,0.));
#13962 = DIRECTION('',(0.,0.,-1.));
#13963 = DIRECTION('',(0.19140692829,-0.981510768052,0.));
#13964 = ADVANCED_FACE('',(#13965),#13976,.T.);
#13965 = FACE_BOUND('',#13966,.T.);
#13966 = EDGE_LOOP('',(#13967,#13968,#13969,#13975));
#13967 = ORIENTED_EDGE('',*,*,#13936,.T.);
#13968 = ORIENTED_EDGE('',*,*,#7095,.T.);
#13969 = ORIENTED_EDGE('',*,*,#13970,.F.);
#13970 = EDGE_CURVE('',#1867,#7088,#13971,.T.);
#13971 = LINE('',#13972,#13973);
#13972 = CARTESIAN_POINT('',(41.467909,19.216798,0.));
#13973 = VECTOR('',#13974,1.);
#13974 = DIRECTION('',(0.,0.,1.));
#13975 = ORIENTED_EDGE('',*,*,#1874,.F.);
#13976 = PLANE('',#13977);
#13977 = AXIS2_PLACEMENT_3D('',#13978,#13979,#13980);
#13978 = CARTESIAN_POINT('',(32.117911,17.399342,0.));
#13979 = DIRECTION('',(-0.190809045789,0.981627173648,0.));
#13980 = DIRECTION('',(0.981627173648,0.190809045789,0.));
#13981 = ADVANCED_FACE('',(#13982),#13993,.T.);
#13982 = FACE_BOUND('',#13983,.T.);
#13983 = EDGE_LOOP('',(#13984,#13990,#13991,#13992));
#13984 = ORIENTED_EDGE('',*,*,#13985,.T.);
#13985 = EDGE_CURVE('',#981,#6202,#13986,.T.);
#13986 = LINE('',#13987,#13988);
#13987 = CARTESIAN_POINT('',(21.16281,-42.579052,0.));
#13988 = VECTOR('',#13989,1.);
#13989 = DIRECTION('',(0.,0.,1.));
#13990 = ORIENTED_EDGE('',*,*,#6201,.T.);
#13991 = ORIENTED_EDGE('',*,*,#13951,.F.);
#13992 = ORIENTED_EDGE('',*,*,#980,.F.);
#13993 = PLANE('',#13994);
#13994 = AXIS2_PLACEMENT_3D('',#13995,#13996,#13997);
#13995 = CARTESIAN_POINT('',(21.16281,-42.579052,0.));
#13996 = DIRECTION('',(0.191406485017,-0.981510854496,0.));
#13997 = DIRECTION('',(-0.981510854496,-0.191406485017,0.));
#13998 = ADVANCED_FACE('',(#13999),#14010,.T.);
#13999 = FACE_BOUND('',#14000,.T.);
#14000 = EDGE_LOOP('',(#14001,#14002,#14003,#14009));
#14001 = ORIENTED_EDGE('',*,*,#13970,.T.);
#14002 = ORIENTED_EDGE('',*,*,#7087,.T.);
#14003 = ORIENTED_EDGE('',*,*,#14004,.F.);
#14004 = EDGE_CURVE('',#1858,#7079,#14005,.T.);
#14005 = LINE('',#14006,#14007);
#14006 = CARTESIAN_POINT('',(49.198224,20.719418,0.));
#14007 = VECTOR('',#14008,1.);
#14008 = DIRECTION('',(0.,0.,1.));
#14009 = ORIENTED_EDGE('',*,*,#1866,.F.);
#14010 = PLANE('',#14011);
#14011 = AXIS2_PLACEMENT_3D('',#14012,#14013,#14014);
#14012 = CARTESIAN_POINT('',(41.467909,19.216798,0.));
#14013 = DIRECTION('',(-0.190808870638,0.981627207694,0.));
#14014 = DIRECTION('',(0.981627207694,0.190808870638,0.));
#14015 = ADVANCED_FACE('',(#14016),#14027,.T.);
#14016 = FACE_BOUND('',#14017,.T.);
#14017 = EDGE_LOOP('',(#14018,#14024,#14025,#14026));
#14018 = ORIENTED_EDGE('',*,*,#14019,.T.);
#14019 = EDGE_CURVE('',#989,#6210,#14020,.T.);
#14020 = LINE('',#14021,#14022);
#14021 = CARTESIAN_POINT('',(27.062598,-41.428522,0.));
#14022 = VECTOR('',#14023,1.);
#14023 = DIRECTION('',(0.,0.,1.));
#14024 = ORIENTED_EDGE('',*,*,#6209,.T.);
#14025 = ORIENTED_EDGE('',*,*,#13985,.F.);
#14026 = ORIENTED_EDGE('',*,*,#988,.F.);
#14027 = PLANE('',#14028);
#14028 = AXIS2_PLACEMENT_3D('',#14029,#14030,#14031);
#14029 = CARTESIAN_POINT('',(27.062598,-41.428522,0.));
#14030 = DIRECTION('',(0.191406485017,-0.981510854496,0.));
#14031 = DIRECTION('',(-0.981510854496,-0.191406485017,0.));
#14032 = ADVANCED_FACE('',(#14033),#14044,.F.);
#14033 = FACE_BOUND('',#14034,.T.);
#14034 = EDGE_LOOP('',(#14035,#14036,#14037,#14043));
#14035 = ORIENTED_EDGE('',*,*,#14004,.T.);
#14036 = ORIENTED_EDGE('',*,*,#7078,.T.);
#14037 = ORIENTED_EDGE('',*,*,#14038,.F.);
#14038 = EDGE_CURVE('',#1849,#7070,#14039,.T.);
#14039 = LINE('',#14040,#14041);
#14040 = CARTESIAN_POINT('',(50.503074,22.653938,0.));
#14041 = VECTOR('',#14042,1.);
#14042 = DIRECTION('',(0.,0.,1.));
#14043 = ORIENTED_EDGE('',*,*,#1857,.F.);
#14044 = CYLINDRICAL_SURFACE('',#14045,1.65000097831);
#14045 = AXIS2_PLACEMENT_3D('',#14046,#14047,#14048);
#14046 = CARTESIAN_POINT('',(48.883388057798,22.339103635523,0.));
#14047 = DIRECTION('',(-0.,-0.,-1.));
#14048 = DIRECTION('',(0.190809548807,-0.981627075872,0.));
#14049 = ADVANCED_FACE('',(#14050),#14061,.F.);
#14050 = FACE_BOUND('',#14051,.T.);
#14051 = EDGE_LOOP('',(#14052,#14058,#14059,#14060));
#14052 = ORIENTED_EDGE('',*,*,#14053,.T.);
#14053 = EDGE_CURVE('',#997,#6218,#14054,.T.);
#14054 = LINE('',#14055,#14056);
#14055 = CARTESIAN_POINT('',(30.498073,-42.399179,0.));
#14056 = VECTOR('',#14057,1.);
#14057 = DIRECTION('',(0.,0.,1.));
#14058 = ORIENTED_EDGE('',*,*,#6217,.T.);
#14059 = ORIENTED_EDGE('',*,*,#14019,.F.);
#14060 = ORIENTED_EDGE('',*,*,#996,.F.);
#14061 = CYLINDRICAL_SURFACE('',#14062,3.957263559871);
#14062 = AXIS2_PLACEMENT_3D('',#14063,#14064,#14065);
#14063 = CARTESIAN_POINT('',(27.820049818633,-45.31261798552,0.));
#14064 = DIRECTION('',(-0.,-0.,-1.));
#14065 = DIRECTION('',(0.676736118494,0.736225662365,-0.));
#14066 = ADVANCED_FACE('',(#14067),#14078,.T.);
#14067 = FACE_BOUND('',#14068,.T.);
#14068 = EDGE_LOOP('',(#14069,#14070,#14071,#14077));
#14069 = ORIENTED_EDGE('',*,*,#14038,.T.);
#14070 = ORIENTED_EDGE('',*,*,#7069,.T.);
#14071 = ORIENTED_EDGE('',*,*,#14072,.F.);
#14072 = EDGE_CURVE('',#1841,#7062,#14073,.T.);
#14073 = LINE('',#14074,#14075);
#14074 = CARTESIAN_POINT('',(51.807924,24.588458,0.));
#14075 = VECTOR('',#14076,1.);
#14076 = DIRECTION('',(0.,0.,1.));
#14077 = ORIENTED_EDGE('',*,*,#1848,.F.);
#14078 = CYLINDRICAL_SURFACE('',#14079,1.649935860072);
#14079 = AXIS2_PLACEMENT_3D('',#14080,#14081,#14082);
#14080 = CARTESIAN_POINT('',(52.122683593751,22.968823862149,0.));
#14081 = DIRECTION('',(0.,0.,-1.));
#14082 = DIRECTION('',(-0.981619730164,-0.190847335202,-0.));
#14083 = ADVANCED_FACE('',(#14084),#14095,.T.);
#14084 = FACE_BOUND('',#14085,.T.);
#14085 = EDGE_LOOP('',(#14086,#14092,#14093,#14094));
#14086 = ORIENTED_EDGE('',*,*,#14087,.T.);
#14087 = EDGE_CURVE('',#1006,#6227,#14088,.T.);
#14088 = LINE('',#14089,#14090);
#14089 = CARTESIAN_POINT('',(35.779372,-47.253714,0.));
#14090 = VECTOR('',#14091,1.);
#14091 = DIRECTION('',(0.,0.,1.));
#14092 = ORIENTED_EDGE('',*,*,#6226,.T.);
#14093 = ORIENTED_EDGE('',*,*,#14053,.F.);
#14094 = ORIENTED_EDGE('',*,*,#1005,.F.);
#14095 = PLANE('',#14096);
#14096 = AXIS2_PLACEMENT_3D('',#14097,#14098,#14099);
#14097 = CARTESIAN_POINT('',(35.779372,-47.253714,0.));
#14098 = DIRECTION('',(-0.676734831489,-0.736226845374,0.));
#14099 = DIRECTION('',(-0.736226845374,0.676734831489,0.));
#14100 = ADVANCED_FACE('',(#14101),#14112,.T.);
#14101 = FACE_BOUND('',#14102,.T.);
#14102 = EDGE_LOOP('',(#14103,#14104,#14105,#14111));
#14103 = ORIENTED_EDGE('',*,*,#14072,.T.);
#14104 = ORIENTED_EDGE('',*,*,#7061,.T.);
#14105 = ORIENTED_EDGE('',*,*,#14106,.F.);
#14106 = EDGE_CURVE('',#1833,#7054,#14107,.T.);
#14107 = LINE('',#14108,#14109);
#14108 = CARTESIAN_POINT('',(59.538238,26.091079,0.));
#14109 = VECTOR('',#14110,1.);
#14110 = DIRECTION('',(0.,0.,1.));
#14111 = ORIENTED_EDGE('',*,*,#1840,.F.);
#14112 = PLANE('',#14113);
#14113 = AXIS2_PLACEMENT_3D('',#14114,#14115,#14116);
#14114 = CARTESIAN_POINT('',(51.807924,24.588458,0.));
#14115 = DIRECTION('',(-0.190809016783,0.981627179287,0.));
#14116 = DIRECTION('',(0.981627179287,0.190809016783,0.));
#14117 = ADVANCED_FACE('',(#14118),#14129,.T.);
#14118 = FACE_BOUND('',#14119,.T.);
#14119 = EDGE_LOOP('',(#14120,#14126,#14127,#14128));
#14120 = ORIENTED_EDGE('',*,*,#14121,.T.);
#14121 = EDGE_CURVE('',#1014,#6235,#14122,.T.);
#14122 = LINE('',#14123,#14124);
#14123 = CARTESIAN_POINT('',(41.060671,-52.10825,0.));
#14124 = VECTOR('',#14125,1.);
#14125 = DIRECTION('',(0.,0.,1.));
#14126 = ORIENTED_EDGE('',*,*,#6234,.T.);
#14127 = ORIENTED_EDGE('',*,*,#14087,.F.);
#14128 = ORIENTED_EDGE('',*,*,#1013,.F.);
#14129 = PLANE('',#14130);
#14130 = AXIS2_PLACEMENT_3D('',#14131,#14132,#14133);
#14131 = CARTESIAN_POINT('',(41.060671,-52.10825,0.));
#14132 = DIRECTION('',(-0.676734907049,-0.73622677592,0.));
#14133 = DIRECTION('',(-0.73622677592,0.676734907049,0.));
#14134 = ADVANCED_FACE('',(#14135),#14146,.T.);
#14135 = FACE_BOUND('',#14136,.T.);
#14136 = EDGE_LOOP('',(#14137,#14138,#14139,#14145));
#14137 = ORIENTED_EDGE('',*,*,#14106,.T.);
#14138 = ORIENTED_EDGE('',*,*,#7053,.T.);
#14139 = ORIENTED_EDGE('',*,*,#14140,.F.);
#14140 = EDGE_CURVE('',#1824,#7045,#14141,.T.);
#14141 = LINE('',#14142,#14143);
#14142 = CARTESIAN_POINT('',(66.924982,27.526916,0.));
#14143 = VECTOR('',#14144,1.);
#14144 = DIRECTION('',(0.,0.,1.));
#14145 = ORIENTED_EDGE('',*,*,#1832,.F.);
#14146 = PLANE('',#14147);
#14147 = AXIS2_PLACEMENT_3D('',#14148,#14149,#14150);
#14148 = CARTESIAN_POINT('',(59.538238,26.091079,0.));
#14149 = DIRECTION('',(-0.190808920819,0.98162719794,0.));
#14150 = DIRECTION('',(0.98162719794,0.190808920819,0.));
#14151 = ADVANCED_FACE('',(#14152),#14163,.F.);
#14152 = FACE_BOUND('',#14153,.T.);
#14153 = EDGE_LOOP('',(#14154,#14160,#14161,#14162));
#14154 = ORIENTED_EDGE('',*,*,#14155,.T.);
#14155 = EDGE_CURVE('',#1022,#6243,#14156,.T.);
#14156 = LINE('',#14157,#14158);
#14157 = CARTESIAN_POINT('',(40.957103,-54.693042,0.));
#14158 = VECTOR('',#14159,1.);
#14159 = DIRECTION('',(0.,0.,1.));
#14160 = ORIENTED_EDGE('',*,*,#6242,.T.);
#14161 = ORIENTED_EDGE('',*,*,#14121,.F.);
#14162 = ORIENTED_EDGE('',*,*,#1021,.F.);
#14163 = CYLINDRICAL_SURFACE('',#14164,1.695790030675);
#14164 = AXIS2_PLACEMENT_3D('',#14165,#14166,#14167);
#14165 = CARTESIAN_POINT('',(39.913073614914,-53.35673871435,0.));
#14166 = DIRECTION('',(-0.,0.,-1.));
#14167 = DIRECTION('',(0.615659584147,-0.788012231154,-0.));
#14168 = ADVANCED_FACE('',(#14169),#14180,.F.);
#14169 = FACE_BOUND('',#14170,.T.);
#14170 = EDGE_LOOP('',(#14171,#14172,#14173,#14179));
#14171 = ORIENTED_EDGE('',*,*,#14140,.T.);
#14172 = ORIENTED_EDGE('',*,*,#7044,.T.);
#14173 = ORIENTED_EDGE('',*,*,#14174,.F.);
#14174 = EDGE_CURVE('',#1816,#7037,#14175,.T.);
#14175 = LINE('',#14176,#14177);
#14176 = CARTESIAN_POINT('',(68.506619,29.871789,0.));
#14177 = VECTOR('',#14178,1.);
#14178 = DIRECTION('',(0.,0.,1.));
#14179 = ORIENTED_EDGE('',*,*,#1823,.F.);
#14180 = CYLINDRICAL_SURFACE('',#14181,2.00000215767);
#14181 = AXIS2_PLACEMENT_3D('',#14182,#14183,#14184);
#14182 = CARTESIAN_POINT('',(66.543362200977,29.490172213457,0.));
#14183 = DIRECTION('',(-0.,-0.,-1.));
#14184 = DIRECTION('',(0.19080969366,-0.981627047715,0.));
#14185 = ADVANCED_FACE('',(#14186),#14197,.T.);
#14186 = FACE_BOUND('',#14187,.T.);
#14187 = EDGE_LOOP('',(#14188,#14194,#14195,#14196));
#14188 = ORIENTED_EDGE('',*,*,#14189,.T.);
#14189 = EDGE_CURVE('',#1031,#6252,#14190,.T.);
#14190 = LINE('',#14191,#14192);
#14191 = CARTESIAN_POINT('',(40.612405,-57.500387,0.));
#14192 = VECTOR('',#14193,1.);
#14193 = DIRECTION('',(0.,0.,1.));
#14194 = ORIENTED_EDGE('',*,*,#6251,.T.);
#14195 = ORIENTED_EDGE('',*,*,#14155,.F.);
#14196 = ORIENTED_EDGE('',*,*,#1030,.F.);
#14197 = CYLINDRICAL_SURFACE('',#14198,2.000000718909);
#14198 = AXIS2_PLACEMENT_3D('',#14199,#14200,#14201);
#14199 = CARTESIAN_POINT('',(42.188427042352,-56.26906356659,0.));
#14200 = DIRECTION('',(0.,0.,-1.));
#14201 = DIRECTION('',(-0.788010737922,-0.615661495402,-0.));
#14202 = ADVANCED_FACE('',(#14203),#14214,.T.);
#14203 = FACE_BOUND('',#14204,.T.);
#14204 = EDGE_LOOP('',(#14205,#14206,#14207,#14213));
#14205 = ORIENTED_EDGE('',*,*,#14174,.T.);
#14206 = ORIENTED_EDGE('',*,*,#7036,.T.);
#14207 = ORIENTED_EDGE('',*,*,#14208,.F.);
#14208 = EDGE_CURVE('',#1808,#7029,#14209,.T.);
#14209 = LINE('',#14210,#14211);
#14210 = CARTESIAN_POINT('',(68.191784,31.491473,0.));
#14211 = VECTOR('',#14212,1.);
#14212 = DIRECTION('',(0.,0.,1.));
#14213 = ORIENTED_EDGE('',*,*,#1815,.F.);
#14214 = PLANE('',#14215);
#14215 = AXIS2_PLACEMENT_3D('',#14216,#14217,#14218);
#14216 = CARTESIAN_POINT('',(68.506619,29.871789,0.));
#14217 = DIRECTION('',(-0.981627146739,-0.190809184226,0.));
#14218 = DIRECTION('',(-0.190809184226,0.981627146739,0.));
#14219 = ADVANCED_FACE('',(#14220),#14231,.T.);
#14220 = FACE_BOUND('',#14221,.T.);
#14221 = EDGE_LOOP('',(#14222,#14228,#14229,#14230));
#14222 = ORIENTED_EDGE('',*,*,#14223,.T.);
#14223 = EDGE_CURVE('',#1040,#6261,#14224,.T.);
#14224 = LINE('',#14225,#14226);
#14225 = CARTESIAN_POINT('',(45.245257,-63.430168,0.));
#14226 = VECTOR('',#14227,1.);
#14227 = DIRECTION('',(0.,0.,1.));
#14228 = ORIENTED_EDGE('',*,*,#6260,.T.);
#14229 = ORIENTED_EDGE('',*,*,#14189,.F.);
#14230 = ORIENTED_EDGE('',*,*,#1039,.F.);
#14231 = PLANE('',#14232);
#14232 = AXIS2_PLACEMENT_3D('',#14233,#14234,#14235);
#14233 = CARTESIAN_POINT('',(45.245257,-63.430168,0.));
#14234 = DIRECTION('',(-0.788010796392,-0.615661420563,0.));
#14235 = DIRECTION('',(-0.615661420563,0.788010796392,0.));
#14236 = ADVANCED_FACE('',(#14237),#14248,.T.);
#14237 = FACE_BOUND('',#14238,.T.);
#14238 = EDGE_LOOP('',(#14239,#14240,#14241,#14247));
#14239 = ORIENTED_EDGE('',*,*,#14208,.T.);
#14240 = ORIENTED_EDGE('',*,*,#7028,.T.);
#14241 = ORIENTED_EDGE('',*,*,#14242,.F.);
#14242 = EDGE_CURVE('',#1799,#7020,#14243,.T.);
#14243 = LINE('',#14244,#14245);
#14244 = CARTESIAN_POINT('',(67.876949,33.111158,0.));
#14245 = VECTOR('',#14246,1.);
#14246 = DIRECTION('',(0.,0.,1.));
#14247 = ORIENTED_EDGE('',*,*,#1807,.F.);
#14248 = PLANE('',#14249);
#14249 = AXIS2_PLACEMENT_3D('',#14250,#14251,#14252);
#14250 = CARTESIAN_POINT('',(68.191784,31.491473,0.));
#14251 = DIRECTION('',(-0.981627168805,-0.190809070709,0.));
#14252 = DIRECTION('',(-0.190809070709,0.981627168805,0.));
#14253 = ADVANCED_FACE('',(#14254),#14265,.T.);
#14254 = FACE_BOUND('',#14255,.T.);
#14255 = EDGE_LOOP('',(#14256,#14262,#14263,#14264));
#14256 = ORIENTED_EDGE('',*,*,#14257,.T.);
#14257 = EDGE_CURVE('',#1048,#6269,#14258,.T.);
#14258 = LINE('',#14259,#14260);
#14259 = CARTESIAN_POINT('',(49.87811,-69.359949,0.));
#14260 = VECTOR('',#14261,1.);
#14261 = DIRECTION('',(0.,0.,1.));
#14262 = ORIENTED_EDGE('',*,*,#6268,.T.);
#14263 = ORIENTED_EDGE('',*,*,#14223,.F.);
#14264 = ORIENTED_EDGE('',*,*,#1047,.F.);
#14265 = PLANE('',#14266);
#14266 = AXIS2_PLACEMENT_3D('',#14267,#14268,#14269);
#14267 = CARTESIAN_POINT('',(49.87811,-69.359949,0.));
#14268 = DIRECTION('',(-0.788010731921,-0.615661503083,0.));
#14269 = DIRECTION('',(-0.615661503083,0.788010731921,0.));
#14270 = ADVANCED_FACE('',(#14271),#14282,.T.);
#14271 = FACE_BOUND('',#14272,.T.);
#14272 = EDGE_LOOP('',(#14273,#14274,#14275,#14281));
#14273 = ORIENTED_EDGE('',*,*,#14242,.T.);
#14274 = ORIENTED_EDGE('',*,*,#7019,.T.);
#14275 = ORIENTED_EDGE('',*,*,#14276,.F.);
#14276 = EDGE_CURVE('',#1791,#7012,#14277,.T.);
#14277 = LINE('',#14278,#14279);
#14278 = CARTESIAN_POINT('',(69.458585,35.456031,0.));
#14279 = VECTOR('',#14280,1.);
#14280 = DIRECTION('',(0.,0.,1.));
#14281 = ORIENTED_EDGE('',*,*,#1798,.F.);
#14282 = CYLINDRICAL_SURFACE('',#14283,1.999959566955);
#14283 = AXIS2_PLACEMENT_3D('',#14284,#14285,#14286);
#14284 = CARTESIAN_POINT('',(69.840155827229,33.492808655674,0.));
#14285 = DIRECTION('',(0.,0.,-1.));
#14286 = DIRECTION('',(-0.981623258623,-0.190829185739,-0.));
#14287 = ADVANCED_FACE('',(#14288),#14299,.T.);
#14288 = FACE_BOUND('',#14289,.T.);
#14289 = EDGE_LOOP('',(#14290,#14296,#14297,#14298));
#14290 = ORIENTED_EDGE('',*,*,#14291,.T.);
#14291 = EDGE_CURVE('',#1056,#6277,#14292,.T.);
#14292 = LINE('',#14293,#14294);
#14293 = CARTESIAN_POINT('',(52.685454,-69.704647,0.));
#14294 = VECTOR('',#14295,1.);
#14295 = DIRECTION('',(0.,0.,1.));
#14296 = ORIENTED_EDGE('',*,*,#6276,.T.);
#14297 = ORIENTED_EDGE('',*,*,#14257,.F.);
#14298 = ORIENTED_EDGE('',*,*,#1055,.F.);
#14299 = CYLINDRICAL_SURFACE('',#14300,1.999999667909);
#14300 = AXIS2_PLACEMENT_3D('',#14301,#14302,#14303);
#14301 = CARTESIAN_POINT('',(51.454131006414,-68.12862594776,0.));
#14302 = DIRECTION('',(-0.,0.,-1.));
#14303 = DIRECTION('',(0.615661599021,-0.788010656965,-0.));
#14304 = ADVANCED_FACE('',(#14305),#14316,.T.);
#14305 = FACE_BOUND('',#14306,.T.);
#14306 = EDGE_LOOP('',(#14307,#14308,#14309,#14315));
#14307 = ORIENTED_EDGE('',*,*,#14276,.T.);
#14308 = ORIENTED_EDGE('',*,*,#7011,.T.);
#14309 = ORIENTED_EDGE('',*,*,#14310,.F.);
#14310 = EDGE_CURVE('',#1783,#7004,#14311,.T.);
#14311 = LINE('',#14312,#14313);
#14312 = CARTESIAN_POINT('',(76.84533,36.891868,0.));
#14313 = VECTOR('',#14314,1.);
#14314 = DIRECTION('',(0.,0.,1.));
#14315 = ORIENTED_EDGE('',*,*,#1790,.F.);
#14316 = PLANE('',#14317);
#14317 = AXIS2_PLACEMENT_3D('',#14318,#14319,#14320);
#14318 = CARTESIAN_POINT('',(69.458585,35.456031,0.));
#14319 = DIRECTION('',(-0.190808895929,0.981627202778,0.));
#14320 = DIRECTION('',(0.981627202778,0.190808895929,0.));
#14321 = ADVANCED_FACE('',(#14322),#14333,.T.);
#14322 = FACE_BOUND('',#14323,.T.);
#14323 = EDGE_LOOP('',(#14324,#14330,#14331,#14332));
#14324 = ORIENTED_EDGE('',*,*,#14325,.T.);
#14325 = EDGE_CURVE('',#1065,#6286,#14326,.T.);
#14326 = LINE('',#14327,#14328);
#14327 = CARTESIAN_POINT('',(58.615235,-65.071794,0.));
#14328 = VECTOR('',#14329,1.);
#14329 = DIRECTION('',(0.,0.,1.));
#14330 = ORIENTED_EDGE('',*,*,#6285,.T.);
#14331 = ORIENTED_EDGE('',*,*,#14291,.F.);
#14332 = ORIENTED_EDGE('',*,*,#1064,.F.);
#14333 = PLANE('',#14334);
#14334 = AXIS2_PLACEMENT_3D('',#14335,#14336,#14337);
#14335 = CARTESIAN_POINT('',(58.615235,-65.071794,0.));
#14336 = DIRECTION('',(0.615661503083,-0.788010731921,0.));
#14337 = DIRECTION('',(-0.788010731921,-0.615661503083,0.));
#14338 = ADVANCED_FACE('',(#14339),#14350,.T.);
#14339 = FACE_BOUND('',#14340,.T.);
#14340 = EDGE_LOOP('',(#14341,#14342,#14343,#14349));
#14341 = ORIENTED_EDGE('',*,*,#14310,.T.);
#14342 = ORIENTED_EDGE('',*,*,#7003,.T.);
#14343 = ORIENTED_EDGE('',*,*,#14344,.F.);
#14344 = EDGE_CURVE('',#1774,#6995,#14345,.T.);
#14345 = LINE('',#14346,#14347);
#14346 = CARTESIAN_POINT('',(84.232074,38.327706,0.));
#14347 = VECTOR('',#14348,1.);
#14348 = DIRECTION('',(0.,0.,1.));
#14349 = ORIENTED_EDGE('',*,*,#1782,.F.);
#14350 = PLANE('',#14351);
#14351 = AXIS2_PLACEMENT_3D('',#14352,#14353,#14354);
#14352 = CARTESIAN_POINT('',(76.84533,36.891868,0.));
#14353 = DIRECTION('',(-0.190809048871,0.981627173049,0.));
#14354 = DIRECTION('',(0.981627173049,0.190809048871,0.));
#14355 = ADVANCED_FACE('',(#14356),#14367,.T.);
#14356 = FACE_BOUND('',#14357,.T.);
#14357 = EDGE_LOOP('',(#14358,#14364,#14365,#14366));
#14358 = ORIENTED_EDGE('',*,*,#14359,.T.);
#14359 = EDGE_CURVE('',#1073,#6294,#14360,.T.);
#14360 = LINE('',#14361,#14362);
#14361 = CARTESIAN_POINT('',(64.545016,-60.438942,0.));
#14362 = VECTOR('',#14363,1.);
#14363 = DIRECTION('',(0.,0.,1.));
#14364 = ORIENTED_EDGE('',*,*,#6293,.T.);
#14365 = ORIENTED_EDGE('',*,*,#14325,.F.);
#14366 = ORIENTED_EDGE('',*,*,#1072,.F.);
#14367 = PLANE('',#14368);
#14368 = AXIS2_PLACEMENT_3D('',#14369,#14370,#14371);
#14369 = CARTESIAN_POINT('',(64.545016,-60.438942,0.));
#14370 = DIRECTION('',(0.615661420563,-0.788010796392,0.));
#14371 = DIRECTION('',(-0.788010796392,-0.615661420563,0.));
#14372 = ADVANCED_FACE('',(#14373),#14384,.T.);
#14373 = FACE_BOUND('',#14374,.T.);
#14374 = EDGE_LOOP('',(#14375,#14376,#14377,#14383));
#14375 = ORIENTED_EDGE('',*,*,#14344,.T.);
#14376 = ORIENTED_EDGE('',*,*,#6994,.T.);
#14377 = ORIENTED_EDGE('',*,*,#14378,.F.);
#14378 = EDGE_CURVE('',#1766,#6987,#14379,.T.);
#14379 = LINE('',#14380,#14381);
#14380 = CARTESIAN_POINT('',(86.576947,36.74607,0.));
#14381 = VECTOR('',#14382,1.);
#14382 = DIRECTION('',(0.,0.,1.));
#14383 = ORIENTED_EDGE('',*,*,#1773,.F.);
#14384 = CYLINDRICAL_SURFACE('',#14385,2.000004579035);
#14385 = AXIS2_PLACEMENT_3D('',#14386,#14387,#14388);
#14386 = CARTESIAN_POINT('',(84.613689058992,36.364446398493,0.));
#14387 = DIRECTION('',(0.,0.,-1.));
#14388 = DIRECTION('',(-0.19080709264,0.9816275533,0.));
#14389 = ADVANCED_FACE('',(#14390),#14401,.T.);
#14390 = FACE_BOUND('',#14391,.T.);
#14391 = EDGE_LOOP('',(#14392,#14398,#14399,#14400));
#14392 = ORIENTED_EDGE('',*,*,#14393,.T.);
#14393 = EDGE_CURVE('',#1081,#6302,#14394,.T.);
#14394 = LINE('',#14395,#14396);
#14395 = CARTESIAN_POINT('',(64.889715,-57.631597,0.));
#14396 = VECTOR('',#14397,1.);
#14397 = DIRECTION('',(0.,0.,1.));
#14398 = ORIENTED_EDGE('',*,*,#6301,.T.);
#14399 = ORIENTED_EDGE('',*,*,#14359,.F.);
#14400 = ORIENTED_EDGE('',*,*,#1080,.F.);
#14401 = CYLINDRICAL_SURFACE('',#14402,2.00000206413);
#14402 = AXIS2_PLACEMENT_3D('',#14403,#14404,#14405);
#14403 = CARTESIAN_POINT('',(63.313690690362,-58.86291971641,0.));
#14404 = DIRECTION('',(0.,0.,-1.));
#14405 = DIRECTION('',(0.78801134154,0.615660722804,0.));
#14406 = ADVANCED_FACE('',(#14407),#14418,.T.);
#14407 = FACE_BOUND('',#14408,.T.);
#14408 = EDGE_LOOP('',(#14409,#14410,#14411,#14417));
#14409 = ORIENTED_EDGE('',*,*,#14378,.T.);
#14410 = ORIENTED_EDGE('',*,*,#6986,.T.);
#14411 = ORIENTED_EDGE('',*,*,#14412,.F.);
#14412 = EDGE_CURVE('',#1758,#6979,#14413,.T.);
#14413 = LINE('',#14414,#14415);
#14414 = CARTESIAN_POINT('',(86.796377,35.617198,0.));
#14415 = VECTOR('',#14416,1.);
#14416 = DIRECTION('',(0.,0.,1.));
#14417 = ORIENTED_EDGE('',*,*,#1765,.F.);
#14418 = PLANE('',#14419);
#14419 = AXIS2_PLACEMENT_3D('',#14420,#14421,#14422);
#14420 = CARTESIAN_POINT('',(86.576947,36.74607,0.));
#14421 = DIRECTION('',(0.981627262984,0.190808586196,-0.));
#14422 = DIRECTION('',(0.190808586196,-0.981627262984,0.));
#14423 = ADVANCED_FACE('',(#14424),#14435,.T.);
#14424 = FACE_BOUND('',#14425,.T.);
#14425 = EDGE_LOOP('',(#14426,#14432,#14433,#14434));
#14426 = ORIENTED_EDGE('',*,*,#14427,.T.);
#14427 = EDGE_CURVE('',#1090,#6311,#14428,.T.);
#14428 = LINE('',#14429,#14430);
#14429 = CARTESIAN_POINT('',(60.256862,-51.701816,0.));
#14430 = VECTOR('',#14431,1.);
#14431 = DIRECTION('',(0.,0.,1.));
#14432 = ORIENTED_EDGE('',*,*,#6310,.T.);
#14433 = ORIENTED_EDGE('',*,*,#14393,.F.);
#14434 = ORIENTED_EDGE('',*,*,#1089,.F.);
#14435 = PLANE('',#14436);
#14436 = AXIS2_PLACEMENT_3D('',#14437,#14438,#14439);
#14437 = CARTESIAN_POINT('',(60.256862,-51.701816,0.));
#14438 = DIRECTION('',(0.788010731921,0.615661503083,-0.));
#14439 = DIRECTION('',(0.615661503083,-0.788010731921,0.));
#14440 = ADVANCED_FACE('',(#14441),#14452,.T.);
#14441 = FACE_BOUND('',#14442,.T.);
#14442 = EDGE_LOOP('',(#14443,#14444,#14445,#14451));
#14443 = ORIENTED_EDGE('',*,*,#14412,.T.);
#14444 = ORIENTED_EDGE('',*,*,#6978,.T.);
#14445 = ORIENTED_EDGE('',*,*,#14446,.F.);
#14446 = EDGE_CURVE('',#1749,#6970,#14447,.T.);
#14447 = LINE('',#14448,#14449);
#14448 = CARTESIAN_POINT('',(87.015807,34.488327,0.));
#14449 = VECTOR('',#14450,1.);
#14450 = DIRECTION('',(0.,0.,1.));
#14451 = ORIENTED_EDGE('',*,*,#1757,.F.);
#14452 = PLANE('',#14453);
#14453 = AXIS2_PLACEMENT_3D('',#14454,#14455,#14456);
#14454 = CARTESIAN_POINT('',(86.796377,35.617198,0.));
#14455 = DIRECTION('',(0.981627231325,0.190808749068,-0.));
#14456 = DIRECTION('',(0.190808749068,-0.981627231325,0.));
#14457 = ADVANCED_FACE('',(#14458),#14469,.T.);
#14458 = FACE_BOUND('',#14459,.T.);
#14459 = EDGE_LOOP('',(#14460,#14466,#14467,#14468));
#14460 = ORIENTED_EDGE('',*,*,#14461,.T.);
#14461 = EDGE_CURVE('',#1098,#6319,#14462,.T.);
#14462 = LINE('',#14463,#14464);
#14463 = CARTESIAN_POINT('',(55.624009,-45.772036,0.));
#14464 = VECTOR('',#14465,1.);
#14465 = DIRECTION('',(0.,0.,1.));
#14466 = ORIENTED_EDGE('',*,*,#6318,.T.);
#14467 = ORIENTED_EDGE('',*,*,#14427,.F.);
#14468 = ORIENTED_EDGE('',*,*,#1097,.F.);
#14469 = PLANE('',#14470);
#14470 = AXIS2_PLACEMENT_3D('',#14471,#14472,#14473);
#14471 = CARTESIAN_POINT('',(55.624009,-45.772036,0.));
#14472 = DIRECTION('',(0.78801068155,0.615661567554,-0.));
#14473 = DIRECTION('',(0.615661567554,-0.78801068155,0.));
#14474 = ADVANCED_FACE('',(#14475),#14486,.F.);
#14475 = FACE_BOUND('',#14476,.T.);
#14476 = EDGE_LOOP('',(#14477,#14478,#14479,#14485));
#14477 = ORIENTED_EDGE('',*,*,#14446,.T.);
#14478 = ORIENTED_EDGE('',*,*,#6969,.T.);
#14479 = ORIENTED_EDGE('',*,*,#14480,.F.);
#14480 = EDGE_CURVE('',#1741,#6962,#14481,.T.);
#14481 = LINE('',#14482,#14483);
#14482 = CARTESIAN_POINT('',(89.36068,32.906691,0.));
#14483 = VECTOR('',#14484,1.);
#14484 = DIRECTION('',(0.,0.,1.));
#14485 = ORIENTED_EDGE('',*,*,#1748,.F.);
#14486 = CYLINDRICAL_SURFACE('',#14487,2.000000481925);
#14487 = AXIS2_PLACEMENT_3D('',#14488,#14489,#14490);
#14488 = CARTESIAN_POINT('',(88.979061700945,34.869945797913,0.));
#14489 = DIRECTION('',(-0.,-0.,-1.));
#14490 = DIRECTION('',(-0.981627113937,-0.190809352978,0.));
#14491 = ADVANCED_FACE('',(#14492),#14503,.T.);
#14492 = FACE_BOUND('',#14493,.T.);
#14493 = EDGE_LOOP('',(#14494,#14500,#14501,#14502));
#14494 = ORIENTED_EDGE('',*,*,#14495,.T.);
#14495 = EDGE_CURVE('',#1106,#6327,#14496,.T.);
#14496 = LINE('',#14497,#14498);
#14497 = CARTESIAN_POINT('',(52.816665,-45.427337,0.));
#14498 = VECTOR('',#14499,1.);
#14499 = DIRECTION('',(0.,0.,1.));
#14500 = ORIENTED_EDGE('',*,*,#6326,.T.);
#14501 = ORIENTED_EDGE('',*,*,#14461,.F.);
#14502 = ORIENTED_EDGE('',*,*,#1105,.F.);
#14503 = CYLINDRICAL_SURFACE('',#14504,1.999998322692);
#14504 = AXIS2_PLACEMENT_3D('',#14505,#14506,#14507);
#14505 = CARTESIAN_POINT('',(54.047987740286,-47.00335654303,0.));
#14506 = DIRECTION('',(0.,0.,-1.));
#14507 = DIRECTION('',(-0.61566188647,0.788010432385,0.));
#14508 = ADVANCED_FACE('',(#14509),#14520,.T.);
#14509 = FACE_BOUND('',#14510,.T.);
#14510 = EDGE_LOOP('',(#14511,#14512,#14513,#14519));
#14511 = ORIENTED_EDGE('',*,*,#14480,.T.);
#14512 = ORIENTED_EDGE('',*,*,#6961,.T.);
#14513 = ORIENTED_EDGE('',*,*,#14514,.F.);
#14514 = EDGE_CURVE('',#1733,#6954,#14515,.T.);
#14515 = LINE('',#14516,#14517);
#14516 = CARTESIAN_POINT('',(96.747424,34.342528,0.));
#14517 = VECTOR('',#14518,1.);
#14518 = DIRECTION('',(0.,0.,1.));
#14519 = ORIENTED_EDGE('',*,*,#1740,.F.);
#14520 = PLANE('',#14521);
#14521 = AXIS2_PLACEMENT_3D('',#14522,#14523,#14524);
#14522 = CARTESIAN_POINT('',(89.36068,32.906691,0.));
#14523 = DIRECTION('',(-0.190808920819,0.98162719794,0.));
#14524 = DIRECTION('',(0.98162719794,0.190808920819,0.));
#14525 = ADVANCED_FACE('',(#14526),#14537,.F.);
#14526 = FACE_BOUND('',#14527,.T.);
#14527 = EDGE_LOOP('',(#14528,#14534,#14535,#14536));
#14528 = ORIENTED_EDGE('',*,*,#14529,.T.);
#14529 = EDGE_CURVE('',#1115,#6336,#14530,.T.);
#14530 = LINE('',#14531,#14532);
#14531 = CARTESIAN_POINT('',(49.777323,-45.295322,0.));
#14532 = VECTOR('',#14533,1.);
#14533 = DIRECTION('',(0.,0.,1.));
#14534 = ORIENTED_EDGE('',*,*,#6335,.T.);
#14535 = ORIENTED_EDGE('',*,*,#14495,.F.);
#14536 = ORIENTED_EDGE('',*,*,#1114,.F.);
#14537 = CYLINDRICAL_SURFACE('',#14538,2.342744716459);
#14538 = AXIS2_PLACEMENT_3D('',#14539,#14540,#14541);
#14539 = CARTESIAN_POINT('',(51.374312866875,-43.58124027161,0.));
#14540 = DIRECTION('',(-0.,-0.,-1.));
#14541 = DIRECTION('',(-0.681674727791,-0.731655359778,0.));
#14542 = ADVANCED_FACE('',(#14543),#14554,.T.);
#14543 = FACE_BOUND('',#14544,.T.);
#14544 = EDGE_LOOP('',(#14545,#14546,#14547,#14553));
#14545 = ORIENTED_EDGE('',*,*,#14514,.T.);
#14546 = ORIENTED_EDGE('',*,*,#6953,.T.);
#14547 = ORIENTED_EDGE('',*,*,#14548,.F.);
#14548 = EDGE_CURVE('',#1724,#6945,#14549,.T.);
#14549 = LINE('',#14550,#14551);
#14550 = CARTESIAN_POINT('',(104.134169,35.778366,0.));
#14551 = VECTOR('',#14552,1.);
#14552 = DIRECTION('',(0.,0.,1.));
#14553 = ORIENTED_EDGE('',*,*,#1732,.F.);
#14554 = PLANE('',#14555);
#14555 = AXIS2_PLACEMENT_3D('',#14556,#14557,#14558);
#14556 = CARTESIAN_POINT('',(96.747424,34.342528,0.));
#14557 = DIRECTION('',(-0.190809023981,0.981627177888,0.));
#14558 = DIRECTION('',(0.981627177888,0.190809023981,0.));
#14559 = ADVANCED_FACE('',(#14560),#14571,.T.);
#14560 = FACE_BOUND('',#14561,.T.);
#14561 = EDGE_LOOP('',(#14562,#14568,#14569,#14570));
#14562 = ORIENTED_EDGE('',*,*,#14563,.T.);
#14563 = EDGE_CURVE('',#1124,#6345,#14564,.T.);
#14564 = LINE('',#14565,#14566);
#14565 = CARTESIAN_POINT('',(46.545426,-42.284247,0.));
#14566 = VECTOR('',#14567,1.);
#14567 = DIRECTION('',(0.,0.,1.));
#14568 = ORIENTED_EDGE('',*,*,#6344,.T.);
#14569 = ORIENTED_EDGE('',*,*,#14529,.F.);
#14570 = ORIENTED_EDGE('',*,*,#1123,.F.);
#14571 = PLANE('',#14572);
#14572 = AXIS2_PLACEMENT_3D('',#14573,#14574,#14575);
#14573 = CARTESIAN_POINT('',(46.545426,-42.284247,0.));
#14574 = DIRECTION('',(0.681669204543,0.731660505684,-0.));
#14575 = DIRECTION('',(0.731660505684,-0.681669204543,0.));
#14576 = ADVANCED_FACE('',(#14577),#14588,.T.);
#14577 = FACE_BOUND('',#14578,.T.);
#14578 = EDGE_LOOP('',(#14579,#14580,#14581,#14587));
#14579 = ORIENTED_EDGE('',*,*,#14548,.T.);
#14580 = ORIENTED_EDGE('',*,*,#6944,.T.);
#14581 = ORIENTED_EDGE('',*,*,#14582,.F.);
#14582 = EDGE_CURVE('',#1716,#6937,#14583,.T.);
#14583 = LINE('',#14584,#14585);
#14584 = CARTESIAN_POINT('',(106.479041,34.19673,0.));
#14585 = VECTOR('',#14586,1.);
#14586 = DIRECTION('',(0.,0.,1.));
#14587 = ORIENTED_EDGE('',*,*,#1723,.F.);
#14588 = CYLINDRICAL_SURFACE('',#14589,1.999971296429);
#14589 = AXIS2_PLACEMENT_3D('',#14590,#14591,#14592);
#14590 = CARTESIAN_POINT('',(104.51580941604,33.815145233153,0.));
#14591 = DIRECTION('',(0.,0.,-1.));
#14592 = DIRECTION('',(-0.190822946671,0.981624471488,0.));
#14593 = ADVANCED_FACE('',(#14594),#14605,.T.);
#14594 = FACE_BOUND('',#14595,.T.);
#14595 = EDGE_LOOP('',(#14596,#14602,#14603,#14604));
#14596 = ORIENTED_EDGE('',*,*,#14597,.T.);
#14597 = EDGE_CURVE('',#1132,#6353,#14598,.T.);
#14598 = LINE('',#14599,#14600);
#14599 = CARTESIAN_POINT('',(42.270913,-38.301793,0.));
#14600 = VECTOR('',#14601,1.);
#14601 = DIRECTION('',(0.,0.,1.));
#14602 = ORIENTED_EDGE('',*,*,#6352,.T.);
#14603 = ORIENTED_EDGE('',*,*,#14563,.F.);
#14604 = ORIENTED_EDGE('',*,*,#1131,.F.);
#14605 = PLANE('',#14606);
#14606 = AXIS2_PLACEMENT_3D('',#14607,#14608,#14609);
#14607 = CARTESIAN_POINT('',(42.270913,-38.301793,0.));
#14608 = DIRECTION('',(0.681669258518,0.731660455397,-0.));
#14609 = DIRECTION('',(0.731660455397,-0.681669258518,0.));
#14610 = ADVANCED_FACE('',(#14611),#14622,.T.);
#14611 = FACE_BOUND('',#14612,.T.);
#14612 = EDGE_LOOP('',(#14613,#14614,#14615,#14621));
#14613 = ORIENTED_EDGE('',*,*,#14582,.T.);
#14614 = ORIENTED_EDGE('',*,*,#6936,.T.);
#14615 = ORIENTED_EDGE('',*,*,#14616,.F.);
#14616 = EDGE_CURVE('',#1708,#6929,#14617,.T.);
#14617 = LINE('',#14618,#14619);
#14618 = CARTESIAN_POINT('',(107.289979,30.024814,0.));
#14619 = VECTOR('',#14620,1.);
#14620 = DIRECTION('',(0.,0.,1.));
#14621 = ORIENTED_EDGE('',*,*,#1715,.F.);
#14622 = PLANE('',#14623);
#14623 = AXIS2_PLACEMENT_3D('',#14624,#14625,#14626);
#14624 = CARTESIAN_POINT('',(106.479041,34.19673,0.));
#14625 = DIRECTION('',(0.981627197629,0.190808922421,-0.));
#14626 = DIRECTION('',(0.190808922421,-0.981627197629,0.));
#14627 = ADVANCED_FACE('',(#14628),#14639,.F.);
#14628 = FACE_BOUND('',#14629,.T.);
#14629 = EDGE_LOOP('',(#14630,#14636,#14637,#14638));
#14630 = ORIENTED_EDGE('',*,*,#14631,.T.);
#14631 = EDGE_CURVE('',#1140,#6361,#14632,.T.);
#14632 = LINE('',#14633,#14634);
#14633 = CARTESIAN_POINT('',(41.740493,-37.345398,0.));
#14634 = VECTOR('',#14635,1.);
#14635 = DIRECTION('',(0.,0.,1.));
#14636 = ORIENTED_EDGE('',*,*,#6360,.T.);
#14637 = ORIENTED_EDGE('',*,*,#14597,.F.);
#14638 = ORIENTED_EDGE('',*,*,#1139,.F.);
#14639 = CYLINDRICAL_SURFACE('',#14640,1.768318915933);
#14640 = AXIS2_PLACEMENT_3D('',#14641,#14642,#14643);
#14641 = CARTESIAN_POINT('',(43.476322517683,-37.00798479044,0.));
#14642 = DIRECTION('',(-0.,-0.,-1.));
#14643 = DIRECTION('',(-0.981626957696,-0.190810156765,0.));
#14644 = ADVANCED_FACE('',(#14645),#14656,.T.);
#14645 = FACE_BOUND('',#14646,.T.);
#14646 = EDGE_LOOP('',(#14647,#14648,#14649,#14655));
#14647 = ORIENTED_EDGE('',*,*,#14616,.T.);
#14648 = ORIENTED_EDGE('',*,*,#6928,.T.);
#14649 = ORIENTED_EDGE('',*,*,#14650,.F.);
#14650 = EDGE_CURVE('',#1699,#6920,#14651,.T.);
#14651 = LINE('',#14652,#14653);
#14652 = CARTESIAN_POINT('',(108.100918,25.852899,0.));
#14653 = VECTOR('',#14654,1.);
#14654 = DIRECTION('',(0.,0.,1.));
#14655 = ORIENTED_EDGE('',*,*,#1707,.F.);
#14656 = PLANE('',#14657);
#14657 = AXIS2_PLACEMENT_3D('',#14658,#14659,#14660);
#14658 = CARTESIAN_POINT('',(107.289979,30.024814,0.));
#14659 = DIRECTION('',(0.981627144991,0.19080919322,-0.));
#14660 = DIRECTION('',(0.19080919322,-0.981627144991,0.));
#14661 = ADVANCED_FACE('',(#14662),#14673,.T.);
#14662 = FACE_BOUND('',#14663,.T.);
#14663 = EDGE_LOOP('',(#14664,#14670,#14671,#14672));
#14664 = ORIENTED_EDGE('',*,*,#14665,.T.);
#14665 = EDGE_CURVE('',#1149,#6370,#14666,.T.);
#14666 = LINE('',#14667,#14668);
#14667 = CARTESIAN_POINT('',(41.521063,-36.216527,0.));
#14668 = VECTOR('',#14669,1.);
#14669 = DIRECTION('',(0.,0.,1.));
#14670 = ORIENTED_EDGE('',*,*,#6369,.T.);
#14671 = ORIENTED_EDGE('',*,*,#14631,.F.);
#14672 = ORIENTED_EDGE('',*,*,#1148,.F.);
#14673 = PLANE('',#14674);
#14674 = AXIS2_PLACEMENT_3D('',#14675,#14676,#14677);
#14675 = CARTESIAN_POINT('',(41.521063,-36.216527,0.));
#14676 = DIRECTION('',(0.981627231325,0.190808749068,-0.));
#14677 = DIRECTION('',(0.190808749068,-0.981627231325,0.));
#14678 = ADVANCED_FACE('',(#14679),#14690,.F.);
#14679 = FACE_BOUND('',#14680,.T.);
#14680 = EDGE_LOOP('',(#14681,#14682,#14683,#14689));
#14681 = ORIENTED_EDGE('',*,*,#14650,.T.);
#14682 = ORIENTED_EDGE('',*,*,#6919,.T.);
#14683 = ORIENTED_EDGE('',*,*,#14684,.F.);
#14684 = EDGE_CURVE('',#1691,#6912,#14685,.T.);
#14685 = LINE('',#14686,#14687);
#14686 = CARTESIAN_POINT('',(110.44579,24.271262,0.));
#14687 = VECTOR('',#14688,1.);
#14688 = DIRECTION('',(0.,0.,1.));
#14689 = ORIENTED_EDGE('',*,*,#1698,.F.);
#14690 = CYLINDRICAL_SURFACE('',#14691,2.000000481925);
#14691 = AXIS2_PLACEMENT_3D('',#14692,#14693,#14694);
#14692 = CARTESIAN_POINT('',(110.06417285184,26.234517021624,0.));
#14693 = DIRECTION('',(-0.,-0.,-1.));
#14694 = DIRECTION('',(-0.981627189385,-0.190808964834,0.));
#14695 = ADVANCED_FACE('',(#14696),#14707,.T.);
#14696 = FACE_BOUND('',#14697,.T.);
#14697 = EDGE_LOOP('',(#14698,#14704,#14705,#14706));
#14698 = ORIENTED_EDGE('',*,*,#14699,.T.);
#14699 = EDGE_CURVE('',#1157,#6378,#14700,.T.);
#14700 = LINE('',#14701,#14702);
#14701 = CARTESIAN_POINT('',(40.199711,-29.418758,0.));
#14702 = VECTOR('',#14703,1.);
#14703 = DIRECTION('',(0.,0.,1.));
#14704 = ORIENTED_EDGE('',*,*,#6377,.T.);
#14705 = ORIENTED_EDGE('',*,*,#14665,.F.);
#14706 = ORIENTED_EDGE('',*,*,#1156,.F.);
#14707 = PLANE('',#14708);
#14708 = AXIS2_PLACEMENT_3D('',#14709,#14710,#14711);
#14709 = CARTESIAN_POINT('',(40.199711,-29.418758,0.));
#14710 = DIRECTION('',(0.98162719534,0.190808934198,-0.));
#14711 = DIRECTION('',(0.190808934198,-0.98162719534,0.));
#14712 = ADVANCED_FACE('',(#14713),#14724,.T.);
#14713 = FACE_BOUND('',#14714,.T.);
#14714 = EDGE_LOOP('',(#14715,#14716,#14717,#14723));
#14715 = ORIENTED_EDGE('',*,*,#14684,.T.);
#14716 = ORIENTED_EDGE('',*,*,#6911,.T.);
#14717 = ORIENTED_EDGE('',*,*,#14718,.F.);
#14718 = EDGE_CURVE('',#1683,#6904,#14719,.T.);
#14719 = LINE('',#14720,#14721);
#14720 = CARTESIAN_POINT('',(117.832535,25.7071,0.));
#14721 = VECTOR('',#14722,1.);
#14722 = DIRECTION('',(0.,0.,1.));
#14723 = ORIENTED_EDGE('',*,*,#1690,.F.);
#14724 = PLANE('',#14725);
#14725 = AXIS2_PLACEMENT_3D('',#14726,#14727,#14728);
#14726 = CARTESIAN_POINT('',(110.44579,24.271262,0.));
#14727 = DIRECTION('',(-0.190809023981,0.981627177888,0.));
#14728 = DIRECTION('',(0.981627177888,0.190809023981,0.));
#14729 = ADVANCED_FACE('',(#14730),#14741,.T.);
#14730 = FACE_BOUND('',#14731,.T.);
#14731 = EDGE_LOOP('',(#14732,#14738,#14739,#14740));
#14732 = ORIENTED_EDGE('',*,*,#14733,.T.);
#14733 = EDGE_CURVE('',#1165,#6386,#14734,.T.);
#14734 = LINE('',#14735,#14736);
#14735 = CARTESIAN_POINT('',(39.150261,-24.019809,0.));
#14736 = VECTOR('',#14737,1.);
#14737 = DIRECTION('',(0.,0.,1.));
#14738 = ORIENTED_EDGE('',*,*,#6385,.T.);
#14739 = ORIENTED_EDGE('',*,*,#14699,.F.);
#14740 = ORIENTED_EDGE('',*,*,#1164,.F.);
#14741 = PLANE('',#14742);
#14742 = AXIS2_PLACEMENT_3D('',#14743,#14744,#14745);
#14743 = CARTESIAN_POINT('',(39.150261,-24.019809,0.));
#14744 = DIRECTION('',(0.981627162185,0.190809104764,-0.));
#14745 = DIRECTION('',(0.190809104764,-0.981627162185,0.));
#14746 = ADVANCED_FACE('',(#14747),#14758,.T.);
#14747 = FACE_BOUND('',#14748,.T.);
#14748 = EDGE_LOOP('',(#14749,#14750,#14751,#14757));
#14749 = ORIENTED_EDGE('',*,*,#14718,.T.);
#14750 = ORIENTED_EDGE('',*,*,#6903,.T.);
#14751 = ORIENTED_EDGE('',*,*,#14752,.F.);
#14752 = EDGE_CURVE('',#1674,#6895,#14753,.T.);
#14753 = LINE('',#14754,#14755);
#14754 = CARTESIAN_POINT('',(125.219279,27.142938,0.));
#14755 = VECTOR('',#14756,1.);
#14756 = DIRECTION('',(0.,0.,1.));
#14757 = ORIENTED_EDGE('',*,*,#1682,.F.);
#14758 = PLANE('',#14759);
#14759 = AXIS2_PLACEMENT_3D('',#14760,#14761,#14762);
#14760 = CARTESIAN_POINT('',(117.832535,25.7071,0.));
#14761 = DIRECTION('',(-0.190809048871,0.981627173049,0.));
#14762 = DIRECTION('',(0.981627173049,0.190809048871,0.));
#14763 = ADVANCED_FACE('',(#14764),#14775,.T.);
#14764 = FACE_BOUND('',#14765,.T.);
#14765 = EDGE_LOOP('',(#14766,#14772,#14773,#14774));
#14766 = ORIENTED_EDGE('',*,*,#14767,.T.);
#14767 = EDGE_CURVE('',#1173,#6394,#14768,.T.);
#14768 = LINE('',#14769,#14770);
#14769 = CARTESIAN_POINT('',(36.805389,-22.438172,0.));
#14770 = VECTOR('',#14771,1.);
#14771 = DIRECTION('',(0.,0.,1.));
#14772 = ORIENTED_EDGE('',*,*,#6393,.T.);
#14773 = ORIENTED_EDGE('',*,*,#14733,.F.);
#14774 = ORIENTED_EDGE('',*,*,#1172,.F.);
#14775 = CYLINDRICAL_SURFACE('',#14776,2.000000481925);
#14776 = AXIS2_PLACEMENT_3D('',#14777,#14778,#14779);
#14777 = CARTESIAN_POINT('',(37.18700614816,-24.40142702162,0.));
#14778 = DIRECTION('',(0.,0.,-1.));
#14779 = DIRECTION('',(-0.190808528102,0.981627274276,0.));
#14780 = ADVANCED_FACE('',(#14781),#14792,.T.);
#14781 = FACE_BOUND('',#14782,.T.);
#14782 = EDGE_LOOP('',(#14783,#14784,#14785,#14791));
#14783 = ORIENTED_EDGE('',*,*,#14752,.T.);
#14784 = ORIENTED_EDGE('',*,*,#6894,.T.);
#14785 = ORIENTED_EDGE('',*,*,#14786,.F.);
#14786 = EDGE_CURVE('',#1666,#6887,#14787,.T.);
#14787 = LINE('',#14788,#14789);
#14788 = CARTESIAN_POINT('',(127.564152,25.561301,0.));
#14789 = VECTOR('',#14790,1.);
#14790 = DIRECTION('',(0.,0.,1.));
#14791 = ORIENTED_EDGE('',*,*,#1673,.F.);
#14792 = CYLINDRICAL_SURFACE('',#14793,2.000002856218);
#14793 = AXIS2_PLACEMENT_3D('',#14794,#14795,#14796);
#14794 = CARTESIAN_POINT('',(125.60089523411,25.179680381974,0.));
#14795 = DIRECTION('',(0.,0.,-1.));
#14796 = DIRECTION('',(-0.190807844565,0.981627407142,0.));
#14797 = ADVANCED_FACE('',(#14798),#14809,.T.);
#14798 = FACE_BOUND('',#14799,.T.);
#14799 = EDGE_LOOP('',(#14800,#14806,#14807,#14808));
#14800 = ORIENTED_EDGE('',*,*,#14801,.T.);
#14801 = EDGE_CURVE('',#1182,#6403,#14802,.T.);
#14802 = LINE('',#14803,#14804);
#14803 = CARTESIAN_POINT('',(29.134322,-23.929277,0.));
#14804 = VECTOR('',#14805,1.);
#14805 = DIRECTION('',(0.,0.,1.));
#14806 = ORIENTED_EDGE('',*,*,#6402,.T.);
#14807 = ORIENTED_EDGE('',*,*,#14767,.F.);
#14808 = ORIENTED_EDGE('',*,*,#1181,.F.);
#14809 = PLANE('',#14810);
#14810 = AXIS2_PLACEMENT_3D('',#14811,#14812,#14813);
#14811 = CARTESIAN_POINT('',(29.134322,-23.929277,0.));
#14812 = DIRECTION('',(-0.190809072458,0.981627168465,0.));
#14813 = DIRECTION('',(0.981627168465,0.190809072458,0.));
#14814 = ADVANCED_FACE('',(#14815),#14826,.T.);
#14815 = FACE_BOUND('',#14816,.T.);
#14816 = EDGE_LOOP('',(#14817,#14818,#14819,#14825));
#14817 = ORIENTED_EDGE('',*,*,#14786,.T.);
#14818 = ORIENTED_EDGE('',*,*,#6886,.T.);
#14819 = ORIENTED_EDGE('',*,*,#14820,.F.);
#14820 = EDGE_CURVE('',#1658,#6879,#14821,.T.);
#14821 = LINE('',#14822,#14823);
#14822 = CARTESIAN_POINT('',(130.817445,8.824558,0.));
#14823 = VECTOR('',#14824,1.);
#14824 = DIRECTION('',(0.,0.,1.));
#14825 = ORIENTED_EDGE('',*,*,#1665,.F.);
#14826 = PLANE('',#14827);
#14827 = AXIS2_PLACEMENT_3D('',#14828,#14829,#14830);
#14828 = CARTESIAN_POINT('',(127.564152,25.561301,0.));
#14829 = DIRECTION('',(0.981627186505,0.190808979648,-0.));
#14830 = DIRECTION('',(0.190808979648,-0.981627186505,0.));
#14831 = ADVANCED_FACE('',(#14832),#14843,.T.);
#14832 = FACE_BOUND('',#14833,.T.);
#14833 = EDGE_LOOP('',(#14834,#14840,#14841,#14842));
#14834 = ORIENTED_EDGE('',*,*,#14835,.T.);
#14835 = EDGE_CURVE('',#1190,#6411,#14836,.T.);
#14836 = LINE('',#14837,#14838);
#14837 = CARTESIAN_POINT('',(20.,-25.704809,0.));
#14838 = VECTOR('',#14839,1.);
#14839 = DIRECTION('',(0.,0.,1.));
#14840 = ORIENTED_EDGE('',*,*,#6410,.T.);
#14841 = ORIENTED_EDGE('',*,*,#14801,.F.);
#14842 = ORIENTED_EDGE('',*,*,#1189,.F.);
#14843 = PLANE('',#14844);
#14844 = AXIS2_PLACEMENT_3D('',#14845,#14846,#14847);
#14845 = CARTESIAN_POINT('',(20.,-25.704809,0.));
#14846 = DIRECTION('',(-0.190808960777,0.981627190173,0.));
#14847 = DIRECTION('',(0.981627190173,0.190808960777,0.));
#14848 = ADVANCED_FACE('',(#14849),#14860,.T.);
#14849 = FACE_BOUND('',#14850,.T.);
#14850 = EDGE_LOOP('',(#14851,#14852,#14853,#14859));
#14851 = ORIENTED_EDGE('',*,*,#14820,.T.);
#14852 = ORIENTED_EDGE('',*,*,#6878,.T.);
#14853 = ORIENTED_EDGE('',*,*,#14854,.F.);
#14854 = EDGE_CURVE('',#1649,#6870,#14855,.T.);
#14855 = LINE('',#14856,#14857);
#14856 = CARTESIAN_POINT('',(134.070738,-7.912186,0.));
#14857 = VECTOR('',#14858,1.);
#14858 = DIRECTION('',(0.,0.,1.));
#14859 = ORIENTED_EDGE('',*,*,#1657,.F.);
#14860 = PLANE('',#14861);
#14861 = AXIS2_PLACEMENT_3D('',#14862,#14863,#14864);
#14862 = CARTESIAN_POINT('',(130.817445,8.824558,0.));
#14863 = DIRECTION('',(0.98162718864,0.190808968663,-0.));
#14864 = DIRECTION('',(0.190808968663,-0.98162718864,0.));
#14865 = ADVANCED_FACE('',(#14866),#14877,.F.);
#14866 = FACE_BOUND('',#14867,.T.);
#14867 = EDGE_LOOP('',(#14868,#14874,#14875,#14876));
#14868 = ORIENTED_EDGE('',*,*,#14869,.T.);
#14869 = EDGE_CURVE('',#1198,#6419,#14870,.T.);
#14870 = LINE('',#14871,#14872);
#14871 = CARTESIAN_POINT('',(19.5,-25.292641,0.));
#14872 = VECTOR('',#14873,1.);
#14873 = DIRECTION('',(0.,0.,1.));
#14874 = ORIENTED_EDGE('',*,*,#6418,.T.);
#14875 = ORIENTED_EDGE('',*,*,#14835,.F.);
#14876 = ORIENTED_EDGE('',*,*,#1197,.F.);
#14877 = CYLINDRICAL_SURFACE('',#14878,0.419893447043);
#14878 = AXIS2_PLACEMENT_3D('',#14879,#14880,#14881);
#14879 = CARTESIAN_POINT('',(19.919893446831,-25.29262767217,0.));
#14880 = DIRECTION('',(-0.,-0.,-1.));
#14881 = DIRECTION('',(-0.999999999496,-3.17409728298E-05,0.));
#14882 = ADVANCED_FACE('',(#14883),#14894,.T.);
#14883 = FACE_BOUND('',#14884,.T.);
#14884 = EDGE_LOOP('',(#14885,#14886,#14887,#14893));
#14885 = ORIENTED_EDGE('',*,*,#14854,.T.);
#14886 = ORIENTED_EDGE('',*,*,#6869,.T.);
#14887 = ORIENTED_EDGE('',*,*,#14888,.F.);
#14888 = EDGE_CURVE('',#1641,#6862,#14889,.T.);
#14889 = LINE('',#14890,#14891);
#14890 = CARTESIAN_POINT('',(132.489102,-10.257058,0.));
#14891 = VECTOR('',#14892,1.);
#14892 = DIRECTION('',(0.,0.,1.));
#14893 = ORIENTED_EDGE('',*,*,#1648,.F.);
#14894 = CYLINDRICAL_SURFACE('',#14895,2.000012910815);
#14895 = AXIS2_PLACEMENT_3D('',#14896,#14897,#14898);
#14896 = CARTESIAN_POINT('',(132.10746844275,-8.293793506507,0.));
#14897 = DIRECTION('',(0.,0.,-1.));
#14898 = DIRECTION('',(0.981628441811,0.190802521545,0.));
#14899 = ADVANCED_FACE('',(#14900),#14911,.F.);
#14900 = FACE_BOUND('',#14901,.T.);
#14901 = EDGE_LOOP('',(#14902,#14908,#14909,#14910));
#14902 = ORIENTED_EDGE('',*,*,#14903,.T.);
#14903 = EDGE_CURVE('',#1207,#6428,#14904,.T.);
#14904 = LINE('',#14905,#14906);
#14905 = CARTESIAN_POINT('',(20.,-24.686092,0.));
#14906 = VECTOR('',#14907,1.);
#14907 = DIRECTION('',(0.,0.,1.));
#14908 = ORIENTED_EDGE('',*,*,#6427,.T.);
#14909 = ORIENTED_EDGE('',*,*,#14869,.F.);
#14910 = ORIENTED_EDGE('',*,*,#1206,.F.);
#14911 = CYLINDRICAL_SURFACE('',#14912,0.617815603958);
#14912 = AXIS2_PLACEMENT_3D('',#14913,#14914,#14915);
#14913 = CARTESIAN_POINT('',(20.117815599882,-25.29257003333,0.));
#14914 = DIRECTION('',(-0.,-0.,-1.));
#14915 = DIRECTION('',(-0.190697028575,0.981648940962,0.));
#14916 = ADVANCED_FACE('',(#14917),#14928,.T.);
#14917 = FACE_BOUND('',#14918,.T.);
#14918 = EDGE_LOOP('',(#14919,#14920,#14921,#14927));
#14919 = ORIENTED_EDGE('',*,*,#14888,.T.);
#14920 = ORIENTED_EDGE('',*,*,#6861,.T.);
#14921 = ORIENTED_EDGE('',*,*,#14922,.F.);
#14922 = EDGE_CURVE('',#1633,#6854,#14923,.T.);
#14923 = LINE('',#14924,#14925);
#14924 = CARTESIAN_POINT('',(125.102357,-11.692896,0.));
#14925 = VECTOR('',#14926,1.);
#14926 = DIRECTION('',(0.,0.,1.));
#14927 = ORIENTED_EDGE('',*,*,#1640,.F.);
#14928 = PLANE('',#14929);
#14929 = AXIS2_PLACEMENT_3D('',#14930,#14931,#14932);
#14930 = CARTESIAN_POINT('',(132.489102,-10.257058,0.));
#14931 = DIRECTION('',(0.190809023981,-0.981627177888,0.));
#14932 = DIRECTION('',(-0.981627177888,-0.190809023981,0.));
#14933 = ADVANCED_FACE('',(#14934),#14945,.T.);
#14934 = FACE_BOUND('',#14935,.T.);
#14935 = EDGE_LOOP('',(#14936,#14942,#14943,#14944));
#14936 = ORIENTED_EDGE('',*,*,#14937,.T.);
#14937 = EDGE_CURVE('',#1216,#6437,#14938,.T.);
#14938 = LINE('',#14939,#14940);
#14939 = CARTESIAN_POINT('',(29.038917,-22.929105,0.));
#14940 = VECTOR('',#14941,1.);
#14941 = DIRECTION('',(0.,0.,1.));
#14942 = ORIENTED_EDGE('',*,*,#6436,.T.);
#14943 = ORIENTED_EDGE('',*,*,#14903,.F.);
#14944 = ORIENTED_EDGE('',*,*,#1215,.F.);
#14945 = PLANE('',#14946);
#14946 = AXIS2_PLACEMENT_3D('',#14947,#14948,#14949);
#14947 = CARTESIAN_POINT('',(29.038917,-22.929105,0.));
#14948 = DIRECTION('',(0.19080894507,-0.981627193226,0.));
#14949 = DIRECTION('',(-0.981627193226,-0.19080894507,0.));
#14950 = ADVANCED_FACE('',(#14951),#14962,.T.);
#14951 = FACE_BOUND('',#14952,.T.);
#14952 = EDGE_LOOP('',(#14953,#14954,#14955,#14961));
#14953 = ORIENTED_EDGE('',*,*,#14922,.T.);
#14954 = ORIENTED_EDGE('',*,*,#6853,.T.);
#14955 = ORIENTED_EDGE('',*,*,#14956,.F.);
#14956 = EDGE_CURVE('',#1624,#6845,#14957,.T.);
#14957 = LINE('',#14958,#14959);
#14958 = CARTESIAN_POINT('',(117.715613,-13.128733,0.));
#14959 = VECTOR('',#14960,1.);
#14960 = DIRECTION('',(0.,0.,1.));
#14961 = ORIENTED_EDGE('',*,*,#1632,.F.);
#14962 = PLANE('',#14963);
#14963 = AXIS2_PLACEMENT_3D('',#14964,#14965,#14966);
#14964 = CARTESIAN_POINT('',(125.102357,-11.692896,0.));
#14965 = DIRECTION('',(0.190808920819,-0.98162719794,0.));
#14966 = DIRECTION('',(-0.98162719794,-0.190808920819,0.));
#14967 = ADVANCED_FACE('',(#14968),#14979,.T.);
#14968 = FACE_BOUND('',#14969,.T.);
#14969 = EDGE_LOOP('',(#14970,#14976,#14977,#14978));
#14970 = ORIENTED_EDGE('',*,*,#14971,.T.);
#14971 = EDGE_CURVE('',#1224,#6445,#14972,.T.);
#14972 = LINE('',#14973,#14974);
#14973 = CARTESIAN_POINT('',(36.61458,-21.456545,0.));
#14974 = VECTOR('',#14975,1.);
#14975 = DIRECTION('',(0.,0.,1.));
#14976 = ORIENTED_EDGE('',*,*,#6444,.T.);
#14977 = ORIENTED_EDGE('',*,*,#14937,.F.);
#14978 = ORIENTED_EDGE('',*,*,#1223,.F.);
#14979 = PLANE('',#14980);
#14980 = AXIS2_PLACEMENT_3D('',#14981,#14982,#14983);
#14981 = CARTESIAN_POINT('',(36.61458,-21.456545,0.));
#14982 = DIRECTION('',(0.190809030854,-0.981627176552,0.));
#14983 = DIRECTION('',(-0.981627176552,-0.190809030854,0.));
#14984 = ADVANCED_FACE('',(#14985),#14996,.F.);
#14985 = FACE_BOUND('',#14986,.T.);
#14986 = EDGE_LOOP('',(#14987,#14988,#14989,#14995));
#14987 = ORIENTED_EDGE('',*,*,#14956,.T.);
#14988 = ORIENTED_EDGE('',*,*,#6844,.T.);
#14989 = ORIENTED_EDGE('',*,*,#14990,.F.);
#14990 = EDGE_CURVE('',#1616,#6837,#14991,.T.);
#14991 = LINE('',#14992,#14993);
#14992 = CARTESIAN_POINT('',(116.133976,-15.473606,0.));
#14993 = VECTOR('',#14994,1.);
#14994 = DIRECTION('',(0.,0.,1.));
#14995 = ORIENTED_EDGE('',*,*,#1623,.F.);
#14996 = CYLINDRICAL_SURFACE('',#14997,2.00000215767);
#14997 = AXIS2_PLACEMENT_3D('',#14998,#14999,#15000);
#14998 = CARTESIAN_POINT('',(118.09723279902,-15.09198921345,0.));
#14999 = DIRECTION('',(-0.,-0.,-1.));
#15000 = DIRECTION('',(-0.19080969366,0.981627047715,0.));
#15001 = ADVANCED_FACE('',(#15002),#15013,.T.);
#15002 = FACE_BOUND('',#15003,.T.);
#15003 = EDGE_LOOP('',(#15004,#15010,#15011,#15012));
#15004 = ORIENTED_EDGE('',*,*,#15005,.T.);
#15005 = EDGE_CURVE('',#1232,#6453,#15006,.T.);
#15006 = LINE('',#15007,#15008);
#15007 = CARTESIAN_POINT('',(38.196216,-19.111673,0.));
#15008 = VECTOR('',#15009,1.);
#15009 = DIRECTION('',(0.,0.,1.));
#15010 = ORIENTED_EDGE('',*,*,#6452,.T.);
#15011 = ORIENTED_EDGE('',*,*,#14971,.F.);
#15012 = ORIENTED_EDGE('',*,*,#1231,.F.);
#15013 = CYLINDRICAL_SURFACE('',#15014,1.999998806183);
#15014 = AXIS2_PLACEMENT_3D('',#15015,#15016,#15017);
#15015 = CARTESIAN_POINT('',(36.232962979485,-19.49329166067,0.));
#15016 = DIRECTION('',(0.,0.,-1.));
#15017 = DIRECTION('',(0.981627096199,0.190809444231,0.));
#15018 = ADVANCED_FACE('',(#15019),#15030,.T.);
#15019 = FACE_BOUND('',#15020,.T.);
#15020 = EDGE_LOOP('',(#15021,#15022,#15023,#15029));
#15021 = ORIENTED_EDGE('',*,*,#14990,.T.);
#15022 = ORIENTED_EDGE('',*,*,#6836,.T.);
#15023 = ORIENTED_EDGE('',*,*,#15024,.F.);
#15024 = EDGE_CURVE('',#1608,#6829,#15025,.T.);
#15025 = LINE('',#15026,#15027);
#15026 = CARTESIAN_POINT('',(116.377258,-16.72518,0.));
#15027 = VECTOR('',#15028,1.);
#15028 = DIRECTION('',(0.,0.,1.));
#15029 = ORIENTED_EDGE('',*,*,#1615,.F.);
#15030 = PLANE('',#15031);
#15031 = AXIS2_PLACEMENT_3D('',#15032,#15033,#15034);
#15032 = CARTESIAN_POINT('',(116.133976,-15.473606,0.));
#15033 = DIRECTION('',(0.981627086642,0.1908094934,-0.));
#15034 = DIRECTION('',(0.1908094934,-0.981627086642,0.));
#15035 = ADVANCED_FACE('',(#15036),#15047,.T.);
#15036 = FACE_BOUND('',#15037,.T.);
#15037 = EDGE_LOOP('',(#15038,#15044,#15045,#15046));
#15038 = ORIENTED_EDGE('',*,*,#15039,.T.);
#15039 = EDGE_CURVE('',#1241,#6462,#15040,.T.);
#15040 = LINE('',#15041,#15042);
#15041 = CARTESIAN_POINT('',(37.146767,-13.712723,0.));
#15042 = VECTOR('',#15043,1.);
#15043 = DIRECTION('',(0.,0.,1.));
#15044 = ORIENTED_EDGE('',*,*,#6461,.T.);
#15045 = ORIENTED_EDGE('',*,*,#15005,.F.);
#15046 = ORIENTED_EDGE('',*,*,#1240,.F.);
#15047 = PLANE('',#15048);
#15048 = AXIS2_PLACEMENT_3D('',#15049,#15050,#15051);
#15049 = CARTESIAN_POINT('',(37.146767,-13.712723,0.));
#15050 = DIRECTION('',(0.98162720286,0.19080889551,-0.));
#15051 = DIRECTION('',(0.19080889551,-0.98162720286,0.));
#15052 = ADVANCED_FACE('',(#15053),#15064,.T.);
#15053 = FACE_BOUND('',#15054,.T.);
#15054 = EDGE_LOOP('',(#15055,#15056,#15057,#15063));
#15055 = ORIENTED_EDGE('',*,*,#15024,.T.);
#15056 = ORIENTED_EDGE('',*,*,#6828,.T.);
#15057 = ORIENTED_EDGE('',*,*,#15058,.F.);
#15058 = EDGE_CURVE('',#1599,#6820,#15059,.T.);
#15059 = LINE('',#15060,#15061);
#15060 = CARTESIAN_POINT('',(116.620539,-17.976755,0.));
#15061 = VECTOR('',#15062,1.);
#15062 = DIRECTION('',(0.,0.,1.));
#15063 = ORIENTED_EDGE('',*,*,#1607,.F.);
#15064 = PLANE('',#15065);
#15065 = AXIS2_PLACEMENT_3D('',#15066,#15067,#15068);
#15066 = CARTESIAN_POINT('',(116.377258,-16.72518,0.));
#15067 = DIRECTION('',(0.981627262102,0.190808590737,-0.));
#15068 = DIRECTION('',(0.190808590737,-0.981627262102,0.));
#15069 = ADVANCED_FACE('',(#15070),#15081,.T.);
#15070 = FACE_BOUND('',#15071,.T.);
#15071 = EDGE_LOOP('',(#15072,#15078,#15079,#15080));
#15072 = ORIENTED_EDGE('',*,*,#15073,.T.);
#15073 = EDGE_CURVE('',#1249,#6470,#15074,.T.);
#15074 = LINE('',#15075,#15076);
#15075 = CARTESIAN_POINT('',(36.097317,-8.313774,0.));
#15076 = VECTOR('',#15077,1.);
#15077 = DIRECTION('',(0.,0.,1.));
#15078 = ORIENTED_EDGE('',*,*,#6469,.T.);
#15079 = ORIENTED_EDGE('',*,*,#15039,.F.);
#15080 = ORIENTED_EDGE('',*,*,#1248,.F.);
#15081 = PLANE('',#15082);
#15082 = AXIS2_PLACEMENT_3D('',#15083,#15084,#15085);
#15083 = CARTESIAN_POINT('',(36.097317,-8.313774,0.));
#15084 = DIRECTION('',(0.981627162185,0.190809104764,-0.));
#15085 = DIRECTION('',(0.190809104764,-0.981627162185,0.));
#15086 = ADVANCED_FACE('',(#15087),#15098,.T.);
#15087 = FACE_BOUND('',#15088,.T.);
#15088 = EDGE_LOOP('',(#15089,#15090,#15091,#15097));
#15089 = ORIENTED_EDGE('',*,*,#15058,.T.);
#15090 = ORIENTED_EDGE('',*,*,#6819,.T.);
#15091 = ORIENTED_EDGE('',*,*,#15092,.F.);
#15092 = EDGE_CURVE('',#1591,#6812,#15093,.T.);
#15093 = LINE('',#15094,#15095);
#15094 = CARTESIAN_POINT('',(115.038903,-20.321627,0.));
#15095 = VECTOR('',#15096,1.);
#15096 = DIRECTION('',(0.,0.,1.));
#15097 = ORIENTED_EDGE('',*,*,#1598,.F.);
#15098 = CYLINDRICAL_SURFACE('',#15099,1.999957239877);
#15099 = AXIS2_PLACEMENT_3D('',#15100,#15101,#15102);
#15100 = CARTESIAN_POINT('',(114.65733471385,-18.35840653241,0.));
#15101 = DIRECTION('',(0.,0.,-1.));
#15102 = DIRECTION('',(0.981623130236,0.190829846161,0.));
#15103 = ADVANCED_FACE('',(#15104),#15115,.T.);
#15104 = FACE_BOUND('',#15105,.T.);
#15105 = EDGE_LOOP('',(#15106,#15112,#15113,#15114));
#15106 = ORIENTED_EDGE('',*,*,#15107,.T.);
#15107 = EDGE_CURVE('',#1257,#6478,#15108,.T.);
#15108 = LINE('',#15109,#15110);
#15109 = CARTESIAN_POINT('',(33.752445,-6.732138,0.));
#15110 = VECTOR('',#15111,1.);
#15111 = DIRECTION('',(0.,0.,1.));
#15112 = ORIENTED_EDGE('',*,*,#6477,.T.);
#15113 = ORIENTED_EDGE('',*,*,#15073,.F.);
#15114 = ORIENTED_EDGE('',*,*,#1256,.F.);
#15115 = CYLINDRICAL_SURFACE('',#15116,1.999998806183);
#15116 = AXIS2_PLACEMENT_3D('',#15117,#15118,#15119);
#15117 = CARTESIAN_POINT('',(34.134063660671,-8.695391020515,0.));
#15118 = DIRECTION('',(0.,0.,-1.));
#15119 = DIRECTION('',(-0.190809444231,0.981627096199,0.));
#15120 = ADVANCED_FACE('',(#15121),#15132,.T.);
#15121 = FACE_BOUND('',#15122,.T.);
#15122 = EDGE_LOOP('',(#15123,#15124,#15125,#15131));
#15123 = ORIENTED_EDGE('',*,*,#15092,.T.);
#15124 = ORIENTED_EDGE('',*,*,#6811,.T.);
#15125 = ORIENTED_EDGE('',*,*,#15126,.F.);
#15126 = EDGE_CURVE('',#1583,#6804,#15127,.T.);
#15127 = LINE('',#15128,#15129);
#15128 = CARTESIAN_POINT('',(107.652158,-21.757465,0.));
#15129 = VECTOR('',#15130,1.);
#15130 = DIRECTION('',(0.,0.,1.));
#15131 = ORIENTED_EDGE('',*,*,#1590,.F.);
#15132 = PLANE('',#15133);
#15133 = AXIS2_PLACEMENT_3D('',#15134,#15135,#15136);
#15134 = CARTESIAN_POINT('',(115.038903,-20.321627,0.));
#15135 = DIRECTION('',(0.190809023981,-0.981627177888,0.));
#15136 = DIRECTION('',(-0.981627177888,-0.190809023981,0.));
#15137 = ADVANCED_FACE('',(#15138),#15149,.T.);
#15138 = FACE_BOUND('',#15139,.T.);
#15139 = EDGE_LOOP('',(#15140,#15146,#15147,#15148));
#15140 = ORIENTED_EDGE('',*,*,#15141,.T.);
#15141 = EDGE_CURVE('',#1266,#6487,#15142,.T.);
#15142 = LINE('',#15143,#15144);
#15143 = CARTESIAN_POINT('',(27.60785,-7.926526,0.));
#15144 = VECTOR('',#15145,1.);
#15145 = DIRECTION('',(0.,0.,1.));
#15146 = ORIENTED_EDGE('',*,*,#6486,.T.);
#15147 = ORIENTED_EDGE('',*,*,#15107,.F.);
#15148 = ORIENTED_EDGE('',*,*,#1265,.F.);
#15149 = PLANE('',#15150);
#15150 = AXIS2_PLACEMENT_3D('',#15151,#15152,#15153);
#15151 = CARTESIAN_POINT('',(27.60785,-7.926526,0.));
#15152 = DIRECTION('',(-0.190808952947,0.981627191695,0.));
#15153 = DIRECTION('',(0.981627191695,0.190808952947,0.));
#15154 = ADVANCED_FACE('',(#15155),#15166,.T.);
#15155 = FACE_BOUND('',#15156,.T.);
#15156 = EDGE_LOOP('',(#15157,#15158,#15159,#15165));
#15157 = ORIENTED_EDGE('',*,*,#15126,.T.);
#15158 = ORIENTED_EDGE('',*,*,#6803,.T.);
#15159 = ORIENTED_EDGE('',*,*,#15160,.F.);
#15160 = EDGE_CURVE('',#1574,#6795,#15161,.T.);
#15161 = LINE('',#15162,#15163);
#15162 = CARTESIAN_POINT('',(100.265414,-23.193303,0.));
#15163 = VECTOR('',#15164,1.);
#15164 = DIRECTION('',(0.,0.,1.));
#15165 = ORIENTED_EDGE('',*,*,#1582,.F.);
#15166 = PLANE('',#15167);
#15167 = AXIS2_PLACEMENT_3D('',#15168,#15169,#15170);
#15168 = CARTESIAN_POINT('',(107.652158,-21.757465,0.));
#15169 = DIRECTION('',(0.190809048871,-0.981627173049,0.));
#15170 = DIRECTION('',(-0.981627173049,-0.190809048871,0.));
#15171 = ADVANCED_FACE('',(#15172),#15183,.T.);
#15172 = FACE_BOUND('',#15173,.T.);
#15173 = EDGE_LOOP('',(#15174,#15180,#15181,#15182));
#15174 = ORIENTED_EDGE('',*,*,#15175,.T.);
#15175 = EDGE_CURVE('',#1274,#6495,#15176,.T.);
#15176 = LINE('',#15177,#15178);
#15177 = CARTESIAN_POINT('',(20.,-9.405342,0.));
#15178 = VECTOR('',#15179,1.);
#15179 = DIRECTION('',(0.,0.,1.));
#15180 = ORIENTED_EDGE('',*,*,#6494,.T.);
#15181 = ORIENTED_EDGE('',*,*,#15141,.F.);
#15182 = ORIENTED_EDGE('',*,*,#1273,.F.);
#15183 = PLANE('',#15184);
#15184 = AXIS2_PLACEMENT_3D('',#15185,#15186,#15187);
#15185 = CARTESIAN_POINT('',(20.,-9.405342,0.));
#15186 = DIRECTION('',(-0.190808966175,0.981627189124,0.));
#15187 = DIRECTION('',(0.981627189124,0.190808966175,0.));
#15188 = ADVANCED_FACE('',(#15189),#15200,.T.);
#15189 = FACE_BOUND('',#15190,.T.);
#15190 = EDGE_LOOP('',(#15191,#15192,#15193,#15199));
#15191 = ORIENTED_EDGE('',*,*,#15160,.T.);
#15192 = ORIENTED_EDGE('',*,*,#6794,.T.);
#15193 = ORIENTED_EDGE('',*,*,#15194,.F.);
#15194 = EDGE_CURVE('',#1566,#6787,#15195,.T.);
#15195 = LINE('',#15196,#15197);
#15196 = CARTESIAN_POINT('',(97.920542,-21.611666,0.));
#15197 = VECTOR('',#15198,1.);
#15198 = DIRECTION('',(0.,0.,1.));
#15199 = ORIENTED_EDGE('',*,*,#1573,.F.);
#15200 = CYLINDRICAL_SURFACE('',#15201,2.000025387002);
#15201 = AXIS2_PLACEMENT_3D('',#15202,#15203,#15204);
#15202 = CARTESIAN_POINT('',(99.883816547108,-21.23001877895,0.));
#15203 = DIRECTION('',(0.,0.,-1.));
#15204 = DIRECTION('',(0.190796304573,-0.981629650205,0.));
#15205 = ADVANCED_FACE('',(#15206),#15217,.F.);
#15206 = FACE_BOUND('',#15207,.T.);
#15207 = EDGE_LOOP('',(#15208,#15214,#15215,#15216));
#15208 = ORIENTED_EDGE('',*,*,#15209,.T.);
#15209 = EDGE_CURVE('',#1282,#6503,#15210,.T.);
#15210 = LINE('',#15211,#15212);
#15211 = CARTESIAN_POINT('',(19.5,-8.993174,0.));
#15212 = VECTOR('',#15213,1.);
#15213 = DIRECTION('',(0.,0.,1.));
#15214 = ORIENTED_EDGE('',*,*,#6502,.T.);
#15215 = ORIENTED_EDGE('',*,*,#15175,.F.);
#15216 = ORIENTED_EDGE('',*,*,#1281,.F.);
#15217 = CYLINDRICAL_SURFACE('',#15218,0.419918148097);
#15218 = AXIS2_PLACEMENT_3D('',#15219,#15220,#15221);
#15219 = CARTESIAN_POINT('',(19.919918145865,-8.993130709835,0.));
#15220 = DIRECTION('',(-0.,-0.,-1.));
#15221 = DIRECTION('',(-0.999999994686,-1.030919126331E-04,0.));
#15222 = ADVANCED_FACE('',(#15223),#15234,.T.);
#15223 = FACE_BOUND('',#15224,.T.);
#15224 = EDGE_LOOP('',(#15225,#15226,#15227,#15233));
#15225 = ORIENTED_EDGE('',*,*,#15194,.T.);
#15226 = ORIENTED_EDGE('',*,*,#6786,.T.);
#15227 = ORIENTED_EDGE('',*,*,#15228,.F.);
#15228 = EDGE_CURVE('',#1558,#6779,#15229,.T.);
#15229 = LINE('',#15230,#15231);
#15230 = CARTESIAN_POINT('',(97.701111,-20.482795,0.));
#15231 = VECTOR('',#15232,1.);
#15232 = DIRECTION('',(0.,0.,1.));
#15233 = ORIENTED_EDGE('',*,*,#1565,.F.);
#15234 = PLANE('',#15235);
#15235 = AXIS2_PLACEMENT_3D('',#15236,#15237,#15238);
#15236 = CARTESIAN_POINT('',(97.920542,-21.611666,0.));
#15237 = DIRECTION('',(-0.981627068452,-0.190809586975,0.));
#15238 = DIRECTION('',(-0.190809586975,0.981627068452,0.));
#15239 = ADVANCED_FACE('',(#15240),#15251,.F.);
#15240 = FACE_BOUND('',#15241,.T.);
#15241 = EDGE_LOOP('',(#15242,#15248,#15249,#15250));
#15242 = ORIENTED_EDGE('',*,*,#15243,.T.);
#15243 = EDGE_CURVE('',#1291,#6512,#15244,.T.);
#15244 = LINE('',#15245,#15246);
#15245 = CARTESIAN_POINT('',(20.,-8.386625,0.));
#15246 = VECTOR('',#15247,1.);
#15247 = DIRECTION('',(0.,0.,1.));
#15248 = ORIENTED_EDGE('',*,*,#6511,.T.);
#15249 = ORIENTED_EDGE('',*,*,#15209,.F.);
#15250 = ORIENTED_EDGE('',*,*,#1290,.F.);
#15251 = CYLINDRICAL_SURFACE('',#15252,0.617958141774);
#15252 = AXIS2_PLACEMENT_3D('',#15253,#15254,#15255);
#15253 = CARTESIAN_POINT('',(20.117958140022,-8.993220534262,0.));
#15254 = DIRECTION('',(-0.,-0.,-1.));
#15255 = DIRECTION('',(-0.190883705623,0.981612658296,0.));
#15256 = ADVANCED_FACE('',(#15257),#15268,.T.);
#15257 = FACE_BOUND('',#15258,.T.);
#15258 = EDGE_LOOP('',(#15259,#15260,#15261,#15267));
#15259 = ORIENTED_EDGE('',*,*,#15228,.T.);
#15260 = ORIENTED_EDGE('',*,*,#6778,.T.);
#15261 = ORIENTED_EDGE('',*,*,#15262,.F.);
#15262 = EDGE_CURVE('',#1549,#6770,#15263,.T.);
#15263 = LINE('',#15264,#15265);
#15264 = CARTESIAN_POINT('',(97.481681,-19.353924,0.));
#15265 = VECTOR('',#15266,1.);
#15266 = DIRECTION('',(0.,0.,1.));
#15267 = ORIENTED_EDGE('',*,*,#1557,.F.);
#15268 = PLANE('',#15269);
#15269 = AXIS2_PLACEMENT_3D('',#15270,#15271,#15272);
#15270 = CARTESIAN_POINT('',(97.701111,-20.482795,0.));
#15271 = DIRECTION('',(-0.981627231325,-0.190808749068,0.));
#15272 = DIRECTION('',(-0.190808749068,0.981627231325,0.));
#15273 = ADVANCED_FACE('',(#15274),#15285,.T.);
#15274 = FACE_BOUND('',#15275,.T.);
#15275 = EDGE_LOOP('',(#15276,#15282,#15283,#15284));
#15276 = ORIENTED_EDGE('',*,*,#15277,.T.);
#15277 = EDGE_CURVE('',#1300,#6521,#15278,.T.);
#15278 = LINE('',#15279,#15280);
#15279 = CARTESIAN_POINT('',(27.512445,-6.926354,0.));
#15280 = VECTOR('',#15281,1.);
#15281 = DIRECTION('',(0.,0.,1.));
#15282 = ORIENTED_EDGE('',*,*,#6520,.T.);
#15283 = ORIENTED_EDGE('',*,*,#15243,.F.);
#15284 = ORIENTED_EDGE('',*,*,#1299,.F.);
#15285 = PLANE('',#15286);
#15286 = AXIS2_PLACEMENT_3D('',#15287,#15288,#15289);
#15287 = CARTESIAN_POINT('',(27.512445,-6.926354,0.));
#15288 = DIRECTION('',(0.190808947345,-0.981627192784,0.));
#15289 = DIRECTION('',(-0.981627192784,-0.190808947345,0.));
#15290 = ADVANCED_FACE('',(#15291),#15302,.F.);
#15291 = FACE_BOUND('',#15292,.T.);
#15292 = EDGE_LOOP('',(#15293,#15294,#15295,#15301));
#15293 = ORIENTED_EDGE('',*,*,#15262,.T.);
#15294 = ORIENTED_EDGE('',*,*,#6769,.T.);
#15295 = ORIENTED_EDGE('',*,*,#15296,.F.);
#15296 = EDGE_CURVE('',#1541,#6762,#15297,.T.);
#15297 = LINE('',#15298,#15299);
#15298 = CARTESIAN_POINT('',(95.136808,-17.772287,0.));
#15299 = VECTOR('',#15300,1.);
#15300 = DIRECTION('',(0.,0.,1.));
#15301 = ORIENTED_EDGE('',*,*,#1548,.F.);
#15302 = CYLINDRICAL_SURFACE('',#15303,2.00000215767);
#15303 = AXIS2_PLACEMENT_3D('',#15304,#15305,#15306);
#15304 = CARTESIAN_POINT('',(95.518424786543,-19.73554379902,0.));
#15305 = DIRECTION('',(-0.,-0.,-1.));
#15306 = DIRECTION('',(0.981627047715,0.19080969366,-0.));
#15307 = ADVANCED_FACE('',(#15308),#15319,.T.);
#15308 = FACE_BOUND('',#15309,.T.);
#15309 = EDGE_LOOP('',(#15310,#15316,#15317,#15318));
#15310 = ORIENTED_EDGE('',*,*,#15311,.T.);
#15311 = EDGE_CURVE('',#1308,#6529,#15312,.T.);
#15312 = LINE('',#15313,#15314);
#15313 = CARTESIAN_POINT('',(33.561636,-5.75051,0.));
#15314 = VECTOR('',#15315,1.);
#15315 = DIRECTION('',(0.,0.,1.));
#15316 = ORIENTED_EDGE('',*,*,#6528,.T.);
#15317 = ORIENTED_EDGE('',*,*,#15277,.F.);
#15318 = ORIENTED_EDGE('',*,*,#1307,.F.);
#15319 = PLANE('',#15320);
#15320 = AXIS2_PLACEMENT_3D('',#15321,#15322,#15323);
#15321 = CARTESIAN_POINT('',(33.561636,-5.75051,0.));
#15322 = DIRECTION('',(0.190809055325,-0.981627171795,0.));
#15323 = DIRECTION('',(-0.981627171795,-0.190809055325,0.));
#15324 = ADVANCED_FACE('',(#15325),#15336,.T.);
#15325 = FACE_BOUND('',#15326,.T.);
#15326 = EDGE_LOOP('',(#15327,#15328,#15329,#15335));
#15327 = ORIENTED_EDGE('',*,*,#15296,.T.);
#15328 = ORIENTED_EDGE('',*,*,#6761,.T.);
#15329 = ORIENTED_EDGE('',*,*,#15330,.F.);
#15330 = EDGE_CURVE('',#1533,#6754,#15331,.T.);
#15331 = LINE('',#15332,#15333);
#15332 = CARTESIAN_POINT('',(87.750064,-19.208125,0.));
#15333 = VECTOR('',#15334,1.);
#15334 = DIRECTION('',(0.,0.,1.));
#15335 = ORIENTED_EDGE('',*,*,#1540,.F.);
#15336 = PLANE('',#15337);
#15337 = AXIS2_PLACEMENT_3D('',#15338,#15339,#15340);
#15338 = CARTESIAN_POINT('',(95.136808,-17.772287,0.));
#15339 = DIRECTION('',(0.190809048871,-0.981627173049,0.));
#15340 = DIRECTION('',(-0.981627173049,-0.190809048871,0.));
#15341 = ADVANCED_FACE('',(#15342),#15353,.T.);
#15342 = FACE_BOUND('',#15343,.T.);
#15343 = EDGE_LOOP('',(#15344,#15350,#15351,#15352));
#15344 = ORIENTED_EDGE('',*,*,#15345,.T.);
#15345 = EDGE_CURVE('',#1316,#6537,#15346,.T.);
#15346 = LINE('',#15347,#15348);
#15347 = CARTESIAN_POINT('',(35.143272,-3.405638,0.));
#15348 = VECTOR('',#15349,1.);
#15349 = DIRECTION('',(0.,0.,1.));
#15350 = ORIENTED_EDGE('',*,*,#6536,.T.);
#15351 = ORIENTED_EDGE('',*,*,#15311,.F.);
#15352 = ORIENTED_EDGE('',*,*,#1315,.F.);
#15353 = CYLINDRICAL_SURFACE('',#15354,1.999998806183);
#15354 = AXIS2_PLACEMENT_3D('',#15355,#15356,#15357);
#15355 = CARTESIAN_POINT('',(33.180018979485,-3.787256660671,0.));
#15356 = DIRECTION('',(0.,0.,-1.));
#15357 = DIRECTION('',(0.981627096199,0.190809444231,0.));
#15358 = ADVANCED_FACE('',(#15359),#15370,.T.);
#15359 = FACE_BOUND('',#15360,.T.);
#15360 = EDGE_LOOP('',(#15361,#15362,#15363,#15369));
#15361 = ORIENTED_EDGE('',*,*,#15330,.T.);
#15362 = ORIENTED_EDGE('',*,*,#6753,.T.);
#15363 = ORIENTED_EDGE('',*,*,#15364,.F.);
#15364 = EDGE_CURVE('',#1524,#6745,#15365,.T.);
#15365 = LINE('',#15366,#15367);
#15366 = CARTESIAN_POINT('',(80.363319,-20.643963,0.));
#15367 = VECTOR('',#15368,1.);
#15368 = DIRECTION('',(0.,0.,1.));
#15369 = ORIENTED_EDGE('',*,*,#1532,.F.);
#15370 = PLANE('',#15371);
#15371 = AXIS2_PLACEMENT_3D('',#15372,#15373,#15374);
#15372 = CARTESIAN_POINT('',(87.750064,-19.208125,0.));
#15373 = DIRECTION('',(0.190809023981,-0.981627177888,0.));
#15374 = DIRECTION('',(-0.981627177888,-0.190809023981,0.));
#15375 = ADVANCED_FACE('',(#15376),#15387,.T.);
#15376 = FACE_BOUND('',#15377,.T.);
#15377 = EDGE_LOOP('',(#15378,#15384,#15385,#15386));
#15378 = ORIENTED_EDGE('',*,*,#15379,.T.);
#15379 = EDGE_CURVE('',#1325,#6546,#15380,.T.);
#15380 = LINE('',#15381,#15382);
#15381 = CARTESIAN_POINT('',(34.093823,1.993311,0.));
#15382 = VECTOR('',#15383,1.);
#15383 = DIRECTION('',(0.,0.,1.));
#15384 = ORIENTED_EDGE('',*,*,#6545,.T.);
#15385 = ORIENTED_EDGE('',*,*,#15345,.F.);
#15386 = ORIENTED_EDGE('',*,*,#1324,.F.);
#15387 = PLANE('',#15388);
#15388 = AXIS2_PLACEMENT_3D('',#15389,#15390,#15391);
#15389 = CARTESIAN_POINT('',(34.093823,1.993311,0.));
#15390 = DIRECTION('',(0.98162719624,0.190808929565,-0.));
#15391 = DIRECTION('',(0.190808929565,-0.98162719624,0.));
#15392 = ADVANCED_FACE('',(#15393),#15404,.F.);
#15393 = FACE_BOUND('',#15394,.T.);
#15394 = EDGE_LOOP('',(#15395,#15396,#15397,#15403));
#15395 = ORIENTED_EDGE('',*,*,#15364,.T.);
#15396 = ORIENTED_EDGE('',*,*,#6744,.T.);
#15397 = ORIENTED_EDGE('',*,*,#15398,.F.);
#15398 = EDGE_CURVE('',#1516,#6737,#15399,.T.);
#15399 = LINE('',#15400,#15401);
#15400 = CARTESIAN_POINT('',(78.781683,-22.988835,0.));
#15401 = VECTOR('',#15402,1.);
#15402 = DIRECTION('',(0.,0.,1.));
#15403 = ORIENTED_EDGE('',*,*,#1523,.F.);
#15404 = CYLINDRICAL_SURFACE('',#15405,1.999998806183);
#15405 = AXIS2_PLACEMENT_3D('',#15406,#15407,#15408);
#15406 = CARTESIAN_POINT('',(80.744936020515,-22.60721633932,0.));
#15407 = DIRECTION('',(-0.,-0.,-1.));
#15408 = DIRECTION('',(-0.190808624153,0.981627255606,0.));
#15409 = ADVANCED_FACE('',(#15410),#15421,.T.);
#15410 = FACE_BOUND('',#15411,.T.);
#15411 = EDGE_LOOP('',(#15412,#15418,#15419,#15420));
#15412 = ORIENTED_EDGE('',*,*,#15413,.T.);
#15413 = EDGE_CURVE('',#1333,#6554,#15414,.T.);
#15414 = LINE('',#15415,#15416);
#15415 = CARTESIAN_POINT('',(33.044373,7.392261,0.));
#15416 = VECTOR('',#15417,1.);
#15417 = DIRECTION('',(0.,0.,1.));
#15418 = ORIENTED_EDGE('',*,*,#6553,.T.);
#15419 = ORIENTED_EDGE('',*,*,#15379,.F.);
#15420 = ORIENTED_EDGE('',*,*,#1332,.F.);
#15421 = PLANE('',#15422);
#15422 = AXIS2_PLACEMENT_3D('',#15423,#15424,#15425);
#15423 = CARTESIAN_POINT('',(33.044373,7.392261,0.));
#15424 = DIRECTION('',(0.981627168805,0.190809070709,-0.));
#15425 = DIRECTION('',(0.190809070709,-0.981627168805,0.));
#15426 = ADVANCED_FACE('',(#15427),#15438,.T.);
#15427 = FACE_BOUND('',#15428,.T.);
#15428 = EDGE_LOOP('',(#15429,#15430,#15431,#15437));
#15429 = ORIENTED_EDGE('',*,*,#15398,.T.);
#15430 = ORIENTED_EDGE('',*,*,#6736,.T.);
#15431 = ORIENTED_EDGE('',*,*,#15432,.F.);
#15432 = EDGE_CURVE('',#1508,#6729,#15433,.T.);
#15433 = LINE('',#15434,#15435);
#15434 = CARTESIAN_POINT('',(79.096518,-24.60852,0.));
#15435 = VECTOR('',#15436,1.);
#15436 = DIRECTION('',(0.,0.,1.));
#15437 = ORIENTED_EDGE('',*,*,#1515,.F.);
#15438 = PLANE('',#15439);
#15439 = AXIS2_PLACEMENT_3D('',#15440,#15441,#15442);
#15440 = CARTESIAN_POINT('',(78.781683,-22.988835,0.));
#15441 = DIRECTION('',(0.981627168805,0.190809070709,-0.));
#15442 = DIRECTION('',(0.190809070709,-0.981627168805,0.));
#15443 = ADVANCED_FACE('',(#15444),#15455,.T.);
#15444 = FACE_BOUND('',#15445,.T.);
#15445 = EDGE_LOOP('',(#15446,#15452,#15453,#15454));
#15446 = ORIENTED_EDGE('',*,*,#15447,.T.);
#15447 = EDGE_CURVE('',#1341,#6562,#15448,.T.);
#15448 = LINE('',#15449,#15450);
#15449 = CARTESIAN_POINT('',(30.699501,8.973897,0.));
#15450 = VECTOR('',#15451,1.);
#15451 = DIRECTION('',(0.,0.,1.));
#15452 = ORIENTED_EDGE('',*,*,#6561,.T.);
#15453 = ORIENTED_EDGE('',*,*,#15413,.F.);
#15454 = ORIENTED_EDGE('',*,*,#1340,.F.);
#15455 = CYLINDRICAL_SURFACE('',#15456,1.999998806183);
#15456 = AXIS2_PLACEMENT_3D('',#15457,#15458,#15459);
#15457 = CARTESIAN_POINT('',(31.081119660671,7.010643979485,0.));
#15458 = DIRECTION('',(0.,0.,-1.));
#15459 = DIRECTION('',(-0.190809444231,0.981627096199,0.));
#15460 = ADVANCED_FACE('',(#15461),#15472,.T.);
#15461 = FACE_BOUND('',#15462,.T.);
#15462 = EDGE_LOOP('',(#15463,#15464,#15465,#15471));
#15463 = ORIENTED_EDGE('',*,*,#15432,.T.);
#15464 = ORIENTED_EDGE('',*,*,#6728,.T.);
#15465 = ORIENTED_EDGE('',*,*,#15466,.F.);
#15466 = EDGE_CURVE('',#1499,#6720,#15467,.T.);
#15467 = LINE('',#15468,#15469);
#15468 = CARTESIAN_POINT('',(79.411353,-26.228205,0.));
#15469 = VECTOR('',#15470,1.);
#15470 = DIRECTION('',(0.,0.,1.));
#15471 = ORIENTED_EDGE('',*,*,#1507,.F.);
#15472 = PLANE('',#15473);
#15473 = AXIS2_PLACEMENT_3D('',#15474,#15475,#15476);
#15474 = CARTESIAN_POINT('',(79.096518,-24.60852,0.));
#15475 = DIRECTION('',(0.981627168805,0.190809070709,-0.));
#15476 = DIRECTION('',(0.190809070709,-0.981627168805,0.));
#15477 = ADVANCED_FACE('',(#15478),#15489,.T.);
#15478 = FACE_BOUND('',#15479,.T.);
#15479 = EDGE_LOOP('',(#15480,#15486,#15487,#15488));
#15480 = ORIENTED_EDGE('',*,*,#15481,.T.);
#15481 = EDGE_CURVE('',#1350,#6571,#15482,.T.);
#15482 = LINE('',#15483,#15484);
#15483 = CARTESIAN_POINT('',(23.081378,7.493084,0.));
#15484 = VECTOR('',#15485,1.);
#15485 = DIRECTION('',(0.,0.,1.));
#15486 = ORIENTED_EDGE('',*,*,#6570,.T.);
#15487 = ORIENTED_EDGE('',*,*,#15447,.F.);
#15488 = ORIENTED_EDGE('',*,*,#1349,.F.);
#15489 = PLANE('',#15490);
#15490 = AXIS2_PLACEMENT_3D('',#15491,#15492,#15493);
#15491 = CARTESIAN_POINT('',(23.081378,7.493084,0.));
#15492 = DIRECTION('',(-0.19080898249,0.981627185953,0.));
#15493 = DIRECTION('',(0.981627185953,0.19080898249,0.));
#15494 = ADVANCED_FACE('',(#15495),#15506,.T.);
#15495 = FACE_BOUND('',#15496,.T.);
#15496 = EDGE_LOOP('',(#15497,#15498,#15499,#15505));
#15497 = ORIENTED_EDGE('',*,*,#15466,.T.);
#15498 = ORIENTED_EDGE('',*,*,#6719,.T.);
#15499 = ORIENTED_EDGE('',*,*,#15500,.F.);
#15500 = EDGE_CURVE('',#1491,#6712,#15501,.T.);
#15501 = LINE('',#15502,#15503);
#15502 = CARTESIAN_POINT('',(77.829716,-28.573077,0.));
#15503 = VECTOR('',#15504,1.);
#15504 = DIRECTION('',(0.,0.,1.));
#15505 = ORIENTED_EDGE('',*,*,#1498,.F.);
#15506 = CYLINDRICAL_SURFACE('',#15507,2.000042749843);
#15507 = AXIS2_PLACEMENT_3D('',#15508,#15509,#15510);
#15508 = CARTESIAN_POINT('',(77.448048422483,-26.60978872227,0.));
#15509 = DIRECTION('',(0.,0.,-1.));
#15510 = DIRECTION('',(0.981631306466,0.190787783061,0.));
#15511 = ADVANCED_FACE('',(#15512),#15523,.T.);
#15512 = FACE_BOUND('',#15513,.T.);
#15513 = EDGE_LOOP('',(#15514,#15520,#15521,#15522));
#15514 = ORIENTED_EDGE('',*,*,#15515,.T.);
#15515 = EDGE_CURVE('',#1358,#6579,#15516,.T.);
#15516 = LINE('',#15517,#15518);
#15517 = CARTESIAN_POINT('',(14.,5.727843,0.));
#15518 = VECTOR('',#15519,1.);
#15519 = DIRECTION('',(0.,0.,1.));
#15520 = ORIENTED_EDGE('',*,*,#6578,.T.);
#15521 = ORIENTED_EDGE('',*,*,#15481,.F.);
#15522 = ORIENTED_EDGE('',*,*,#1357,.F.);
#15523 = PLANE('',#15524);
#15524 = AXIS2_PLACEMENT_3D('',#15525,#15526,#15527);
#15525 = CARTESIAN_POINT('',(14.,5.727843,0.));
#15526 = DIRECTION('',(-0.190808988811,0.981627184724,0.));
#15527 = DIRECTION('',(0.981627184724,0.190808988811,0.));
#15528 = ADVANCED_FACE('',(#15529),#15540,.T.);
#15529 = FACE_BOUND('',#15530,.T.);
#15530 = EDGE_LOOP('',(#15531,#15532,#15533,#15539));
#15531 = ORIENTED_EDGE('',*,*,#15500,.T.);
#15532 = ORIENTED_EDGE('',*,*,#6711,.T.);
#15533 = ORIENTED_EDGE('',*,*,#15534,.F.);
#15534 = EDGE_CURVE('',#1483,#6704,#15535,.T.);
#15535 = LINE('',#15536,#15537);
#15536 = CARTESIAN_POINT('',(70.442972,-30.008915,0.));
#15537 = VECTOR('',#15538,1.);
#15538 = DIRECTION('',(0.,0.,1.));
#15539 = ORIENTED_EDGE('',*,*,#1490,.F.);
#15540 = PLANE('',#15541);
#15541 = AXIS2_PLACEMENT_3D('',#15542,#15543,#15544);
#15542 = CARTESIAN_POINT('',(77.829716,-28.573077,0.));
#15543 = DIRECTION('',(0.190809048871,-0.981627173049,0.));
#15544 = DIRECTION('',(-0.981627173049,-0.190809048871,0.));
#15545 = ADVANCED_FACE('',(#15546),#15557,.F.);
#15546 = FACE_BOUND('',#15547,.T.);
#15547 = EDGE_LOOP('',(#15548,#15554,#15555,#15556));
#15548 = ORIENTED_EDGE('',*,*,#15549,.T.);
#15549 = EDGE_CURVE('',#1366,#6587,#15550,.T.);
#15550 = LINE('',#15551,#15552);
#15551 = CARTESIAN_POINT('',(13.5,6.140011,0.));
#15552 = VECTOR('',#15553,1.);
#15553 = DIRECTION('',(0.,0.,1.));
#15554 = ORIENTED_EDGE('',*,*,#6586,.T.);
#15555 = ORIENTED_EDGE('',*,*,#15515,.F.);
#15556 = ORIENTED_EDGE('',*,*,#1365,.F.);
#15557 = CYLINDRICAL_SURFACE('',#15558,0.419912587663);
#15558 = AXIS2_PLACEMENT_3D('',#15559,#15560,#15561);
#15559 = CARTESIAN_POINT('',(13.919912586073,6.140047545594,0.));
#15560 = DIRECTION('',(-0.,-0.,-1.));
#15561 = DIRECTION('',(-0.999999996213,-8.703143299095E-05,0.));
#15562 = ADVANCED_FACE('',(#15563),#15574,.T.);
#15563 = FACE_BOUND('',#15564,.T.);
#15564 = EDGE_LOOP('',(#15565,#15566,#15567,#15573));
#15565 = ORIENTED_EDGE('',*,*,#15534,.T.);
#15566 = ORIENTED_EDGE('',*,*,#6703,.T.);
#15567 = ORIENTED_EDGE('',*,*,#15568,.F.);
#15568 = EDGE_CURVE('',#1474,#6695,#15569,.T.);
#15569 = LINE('',#15570,#15571);
#15570 = CARTESIAN_POINT('',(62.712658,-31.511536,0.));
#15571 = VECTOR('',#15572,1.);
#15572 = DIRECTION('',(0.,0.,1.));
#15573 = ORIENTED_EDGE('',*,*,#1482,.F.);
#15574 = PLANE('',#15575);
#15575 = AXIS2_PLACEMENT_3D('',#15576,#15577,#15578);
#15576 = CARTESIAN_POINT('',(70.442972,-30.008915,0.));
#15577 = DIRECTION('',(0.190809016783,-0.981627179287,0.));
#15578 = DIRECTION('',(-0.981627179287,-0.190809016783,0.));
#15579 = ADVANCED_FACE('',(#15580),#15591,.F.);
#15580 = FACE_BOUND('',#15581,.T.);
#15581 = EDGE_LOOP('',(#15582,#15588,#15589,#15590));
#15582 = ORIENTED_EDGE('',*,*,#15583,.T.);
#15583 = EDGE_CURVE('',#1375,#6596,#15584,.T.);
#15584 = LINE('',#15585,#15586);
#15585 = CARTESIAN_POINT('',(14.,6.74656,0.));
#15586 = VECTOR('',#15587,1.);
#15587 = DIRECTION('',(0.,0.,1.));
#15588 = ORIENTED_EDGE('',*,*,#6595,.T.);
#15589 = ORIENTED_EDGE('',*,*,#15549,.F.);
#15590 = ORIENTED_EDGE('',*,*,#1374,.F.);
#15591 = CYLINDRICAL_SURFACE('',#15592,0.617927906905);
#15592 = AXIS2_PLACEMENT_3D('',#15593,#15594,#15595);
#15593 = CARTESIAN_POINT('',(14.117927906527,6.139989388287,0.));
#15594 = DIRECTION('',(-0.,-0.,-1.));
#15595 = DIRECTION('',(-0.190844118236,0.981620355603,0.));
#15596 = ADVANCED_FACE('',(#15597),#15608,.F.);
#15597 = FACE_BOUND('',#15598,.T.);
#15598 = EDGE_LOOP('',(#15599,#15600,#15601,#15607));
#15599 = ORIENTED_EDGE('',*,*,#15568,.T.);
#15600 = ORIENTED_EDGE('',*,*,#6694,.T.);
#15601 = ORIENTED_EDGE('',*,*,#15602,.F.);
#15602 = EDGE_CURVE('',#1465,#6686,#15603,.T.);
#15603 = LINE('',#15604,#15605);
#15604 = CARTESIAN_POINT('',(61.407808,-33.446055,0.));
#15605 = VECTOR('',#15606,1.);
#15606 = DIRECTION('',(0.,0.,1.));
#15607 = ORIENTED_EDGE('',*,*,#1473,.F.);
#15608 = CYLINDRICAL_SURFACE('',#15609,1.649999302567);
#15609 = AXIS2_PLACEMENT_3D('',#15610,#15611,#15612);
#15610 = CARTESIAN_POINT('',(63.027492164804,-33.1312202739,0.));
#15611 = DIRECTION('',(-0.,-0.,-1.));
#15612 = DIRECTION('',(-0.190808665382,0.981627247592,0.));
#15613 = ADVANCED_FACE('',(#15614),#15625,.T.);
#15614 = FACE_BOUND('',#15615,.T.);
#15615 = EDGE_LOOP('',(#15616,#15622,#15623,#15624));
#15616 = ORIENTED_EDGE('',*,*,#15617,.T.);
#15617 = EDGE_CURVE('',#1384,#6605,#15618,.T.);
#15618 = LINE('',#15619,#15620);
#15619 = CARTESIAN_POINT('',(21.022719,8.111638,0.));
#15620 = VECTOR('',#15621,1.);
#15621 = DIRECTION('',(0.,0.,1.));
#15622 = ORIENTED_EDGE('',*,*,#6604,.T.);
#15623 = ORIENTED_EDGE('',*,*,#15583,.F.);
#15624 = ORIENTED_EDGE('',*,*,#1383,.F.);
#15625 = PLANE('',#15626);
#15626 = AXIS2_PLACEMENT_3D('',#15627,#15628,#15629);
#15627 = CARTESIAN_POINT('',(21.022719,8.111638,0.));
#15628 = DIRECTION('',(0.190808956289,-0.981627191046,0.));
#15629 = DIRECTION('',(-0.981627191046,-0.190808956289,0.));
#15630 = ADVANCED_FACE('',(#15631),#15642,.T.);
#15631 = FACE_BOUND('',#15632,.T.);
#15632 = EDGE_LOOP('',(#15633,#15634,#15635,#15641));
#15633 = ORIENTED_EDGE('',*,*,#15602,.T.);
#15634 = ORIENTED_EDGE('',*,*,#6685,.T.);
#15635 = ORIENTED_EDGE('',*,*,#15636,.F.);
#15636 = EDGE_CURVE('',#1457,#6678,#15637,.T.);
#15637 = LINE('',#15638,#15639);
#15638 = CARTESIAN_POINT('',(60.102958,-35.380575,0.));
#15639 = VECTOR('',#15640,1.);
#15640 = DIRECTION('',(0.,0.,1.));
#15641 = ORIENTED_EDGE('',*,*,#1464,.F.);
#15642 = CYLINDRICAL_SURFACE('',#15643,1.649972770081);
#15643 = AXIS2_PLACEMENT_3D('',#15644,#15645,#15646);
#15644 = CARTESIAN_POINT('',(59.788155130414,-33.76091167223,0.));
#15645 = DIRECTION('',(0.,0.,-1.));
#15646 = DIRECTION('',(0.981623999472,0.190825374784,0.));
#15647 = ADVANCED_FACE('',(#15648),#15659,.T.);
#15648 = FACE_BOUND('',#15649,.T.);
#15649 = EDGE_LOOP('',(#15650,#15656,#15657,#15658));
#15650 = ORIENTED_EDGE('',*,*,#15651,.T.);
#15651 = EDGE_CURVE('',#1392,#6613,#15652,.T.);
#15652 = LINE('',#15653,#15654);
#15653 = CARTESIAN_POINT('',(26.582183,9.192289,0.));
#15654 = VECTOR('',#15655,1.);
#15655 = DIRECTION('',(0.,0.,1.));
#15656 = ORIENTED_EDGE('',*,*,#6612,.T.);
#15657 = ORIENTED_EDGE('',*,*,#15617,.F.);
#15658 = ORIENTED_EDGE('',*,*,#1391,.F.);
#15659 = PLANE('',#15660);
#15660 = AXIS2_PLACEMENT_3D('',#15661,#15662,#15663);
#15661 = CARTESIAN_POINT('',(26.582183,9.192289,0.));
#15662 = DIRECTION('',(0.190809109207,-0.981627161321,0.));
#15663 = DIRECTION('',(-0.981627161321,-0.190809109207,0.));
#15664 = ADVANCED_FACE('',(#15665),#15676,.T.);
#15665 = FACE_BOUND('',#15666,.T.);
#15666 = EDGE_LOOP('',(#15667,#15668,#15669,#15675));
#15667 = ORIENTED_EDGE('',*,*,#15636,.T.);
#15668 = ORIENTED_EDGE('',*,*,#6677,.T.);
#15669 = ORIENTED_EDGE('',*,*,#15670,.F.);
#15670 = EDGE_CURVE('',#1449,#6670,#15671,.T.);
#15671 = LINE('',#15672,#15673);
#15672 = CARTESIAN_POINT('',(52.372644,-36.883196,0.));
#15673 = VECTOR('',#15674,1.);
#15674 = DIRECTION('',(0.,0.,1.));
#15675 = ORIENTED_EDGE('',*,*,#1456,.F.);
#15676 = PLANE('',#15677);
#15677 = AXIS2_PLACEMENT_3D('',#15678,#15679,#15680);
#15678 = CARTESIAN_POINT('',(60.102958,-35.380575,0.));
#15679 = DIRECTION('',(0.190809016783,-0.981627179287,0.));
#15680 = DIRECTION('',(-0.981627179287,-0.190809016783,0.));
#15681 = ADVANCED_FACE('',(#15682),#15693,.T.);
#15682 = FACE_BOUND('',#15683,.T.);
#15683 = EDGE_LOOP('',(#15684,#15690,#15691,#15692));
#15684 = ORIENTED_EDGE('',*,*,#15685,.T.);
#15685 = EDGE_CURVE('',#1400,#6621,#15686,.T.);
#15686 = LINE('',#15687,#15688);
#15687 = CARTESIAN_POINT('',(30.508692,9.955525,0.));
#15688 = VECTOR('',#15689,1.);
#15689 = DIRECTION('',(0.,0.,1.));
#15690 = ORIENTED_EDGE('',*,*,#6620,.T.);
#15691 = ORIENTED_EDGE('',*,*,#15651,.F.);
#15692 = ORIENTED_EDGE('',*,*,#1399,.F.);
#15693 = PLANE('',#15694);
#15694 = AXIS2_PLACEMENT_3D('',#15695,#15696,#15697);
#15695 = CARTESIAN_POINT('',(30.508692,9.955525,0.));
#15696 = DIRECTION('',(0.190808987366,-0.981627185005,0.));
#15697 = DIRECTION('',(-0.981627185005,-0.190808987366,0.));
#15698 = ADVANCED_FACE('',(#15699),#15710,.T.);
#15699 = FACE_BOUND('',#15700,.T.);
#15700 = EDGE_LOOP('',(#15701,#15702,#15703,#15709));
#15701 = ORIENTED_EDGE('',*,*,#15670,.T.);
#15702 = ORIENTED_EDGE('',*,*,#6669,.T.);
#15703 = ORIENTED_EDGE('',*,*,#15704,.F.);
#15704 = EDGE_CURVE('',#1440,#6661,#15705,.T.);
#15705 = LINE('',#15706,#15707);
#15706 = CARTESIAN_POINT('',(44.985899,-38.319034,0.));
#15707 = VECTOR('',#15708,1.);
#15708 = DIRECTION('',(0.,0.,1.));
#15709 = ORIENTED_EDGE('',*,*,#1448,.F.);
#15710 = PLANE('',#15711);
#15711 = AXIS2_PLACEMENT_3D('',#15712,#15713,#15714);
#15712 = CARTESIAN_POINT('',(52.372644,-36.883196,0.));
#15713 = DIRECTION('',(0.190809023981,-0.981627177888,0.));
#15714 = DIRECTION('',(-0.981627177888,-0.190809023981,0.));
#15715 = ADVANCED_FACE('',(#15716),#15727,.T.);
#15716 = FACE_BOUND('',#15717,.T.);
#15717 = EDGE_LOOP('',(#15718,#15724,#15725,#15726));
#15718 = ORIENTED_EDGE('',*,*,#15719,.T.);
#15719 = EDGE_CURVE('',#1408,#6629,#15720,.T.);
#15720 = LINE('',#15721,#15722);
#15721 = CARTESIAN_POINT('',(30.999506,10.050929,0.));
#15722 = VECTOR('',#15723,1.);
#15723 = DIRECTION('',(0.,0.,1.));
#15724 = ORIENTED_EDGE('',*,*,#6628,.T.);
#15725 = ORIENTED_EDGE('',*,*,#15685,.F.);
#15726 = ORIENTED_EDGE('',*,*,#1407,.F.);
#15727 = PLANE('',#15728);
#15728 = AXIS2_PLACEMENT_3D('',#15729,#15730,#15731);
#15729 = CARTESIAN_POINT('',(30.999506,10.050929,0.));
#15730 = DIRECTION('',(0.190807883297,-0.981627399613,0.));
#15731 = DIRECTION('',(-0.981627399613,-0.190807883297,0.));
#15732 = ADVANCED_FACE('',(#15733),#15744,.T.);
#15733 = FACE_BOUND('',#15734,.T.);
#15734 = EDGE_LOOP('',(#15735,#15736,#15737,#15743));
#15735 = ORIENTED_EDGE('',*,*,#15704,.T.);
#15736 = ORIENTED_EDGE('',*,*,#6660,.T.);
#15737 = ORIENTED_EDGE('',*,*,#15738,.F.);
#15738 = EDGE_CURVE('',#1432,#6653,#15739,.T.);
#15739 = LINE('',#15740,#15741);
#15740 = CARTESIAN_POINT('',(42.641027,-36.737397,0.));
#15741 = VECTOR('',#15742,1.);
#15742 = DIRECTION('',(0.,0.,1.));
#15743 = ORIENTED_EDGE('',*,*,#1439,.F.);
#15744 = CYLINDRICAL_SURFACE('',#15745,2.000040096704);
#15745 = AXIS2_PLACEMENT_3D('',#15746,#15747,#15748);
#15746 = CARTESIAN_POINT('',(44.604313179622,-36.35573253305,0.));
#15747 = DIRECTION('',(0.,0.,-1.));
#15748 = DIRECTION('',(0.190789085182,-0.981631053388,0.));
#15749 = ADVANCED_FACE('',(#15750),#15761,.T.);
#15750 = FACE_BOUND('',#15751,.T.);
#15751 = EDGE_LOOP('',(#15752,#15758,#15759,#15760));
#15752 = ORIENTED_EDGE('',*,*,#15753,.T.);
#15753 = EDGE_CURVE('',#1416,#6637,#15754,.T.);
#15754 = LINE('',#15755,#15756);
#15755 = CARTESIAN_POINT('',(33.453574,10.527952,0.));
#15756 = VECTOR('',#15757,1.);
#15757 = DIRECTION('',(0.,0.,1.));
#15758 = ORIENTED_EDGE('',*,*,#6636,.T.);
#15759 = ORIENTED_EDGE('',*,*,#15719,.F.);
#15760 = ORIENTED_EDGE('',*,*,#1415,.F.);
#15761 = PLANE('',#15762);
#15762 = AXIS2_PLACEMENT_3D('',#15763,#15764,#15765);
#15763 = CARTESIAN_POINT('',(33.453574,10.527952,0.));
#15764 = DIRECTION('',(0.19080918945,-0.981627145724,0.));
#15765 = DIRECTION('',(-0.981627145724,-0.19080918945,0.));
#15766 = ADVANCED_FACE('',(#15767),#15778,.T.);
#15767 = FACE_BOUND('',#15768,.T.);
#15768 = EDGE_LOOP('',(#15769,#15770,#15771,#15777));
#15769 = ORIENTED_EDGE('',*,*,#15738,.T.);
#15770 = ORIENTED_EDGE('',*,*,#6652,.T.);
#15771 = ORIENTED_EDGE('',*,*,#15772,.F.);
#15772 = EDGE_CURVE('',#1424,#6645,#15773,.T.);
#15773 = LINE('',#15774,#15775);
#15774 = CARTESIAN_POINT('',(38.238109,-14.08635,0.));
#15775 = VECTOR('',#15776,1.);
#15776 = DIRECTION('',(0.,0.,1.));
#15777 = ORIENTED_EDGE('',*,*,#1431,.F.);
#15778 = PLANE('',#15779);
#15779 = AXIS2_PLACEMENT_3D('',#15780,#15781,#15782);
#15780 = CARTESIAN_POINT('',(42.641027,-36.737397,0.));
#15781 = DIRECTION('',(-0.981627179536,-0.190809015498,0.));
#15782 = DIRECTION('',(-0.190809015498,0.981627179536,0.));
#15783 = ADVANCED_FACE('',(#15784),#15790,.T.);
#15784 = FACE_BOUND('',#15785,.T.);
#15785 = EDGE_LOOP('',(#15786,#15787,#15788,#15789));
#15786 = ORIENTED_EDGE('',*,*,#15772,.T.);
#15787 = ORIENTED_EDGE('',*,*,#6644,.T.);
#15788 = ORIENTED_EDGE('',*,*,#15753,.F.);
#15789 = ORIENTED_EDGE('',*,*,#1423,.F.);
#15790 = PLANE('',#15791);
#15791 = AXIS2_PLACEMENT_3D('',#15792,#15793,#15794);
#15792 = CARTESIAN_POINT('',(38.238109,-14.08635,0.));
#15793 = DIRECTION('',(-0.981627188168,-0.190808971091,0.));
#15794 = DIRECTION('',(-0.190808971091,0.981627188168,0.));
#15795 = ADVANCED_FACE('',(#15796),#15807,.F.);
#15796 = FACE_BOUND('',#15797,.T.);
#15797 = EDGE_LOOP('',(#15798,#15799,#15805,#15806));
#15798 = ORIENTED_EDGE('',*,*,#2707,.T.);
#15799 = ORIENTED_EDGE('',*,*,#15800,.T.);
#15800 = EDGE_CURVE('',#2708,#7929,#15801,.T.);
#15801 = LINE('',#15802,#15803);
#15802 = CARTESIAN_POINT('',(-55.31232,-66.212362,-4.6E-02));
#15803 = VECTOR('',#15804,1.);
#15804 = DIRECTION('',(0.,0.,1.));
#15805 = ORIENTED_EDGE('',*,*,#7928,.F.);
#15806 = ORIENTED_EDGE('',*,*,#15800,.F.);
#15807 = CYLINDRICAL_SURFACE('',#15808,0.4953);
#15808 = AXIS2_PLACEMENT_3D('',#15809,#15810,#15811);
#15809 = CARTESIAN_POINT('',(-55.31232,-65.717062,-4.6E-02));
#15810 = DIRECTION('',(-0.,-0.,-1.));
#15811 = DIRECTION('',(-0.,-1.,0.));
#15812 = ADVANCED_FACE('',(#15813),#15824,.F.);
#15813 = FACE_BOUND('',#15814,.T.);
#15814 = EDGE_LOOP('',(#15815,#15816,#15822,#15823));
#15815 = ORIENTED_EDGE('',*,*,#2718,.T.);
#15816 = ORIENTED_EDGE('',*,*,#15817,.T.);
#15817 = EDGE_CURVE('',#2719,#7940,#15818,.T.);
#15818 = LINE('',#15819,#15820);
#15819 = CARTESIAN_POINT('',(-60.040384,-62.518394,-4.6E-02));
#15820 = VECTOR('',#15821,1.);
#15821 = DIRECTION('',(0.,0.,1.));
#15822 = ORIENTED_EDGE('',*,*,#7939,.F.);
#15823 = ORIENTED_EDGE('',*,*,#15817,.F.);
#15824 = CYLINDRICAL_SURFACE('',#15825,0.4953);
#15825 = AXIS2_PLACEMENT_3D('',#15826,#15827,#15828);
#15826 = CARTESIAN_POINT('',(-60.040384,-62.023094,-4.6E-02));
#15827 = DIRECTION('',(-0.,-0.,-1.));
#15828 = DIRECTION('',(-0.,-1.,0.));
#15829 = ADVANCED_FACE('',(#15830),#15841,.F.);
#15830 = FACE_BOUND('',#15831,.T.);
#15831 = EDGE_LOOP('',(#15832,#15833,#15839,#15840));
#15832 = ORIENTED_EDGE('',*,*,#2729,.T.);
#15833 = ORIENTED_EDGE('',*,*,#15834,.T.);
#15834 = EDGE_CURVE('',#2730,#7951,#15835,.T.);
#15835 = LINE('',#15836,#15837);
#15836 = CARTESIAN_POINT('',(-48.747965,-61.643552,-4.6E-02));
#15837 = VECTOR('',#15838,1.);
#15838 = DIRECTION('',(0.,0.,1.));
#15839 = ORIENTED_EDGE('',*,*,#7950,.F.);
#15840 = ORIENTED_EDGE('',*,*,#15834,.F.);
#15841 = CYLINDRICAL_SURFACE('',#15842,0.95);
#15842 = AXIS2_PLACEMENT_3D('',#15843,#15844,#15845);
#15843 = CARTESIAN_POINT('',(-48.747965,-60.693552,-4.6E-02));
#15844 = DIRECTION('',(-0.,-0.,-1.));
#15845 = DIRECTION('',(-0.,-1.,0.));
#15846 = ADVANCED_FACE('',(#15847),#15858,.F.);
#15847 = FACE_BOUND('',#15848,.T.);
#15848 = EDGE_LOOP('',(#15849,#15850,#15856,#15857));
#15849 = ORIENTED_EDGE('',*,*,#2740,.T.);
#15850 = ORIENTED_EDGE('',*,*,#15851,.T.);
#15851 = EDGE_CURVE('',#2741,#7962,#15852,.T.);
#15852 = LINE('',#15853,#15854);
#15853 = CARTESIAN_POINT('',(-52.75106,-59.615992,-4.6E-02));
#15854 = VECTOR('',#15855,1.);
#15855 = DIRECTION('',(0.,0.,1.));
#15856 = ORIENTED_EDGE('',*,*,#7961,.F.);
#15857 = ORIENTED_EDGE('',*,*,#15851,.F.);
#15858 = CYLINDRICAL_SURFACE('',#15859,2.05);
#15859 = AXIS2_PLACEMENT_3D('',#15860,#15861,#15862);
#15860 = CARTESIAN_POINT('',(-52.75106,-57.565992,-4.6E-02));
#15861 = DIRECTION('',(-0.,-0.,-1.));
#15862 = DIRECTION('',(-3.466062125659E-15,-1.,0.));
#15863 = ADVANCED_FACE('',(#15864),#15875,.F.);
#15864 = FACE_BOUND('',#15865,.T.);
#15865 = EDGE_LOOP('',(#15866,#15867,#15873,#15874));
#15866 = ORIENTED_EDGE('',*,*,#2751,.T.);
#15867 = ORIENTED_EDGE('',*,*,#15868,.T.);
#15868 = EDGE_CURVE('',#2752,#7973,#15869,.T.);
#15869 = LINE('',#15870,#15871);
#15870 = CARTESIAN_POINT('',(-56.754155,-55.388432,-4.6E-02));
#15871 = VECTOR('',#15872,1.);
#15872 = DIRECTION('',(0.,0.,1.));
#15873 = ORIENTED_EDGE('',*,*,#7972,.F.);
#15874 = ORIENTED_EDGE('',*,*,#15868,.F.);
#15875 = CYLINDRICAL_SURFACE('',#15876,0.95);
#15876 = AXIS2_PLACEMENT_3D('',#15877,#15878,#15879);
#15877 = CARTESIAN_POINT('',(-56.754155,-54.438432,-4.6E-02));
#15878 = DIRECTION('',(-0.,-0.,-1.));
#15879 = DIRECTION('',(-0.,-1.,0.));
#15880 = ADVANCED_FACE('',(#15881),#15892,.F.);
#15881 = FACE_BOUND('',#15882,.T.);
#15882 = EDGE_LOOP('',(#15883,#15884,#15890,#15891));
#15883 = ORIENTED_EDGE('',*,*,#2762,.T.);
#15884 = ORIENTED_EDGE('',*,*,#15885,.T.);
#15885 = EDGE_CURVE('',#2763,#7984,#15886,.T.);
#15886 = LINE('',#15887,#15888);
#15887 = CARTESIAN_POINT('',(-47.621952,-56.626678,-4.6E-02));
#15888 = VECTOR('',#15889,1.);
#15889 = DIRECTION('',(0.,0.,1.));
#15890 = ORIENTED_EDGE('',*,*,#7983,.F.);
#15891 = ORIENTED_EDGE('',*,*,#15885,.F.);
#15892 = CYLINDRICAL_SURFACE('',#15893,1.5);
#15893 = AXIS2_PLACEMENT_3D('',#15894,#15895,#15896);
#15894 = CARTESIAN_POINT('',(-47.621952,-55.126678,-4.6E-02));
#15895 = DIRECTION('',(-0.,-0.,-1.));
#15896 = DIRECTION('',(-0.,-1.,0.));
#15897 = ADVANCED_FACE('',(#15898),#15909,.F.);
#15898 = FACE_BOUND('',#15899,.T.);
#15899 = EDGE_LOOP('',(#15900,#15901,#15907,#15908));
#15900 = ORIENTED_EDGE('',*,*,#2773,.T.);
#15901 = ORIENTED_EDGE('',*,*,#15902,.T.);
#15902 = EDGE_CURVE('',#2774,#7995,#15903,.T.);
#15903 = LINE('',#15904,#15905);
#15904 = CARTESIAN_POINT('',(-54.189601,-54.718774,-4.6E-02));
#15905 = VECTOR('',#15906,1.);
#15906 = DIRECTION('',(0.,0.,1.));
#15907 = ORIENTED_EDGE('',*,*,#7994,.F.);
#15908 = ORIENTED_EDGE('',*,*,#15902,.F.);
#15909 = CYLINDRICAL_SURFACE('',#15910,1.5);
#15910 = AXIS2_PLACEMENT_3D('',#15911,#15912,#15913);
#15911 = CARTESIAN_POINT('',(-54.189601,-53.218774,-4.6E-02));
#15912 = DIRECTION('',(-0.,-0.,-1.));
#15913 = DIRECTION('',(-0.,-1.,0.));
#15914 = ADVANCED_FACE('',(#15915),#15926,.F.);
#15915 = FACE_BOUND('',#15916,.T.);
#15916 = EDGE_LOOP('',(#15917,#15918,#15924,#15925));
#15917 = ORIENTED_EDGE('',*,*,#2784,.T.);
#15918 = ORIENTED_EDGE('',*,*,#15919,.T.);
#15919 = EDGE_CURVE('',#2785,#8006,#15920,.T.);
#15920 = LINE('',#15921,#15922);
#15921 = CARTESIAN_POINT('',(-67.207106,-29.579658,-4.6E-02));
#15922 = VECTOR('',#15923,1.);
#15923 = DIRECTION('',(0.,0.,1.));
#15924 = ORIENTED_EDGE('',*,*,#8005,.F.);
#15925 = ORIENTED_EDGE('',*,*,#15919,.F.);
#15926 = CYLINDRICAL_SURFACE('',#15927,0.4953);
#15927 = AXIS2_PLACEMENT_3D('',#15928,#15929,#15930);
#15928 = CARTESIAN_POINT('',(-67.207106,-29.084358,-4.6E-02));
#15929 = DIRECTION('',(-0.,-0.,-1.));
#15930 = DIRECTION('',(-0.,-1.,0.));
#15931 = ADVANCED_FACE('',(#15932),#15943,.F.);
#15932 = FACE_BOUND('',#15933,.T.);
#15933 = EDGE_LOOP('',(#15934,#15935,#15941,#15942));
#15934 = ORIENTED_EDGE('',*,*,#2795,.T.);
#15935 = ORIENTED_EDGE('',*,*,#15936,.T.);
#15936 = EDGE_CURVE('',#2796,#8017,#15937,.T.);
#15937 = LINE('',#15938,#15939);
#15938 = CARTESIAN_POINT('',(-110.306057,-20.183356,-4.6E-02));
#15939 = VECTOR('',#15940,1.);
#15940 = DIRECTION('',(0.,0.,1.));
#15941 = ORIENTED_EDGE('',*,*,#8016,.F.);
#15942 = ORIENTED_EDGE('',*,*,#15936,.F.);
#15943 = CYLINDRICAL_SURFACE('',#15944,0.4953);
#15944 = AXIS2_PLACEMENT_3D('',#15945,#15946,#15947);
#15945 = CARTESIAN_POINT('',(-110.306057,-19.688056,-4.6E-02));
#15946 = DIRECTION('',(-0.,-0.,-1.));
#15947 = DIRECTION('',(-0.,-1.,0.));
#15948 = ADVANCED_FACE('',(#15949),#15960,.F.);
#15949 = FACE_BOUND('',#15950,.T.);
#15950 = EDGE_LOOP('',(#15951,#15952,#15958,#15959));
#15951 = ORIENTED_EDGE('',*,*,#2806,.T.);
#15952 = ORIENTED_EDGE('',*,*,#15953,.T.);
#15953 = EDGE_CURVE('',#2807,#8028,#15954,.T.);
#15954 = LINE('',#15955,#15956);
#15955 = CARTESIAN_POINT('',(-104.416293,-21.328208,-4.6E-02));
#15956 = VECTOR('',#15957,1.);
#15957 = DIRECTION('',(0.,0.,1.));
#15958 = ORIENTED_EDGE('',*,*,#8027,.F.);
#15959 = ORIENTED_EDGE('',*,*,#15953,.F.);
#15960 = CYLINDRICAL_SURFACE('',#15961,0.4953);
#15961 = AXIS2_PLACEMENT_3D('',#15962,#15963,#15964);
#15962 = CARTESIAN_POINT('',(-104.416293,-20.832908,-4.6E-02));
#15963 = DIRECTION('',(-0.,-0.,-1.));
#15964 = DIRECTION('',(-0.,-1.,0.));
#15965 = ADVANCED_FACE('',(#15966),#15977,.F.);
#15966 = FACE_BOUND('',#15967,.T.);
#15967 = EDGE_LOOP('',(#15968,#15969,#15975,#15976));
#15968 = ORIENTED_EDGE('',*,*,#2817,.T.);
#15969 = ORIENTED_EDGE('',*,*,#15970,.T.);
#15970 = EDGE_CURVE('',#2818,#8039,#15971,.T.);
#15971 = LINE('',#15972,#15973);
#15972 = CARTESIAN_POINT('',(-73.09687,-28.434806,-4.6E-02));
#15973 = VECTOR('',#15974,1.);
#15974 = DIRECTION('',(0.,0.,1.));
#15975 = ORIENTED_EDGE('',*,*,#8038,.F.);
#15976 = ORIENTED_EDGE('',*,*,#15970,.F.);
#15977 = CYLINDRICAL_SURFACE('',#15978,0.4953);
#15978 = AXIS2_PLACEMENT_3D('',#15979,#15980,#15981);
#15979 = CARTESIAN_POINT('',(-73.09687,-27.939506,-4.6E-02));
#15980 = DIRECTION('',(-0.,-0.,-1.));
#15981 = DIRECTION('',(-0.,-1.,0.));
#15982 = ADVANCED_FACE('',(#15983),#15994,.F.);
#15983 = FACE_BOUND('',#15984,.T.);
#15984 = EDGE_LOOP('',(#15985,#15986,#15992,#15993));
#15985 = ORIENTED_EDGE('',*,*,#2828,.T.);
#15986 = ORIENTED_EDGE('',*,*,#15987,.T.);
#15987 = EDGE_CURVE('',#2829,#8050,#15988,.T.);
#15988 = LINE('',#15989,#15990);
#15989 = CARTESIAN_POINT('',(-90.403962,-17.634016,-4.6E-02));
#15990 = VECTOR('',#15991,1.);
#15991 = DIRECTION('',(0.,0.,1.));
#15992 = ORIENTED_EDGE('',*,*,#8049,.F.);
#15993 = ORIENTED_EDGE('',*,*,#15987,.F.);
#15994 = CYLINDRICAL_SURFACE('',#15995,0.4953);
#15995 = AXIS2_PLACEMENT_3D('',#15996,#15997,#15998);
#15996 = CARTESIAN_POINT('',(-90.403962,-17.138716,-4.6E-02));
#15997 = DIRECTION('',(-0.,-0.,-1.));
#15998 = DIRECTION('',(-0.,-1.,0.));
#15999 = ADVANCED_FACE('',(#16000),#16011,.F.);
#16000 = FACE_BOUND('',#16001,.T.);
#16001 = EDGE_LOOP('',(#16002,#16003,#16009,#16010));
#16002 = ORIENTED_EDGE('',*,*,#2839,.T.);
#16003 = ORIENTED_EDGE('',*,*,#16004,.T.);
#16004 = EDGE_CURVE('',#2840,#8061,#16005,.T.);
#16005 = LINE('',#16006,#16007);
#16006 = CARTESIAN_POINT('',(-84.514198,-18.778868,-4.6E-02));
#16007 = VECTOR('',#16008,1.);
#16008 = DIRECTION('',(0.,0.,1.));
#16009 = ORIENTED_EDGE('',*,*,#8060,.F.);
#16010 = ORIENTED_EDGE('',*,*,#16004,.F.);
#16011 = CYLINDRICAL_SURFACE('',#16012,0.4953);
#16012 = AXIS2_PLACEMENT_3D('',#16013,#16014,#16015);
#16013 = CARTESIAN_POINT('',(-84.514198,-18.283568,-4.6E-02));
#16014 = DIRECTION('',(-0.,-0.,-1.));
#16015 = DIRECTION('',(-0.,-1.,0.));
#16016 = ADVANCED_FACE('',(#16017),#16028,.F.);
#16017 = FACE_BOUND('',#16018,.T.);
#16018 = EDGE_LOOP('',(#16019,#16020,#16026,#16027));
#16019 = ORIENTED_EDGE('',*,*,#2850,.T.);
#16020 = ORIENTED_EDGE('',*,*,#16021,.T.);
#16021 = EDGE_CURVE('',#2851,#8072,#16022,.T.);
#16022 = LINE('',#16023,#16024);
#16023 = CARTESIAN_POINT('',(-73.612182,-20.639606,-4.6E-02));
#16024 = VECTOR('',#16025,1.);
#16025 = DIRECTION('',(0.,0.,1.));
#16026 = ORIENTED_EDGE('',*,*,#8071,.F.);
#16027 = ORIENTED_EDGE('',*,*,#16021,.F.);
#16028 = CYLINDRICAL_SURFACE('',#16029,0.95);
#16029 = AXIS2_PLACEMENT_3D('',#16030,#16031,#16032);
#16030 = CARTESIAN_POINT('',(-73.612182,-19.689606,-4.6E-02));
#16031 = DIRECTION('',(-0.,-0.,-1.));
#16032 = DIRECTION('',(-0.,-1.,0.));
#16033 = ADVANCED_FACE('',(#16034),#16045,.F.);
#16034 = FACE_BOUND('',#16035,.T.);
#16035 = EDGE_LOOP('',(#16036,#16037,#16043,#16044));
#16036 = ORIENTED_EDGE('',*,*,#2861,.T.);
#16037 = ORIENTED_EDGE('',*,*,#16038,.T.);
#16038 = EDGE_CURVE('',#2862,#8083,#16039,.T.);
#16039 = LINE('',#16040,#16041);
#16040 = CARTESIAN_POINT('',(-68.625516,-22.708916,-4.6E-02));
#16041 = VECTOR('',#16042,1.);
#16042 = DIRECTION('',(0.,0.,1.));
#16043 = ORIENTED_EDGE('',*,*,#8082,.F.);
#16044 = ORIENTED_EDGE('',*,*,#16038,.F.);
#16045 = CYLINDRICAL_SURFACE('',#16046,2.05);
#16046 = AXIS2_PLACEMENT_3D('',#16047,#16048,#16049);
#16047 = CARTESIAN_POINT('',(-68.625516,-20.658916,-4.6E-02));
#16048 = DIRECTION('',(-0.,-0.,-1.));
#16049 = DIRECTION('',(-0.,-1.,0.));
#16050 = ADVANCED_FACE('',(#16051),#16062,.F.);
#16051 = FACE_BOUND('',#16052,.T.);
#16052 = EDGE_LOOP('',(#16053,#16054,#16060,#16061));
#16053 = ORIENTED_EDGE('',*,*,#2872,.T.);
#16054 = ORIENTED_EDGE('',*,*,#16055,.T.);
#16055 = EDGE_CURVE('',#2873,#8094,#16056,.T.);
#16056 = LINE('',#16057,#16058);
#16057 = CARTESIAN_POINT('',(-71.880861,-18.938601,-4.6E-02));
#16058 = VECTOR('',#16059,1.);
#16059 = DIRECTION('',(0.,0.,1.));
#16060 = ORIENTED_EDGE('',*,*,#8093,.F.);
#16061 = ORIENTED_EDGE('',*,*,#16055,.F.);
#16062 = CYLINDRICAL_SURFACE('',#16063,1.5);
#16063 = AXIS2_PLACEMENT_3D('',#16064,#16065,#16066);
#16064 = CARTESIAN_POINT('',(-71.880861,-17.438601,-4.6E-02));
#16065 = DIRECTION('',(-0.,-0.,-1.));
#16066 = DIRECTION('',(-0.,-1.,0.));
#16067 = ADVANCED_FACE('',(#16068),#16079,.F.);
#16068 = FACE_BOUND('',#16069,.T.);
#16069 = EDGE_LOOP('',(#16070,#16071,#16077,#16078));
#16070 = ORIENTED_EDGE('',*,*,#2883,.T.);
#16071 = ORIENTED_EDGE('',*,*,#16072,.T.);
#16072 = EDGE_CURVE('',#2884,#8105,#16073,.T.);
#16073 = LINE('',#16074,#16075);
#16074 = CARTESIAN_POINT('',(-65.162873,-17.656905,-4.6E-02));
#16075 = VECTOR('',#16076,1.);
#16076 = DIRECTION('',(0.,0.,1.));
#16077 = ORIENTED_EDGE('',*,*,#8104,.F.);
#16078 = ORIENTED_EDGE('',*,*,#16072,.F.);
#16079 = CYLINDRICAL_SURFACE('',#16080,1.5);
#16080 = AXIS2_PLACEMENT_3D('',#16081,#16082,#16083);
#16081 = CARTESIAN_POINT('',(-65.162873,-16.156905,-4.6E-02));
#16082 = DIRECTION('',(-0.,-0.,-1.));
#16083 = DIRECTION('',(-0.,-1.,0.));
#16084 = ADVANCED_FACE('',(#16085),#16096,.F.);
#16085 = FACE_BOUND('',#16086,.T.);
#16086 = EDGE_LOOP('',(#16087,#16088,#16094,#16095));
#16087 = ORIENTED_EDGE('',*,*,#2894,.T.);
#16088 = ORIENTED_EDGE('',*,*,#16089,.T.);
#16089 = EDGE_CURVE('',#2895,#8116,#16090,.T.);
#16090 = LINE('',#16091,#16092);
#16091 = CARTESIAN_POINT('',(-55.026542,-35.309087,-4.6E-02));
#16092 = VECTOR('',#16093,1.);
#16093 = DIRECTION('',(0.,0.,1.));
#16094 = ORIENTED_EDGE('',*,*,#8115,.F.);
#16095 = ORIENTED_EDGE('',*,*,#16089,.F.);
#16096 = CYLINDRICAL_SURFACE('',#16097,0.4953);
#16097 = AXIS2_PLACEMENT_3D('',#16098,#16099,#16100);
#16098 = CARTESIAN_POINT('',(-55.026542,-34.813787,-4.6E-02));
#16099 = DIRECTION('',(-0.,-0.,-1.));
#16100 = DIRECTION('',(-0.,-1.,0.));
#16101 = ADVANCED_FACE('',(#16102),#16113,.F.);
#16102 = FACE_BOUND('',#16103,.T.);
#16103 = EDGE_LOOP('',(#16104,#16105,#16111,#16112));
#16104 = ORIENTED_EDGE('',*,*,#2905,.T.);
#16105 = ORIENTED_EDGE('',*,*,#16106,.T.);
#16106 = EDGE_CURVE('',#2906,#8127,#16107,.T.);
#16107 = LINE('',#16108,#16109);
#16108 = CARTESIAN_POINT('',(-49.136778,-36.453939,-4.6E-02));
#16109 = VECTOR('',#16110,1.);
#16110 = DIRECTION('',(0.,0.,1.));
#16111 = ORIENTED_EDGE('',*,*,#8126,.F.);
#16112 = ORIENTED_EDGE('',*,*,#16106,.F.);
#16113 = CYLINDRICAL_SURFACE('',#16114,0.4953);
#16114 = AXIS2_PLACEMENT_3D('',#16115,#16116,#16117);
#16115 = CARTESIAN_POINT('',(-49.136778,-35.958639,-4.6E-02));
#16116 = DIRECTION('',(-0.,-0.,-1.));
#16117 = DIRECTION('',(-0.,-1.,0.));
#16118 = ADVANCED_FACE('',(#16119),#16130,.F.);
#16119 = FACE_BOUND('',#16120,.T.);
#16120 = EDGE_LOOP('',(#16121,#16122,#16128,#16129));
#16121 = ORIENTED_EDGE('',*,*,#2916,.T.);
#16122 = ORIENTED_EDGE('',*,*,#16123,.T.);
#16123 = EDGE_CURVE('',#2917,#8138,#16124,.T.);
#16124 = LINE('',#16125,#16126);
#16125 = CARTESIAN_POINT('',(-45.568522,-29.452507,-4.6E-02));
#16126 = VECTOR('',#16127,1.);
#16127 = DIRECTION('',(0.,0.,1.));
#16128 = ORIENTED_EDGE('',*,*,#8137,.F.);
#16129 = ORIENTED_EDGE('',*,*,#16123,.F.);
#16130 = CYLINDRICAL_SURFACE('',#16131,0.95);
#16131 = AXIS2_PLACEMENT_3D('',#16132,#16133,#16134);
#16132 = CARTESIAN_POINT('',(-45.568522,-28.502507,-4.6E-02));
#16133 = DIRECTION('',(-0.,-0.,-1.));
#16134 = DIRECTION('',(-0.,-1.,0.));
#16135 = ADVANCED_FACE('',(#16136),#16147,.F.);
#16136 = FACE_BOUND('',#16137,.T.);
#16137 = EDGE_LOOP('',(#16138,#16139,#16145,#16146));
#16138 = ORIENTED_EDGE('',*,*,#2927,.T.);
#16139 = ORIENTED_EDGE('',*,*,#16140,.T.);
#16140 = EDGE_CURVE('',#2928,#8149,#16141,.T.);
#16141 = LINE('',#16142,#16143);
#16142 = CARTESIAN_POINT('',(-7.64,-38.121,-4.6E-02));
#16143 = VECTOR('',#16144,1.);
#16144 = DIRECTION('',(0.,0.,1.));
#16145 = ORIENTED_EDGE('',*,*,#8148,.F.);
#16146 = ORIENTED_EDGE('',*,*,#16140,.F.);
#16147 = CYLINDRICAL_SURFACE('',#16148,0.381);
#16148 = AXIS2_PLACEMENT_3D('',#16149,#16150,#16151);
#16149 = CARTESIAN_POINT('',(-7.64,-37.74,-4.6E-02));
#16150 = DIRECTION('',(-0.,0.,-1.));
#16151 = DIRECTION('',(2.331176954594E-15,-1.,-0.));
#16152 = ADVANCED_FACE('',(#16153),#16164,.F.);
#16153 = FACE_BOUND('',#16154,.T.);
#16154 = EDGE_LOOP('',(#16155,#16156,#16162,#16163));
#16155 = ORIENTED_EDGE('',*,*,#2938,.T.);
#16156 = ORIENTED_EDGE('',*,*,#16157,.T.);
#16157 = EDGE_CURVE('',#2939,#8160,#16158,.T.);
#16158 = LINE('',#16159,#16160);
#16159 = CARTESIAN_POINT('',(-5.1,-38.121,-4.6E-02));
#16160 = VECTOR('',#16161,1.);
#16161 = DIRECTION('',(0.,0.,1.));
#16162 = ORIENTED_EDGE('',*,*,#8159,.F.);
#16163 = ORIENTED_EDGE('',*,*,#16157,.F.);
#16164 = CYLINDRICAL_SURFACE('',#16165,0.381);
#16165 = AXIS2_PLACEMENT_3D('',#16166,#16167,#16168);
#16166 = CARTESIAN_POINT('',(-5.1,-37.74,-4.6E-02));
#16167 = DIRECTION('',(-0.,-0.,-1.));
#16168 = DIRECTION('',(-0.,-1.,0.));
#16169 = ADVANCED_FACE('',(#16170),#16181,.F.);
#16170 = FACE_BOUND('',#16171,.T.);
#16171 = EDGE_LOOP('',(#16172,#16173,#16179,#16180));
#16172 = ORIENTED_EDGE('',*,*,#2949,.T.);
#16173 = ORIENTED_EDGE('',*,*,#16174,.T.);
#16174 = EDGE_CURVE('',#2950,#8171,#16175,.T.);
#16175 = LINE('',#16176,#16177);
#16176 = CARTESIAN_POINT('',(-2.56,-38.121,-4.6E-02));
#16177 = VECTOR('',#16178,1.);
#16178 = DIRECTION('',(0.,0.,1.));
#16179 = ORIENTED_EDGE('',*,*,#8170,.F.);
#16180 = ORIENTED_EDGE('',*,*,#16174,.F.);
#16181 = CYLINDRICAL_SURFACE('',#16182,0.381);
#16182 = AXIS2_PLACEMENT_3D('',#16183,#16184,#16185);
#16183 = CARTESIAN_POINT('',(-2.56,-37.74,-4.6E-02));
#16184 = DIRECTION('',(-0.,-0.,-1.));
#16185 = DIRECTION('',(-1.165588477297E-15,-1.,0.));
#16186 = ADVANCED_FACE('',(#16187),#16198,.F.);
#16187 = FACE_BOUND('',#16188,.T.);
#16188 = EDGE_LOOP('',(#16189,#16190,#16196,#16197));
#16189 = ORIENTED_EDGE('',*,*,#2960,.T.);
#16190 = ORIENTED_EDGE('',*,*,#16191,.T.);
#16191 = EDGE_CURVE('',#2961,#8182,#16192,.T.);
#16192 = LINE('',#16193,#16194);
#16193 = CARTESIAN_POINT('',(-2.E-02,-38.121,-4.6E-02));
#16194 = VECTOR('',#16195,1.);
#16195 = DIRECTION('',(0.,0.,1.));
#16196 = ORIENTED_EDGE('',*,*,#8181,.F.);
#16197 = ORIENTED_EDGE('',*,*,#16191,.F.);
#16198 = CYLINDRICAL_SURFACE('',#16199,0.381);
#16199 = AXIS2_PLACEMENT_3D('',#16200,#16201,#16202);
#16200 = CARTESIAN_POINT('',(-2.E-02,-37.74,-4.6E-02));
#16201 = DIRECTION('',(-0.,0.,-1.));
#16202 = DIRECTION('',(1.183800797255E-16,-1.,-0.));
#16203 = ADVANCED_FACE('',(#16204),#16215,.F.);
#16204 = FACE_BOUND('',#16205,.T.);
#16205 = EDGE_LOOP('',(#16206,#16207,#16213,#16214));
#16206 = ORIENTED_EDGE('',*,*,#2971,.T.);
#16207 = ORIENTED_EDGE('',*,*,#16208,.T.);
#16208 = EDGE_CURVE('',#2972,#8193,#16209,.T.);
#16209 = LINE('',#16210,#16211);
#16210 = CARTESIAN_POINT('',(-7.64,-35.581,-4.6E-02));
#16211 = VECTOR('',#16212,1.);
#16212 = DIRECTION('',(0.,0.,1.));
#16213 = ORIENTED_EDGE('',*,*,#8192,.F.);
#16214 = ORIENTED_EDGE('',*,*,#16208,.F.);
#16215 = CYLINDRICAL_SURFACE('',#16216,0.381);
#16216 = AXIS2_PLACEMENT_3D('',#16217,#16218,#16219);
#16217 = CARTESIAN_POINT('',(-7.64,-35.2,-4.6E-02));
#16218 = DIRECTION('',(-0.,0.,-1.));
#16219 = DIRECTION('',(2.331176954594E-15,-1.,-0.));
#16220 = ADVANCED_FACE('',(#16221),#16232,.F.);
#16221 = FACE_BOUND('',#16222,.T.);
#16222 = EDGE_LOOP('',(#16223,#16224,#16230,#16231));
#16223 = ORIENTED_EDGE('',*,*,#2982,.T.);
#16224 = ORIENTED_EDGE('',*,*,#16225,.T.);
#16225 = EDGE_CURVE('',#2983,#8204,#16226,.T.);
#16226 = LINE('',#16227,#16228);
#16227 = CARTESIAN_POINT('',(-7.64,-33.041,-4.6E-02));
#16228 = VECTOR('',#16229,1.);
#16229 = DIRECTION('',(0.,0.,1.));
#16230 = ORIENTED_EDGE('',*,*,#8203,.F.);
#16231 = ORIENTED_EDGE('',*,*,#16225,.F.);
#16232 = CYLINDRICAL_SURFACE('',#16233,0.381);
#16233 = AXIS2_PLACEMENT_3D('',#16234,#16235,#16236);
#16234 = CARTESIAN_POINT('',(-7.64,-32.66,-4.6E-02));
#16235 = DIRECTION('',(-0.,0.,-1.));
#16236 = DIRECTION('',(2.331176954594E-15,-1.,-0.));
#16237 = ADVANCED_FACE('',(#16238),#16249,.F.);
#16238 = FACE_BOUND('',#16239,.T.);
#16239 = EDGE_LOOP('',(#16240,#16241,#16247,#16248));
#16240 = ORIENTED_EDGE('',*,*,#2993,.T.);
#16241 = ORIENTED_EDGE('',*,*,#16242,.T.);
#16242 = EDGE_CURVE('',#2994,#8215,#16243,.T.);
#16243 = LINE('',#16244,#16245);
#16244 = CARTESIAN_POINT('',(-7.64,-30.501,-4.6E-02));
#16245 = VECTOR('',#16246,1.);
#16246 = DIRECTION('',(0.,0.,1.));
#16247 = ORIENTED_EDGE('',*,*,#8214,.F.);
#16248 = ORIENTED_EDGE('',*,*,#16242,.F.);
#16249 = CYLINDRICAL_SURFACE('',#16250,0.381);
#16250 = AXIS2_PLACEMENT_3D('',#16251,#16252,#16253);
#16251 = CARTESIAN_POINT('',(-7.64,-30.12,-4.6E-02));
#16252 = DIRECTION('',(-0.,0.,-1.));
#16253 = DIRECTION('',(2.331176954594E-15,-1.,-0.));
#16254 = ADVANCED_FACE('',(#16255),#16266,.F.);
#16255 = FACE_BOUND('',#16256,.T.);
#16256 = EDGE_LOOP('',(#16257,#16258,#16264,#16265));
#16257 = ORIENTED_EDGE('',*,*,#3004,.T.);
#16258 = ORIENTED_EDGE('',*,*,#16259,.T.);
#16259 = EDGE_CURVE('',#3005,#8226,#16260,.T.);
#16260 = LINE('',#16261,#16262);
#16261 = CARTESIAN_POINT('',(-50.555188,-29.583197,-4.6E-02));
#16262 = VECTOR('',#16263,1.);
#16263 = DIRECTION('',(0.,0.,1.));
#16264 = ORIENTED_EDGE('',*,*,#8225,.F.);
#16265 = ORIENTED_EDGE('',*,*,#16259,.F.);
#16266 = CYLINDRICAL_SURFACE('',#16267,2.05);
#16267 = AXIS2_PLACEMENT_3D('',#16268,#16269,#16270);
#16268 = CARTESIAN_POINT('',(-50.555188,-27.533197,-4.6E-02));
#16269 = DIRECTION('',(-0.,-0.,-1.));
#16270 = DIRECTION('',(-0.,-1.,0.));
#16271 = ADVANCED_FACE('',(#16272),#16283,.F.);
#16272 = FACE_BOUND('',#16273,.T.);
#16273 = EDGE_LOOP('',(#16274,#16275,#16281,#16282));
#16274 = ORIENTED_EDGE('',*,*,#3015,.T.);
#16275 = ORIENTED_EDGE('',*,*,#16276,.T.);
#16276 = EDGE_CURVE('',#3016,#8237,#16277,.T.);
#16277 = LINE('',#16278,#16279);
#16278 = CARTESIAN_POINT('',(-55.541854,-27.513887,-4.6E-02));
#16279 = VECTOR('',#16280,1.);
#16280 = DIRECTION('',(0.,0.,1.));
#16281 = ORIENTED_EDGE('',*,*,#8236,.F.);
#16282 = ORIENTED_EDGE('',*,*,#16276,.F.);
#16283 = CYLINDRICAL_SURFACE('',#16284,0.95);
#16284 = AXIS2_PLACEMENT_3D('',#16285,#16286,#16287);
#16285 = CARTESIAN_POINT('',(-55.541854,-26.563887,-4.6E-02));
#16286 = DIRECTION('',(-0.,-0.,-1.));
#16287 = DIRECTION('',(-0.,-1.,0.));
#16288 = ADVANCED_FACE('',(#16289),#16300,.F.);
#16289 = FACE_BOUND('',#16290,.T.);
#16290 = EDGE_LOOP('',(#16291,#16292,#16298,#16299));
#16291 = ORIENTED_EDGE('',*,*,#3026,.T.);
#16292 = ORIENTED_EDGE('',*,*,#16293,.T.);
#16293 = EDGE_CURVE('',#3027,#8248,#16294,.T.);
#16294 = LINE('',#16295,#16296);
#16295 = CARTESIAN_POINT('',(-53.810533,-25.812882,-4.6E-02));
#16296 = VECTOR('',#16297,1.);
#16297 = DIRECTION('',(0.,0.,1.));
#16298 = ORIENTED_EDGE('',*,*,#8247,.F.);
#16299 = ORIENTED_EDGE('',*,*,#16293,.F.);
#16300 = CYLINDRICAL_SURFACE('',#16301,1.5);
#16301 = AXIS2_PLACEMENT_3D('',#16302,#16303,#16304);
#16302 = CARTESIAN_POINT('',(-53.810533,-24.312882,-4.6E-02));
#16303 = DIRECTION('',(-0.,-0.,-1.));
#16304 = DIRECTION('',(-0.,-1.,0.));
#16305 = ADVANCED_FACE('',(#16306),#16317,.F.);
#16306 = FACE_BOUND('',#16307,.T.);
#16307 = EDGE_LOOP('',(#16308,#16309,#16315,#16316));
#16308 = ORIENTED_EDGE('',*,*,#3037,.T.);
#16309 = ORIENTED_EDGE('',*,*,#16310,.T.);
#16310 = EDGE_CURVE('',#3038,#8259,#16311,.T.);
#16311 = LINE('',#16312,#16313);
#16312 = CARTESIAN_POINT('',(-47.092545,-24.531186,-4.6E-02));
#16313 = VECTOR('',#16314,1.);
#16314 = DIRECTION('',(0.,0.,1.));
#16315 = ORIENTED_EDGE('',*,*,#8258,.F.);
#16316 = ORIENTED_EDGE('',*,*,#16310,.F.);
#16317 = CYLINDRICAL_SURFACE('',#16318,1.5);
#16318 = AXIS2_PLACEMENT_3D('',#16319,#16320,#16321);
#16319 = CARTESIAN_POINT('',(-47.092545,-23.031186,-4.6E-02));
#16320 = DIRECTION('',(-0.,-0.,-1.));
#16321 = DIRECTION('',(-0.,-1.,0.));
#16322 = ADVANCED_FACE('',(#16323),#16334,.F.);
#16323 = FACE_BOUND('',#16324,.T.);
#16324 = EDGE_LOOP('',(#16325,#16326,#16332,#16333));
#16325 = ORIENTED_EDGE('',*,*,#3048,.T.);
#16326 = ORIENTED_EDGE('',*,*,#16327,.T.);
#16327 = EDGE_CURVE('',#3049,#8270,#16328,.T.);
#16328 = LINE('',#16329,#16330);
#16329 = CARTESIAN_POINT('',(-63.63885,-22.578226,-4.6E-02));
#16330 = VECTOR('',#16331,1.);
#16331 = DIRECTION('',(0.,0.,1.));
#16332 = ORIENTED_EDGE('',*,*,#8269,.F.);
#16333 = ORIENTED_EDGE('',*,*,#16327,.F.);
#16334 = CYLINDRICAL_SURFACE('',#16335,0.95);
#16335 = AXIS2_PLACEMENT_3D('',#16336,#16337,#16338);
#16336 = CARTESIAN_POINT('',(-63.63885,-21.628226,-4.6E-02));
#16337 = DIRECTION('',(-0.,-0.,-1.));
#16338 = DIRECTION('',(-0.,-1.,0.));
#16339 = ADVANCED_FACE('',(#16340),#16351,.F.);
#16340 = FACE_BOUND('',#16341,.T.);
#16341 = EDGE_LOOP('',(#16342,#16343,#16349,#16350));
#16342 = ORIENTED_EDGE('',*,*,#3059,.T.);
#16343 = ORIENTED_EDGE('',*,*,#16344,.T.);
#16344 = EDGE_CURVE('',#3060,#8281,#16345,.T.);
#16345 = LINE('',#16346,#16347);
#16346 = CARTESIAN_POINT('',(-51.391631,-16.609089,-4.6E-02));
#16347 = VECTOR('',#16348,1.);
#16348 = DIRECTION('',(0.,0.,1.));
#16349 = ORIENTED_EDGE('',*,*,#8280,.F.);
#16350 = ORIENTED_EDGE('',*,*,#16344,.F.);
#16351 = CYLINDRICAL_SURFACE('',#16352,0.4953);
#16352 = AXIS2_PLACEMENT_3D('',#16353,#16354,#16355);
#16353 = CARTESIAN_POINT('',(-51.391631,-16.113789,-4.6E-02));
#16354 = DIRECTION('',(-0.,0.,-1.));
#16355 = DIRECTION('',(1.434570433596E-14,-1.,-0.));
#16356 = ADVANCED_FACE('',(#16357),#16368,.F.);
#16357 = FACE_BOUND('',#16358,.T.);
#16358 = EDGE_LOOP('',(#16359,#16360,#16366,#16367));
#16359 = ORIENTED_EDGE('',*,*,#3070,.T.);
#16360 = ORIENTED_EDGE('',*,*,#16361,.T.);
#16361 = EDGE_CURVE('',#3071,#8292,#16362,.T.);
#16362 = LINE('',#16363,#16364);
#16363 = CARTESIAN_POINT('',(-45.501867,-17.753941,-4.6E-02));
#16364 = VECTOR('',#16365,1.);
#16365 = DIRECTION('',(0.,0.,1.));
#16366 = ORIENTED_EDGE('',*,*,#8291,.F.);
#16367 = ORIENTED_EDGE('',*,*,#16361,.F.);
#16368 = CYLINDRICAL_SURFACE('',#16369,0.4953);
#16369 = AXIS2_PLACEMENT_3D('',#16370,#16371,#16372);
#16370 = CARTESIAN_POINT('',(-45.501867,-17.258641,-4.6E-02));
#16371 = DIRECTION('',(-0.,-0.,-1.));
#16372 = DIRECTION('',(-0.,-1.,0.));
#16373 = ADVANCED_FACE('',(#16374),#16385,.F.);
#16374 = FACE_BOUND('',#16375,.T.);
#16375 = EDGE_LOOP('',(#16376,#16377,#16383,#16384));
#16376 = ORIENTED_EDGE('',*,*,#3081,.T.);
#16377 = ORIENTED_EDGE('',*,*,#16378,.T.);
#16378 = EDGE_CURVE('',#3082,#8303,#16379,.T.);
#16379 = LINE('',#16380,#16381);
#16380 = CARTESIAN_POINT('',(-7.64,-27.961,-4.6E-02));
#16381 = VECTOR('',#16382,1.);
#16382 = DIRECTION('',(0.,0.,1.));
#16383 = ORIENTED_EDGE('',*,*,#8302,.F.);
#16384 = ORIENTED_EDGE('',*,*,#16378,.F.);
#16385 = CYLINDRICAL_SURFACE('',#16386,0.381);
#16386 = AXIS2_PLACEMENT_3D('',#16387,#16388,#16389);
#16387 = CARTESIAN_POINT('',(-7.64,-27.58,-4.6E-02));
#16388 = DIRECTION('',(-0.,0.,-1.));
#16389 = DIRECTION('',(2.331176954594E-15,-1.,-0.));
#16390 = ADVANCED_FACE('',(#16391),#16402,.F.);
#16391 = FACE_BOUND('',#16392,.T.);
#16392 = EDGE_LOOP('',(#16393,#16394,#16400,#16401));
#16393 = ORIENTED_EDGE('',*,*,#3092,.T.);
#16394 = ORIENTED_EDGE('',*,*,#16395,.T.);
#16395 = EDGE_CURVE('',#3093,#8314,#16396,.T.);
#16396 = LINE('',#16397,#16398);
#16397 = CARTESIAN_POINT('',(-7.64,-25.421,-4.6E-02));
#16398 = VECTOR('',#16399,1.);
#16399 = DIRECTION('',(0.,0.,1.));
#16400 = ORIENTED_EDGE('',*,*,#8313,.F.);
#16401 = ORIENTED_EDGE('',*,*,#16395,.F.);
#16402 = CYLINDRICAL_SURFACE('',#16403,0.381);
#16403 = AXIS2_PLACEMENT_3D('',#16404,#16405,#16406);
#16404 = CARTESIAN_POINT('',(-7.64,-25.04,-4.6E-02));
#16405 = DIRECTION('',(-0.,0.,-1.));
#16406 = DIRECTION('',(2.331176954594E-15,-1.,-0.));
#16407 = ADVANCED_FACE('',(#16408),#16419,.F.);
#16408 = FACE_BOUND('',#16409,.T.);
#16409 = EDGE_LOOP('',(#16410,#16411,#16417,#16418));
#16410 = ORIENTED_EDGE('',*,*,#3103,.T.);
#16411 = ORIENTED_EDGE('',*,*,#16412,.T.);
#16412 = EDGE_CURVE('',#3104,#8325,#16413,.T.);
#16413 = LINE('',#16414,#16415);
#16414 = CARTESIAN_POINT('',(-7.64,-22.881,-4.6E-02));
#16415 = VECTOR('',#16416,1.);
#16416 = DIRECTION('',(0.,0.,1.));
#16417 = ORIENTED_EDGE('',*,*,#8324,.F.);
#16418 = ORIENTED_EDGE('',*,*,#16412,.F.);
#16419 = CYLINDRICAL_SURFACE('',#16420,0.381);
#16420 = AXIS2_PLACEMENT_3D('',#16421,#16422,#16423);
#16421 = CARTESIAN_POINT('',(-7.64,-22.5,-4.6E-02));
#16422 = DIRECTION('',(-0.,0.,-1.));
#16423 = DIRECTION('',(2.331176954594E-15,-1.,-0.));
#16424 = ADVANCED_FACE('',(#16425),#16436,.F.);
#16425 = FACE_BOUND('',#16426,.T.);
#16426 = EDGE_LOOP('',(#16427,#16428,#16434,#16435));
#16427 = ORIENTED_EDGE('',*,*,#3114,.T.);
#16428 = ORIENTED_EDGE('',*,*,#16429,.T.);
#16429 = EDGE_CURVE('',#3115,#8336,#16430,.T.);
#16430 = LINE('',#16431,#16432);
#16431 = CARTESIAN_POINT('',(-7.64,-20.341,-4.6E-02));
#16432 = VECTOR('',#16433,1.);
#16433 = DIRECTION('',(0.,0.,1.));
#16434 = ORIENTED_EDGE('',*,*,#8335,.F.);
#16435 = ORIENTED_EDGE('',*,*,#16429,.F.);
#16436 = CYLINDRICAL_SURFACE('',#16437,0.381);
#16437 = AXIS2_PLACEMENT_3D('',#16438,#16439,#16440);
#16438 = CARTESIAN_POINT('',(-7.64,-19.96,-4.6E-02));
#16439 = DIRECTION('',(-0.,0.,-1.));
#16440 = DIRECTION('',(2.331176954594E-15,-1.,-0.));
#16441 = ADVANCED_FACE('',(#16442),#16453,.F.);
#16442 = FACE_BOUND('',#16443,.T.);
#16443 = EDGE_LOOP('',(#16444,#16445,#16451,#16452));
#16444 = ORIENTED_EDGE('',*,*,#3125,.T.);
#16445 = ORIENTED_EDGE('',*,*,#16446,.T.);
#16446 = EDGE_CURVE('',#3126,#8347,#16447,.T.);
#16447 = LINE('',#16448,#16449);
#16448 = CARTESIAN_POINT('',(-7.64,-17.801,-4.6E-02));
#16449 = VECTOR('',#16450,1.);
#16450 = DIRECTION('',(0.,0.,1.));
#16451 = ORIENTED_EDGE('',*,*,#8346,.F.);
#16452 = ORIENTED_EDGE('',*,*,#16446,.F.);
#16453 = CYLINDRICAL_SURFACE('',#16454,0.381);
#16454 = AXIS2_PLACEMENT_3D('',#16455,#16456,#16457);
#16455 = CARTESIAN_POINT('',(-7.64,-17.42,-4.6E-02));
#16456 = DIRECTION('',(-0.,0.,-1.));
#16457 = DIRECTION('',(2.331176954594E-15,-1.,-0.));
#16458 = ADVANCED_FACE('',(#16459),#16470,.F.);
#16459 = FACE_BOUND('',#16460,.T.);
#16460 = EDGE_LOOP('',(#16461,#16462,#16468,#16469));
#16461 = ORIENTED_EDGE('',*,*,#3136,.T.);
#16462 = ORIENTED_EDGE('',*,*,#16463,.T.);
#16463 = EDGE_CURVE('',#3137,#8358,#16464,.T.);
#16464 = LINE('',#16465,#16466);
#16465 = CARTESIAN_POINT('',(55.31232,-66.212362,-4.6E-02));
#16466 = VECTOR('',#16467,1.);
#16467 = DIRECTION('',(0.,0.,1.));
#16468 = ORIENTED_EDGE('',*,*,#8357,.F.);
#16469 = ORIENTED_EDGE('',*,*,#16463,.F.);
#16470 = CYLINDRICAL_SURFACE('',#16471,0.4953);
#16471 = AXIS2_PLACEMENT_3D('',#16472,#16473,#16474);
#16472 = CARTESIAN_POINT('',(55.31232,-65.717062,-4.6E-02));
#16473 = DIRECTION('',(-0.,-0.,-1.));
#16474 = DIRECTION('',(-0.,-1.,0.));
#16475 = ADVANCED_FACE('',(#16476),#16487,.F.);
#16476 = FACE_BOUND('',#16477,.T.);
#16477 = EDGE_LOOP('',(#16478,#16479,#16485,#16486));
#16478 = ORIENTED_EDGE('',*,*,#3147,.T.);
#16479 = ORIENTED_EDGE('',*,*,#16480,.T.);
#16480 = EDGE_CURVE('',#3148,#8369,#16481,.T.);
#16481 = LINE('',#16482,#16483);
#16482 = CARTESIAN_POINT('',(48.747965,-61.643552,-4.6E-02));
#16483 = VECTOR('',#16484,1.);
#16484 = DIRECTION('',(0.,0.,1.));
#16485 = ORIENTED_EDGE('',*,*,#8368,.F.);
#16486 = ORIENTED_EDGE('',*,*,#16480,.F.);
#16487 = CYLINDRICAL_SURFACE('',#16488,0.95);
#16488 = AXIS2_PLACEMENT_3D('',#16489,#16490,#16491);
#16489 = CARTESIAN_POINT('',(48.747965,-60.693552,-4.6E-02));
#16490 = DIRECTION('',(-0.,-0.,-1.));
#16491 = DIRECTION('',(-0.,-1.,0.));
#16492 = ADVANCED_FACE('',(#16493),#16504,.F.);
#16493 = FACE_BOUND('',#16494,.T.);
#16494 = EDGE_LOOP('',(#16495,#16496,#16502,#16503));
#16495 = ORIENTED_EDGE('',*,*,#3158,.T.);
#16496 = ORIENTED_EDGE('',*,*,#16497,.T.);
#16497 = EDGE_CURVE('',#3159,#8380,#16498,.T.);
#16498 = LINE('',#16499,#16500);
#16499 = CARTESIAN_POINT('',(60.040384,-62.518394,-4.6E-02));
#16500 = VECTOR('',#16501,1.);
#16501 = DIRECTION('',(0.,0.,1.));
#16502 = ORIENTED_EDGE('',*,*,#8379,.F.);
#16503 = ORIENTED_EDGE('',*,*,#16497,.F.);
#16504 = CYLINDRICAL_SURFACE('',#16505,0.4953);
#16505 = AXIS2_PLACEMENT_3D('',#16506,#16507,#16508);
#16506 = CARTESIAN_POINT('',(60.040384,-62.023094,-4.6E-02));
#16507 = DIRECTION('',(-0.,-0.,-1.));
#16508 = DIRECTION('',(-0.,-1.,0.));
#16509 = ADVANCED_FACE('',(#16510),#16521,.F.);
#16510 = FACE_BOUND('',#16511,.T.);
#16511 = EDGE_LOOP('',(#16512,#16513,#16519,#16520));
#16512 = ORIENTED_EDGE('',*,*,#3169,.T.);
#16513 = ORIENTED_EDGE('',*,*,#16514,.T.);
#16514 = EDGE_CURVE('',#3170,#8391,#16515,.T.);
#16515 = LINE('',#16516,#16517);
#16516 = CARTESIAN_POINT('',(48.184959,-59.410115,-4.6E-02));
#16517 = VECTOR('',#16518,1.);
#16518 = DIRECTION('',(0.,0.,1.));
#16519 = ORIENTED_EDGE('',*,*,#8390,.F.);
#16520 = ORIENTED_EDGE('',*,*,#16514,.F.);
#16521 = CYLINDRICAL_SURFACE('',#16522,1.5);
#16522 = AXIS2_PLACEMENT_3D('',#16523,#16524,#16525);
#16523 = CARTESIAN_POINT('',(48.184959,-57.910115,-4.6E-02));
#16524 = DIRECTION('',(-0.,-0.,-1.));
#16525 = DIRECTION('',(-0.,-1.,0.));
#16526 = ADVANCED_FACE('',(#16527),#16538,.F.);
#16527 = FACE_BOUND('',#16528,.T.);
#16528 = EDGE_LOOP('',(#16529,#16530,#16536,#16537));
#16529 = ORIENTED_EDGE('',*,*,#3180,.T.);
#16530 = ORIENTED_EDGE('',*,*,#16531,.T.);
#16531 = EDGE_CURVE('',#3181,#8402,#16532,.T.);
#16532 = LINE('',#16533,#16534);
#16533 = CARTESIAN_POINT('',(52.75106,-59.615992,-4.6E-02));
#16534 = VECTOR('',#16535,1.);
#16535 = DIRECTION('',(0.,0.,1.));
#16536 = ORIENTED_EDGE('',*,*,#8401,.F.);
#16537 = ORIENTED_EDGE('',*,*,#16531,.F.);
#16538 = CYLINDRICAL_SURFACE('',#16539,2.05);
#16539 = AXIS2_PLACEMENT_3D('',#16540,#16541,#16542);
#16540 = CARTESIAN_POINT('',(52.75106,-57.565992,-4.6E-02));
#16541 = DIRECTION('',(-0.,0.,-1.));
#16542 = DIRECTION('',(3.466062125659E-15,-1.,-0.));
#16543 = ADVANCED_FACE('',(#16544),#16555,.F.);
#16544 = FACE_BOUND('',#16545,.T.);
#16545 = EDGE_LOOP('',(#16546,#16547,#16553,#16554));
#16546 = ORIENTED_EDGE('',*,*,#3191,.T.);
#16547 = ORIENTED_EDGE('',*,*,#16548,.T.);
#16548 = EDGE_CURVE('',#3192,#8413,#16549,.T.);
#16549 = LINE('',#16550,#16551);
#16550 = CARTESIAN_POINT('',(56.754155,-55.388432,-4.6E-02));
#16551 = VECTOR('',#16552,1.);
#16552 = DIRECTION('',(0.,0.,1.));
#16553 = ORIENTED_EDGE('',*,*,#8412,.F.);
#16554 = ORIENTED_EDGE('',*,*,#16548,.F.);
#16555 = CYLINDRICAL_SURFACE('',#16556,0.95);
#16556 = AXIS2_PLACEMENT_3D('',#16557,#16558,#16559);
#16557 = CARTESIAN_POINT('',(56.754155,-54.438432,-4.6E-02));
#16558 = DIRECTION('',(-0.,-0.,-1.));
#16559 = DIRECTION('',(-0.,-1.,0.));
#16560 = ADVANCED_FACE('',(#16561),#16572,.F.);
#16561 = FACE_BOUND('',#16562,.T.);
#16562 = EDGE_LOOP('',(#16563,#16564,#16570,#16571));
#16563 = ORIENTED_EDGE('',*,*,#3202,.T.);
#16564 = ORIENTED_EDGE('',*,*,#16565,.T.);
#16565 = EDGE_CURVE('',#3203,#8424,#16566,.T.);
#16566 = LINE('',#16567,#16568);
#16567 = CARTESIAN_POINT('',(51.625047,-53.499117,-4.6E-02));
#16568 = VECTOR('',#16569,1.);
#16569 = DIRECTION('',(0.,0.,1.));
#16570 = ORIENTED_EDGE('',*,*,#8423,.F.);
#16571 = ORIENTED_EDGE('',*,*,#16565,.F.);
#16572 = CYLINDRICAL_SURFACE('',#16573,1.5);
#16573 = AXIS2_PLACEMENT_3D('',#16574,#16575,#16576);
#16574 = CARTESIAN_POINT('',(51.625047,-51.999117,-4.6E-02));
#16575 = DIRECTION('',(-0.,-0.,-1.));
#16576 = DIRECTION('',(-0.,-1.,0.));
#16577 = ADVANCED_FACE('',(#16578),#16589,.F.);
#16578 = FACE_BOUND('',#16579,.T.);
#16579 = EDGE_LOOP('',(#16580,#16581,#16587,#16588));
#16580 = ORIENTED_EDGE('',*,*,#3213,.T.);
#16581 = ORIENTED_EDGE('',*,*,#16582,.T.);
#16582 = EDGE_CURVE('',#3214,#8435,#16583,.T.);
#16583 = LINE('',#16584,#16585);
#16584 = CARTESIAN_POINT('',(2.52,-38.121,-4.6E-02));
#16585 = VECTOR('',#16586,1.);
#16586 = DIRECTION('',(0.,0.,1.));
#16587 = ORIENTED_EDGE('',*,*,#8434,.F.);
#16588 = ORIENTED_EDGE('',*,*,#16582,.F.);
#16589 = CYLINDRICAL_SURFACE('',#16590,0.381);
#16590 = AXIS2_PLACEMENT_3D('',#16591,#16592,#16593);
#16591 = CARTESIAN_POINT('',(2.52,-37.74,-4.6E-02));
#16592 = DIRECTION('',(-0.,0.,-1.));
#16593 = DIRECTION('',(1.165588477297E-15,-1.,-0.));
#16594 = ADVANCED_FACE('',(#16595),#16606,.F.);
#16595 = FACE_BOUND('',#16596,.T.);
#16596 = EDGE_LOOP('',(#16597,#16598,#16604,#16605));
#16597 = ORIENTED_EDGE('',*,*,#3224,.T.);
#16598 = ORIENTED_EDGE('',*,*,#16599,.T.);
#16599 = EDGE_CURVE('',#3225,#8446,#16600,.T.);
#16600 = LINE('',#16601,#16602);
#16601 = CARTESIAN_POINT('',(5.06,-38.121,-4.6E-02));
#16602 = VECTOR('',#16603,1.);
#16603 = DIRECTION('',(0.,0.,1.));
#16604 = ORIENTED_EDGE('',*,*,#8445,.F.);
#16605 = ORIENTED_EDGE('',*,*,#16599,.F.);
#16606 = CYLINDRICAL_SURFACE('',#16607,0.381);
#16607 = AXIS2_PLACEMENT_3D('',#16608,#16609,#16610);
#16608 = CARTESIAN_POINT('',(5.06,-37.74,-4.6E-02));
#16609 = DIRECTION('',(-0.,-0.,-1.));
#16610 = DIRECTION('',(-2.331176954594E-15,-1.,0.));
#16611 = ADVANCED_FACE('',(#16612),#16623,.F.);
#16612 = FACE_BOUND('',#16613,.T.);
#16613 = EDGE_LOOP('',(#16614,#16615,#16621,#16622));
#16614 = ORIENTED_EDGE('',*,*,#3235,.T.);
#16615 = ORIENTED_EDGE('',*,*,#16616,.T.);
#16616 = EDGE_CURVE('',#3236,#8457,#16617,.T.);
#16617 = LINE('',#16618,#16619);
#16618 = CARTESIAN_POINT('',(7.6,-38.121,-4.6E-02));
#16619 = VECTOR('',#16620,1.);
#16620 = DIRECTION('',(0.,0.,1.));
#16621 = ORIENTED_EDGE('',*,*,#8456,.F.);
#16622 = ORIENTED_EDGE('',*,*,#16616,.F.);
#16623 = CYLINDRICAL_SURFACE('',#16624,0.381);
#16624 = AXIS2_PLACEMENT_3D('',#16625,#16626,#16627);
#16625 = CARTESIAN_POINT('',(7.6,-37.74,-4.6E-02));
#16626 = DIRECTION('',(-0.,-0.,-1.));
#16627 = DIRECTION('',(-0.,-1.,0.));
#16628 = ADVANCED_FACE('',(#16629),#16640,.F.);
#16629 = FACE_BOUND('',#16630,.T.);
#16630 = EDGE_LOOP('',(#16631,#16632,#16638,#16639));
#16631 = ORIENTED_EDGE('',*,*,#3246,.T.);
#16632 = ORIENTED_EDGE('',*,*,#16633,.T.);
#16633 = EDGE_CURVE('',#3247,#8468,#16634,.T.);
#16634 = LINE('',#16635,#16636);
#16635 = CARTESIAN_POINT('',(7.6,-35.581,-4.6E-02));
#16636 = VECTOR('',#16637,1.);
#16637 = DIRECTION('',(0.,0.,1.));
#16638 = ORIENTED_EDGE('',*,*,#8467,.F.);
#16639 = ORIENTED_EDGE('',*,*,#16633,.F.);
#16640 = CYLINDRICAL_SURFACE('',#16641,0.381);
#16641 = AXIS2_PLACEMENT_3D('',#16642,#16643,#16644);
#16642 = CARTESIAN_POINT('',(7.6,-35.2,-4.6E-02));
#16643 = DIRECTION('',(-0.,-0.,-1.));
#16644 = DIRECTION('',(-0.,-1.,0.));
#16645 = ADVANCED_FACE('',(#16646),#16657,.F.);
#16646 = FACE_BOUND('',#16647,.T.);
#16647 = EDGE_LOOP('',(#16648,#16649,#16655,#16656));
#16648 = ORIENTED_EDGE('',*,*,#3257,.T.);
#16649 = ORIENTED_EDGE('',*,*,#16650,.T.);
#16650 = EDGE_CURVE('',#3258,#8479,#16651,.T.);
#16651 = LINE('',#16652,#16653);
#16652 = CARTESIAN_POINT('',(7.6,-33.041,-4.6E-02));
#16653 = VECTOR('',#16654,1.);
#16654 = DIRECTION('',(0.,0.,1.));
#16655 = ORIENTED_EDGE('',*,*,#8478,.F.);
#16656 = ORIENTED_EDGE('',*,*,#16650,.F.);
#16657 = CYLINDRICAL_SURFACE('',#16658,0.381);
#16658 = AXIS2_PLACEMENT_3D('',#16659,#16660,#16661);
#16659 = CARTESIAN_POINT('',(7.6,-32.66,-4.6E-02));
#16660 = DIRECTION('',(-0.,-0.,-1.));
#16661 = DIRECTION('',(-0.,-1.,0.));
#16662 = ADVANCED_FACE('',(#16663),#16674,.F.);
#16663 = FACE_BOUND('',#16664,.T.);
#16664 = EDGE_LOOP('',(#16665,#16666,#16672,#16673));
#16665 = ORIENTED_EDGE('',*,*,#3268,.T.);
#16666 = ORIENTED_EDGE('',*,*,#16667,.T.);
#16667 = EDGE_CURVE('',#3269,#8490,#16668,.T.);
#16668 = LINE('',#16669,#16670);
#16669 = CARTESIAN_POINT('',(7.6,-30.501,-4.6E-02));
#16670 = VECTOR('',#16671,1.);
#16671 = DIRECTION('',(0.,0.,1.));
#16672 = ORIENTED_EDGE('',*,*,#8489,.F.);
#16673 = ORIENTED_EDGE('',*,*,#16667,.F.);
#16674 = CYLINDRICAL_SURFACE('',#16675,0.381);
#16675 = AXIS2_PLACEMENT_3D('',#16676,#16677,#16678);
#16676 = CARTESIAN_POINT('',(7.6,-30.12,-4.6E-02));
#16677 = DIRECTION('',(-0.,-0.,-1.));
#16678 = DIRECTION('',(-0.,-1.,0.));
#16679 = ADVANCED_FACE('',(#16680),#16691,.F.);
#16680 = FACE_BOUND('',#16681,.T.);
#16681 = EDGE_LOOP('',(#16682,#16683,#16689,#16690));
#16682 = ORIENTED_EDGE('',*,*,#3279,.T.);
#16683 = ORIENTED_EDGE('',*,*,#16684,.T.);
#16684 = EDGE_CURVE('',#3280,#8501,#16685,.T.);
#16685 = LINE('',#16686,#16687);
#16686 = CARTESIAN_POINT('',(49.136778,-36.453939,-4.6E-02));
#16687 = VECTOR('',#16688,1.);
#16688 = DIRECTION('',(0.,0.,1.));
#16689 = ORIENTED_EDGE('',*,*,#8500,.F.);
#16690 = ORIENTED_EDGE('',*,*,#16684,.F.);
#16691 = CYLINDRICAL_SURFACE('',#16692,0.4953);
#16692 = AXIS2_PLACEMENT_3D('',#16693,#16694,#16695);
#16693 = CARTESIAN_POINT('',(49.136778,-35.958639,-4.6E-02));
#16694 = DIRECTION('',(-0.,-0.,-1.));
#16695 = DIRECTION('',(-0.,-1.,0.));
#16696 = ADVANCED_FACE('',(#16697),#16708,.F.);
#16697 = FACE_BOUND('',#16698,.T.);
#16698 = EDGE_LOOP('',(#16699,#16700,#16706,#16707));
#16699 = ORIENTED_EDGE('',*,*,#3290,.T.);
#16700 = ORIENTED_EDGE('',*,*,#16701,.T.);
#16701 = EDGE_CURVE('',#3291,#8512,#16702,.T.);
#16702 = LINE('',#16703,#16704);
#16703 = CARTESIAN_POINT('',(55.026542,-35.309087,-4.6E-02));
#16704 = VECTOR('',#16705,1.);
#16705 = DIRECTION('',(0.,0.,1.));
#16706 = ORIENTED_EDGE('',*,*,#8511,.F.);
#16707 = ORIENTED_EDGE('',*,*,#16701,.F.);
#16708 = CYLINDRICAL_SURFACE('',#16709,0.4953);
#16709 = AXIS2_PLACEMENT_3D('',#16710,#16711,#16712);
#16710 = CARTESIAN_POINT('',(55.026542,-34.813787,-4.6E-02));
#16711 = DIRECTION('',(-0.,-0.,-1.));
#16712 = DIRECTION('',(-0.,-1.,0.));
#16713 = ADVANCED_FACE('',(#16714),#16725,.F.);
#16714 = FACE_BOUND('',#16715,.T.);
#16715 = EDGE_LOOP('',(#16716,#16717,#16723,#16724));
#16716 = ORIENTED_EDGE('',*,*,#3301,.T.);
#16717 = ORIENTED_EDGE('',*,*,#16718,.T.);
#16718 = EDGE_CURVE('',#3302,#8523,#16719,.T.);
#16719 = LINE('',#16720,#16721);
#16720 = CARTESIAN_POINT('',(45.568522,-29.452507,-4.6E-02));
#16721 = VECTOR('',#16722,1.);
#16722 = DIRECTION('',(0.,0.,1.));
#16723 = ORIENTED_EDGE('',*,*,#8522,.F.);
#16724 = ORIENTED_EDGE('',*,*,#16718,.F.);
#16725 = CYLINDRICAL_SURFACE('',#16726,0.95);
#16726 = AXIS2_PLACEMENT_3D('',#16727,#16728,#16729);
#16727 = CARTESIAN_POINT('',(45.568522,-28.502507,-4.6E-02));
#16728 = DIRECTION('',(-0.,-0.,-1.));
#16729 = DIRECTION('',(-0.,-1.,0.));
#16730 = ADVANCED_FACE('',(#16731),#16742,.F.);
#16731 = FACE_BOUND('',#16732,.T.);
#16732 = EDGE_LOOP('',(#16733,#16734,#16740,#16741));
#16733 = ORIENTED_EDGE('',*,*,#3312,.T.);
#16734 = ORIENTED_EDGE('',*,*,#16735,.T.);
#16735 = EDGE_CURVE('',#3313,#8534,#16736,.T.);
#16736 = LINE('',#16737,#16738);
#16737 = CARTESIAN_POINT('',(7.6,-27.961,-4.6E-02));
#16738 = VECTOR('',#16739,1.);
#16739 = DIRECTION('',(0.,0.,1.));
#16740 = ORIENTED_EDGE('',*,*,#8533,.F.);
#16741 = ORIENTED_EDGE('',*,*,#16735,.F.);
#16742 = CYLINDRICAL_SURFACE('',#16743,0.381);
#16743 = AXIS2_PLACEMENT_3D('',#16744,#16745,#16746);
#16744 = CARTESIAN_POINT('',(7.6,-27.58,-4.6E-02));
#16745 = DIRECTION('',(-0.,-0.,-1.));
#16746 = DIRECTION('',(-0.,-1.,0.));
#16747 = ADVANCED_FACE('',(#16748),#16759,.F.);
#16748 = FACE_BOUND('',#16749,.T.);
#16749 = EDGE_LOOP('',(#16750,#16751,#16757,#16758));
#16750 = ORIENTED_EDGE('',*,*,#3323,.T.);
#16751 = ORIENTED_EDGE('',*,*,#16752,.T.);
#16752 = EDGE_CURVE('',#3324,#8545,#16753,.T.);
#16753 = LINE('',#16754,#16755);
#16754 = CARTESIAN_POINT('',(7.6,-25.421,-4.6E-02));
#16755 = VECTOR('',#16756,1.);
#16756 = DIRECTION('',(0.,0.,1.));
#16757 = ORIENTED_EDGE('',*,*,#8544,.F.);
#16758 = ORIENTED_EDGE('',*,*,#16752,.F.);
#16759 = CYLINDRICAL_SURFACE('',#16760,0.381);
#16760 = AXIS2_PLACEMENT_3D('',#16761,#16762,#16763);
#16761 = CARTESIAN_POINT('',(7.6,-25.04,-4.6E-02));
#16762 = DIRECTION('',(-0.,-0.,-1.));
#16763 = DIRECTION('',(-0.,-1.,0.));
#16764 = ADVANCED_FACE('',(#16765),#16776,.F.);
#16765 = FACE_BOUND('',#16766,.T.);
#16766 = EDGE_LOOP('',(#16767,#16768,#16774,#16775));
#16767 = ORIENTED_EDGE('',*,*,#3334,.T.);
#16768 = ORIENTED_EDGE('',*,*,#16769,.T.);
#16769 = EDGE_CURVE('',#3335,#8556,#16770,.T.);
#16770 = LINE('',#16771,#16772);
#16771 = CARTESIAN_POINT('',(7.6,-22.881,-4.6E-02));
#16772 = VECTOR('',#16773,1.);
#16773 = DIRECTION('',(0.,0.,1.));
#16774 = ORIENTED_EDGE('',*,*,#8555,.F.);
#16775 = ORIENTED_EDGE('',*,*,#16769,.F.);
#16776 = CYLINDRICAL_SURFACE('',#16777,0.381);
#16777 = AXIS2_PLACEMENT_3D('',#16778,#16779,#16780);
#16778 = CARTESIAN_POINT('',(7.6,-22.5,-4.6E-02));
#16779 = DIRECTION('',(-0.,-0.,-1.));
#16780 = DIRECTION('',(-0.,-1.,0.));
#16781 = ADVANCED_FACE('',(#16782),#16793,.F.);
#16782 = FACE_BOUND('',#16783,.T.);
#16783 = EDGE_LOOP('',(#16784,#16785,#16791,#16792));
#16784 = ORIENTED_EDGE('',*,*,#3345,.T.);
#16785 = ORIENTED_EDGE('',*,*,#16786,.T.);
#16786 = EDGE_CURVE('',#3346,#8567,#16787,.T.);
#16787 = LINE('',#16788,#16789);
#16788 = CARTESIAN_POINT('',(7.6,-20.341,-4.6E-02));
#16789 = VECTOR('',#16790,1.);
#16790 = DIRECTION('',(0.,0.,1.));
#16791 = ORIENTED_EDGE('',*,*,#8566,.F.);
#16792 = ORIENTED_EDGE('',*,*,#16786,.F.);
#16793 = CYLINDRICAL_SURFACE('',#16794,0.381);
#16794 = AXIS2_PLACEMENT_3D('',#16795,#16796,#16797);
#16795 = CARTESIAN_POINT('',(7.6,-19.96,-4.6E-02));
#16796 = DIRECTION('',(-0.,-0.,-1.));
#16797 = DIRECTION('',(-0.,-1.,0.));
#16798 = ADVANCED_FACE('',(#16799),#16810,.F.);
#16799 = FACE_BOUND('',#16800,.T.);
#16800 = EDGE_LOOP('',(#16801,#16802,#16808,#16809));
#16801 = ORIENTED_EDGE('',*,*,#3356,.T.);
#16802 = ORIENTED_EDGE('',*,*,#16803,.T.);
#16803 = EDGE_CURVE('',#3357,#8578,#16804,.T.);
#16804 = LINE('',#16805,#16806);
#16805 = CARTESIAN_POINT('',(7.6,-17.801,-4.6E-02));
#16806 = VECTOR('',#16807,1.);
#16807 = DIRECTION('',(0.,0.,1.));
#16808 = ORIENTED_EDGE('',*,*,#8577,.F.);
#16809 = ORIENTED_EDGE('',*,*,#16803,.F.);
#16810 = CYLINDRICAL_SURFACE('',#16811,0.381);
#16811 = AXIS2_PLACEMENT_3D('',#16812,#16813,#16814);
#16812 = CARTESIAN_POINT('',(7.6,-17.42,-4.6E-02));
#16813 = DIRECTION('',(-0.,-0.,-1.));
#16814 = DIRECTION('',(-0.,-1.,0.));
#16815 = ADVANCED_FACE('',(#16816),#16827,.F.);
#16816 = FACE_BOUND('',#16817,.T.);
#16817 = EDGE_LOOP('',(#16818,#16819,#16825,#16826));
#16818 = ORIENTED_EDGE('',*,*,#3367,.T.);
#16819 = ORIENTED_EDGE('',*,*,#16820,.T.);
#16820 = EDGE_CURVE('',#3368,#8589,#16821,.T.);
#16821 = LINE('',#16822,#16823);
#16822 = CARTESIAN_POINT('',(46.330534,-27.266846,-4.6E-02));
#16823 = VECTOR('',#16824,1.);
#16824 = DIRECTION('',(0.,0.,1.));
#16825 = ORIENTED_EDGE('',*,*,#8588,.F.);
#16826 = ORIENTED_EDGE('',*,*,#16820,.F.);
#16827 = CYLINDRICAL_SURFACE('',#16828,1.5);
#16828 = AXIS2_PLACEMENT_3D('',#16829,#16830,#16831);
#16829 = CARTESIAN_POINT('',(46.330534,-25.766846,-4.6E-02));
#16830 = DIRECTION('',(-0.,-0.,-1.));
#16831 = DIRECTION('',(-0.,-1.,0.));
#16832 = ADVANCED_FACE('',(#16833),#16844,.F.);
#16833 = FACE_BOUND('',#16834,.T.);
#16834 = EDGE_LOOP('',(#16835,#16836,#16842,#16843));
#16835 = ORIENTED_EDGE('',*,*,#3378,.T.);
#16836 = ORIENTED_EDGE('',*,*,#16837,.T.);
#16837 = EDGE_CURVE('',#3379,#8600,#16838,.T.);
#16838 = LINE('',#16839,#16840);
#16839 = CARTESIAN_POINT('',(50.555188,-29.583197,-4.6E-02));
#16840 = VECTOR('',#16841,1.);
#16841 = DIRECTION('',(0.,0.,1.));
#16842 = ORIENTED_EDGE('',*,*,#8599,.F.);
#16843 = ORIENTED_EDGE('',*,*,#16837,.F.);
#16844 = CYLINDRICAL_SURFACE('',#16845,2.05);
#16845 = AXIS2_PLACEMENT_3D('',#16846,#16847,#16848);
#16846 = CARTESIAN_POINT('',(50.555188,-27.533197,-4.6E-02));
#16847 = DIRECTION('',(-0.,-0.,-1.));
#16848 = DIRECTION('',(-0.,-1.,0.));
#16849 = ADVANCED_FACE('',(#16850),#16861,.F.);
#16850 = FACE_BOUND('',#16851,.T.);
#16851 = EDGE_LOOP('',(#16852,#16853,#16859,#16860));
#16852 = ORIENTED_EDGE('',*,*,#3389,.T.);
#16853 = ORIENTED_EDGE('',*,*,#16854,.T.);
#16854 = EDGE_CURVE('',#3390,#8611,#16855,.T.);
#16855 = LINE('',#16856,#16857);
#16856 = CARTESIAN_POINT('',(55.541854,-27.513887,-4.6E-02));
#16857 = VECTOR('',#16858,1.);
#16858 = DIRECTION('',(0.,0.,1.));
#16859 = ORIENTED_EDGE('',*,*,#8610,.F.);
#16860 = ORIENTED_EDGE('',*,*,#16854,.F.);
#16861 = CYLINDRICAL_SURFACE('',#16862,0.95);
#16862 = AXIS2_PLACEMENT_3D('',#16863,#16864,#16865);
#16863 = CARTESIAN_POINT('',(55.541854,-26.563887,-4.6E-02));
#16864 = DIRECTION('',(-0.,-0.,-1.));
#16865 = DIRECTION('',(-0.,-1.,0.));
#16866 = ADVANCED_FACE('',(#16867),#16878,.F.);
#16867 = FACE_BOUND('',#16868,.T.);
#16868 = EDGE_LOOP('',(#16869,#16870,#16876,#16877));
#16869 = ORIENTED_EDGE('',*,*,#3400,.T.);
#16870 = ORIENTED_EDGE('',*,*,#16871,.T.);
#16871 = EDGE_CURVE('',#3401,#8622,#16872,.T.);
#16872 = LINE('',#16873,#16874);
#16873 = CARTESIAN_POINT('',(45.501867,-17.753941,-4.6E-02));
#16874 = VECTOR('',#16875,1.);
#16875 = DIRECTION('',(0.,0.,1.));
#16876 = ORIENTED_EDGE('',*,*,#8621,.F.);
#16877 = ORIENTED_EDGE('',*,*,#16871,.F.);
#16878 = CYLINDRICAL_SURFACE('',#16879,0.4953);
#16879 = AXIS2_PLACEMENT_3D('',#16880,#16881,#16882);
#16880 = CARTESIAN_POINT('',(45.501867,-17.258641,-4.6E-02));
#16881 = DIRECTION('',(-0.,-0.,-1.));
#16882 = DIRECTION('',(-0.,-1.,0.));
#16883 = ADVANCED_FACE('',(#16884),#16895,.F.);
#16884 = FACE_BOUND('',#16885,.T.);
#16885 = EDGE_LOOP('',(#16886,#16887,#16893,#16894));
#16886 = ORIENTED_EDGE('',*,*,#3411,.T.);
#16887 = ORIENTED_EDGE('',*,*,#16888,.T.);
#16888 = EDGE_CURVE('',#3412,#8633,#16889,.T.);
#16889 = LINE('',#16890,#16891);
#16890 = CARTESIAN_POINT('',(52.079211,-23.561876,-4.6E-02));
#16891 = VECTOR('',#16892,1.);
#16892 = DIRECTION('',(0.,0.,1.));
#16893 = ORIENTED_EDGE('',*,*,#8632,.F.);
#16894 = ORIENTED_EDGE('',*,*,#16888,.F.);
#16895 = CYLINDRICAL_SURFACE('',#16896,1.5);
#16896 = AXIS2_PLACEMENT_3D('',#16897,#16898,#16899);
#16897 = CARTESIAN_POINT('',(52.079211,-22.061876,-4.6E-02));
#16898 = DIRECTION('',(-0.,-0.,-1.));
#16899 = DIRECTION('',(-0.,-1.,0.));
#16900 = ADVANCED_FACE('',(#16901),#16912,.F.);
#16901 = FACE_BOUND('',#16902,.T.);
#16902 = EDGE_LOOP('',(#16903,#16904,#16910,#16911));
#16903 = ORIENTED_EDGE('',*,*,#3422,.T.);
#16904 = ORIENTED_EDGE('',*,*,#16905,.T.);
#16905 = EDGE_CURVE('',#3423,#8644,#16906,.T.);
#16906 = LINE('',#16907,#16908);
#16907 = CARTESIAN_POINT('',(63.63885,-22.578226,-4.6E-02));
#16908 = VECTOR('',#16909,1.);
#16909 = DIRECTION('',(0.,0.,1.));
#16910 = ORIENTED_EDGE('',*,*,#8643,.F.);
#16911 = ORIENTED_EDGE('',*,*,#16905,.F.);
#16912 = CYLINDRICAL_SURFACE('',#16913,0.95);
#16913 = AXIS2_PLACEMENT_3D('',#16914,#16915,#16916);
#16914 = CARTESIAN_POINT('',(63.63885,-21.628226,-4.6E-02));
#16915 = DIRECTION('',(-0.,-0.,-1.));
#16916 = DIRECTION('',(-0.,-1.,0.));
#16917 = ADVANCED_FACE('',(#16918),#16929,.F.);
#16918 = FACE_BOUND('',#16919,.T.);
#16919 = EDGE_LOOP('',(#16920,#16921,#16927,#16928));
#16920 = ORIENTED_EDGE('',*,*,#3433,.T.);
#16921 = ORIENTED_EDGE('',*,*,#16922,.T.);
#16922 = EDGE_CURVE('',#3434,#8655,#16923,.T.);
#16923 = LINE('',#16924,#16925);
#16924 = CARTESIAN_POINT('',(51.391631,-16.609089,-4.6E-02));
#16925 = VECTOR('',#16926,1.);
#16926 = DIRECTION('',(0.,0.,1.));
#16927 = ORIENTED_EDGE('',*,*,#8654,.F.);
#16928 = ORIENTED_EDGE('',*,*,#16922,.F.);
#16929 = CYLINDRICAL_SURFACE('',#16930,0.4953);
#16930 = AXIS2_PLACEMENT_3D('',#16931,#16932,#16933);
#16931 = CARTESIAN_POINT('',(51.391631,-16.113789,-4.6E-02));
#16932 = DIRECTION('',(-0.,-0.,-1.));
#16933 = DIRECTION('',(-1.434570433596E-14,-1.,0.));
#16934 = ADVANCED_FACE('',(#16935),#16946,.F.);
#16935 = FACE_BOUND('',#16936,.T.);
#16936 = EDGE_LOOP('',(#16937,#16938,#16944,#16945));
#16937 = ORIENTED_EDGE('',*,*,#3444,.T.);
#16938 = ORIENTED_EDGE('',*,*,#16939,.T.);
#16939 = EDGE_CURVE('',#3445,#8666,#16940,.T.);
#16940 = LINE('',#16941,#16942);
#16941 = CARTESIAN_POINT('',(64.400862,-20.392565,-4.6E-02));
#16942 = VECTOR('',#16943,1.);
#16943 = DIRECTION('',(0.,0.,1.));
#16944 = ORIENTED_EDGE('',*,*,#8665,.F.);
#16945 = ORIENTED_EDGE('',*,*,#16939,.F.);
#16946 = CYLINDRICAL_SURFACE('',#16947,1.5);
#16947 = AXIS2_PLACEMENT_3D('',#16948,#16949,#16950);
#16948 = CARTESIAN_POINT('',(64.400862,-18.892565,-4.6E-02));
#16949 = DIRECTION('',(-0.,-0.,-1.));
#16950 = DIRECTION('',(-0.,-1.,0.));
#16951 = ADVANCED_FACE('',(#16952),#16963,.F.);
#16952 = FACE_BOUND('',#16953,.T.);
#16953 = EDGE_LOOP('',(#16954,#16955,#16961,#16962));
#16954 = ORIENTED_EDGE('',*,*,#3455,.T.);
#16955 = ORIENTED_EDGE('',*,*,#16956,.T.);
#16956 = EDGE_CURVE('',#3456,#8677,#16957,.T.);
#16957 = LINE('',#16958,#16959);
#16958 = CARTESIAN_POINT('',(67.207106,-29.579658,-4.6E-02));
#16959 = VECTOR('',#16960,1.);
#16960 = DIRECTION('',(0.,0.,1.));
#16961 = ORIENTED_EDGE('',*,*,#8676,.F.);
#16962 = ORIENTED_EDGE('',*,*,#16956,.F.);
#16963 = CYLINDRICAL_SURFACE('',#16964,0.4953);
#16964 = AXIS2_PLACEMENT_3D('',#16965,#16966,#16967);
#16965 = CARTESIAN_POINT('',(67.207106,-29.084358,-4.6E-02));
#16966 = DIRECTION('',(-0.,-0.,-1.));
#16967 = DIRECTION('',(-0.,-1.,0.));
#16968 = ADVANCED_FACE('',(#16969),#16980,.F.);
#16969 = FACE_BOUND('',#16970,.T.);
#16970 = EDGE_LOOP('',(#16971,#16972,#16978,#16979));
#16971 = ORIENTED_EDGE('',*,*,#3466,.T.);
#16972 = ORIENTED_EDGE('',*,*,#16973,.T.);
#16973 = EDGE_CURVE('',#3467,#8688,#16974,.T.);
#16974 = LINE('',#16975,#16976);
#16975 = CARTESIAN_POINT('',(73.09687,-28.434806,-4.6E-02));
#16976 = VECTOR('',#16977,1.);
#16977 = DIRECTION('',(0.,0.,1.));
#16978 = ORIENTED_EDGE('',*,*,#8687,.F.);
#16979 = ORIENTED_EDGE('',*,*,#16973,.F.);
#16980 = CYLINDRICAL_SURFACE('',#16981,0.4953);
#16981 = AXIS2_PLACEMENT_3D('',#16982,#16983,#16984);
#16982 = CARTESIAN_POINT('',(73.09687,-27.939506,-4.6E-02));
#16983 = DIRECTION('',(-0.,-0.,-1.));
#16984 = DIRECTION('',(-0.,-1.,0.));
#16985 = ADVANCED_FACE('',(#16986),#16997,.F.);
#16986 = FACE_BOUND('',#16987,.T.);
#16987 = EDGE_LOOP('',(#16988,#16989,#16995,#16996));
#16988 = ORIENTED_EDGE('',*,*,#3477,.T.);
#16989 = ORIENTED_EDGE('',*,*,#16990,.T.);
#16990 = EDGE_CURVE('',#3478,#8699,#16991,.T.);
#16991 = LINE('',#16992,#16993);
#16992 = CARTESIAN_POINT('',(68.625516,-22.708916,-4.6E-02));
#16993 = VECTOR('',#16994,1.);
#16994 = DIRECTION('',(0.,0.,1.));
#16995 = ORIENTED_EDGE('',*,*,#8698,.F.);
#16996 = ORIENTED_EDGE('',*,*,#16990,.F.);
#16997 = CYLINDRICAL_SURFACE('',#16998,2.05);
#16998 = AXIS2_PLACEMENT_3D('',#16999,#17000,#17001);
#16999 = CARTESIAN_POINT('',(68.625516,-20.658916,-4.6E-02));
#17000 = DIRECTION('',(-0.,-0.,-1.));
#17001 = DIRECTION('',(-0.,-1.,0.));
#17002 = ADVANCED_FACE('',(#17003),#17014,.F.);
#17003 = FACE_BOUND('',#17004,.T.);
#17004 = EDGE_LOOP('',(#17005,#17006,#17012,#17013));
#17005 = ORIENTED_EDGE('',*,*,#3488,.T.);
#17006 = ORIENTED_EDGE('',*,*,#17007,.T.);
#17007 = EDGE_CURVE('',#3489,#8710,#17008,.T.);
#17008 = LINE('',#17009,#17010);
#17009 = CARTESIAN_POINT('',(73.612182,-20.639606,-4.6E-02));
#17010 = VECTOR('',#17011,1.);
#17011 = DIRECTION('',(0.,0.,1.));
#17012 = ORIENTED_EDGE('',*,*,#8709,.F.);
#17013 = ORIENTED_EDGE('',*,*,#17007,.F.);
#17014 = CYLINDRICAL_SURFACE('',#17015,0.95);
#17015 = AXIS2_PLACEMENT_3D('',#17016,#17017,#17018);
#17016 = CARTESIAN_POINT('',(73.612182,-19.689606,-4.6E-02));
#17017 = DIRECTION('',(-0.,-0.,-1.));
#17018 = DIRECTION('',(-0.,-1.,0.));
#17019 = ADVANCED_FACE('',(#17020),#17031,.F.);
#17020 = FACE_BOUND('',#17021,.T.);
#17021 = EDGE_LOOP('',(#17022,#17023,#17029,#17030));
#17022 = ORIENTED_EDGE('',*,*,#3499,.T.);
#17023 = ORIENTED_EDGE('',*,*,#17024,.T.);
#17024 = EDGE_CURVE('',#3500,#8721,#17025,.T.);
#17025 = LINE('',#17026,#17027);
#17026 = CARTESIAN_POINT('',(84.514198,-18.778868,-4.6E-02));
#17027 = VECTOR('',#17028,1.);
#17028 = DIRECTION('',(0.,0.,1.));
#17029 = ORIENTED_EDGE('',*,*,#8720,.F.);
#17030 = ORIENTED_EDGE('',*,*,#17024,.F.);
#17031 = CYLINDRICAL_SURFACE('',#17032,0.4953);
#17032 = AXIS2_PLACEMENT_3D('',#17033,#17034,#17035);
#17033 = CARTESIAN_POINT('',(84.514198,-18.283568,-4.6E-02));
#17034 = DIRECTION('',(-0.,-0.,-1.));
#17035 = DIRECTION('',(-0.,-1.,0.));
#17036 = ADVANCED_FACE('',(#17037),#17048,.F.);
#17037 = FACE_BOUND('',#17038,.T.);
#17038 = EDGE_LOOP('',(#17039,#17040,#17046,#17047));
#17039 = ORIENTED_EDGE('',*,*,#3510,.T.);
#17040 = ORIENTED_EDGE('',*,*,#17041,.T.);
#17041 = EDGE_CURVE('',#3511,#8732,#17042,.T.);
#17042 = LINE('',#17043,#17044);
#17043 = CARTESIAN_POINT('',(90.403962,-17.634016,-4.6E-02));
#17044 = VECTOR('',#17045,1.);
#17045 = DIRECTION('',(0.,0.,1.));
#17046 = ORIENTED_EDGE('',*,*,#8731,.F.);
#17047 = ORIENTED_EDGE('',*,*,#17041,.F.);
#17048 = CYLINDRICAL_SURFACE('',#17049,0.4953);
#17049 = AXIS2_PLACEMENT_3D('',#17050,#17051,#17052);
#17050 = CARTESIAN_POINT('',(90.403962,-17.138716,-4.6E-02));
#17051 = DIRECTION('',(-0.,-0.,-1.));
#17052 = DIRECTION('',(-0.,-1.,0.));
#17053 = ADVANCED_FACE('',(#17054),#17065,.F.);
#17054 = FACE_BOUND('',#17055,.T.);
#17055 = EDGE_LOOP('',(#17056,#17057,#17063,#17064));
#17056 = ORIENTED_EDGE('',*,*,#3521,.T.);
#17057 = ORIENTED_EDGE('',*,*,#17058,.T.);
#17058 = EDGE_CURVE('',#3522,#8743,#17059,.T.);
#17059 = LINE('',#17060,#17061);
#17060 = CARTESIAN_POINT('',(104.416293,-21.328208,-4.6E-02));
#17061 = VECTOR('',#17062,1.);
#17062 = DIRECTION('',(0.,0.,1.));
#17063 = ORIENTED_EDGE('',*,*,#8742,.F.);
#17064 = ORIENTED_EDGE('',*,*,#17058,.F.);
#17065 = CYLINDRICAL_SURFACE('',#17066,0.4953);
#17066 = AXIS2_PLACEMENT_3D('',#17067,#17068,#17069);
#17067 = CARTESIAN_POINT('',(104.416293,-20.832908,-4.6E-02));
#17068 = DIRECTION('',(-0.,-0.,-1.));
#17069 = DIRECTION('',(-0.,-1.,0.));
#17070 = ADVANCED_FACE('',(#17071),#17082,.F.);
#17071 = FACE_BOUND('',#17072,.T.);
#17072 = EDGE_LOOP('',(#17073,#17074,#17080,#17081));
#17073 = ORIENTED_EDGE('',*,*,#3532,.T.);
#17074 = ORIENTED_EDGE('',*,*,#17075,.T.);
#17075 = EDGE_CURVE('',#3533,#8754,#17076,.T.);
#17076 = LINE('',#17077,#17078);
#17077 = CARTESIAN_POINT('',(110.306057,-20.183356,-4.6E-02));
#17078 = VECTOR('',#17079,1.);
#17079 = DIRECTION('',(0.,0.,1.));
#17080 = ORIENTED_EDGE('',*,*,#8753,.F.);
#17081 = ORIENTED_EDGE('',*,*,#17075,.F.);
#17082 = CYLINDRICAL_SURFACE('',#17083,0.4953);
#17083 = AXIS2_PLACEMENT_3D('',#17084,#17085,#17086);
#17084 = CARTESIAN_POINT('',(110.306057,-19.688056,-4.6E-02));
#17085 = DIRECTION('',(-0.,-0.,-1.));
#17086 = DIRECTION('',(-0.,-1.,0.));
#17087 = ADVANCED_FACE('',(#17088),#17099,.F.);
#17088 = FACE_BOUND('',#17089,.T.);
#17089 = EDGE_LOOP('',(#17090,#17091,#17097,#17098));
#17090 = ORIENTED_EDGE('',*,*,#3543,.T.);
#17091 = ORIENTED_EDGE('',*,*,#17092,.T.);
#17092 = EDGE_CURVE('',#3544,#8765,#17093,.T.);
#17093 = LINE('',#17094,#17095);
#17094 = CARTESIAN_POINT('',(-127.756256,-10.118787,-4.6E-02));
#17095 = VECTOR('',#17096,1.);
#17096 = DIRECTION('',(0.,0.,1.));
#17097 = ORIENTED_EDGE('',*,*,#8764,.F.);
#17098 = ORIENTED_EDGE('',*,*,#17092,.F.);
#17099 = CYLINDRICAL_SURFACE('',#17100,0.4953);
#17100 = AXIS2_PLACEMENT_3D('',#17101,#17102,#17103);
#17101 = CARTESIAN_POINT('',(-127.756256,-9.623487,-4.6E-02));
#17102 = DIRECTION('',(-0.,-0.,-1.));
#17103 = DIRECTION('',(-0.,-1.,0.));
#17104 = ADVANCED_FACE('',(#17105),#17116,.F.);
#17105 = FACE_BOUND('',#17106,.T.);
#17106 = EDGE_LOOP('',(#17107,#17108,#17114,#17115));
#17107 = ORIENTED_EDGE('',*,*,#3554,.T.);
#17108 = ORIENTED_EDGE('',*,*,#17109,.T.);
#17109 = EDGE_CURVE('',#3555,#8776,#17110,.T.);
#17110 = LINE('',#17111,#17112);
#17111 = CARTESIAN_POINT('',(-121.866492,-11.263639,-4.6E-02));
#17112 = VECTOR('',#17113,1.);
#17113 = DIRECTION('',(0.,0.,1.));
#17114 = ORIENTED_EDGE('',*,*,#8775,.F.);
#17115 = ORIENTED_EDGE('',*,*,#17109,.F.);
#17116 = CYLINDRICAL_SURFACE('',#17117,0.4953);
#17117 = AXIS2_PLACEMENT_3D('',#17118,#17119,#17120);
#17118 = CARTESIAN_POINT('',(-121.866492,-10.768339,-4.6E-02));
#17119 = DIRECTION('',(-0.,-0.,-1.));
#17120 = DIRECTION('',(-0.,-1.,0.));
#17121 = ADVANCED_FACE('',(#17122),#17133,.F.);
#17122 = FACE_BOUND('',#17123,.T.);
#17123 = EDGE_LOOP('',(#17124,#17125,#17131,#17132));
#17124 = ORIENTED_EDGE('',*,*,#3565,.T.);
#17125 = ORIENTED_EDGE('',*,*,#17126,.T.);
#17126 = EDGE_CURVE('',#3566,#8787,#17127,.T.);
#17127 = LINE('',#17128,#17129);
#17128 = CARTESIAN_POINT('',(-100.848037,-14.326776,-4.6E-02));
#17129 = VECTOR('',#17130,1.);
#17130 = DIRECTION('',(0.,0.,1.));
#17131 = ORIENTED_EDGE('',*,*,#8786,.F.);
#17132 = ORIENTED_EDGE('',*,*,#17126,.F.);
#17133 = CYLINDRICAL_SURFACE('',#17134,0.95);
#17134 = AXIS2_PLACEMENT_3D('',#17135,#17136,#17137);
#17135 = CARTESIAN_POINT('',(-100.848037,-13.376776,-4.6E-02));
#17136 = DIRECTION('',(-0.,-0.,-1.));
#17137 = DIRECTION('',(-0.,-1.,0.));
#17138 = ADVANCED_FACE('',(#17139),#17150,.F.);
#17139 = FACE_BOUND('',#17140,.T.);
#17140 = EDGE_LOOP('',(#17141,#17142,#17148,#17149));
#17141 = ORIENTED_EDGE('',*,*,#3576,.T.);
#17142 = ORIENTED_EDGE('',*,*,#17143,.T.);
#17143 = EDGE_CURVE('',#3577,#8798,#17144,.T.);
#17144 = LINE('',#17145,#17146);
#17145 = CARTESIAN_POINT('',(-110.821369,-12.388156,-4.6E-02));
#17146 = VECTOR('',#17147,1.);
#17147 = DIRECTION('',(0.,0.,1.));
#17148 = ORIENTED_EDGE('',*,*,#8797,.F.);
#17149 = ORIENTED_EDGE('',*,*,#17143,.F.);
#17150 = CYLINDRICAL_SURFACE('',#17151,0.95);
#17151 = AXIS2_PLACEMENT_3D('',#17152,#17153,#17154);
#17152 = CARTESIAN_POINT('',(-110.821369,-11.438156,-4.6E-02));
#17153 = DIRECTION('',(-0.,-0.,-1.));
#17154 = DIRECTION('',(-0.,-1.,0.));
#17155 = ADVANCED_FACE('',(#17156),#17167,.F.);
#17156 = FACE_BOUND('',#17157,.T.);
#17157 = EDGE_LOOP('',(#17158,#17159,#17165,#17166));
#17158 = ORIENTED_EDGE('',*,*,#3587,.T.);
#17159 = ORIENTED_EDGE('',*,*,#17160,.T.);
#17160 = EDGE_CURVE('',#3588,#8809,#17161,.T.);
#17161 = LINE('',#17162,#17163);
#17162 = CARTESIAN_POINT('',(-105.834703,-14.457466,-4.6E-02));
#17163 = VECTOR('',#17164,1.);
#17164 = DIRECTION('',(0.,0.,1.));
#17165 = ORIENTED_EDGE('',*,*,#8808,.F.);
#17166 = ORIENTED_EDGE('',*,*,#17160,.F.);
#17167 = CYLINDRICAL_SURFACE('',#17168,2.05);
#17168 = AXIS2_PLACEMENT_3D('',#17169,#17170,#17171);
#17169 = CARTESIAN_POINT('',(-105.834703,-12.407466,-4.6E-02));
#17170 = DIRECTION('',(-0.,-0.,-1.));
#17171 = DIRECTION('',(-6.932124251318E-15,-1.,0.));
#17172 = ADVANCED_FACE('',(#17173),#17184,.F.);
#17173 = FACE_BOUND('',#17174,.T.);
#17174 = EDGE_LOOP('',(#17175,#17176,#17182,#17183));
#17175 = ORIENTED_EDGE('',*,*,#3598,.T.);
#17176 = ORIENTED_EDGE('',*,*,#17177,.T.);
#17177 = EDGE_CURVE('',#3599,#8820,#17178,.T.);
#17178 = LINE('',#17179,#17180);
#17179 = CARTESIAN_POINT('',(-118.298236,-4.262207,-4.6E-02));
#17180 = VECTOR('',#17181,1.);
#17181 = DIRECTION('',(0.,0.,1.));
#17182 = ORIENTED_EDGE('',*,*,#8819,.F.);
#17183 = ORIENTED_EDGE('',*,*,#17177,.F.);
#17184 = CYLINDRICAL_SURFACE('',#17185,0.95);
#17185 = AXIS2_PLACEMENT_3D('',#17186,#17187,#17188);
#17186 = CARTESIAN_POINT('',(-118.298236,-3.312207,-4.6E-02));
#17187 = DIRECTION('',(-0.,-0.,-1.));
#17188 = DIRECTION('',(-0.,-1.,0.));
#17189 = ADVANCED_FACE('',(#17190),#17201,.F.);
#17190 = FACE_BOUND('',#17191,.T.);
#17191 = EDGE_LOOP('',(#17192,#17193,#17199,#17200));
#17192 = ORIENTED_EDGE('',*,*,#3609,.T.);
#17193 = ORIENTED_EDGE('',*,*,#17194,.T.);
#17194 = EDGE_CURVE('',#3610,#8831,#17195,.T.);
#17195 = LINE('',#17196,#17197);
#17196 = CARTESIAN_POINT('',(-109.090048,-10.687151,-4.6E-02));
#17197 = VECTOR('',#17198,1.);
#17198 = DIRECTION('',(0.,0.,1.));
#17199 = ORIENTED_EDGE('',*,*,#8830,.F.);
#17200 = ORIENTED_EDGE('',*,*,#17194,.F.);
#17201 = CYLINDRICAL_SURFACE('',#17202,1.5);
#17202 = AXIS2_PLACEMENT_3D('',#17203,#17204,#17205);
#17203 = CARTESIAN_POINT('',(-109.090048,-9.187151,-4.6E-02));
#17204 = DIRECTION('',(-0.,-0.,-1.));
#17205 = DIRECTION('',(-0.,-1.,0.));
#17206 = ADVANCED_FACE('',(#17207),#17218,.F.);
#17207 = FACE_BOUND('',#17208,.T.);
#17208 = EDGE_LOOP('',(#17209,#17210,#17216,#17217));
#17209 = ORIENTED_EDGE('',*,*,#3620,.T.);
#17210 = ORIENTED_EDGE('',*,*,#17211,.T.);
#17211 = EDGE_CURVE('',#3621,#8842,#17212,.T.);
#17212 = LINE('',#17213,#17214);
#17213 = CARTESIAN_POINT('',(-102.37206,-9.405455,-4.6E-02));
#17214 = VECTOR('',#17215,1.);
#17215 = DIRECTION('',(0.,0.,1.));
#17216 = ORIENTED_EDGE('',*,*,#8841,.F.);
#17217 = ORIENTED_EDGE('',*,*,#17211,.F.);
#17218 = CYLINDRICAL_SURFACE('',#17219,1.5);
#17219 = AXIS2_PLACEMENT_3D('',#17220,#17221,#17222);
#17220 = CARTESIAN_POINT('',(-102.37206,-7.905455,-4.6E-02));
#17221 = DIRECTION('',(-0.,-0.,-1.));
#17222 = DIRECTION('',(-0.,-1.,0.));
#17223 = ADVANCED_FACE('',(#17224),#17235,.F.);
#17224 = FACE_BOUND('',#17225,.T.);
#17225 = EDGE_LOOP('',(#17226,#17227,#17233,#17234));
#17226 = ORIENTED_EDGE('',*,*,#3631,.T.);
#17227 = ORIENTED_EDGE('',*,*,#17228,.T.);
#17228 = EDGE_CURVE('',#3632,#8853,#17229,.T.);
#17229 = LINE('',#17230,#17231);
#17230 = CARTESIAN_POINT('',(-85.932608,-11.908126,-4.6E-02));
#17231 = VECTOR('',#17232,1.);
#17232 = DIRECTION('',(0.,0.,1.));
#17233 = ORIENTED_EDGE('',*,*,#8852,.F.);
#17234 = ORIENTED_EDGE('',*,*,#17228,.F.);
#17235 = CYLINDRICAL_SURFACE('',#17236,2.05);
#17236 = AXIS2_PLACEMENT_3D('',#17237,#17238,#17239);
#17237 = CARTESIAN_POINT('',(-85.932608,-9.858126,-4.6E-02));
#17238 = DIRECTION('',(-0.,-0.,-1.));
#17239 = DIRECTION('',(-0.,-1.,0.));
#17240 = ADVANCED_FACE('',(#17241),#17252,.F.);
#17241 = FACE_BOUND('',#17242,.T.);
#17242 = EDGE_LOOP('',(#17243,#17244,#17250,#17251));
#17243 = ORIENTED_EDGE('',*,*,#3642,.T.);
#17244 = ORIENTED_EDGE('',*,*,#17245,.T.);
#17245 = EDGE_CURVE('',#3643,#8864,#17246,.T.);
#17246 = LINE('',#17247,#17248);
#17247 = CARTESIAN_POINT('',(-80.945942,-11.777436,-4.6E-02));
#17248 = VECTOR('',#17249,1.);
#17249 = DIRECTION('',(0.,0.,1.));
#17250 = ORIENTED_EDGE('',*,*,#8863,.F.);
#17251 = ORIENTED_EDGE('',*,*,#17245,.F.);
#17252 = CYLINDRICAL_SURFACE('',#17253,0.95);
#17253 = AXIS2_PLACEMENT_3D('',#17254,#17255,#17256);
#17254 = CARTESIAN_POINT('',(-80.945942,-10.827436,-4.6E-02));
#17255 = DIRECTION('',(-0.,-0.,-1.));
#17256 = DIRECTION('',(-0.,-1.,0.));
#17257 = ADVANCED_FACE('',(#17258),#17269,.F.);
#17258 = FACE_BOUND('',#17259,.T.);
#17259 = EDGE_LOOP('',(#17260,#17261,#17267,#17268));
#17260 = ORIENTED_EDGE('',*,*,#3653,.T.);
#17261 = ORIENTED_EDGE('',*,*,#17262,.T.);
#17262 = EDGE_CURVE('',#3654,#8875,#17263,.T.);
#17263 = LINE('',#17264,#17265);
#17264 = CARTESIAN_POINT('',(-90.919274,-9.838816,-4.6E-02));
#17265 = VECTOR('',#17266,1.);
#17266 = DIRECTION('',(0.,0.,1.));
#17267 = ORIENTED_EDGE('',*,*,#8874,.F.);
#17268 = ORIENTED_EDGE('',*,*,#17262,.F.);
#17269 = CYLINDRICAL_SURFACE('',#17270,0.95);
#17270 = AXIS2_PLACEMENT_3D('',#17271,#17272,#17273);
#17271 = CARTESIAN_POINT('',(-90.919274,-8.888816,-4.6E-02));
#17272 = DIRECTION('',(-0.,-0.,-1.));
#17273 = DIRECTION('',(-0.,-1.,0.));
#17274 = ADVANCED_FACE('',(#17275),#17286,.F.);
#17275 = FACE_BOUND('',#17276,.T.);
#17276 = EDGE_LOOP('',(#17277,#17278,#17284,#17285));
#17277 = ORIENTED_EDGE('',*,*,#3664,.T.);
#17278 = ORIENTED_EDGE('',*,*,#17279,.T.);
#17279 = EDGE_CURVE('',#3665,#8886,#17280,.T.);
#17280 = LINE('',#17281,#17282);
#17281 = CARTESIAN_POINT('',(-89.187953,-8.137811,-4.6E-02));
#17282 = VECTOR('',#17283,1.);
#17283 = DIRECTION('',(0.,0.,1.));
#17284 = ORIENTED_EDGE('',*,*,#8885,.F.);
#17285 = ORIENTED_EDGE('',*,*,#17279,.F.);
#17286 = CYLINDRICAL_SURFACE('',#17287,1.5);
#17287 = AXIS2_PLACEMENT_3D('',#17288,#17289,#17290);
#17288 = CARTESIAN_POINT('',(-89.187953,-6.637811,-4.6E-02));
#17289 = DIRECTION('',(-0.,-0.,-1.));
#17290 = DIRECTION('',(-0.,-1.,0.));
#17291 = ADVANCED_FACE('',(#17292),#17303,.F.);
#17292 = FACE_BOUND('',#17293,.T.);
#17293 = EDGE_LOOP('',(#17294,#17295,#17301,#17302));
#17294 = ORIENTED_EDGE('',*,*,#3675,.T.);
#17295 = ORIENTED_EDGE('',*,*,#17296,.T.);
#17296 = EDGE_CURVE('',#3676,#8897,#17297,.T.);
#17297 = LINE('',#17298,#17299);
#17298 = CARTESIAN_POINT('',(-82.469965,-6.856115,-4.6E-02));
#17299 = VECTOR('',#17300,1.);
#17300 = DIRECTION('',(0.,0.,1.));
#17301 = ORIENTED_EDGE('',*,*,#8896,.F.);
#17302 = ORIENTED_EDGE('',*,*,#17296,.F.);
#17303 = CYLINDRICAL_SURFACE('',#17304,1.5);
#17304 = AXIS2_PLACEMENT_3D('',#17305,#17306,#17307);
#17305 = CARTESIAN_POINT('',(-82.469965,-5.356115,-4.6E-02));
#17306 = DIRECTION('',(-0.,-0.,-1.));
#17307 = DIRECTION('',(-0.,-1.,0.));
#17308 = ADVANCED_FACE('',(#17309),#17320,.F.);
#17309 = FACE_BOUND('',#17310,.T.);
#17310 = EDGE_LOOP('',(#17311,#17312,#17318,#17319));
#17311 = ORIENTED_EDGE('',*,*,#3686,.T.);
#17312 = ORIENTED_EDGE('',*,*,#17313,.T.);
#17313 = EDGE_CURVE('',#3687,#8908,#17314,.T.);
#17314 = LINE('',#17315,#17316);
#17315 = CARTESIAN_POINT('',(-69.461959,-9.734808,-4.6E-02));
#17316 = VECTOR('',#17317,1.);
#17317 = DIRECTION('',(0.,0.,1.));
#17318 = ORIENTED_EDGE('',*,*,#8907,.F.);
#17319 = ORIENTED_EDGE('',*,*,#17313,.F.);
#17320 = CYLINDRICAL_SURFACE('',#17321,0.4953);
#17321 = AXIS2_PLACEMENT_3D('',#17322,#17323,#17324);
#17322 = CARTESIAN_POINT('',(-69.461959,-9.239508,-4.6E-02));
#17323 = DIRECTION('',(-0.,0.,-1.));
#17324 = DIRECTION('',(2.869140867192E-14,-1.,-0.));
#17325 = ADVANCED_FACE('',(#17326),#17337,.F.);
#17326 = FACE_BOUND('',#17327,.T.);
#17327 = EDGE_LOOP('',(#17328,#17329,#17335,#17336));
#17328 = ORIENTED_EDGE('',*,*,#3697,.T.);
#17329 = ORIENTED_EDGE('',*,*,#17330,.T.);
#17330 = EDGE_CURVE('',#3698,#8919,#17331,.T.);
#17331 = LINE('',#17332,#17333);
#17332 = CARTESIAN_POINT('',(-123.284902,-4.392897,-4.6E-02));
#17333 = VECTOR('',#17334,1.);
#17334 = DIRECTION('',(0.,0.,1.));
#17335 = ORIENTED_EDGE('',*,*,#8918,.F.);
#17336 = ORIENTED_EDGE('',*,*,#17330,.F.);
#17337 = CYLINDRICAL_SURFACE('',#17338,2.05);
#17338 = AXIS2_PLACEMENT_3D('',#17339,#17340,#17341);
#17339 = CARTESIAN_POINT('',(-123.284902,-2.342897,-4.6E-02));
#17340 = DIRECTION('',(-0.,-0.,-1.));
#17341 = DIRECTION('',(-0.,-1.,0.));
#17342 = ADVANCED_FACE('',(#17343),#17354,.F.);
#17343 = FACE_BOUND('',#17344,.T.);
#17344 = EDGE_LOOP('',(#17345,#17346,#17352,#17353));
#17345 = ORIENTED_EDGE('',*,*,#3708,.T.);
#17346 = ORIENTED_EDGE('',*,*,#17347,.T.);
#17347 = EDGE_CURVE('',#3709,#8930,#17348,.T.);
#17348 = LINE('',#17349,#17350);
#17349 = CARTESIAN_POINT('',(-128.271568,-2.323587,-4.6E-02));
#17350 = VECTOR('',#17351,1.);
#17351 = DIRECTION('',(0.,0.,1.));
#17352 = ORIENTED_EDGE('',*,*,#8929,.F.);
#17353 = ORIENTED_EDGE('',*,*,#17347,.F.);
#17354 = CYLINDRICAL_SURFACE('',#17355,0.95);
#17355 = AXIS2_PLACEMENT_3D('',#17356,#17357,#17358);
#17356 = CARTESIAN_POINT('',(-128.271568,-1.373587,-4.6E-02));
#17357 = DIRECTION('',(-0.,-0.,-1.));
#17358 = DIRECTION('',(-0.,-1.,0.));
#17359 = ADVANCED_FACE('',(#17360),#17371,.F.);
#17360 = FACE_BOUND('',#17361,.T.);
#17361 = EDGE_LOOP('',(#17362,#17363,#17369,#17370));
#17362 = ORIENTED_EDGE('',*,*,#3719,.T.);
#17363 = ORIENTED_EDGE('',*,*,#17364,.T.);
#17364 = EDGE_CURVE('',#3720,#8941,#17365,.T.);
#17365 = LINE('',#17366,#17367);
#17366 = CARTESIAN_POINT('',(-126.540247,-0.622582,-4.6E-02));
#17367 = VECTOR('',#17368,1.);
#17368 = DIRECTION('',(0.,0.,1.));
#17369 = ORIENTED_EDGE('',*,*,#8940,.F.);
#17370 = ORIENTED_EDGE('',*,*,#17364,.F.);
#17371 = CYLINDRICAL_SURFACE('',#17372,1.5);
#17372 = AXIS2_PLACEMENT_3D('',#17373,#17374,#17375);
#17373 = CARTESIAN_POINT('',(-126.540247,0.877418,-4.6E-02));
#17374 = DIRECTION('',(-0.,-0.,-1.));
#17375 = DIRECTION('',(-0.,-1.,0.));
#17376 = ADVANCED_FACE('',(#17377),#17388,.F.);
#17377 = FACE_BOUND('',#17378,.T.);
#17378 = EDGE_LOOP('',(#17379,#17380,#17386,#17387));
#17379 = ORIENTED_EDGE('',*,*,#3730,.T.);
#17380 = ORIENTED_EDGE('',*,*,#17381,.T.);
#17381 = EDGE_CURVE('',#3731,#8952,#17382,.T.);
#17382 = LINE('',#17383,#17384);
#17383 = CARTESIAN_POINT('',(-119.822259,0.659114,-4.6E-02));
#17384 = VECTOR('',#17385,1.);
#17385 = DIRECTION('',(0.,0.,1.));
#17386 = ORIENTED_EDGE('',*,*,#8951,.F.);
#17387 = ORIENTED_EDGE('',*,*,#17381,.F.);
#17388 = CYLINDRICAL_SURFACE('',#17389,1.5);
#17389 = AXIS2_PLACEMENT_3D('',#17390,#17391,#17392);
#17390 = CARTESIAN_POINT('',(-119.822259,2.159114,-4.6E-02));
#17391 = DIRECTION('',(-0.,-0.,-1.));
#17392 = DIRECTION('',(-0.,-1.,0.));
#17393 = ADVANCED_FACE('',(#17394),#17405,.F.);
#17394 = FACE_BOUND('',#17395,.T.);
#17395 = EDGE_LOOP('',(#17396,#17397,#17403,#17404));
#17396 = ORIENTED_EDGE('',*,*,#3741,.T.);
#17397 = ORIENTED_EDGE('',*,*,#17398,.T.);
#17398 = EDGE_CURVE('',#3742,#8963,#17399,.T.);
#17399 = LINE('',#17400,#17401);
#17400 = CARTESIAN_POINT('',(-106.671145,-1.483358,-4.6E-02));
#17401 = VECTOR('',#17402,1.);
#17402 = DIRECTION('',(0.,0.,1.));
#17403 = ORIENTED_EDGE('',*,*,#8962,.F.);
#17404 = ORIENTED_EDGE('',*,*,#17398,.F.);
#17405 = CYLINDRICAL_SURFACE('',#17406,0.4953);
#17406 = AXIS2_PLACEMENT_3D('',#17407,#17408,#17409);
#17407 = CARTESIAN_POINT('',(-106.671145,-0.988058,-4.6E-02));
#17408 = DIRECTION('',(-0.,-0.,-1.));
#17409 = DIRECTION('',(-0.,-1.,0.));
#17410 = ADVANCED_FACE('',(#17411),#17422,.F.);
#17411 = FACE_BOUND('',#17412,.T.);
#17412 = EDGE_LOOP('',(#17413,#17414,#17420,#17421));
#17413 = ORIENTED_EDGE('',*,*,#3752,.T.);
#17414 = ORIENTED_EDGE('',*,*,#17415,.T.);
#17415 = EDGE_CURVE('',#3753,#8974,#17416,.T.);
#17416 = LINE('',#17417,#17418);
#17417 = CARTESIAN_POINT('',(-100.781381,-2.62821,-4.6E-02));
#17418 = VECTOR('',#17419,1.);
#17419 = DIRECTION('',(0.,0.,1.));
#17420 = ORIENTED_EDGE('',*,*,#8973,.F.);
#17421 = ORIENTED_EDGE('',*,*,#17415,.F.);
#17422 = CYLINDRICAL_SURFACE('',#17423,0.4953);
#17423 = AXIS2_PLACEMENT_3D('',#17424,#17425,#17426);
#17424 = CARTESIAN_POINT('',(-100.781381,-2.13291,-4.6E-02));
#17425 = DIRECTION('',(-0.,-0.,-1.));
#17426 = DIRECTION('',(-0.,-1.,0.));
#17427 = ADVANCED_FACE('',(#17428),#17439,.F.);
#17428 = FACE_BOUND('',#17429,.T.);
#17429 = EDGE_LOOP('',(#17430,#17431,#17437,#17438));
#17430 = ORIENTED_EDGE('',*,*,#3763,.T.);
#17431 = ORIENTED_EDGE('',*,*,#17432,.T.);
#17432 = EDGE_CURVE('',#3764,#8985,#17433,.T.);
#17433 = LINE('',#17434,#17435);
#17434 = CARTESIAN_POINT('',(-124.121344,8.581211,-4.6E-02));
#17435 = VECTOR('',#17436,1.);
#17436 = DIRECTION('',(0.,0.,1.));
#17437 = ORIENTED_EDGE('',*,*,#8984,.F.);
#17438 = ORIENTED_EDGE('',*,*,#17432,.F.);
#17439 = CYLINDRICAL_SURFACE('',#17440,0.4953);
#17440 = AXIS2_PLACEMENT_3D('',#17441,#17442,#17443);
#17441 = CARTESIAN_POINT('',(-124.121344,9.076511,-4.6E-02));
#17442 = DIRECTION('',(-0.,-0.,-1.));
#17443 = DIRECTION('',(-0.,-1.,0.));
#17444 = ADVANCED_FACE('',(#17445),#17456,.F.);
#17445 = FACE_BOUND('',#17446,.T.);
#17446 = EDGE_LOOP('',(#17447,#17448,#17454,#17455));
#17447 = ORIENTED_EDGE('',*,*,#3774,.T.);
#17448 = ORIENTED_EDGE('',*,*,#17449,.T.);
#17449 = EDGE_CURVE('',#3775,#8996,#17450,.T.);
#17450 = LINE('',#17451,#17452);
#17451 = CARTESIAN_POINT('',(-118.23158,7.436359,-4.6E-02));
#17452 = VECTOR('',#17453,1.);
#17453 = DIRECTION('',(0.,0.,1.));
#17454 = ORIENTED_EDGE('',*,*,#8995,.F.);
#17455 = ORIENTED_EDGE('',*,*,#17449,.F.);
#17456 = CYLINDRICAL_SURFACE('',#17457,0.4953);
#17457 = AXIS2_PLACEMENT_3D('',#17458,#17459,#17460);
#17458 = CARTESIAN_POINT('',(-118.23158,7.931659,-4.6E-02));
#17459 = DIRECTION('',(-0.,-0.,-1.));
#17460 = DIRECTION('',(-0.,-1.,0.));
#17461 = ADVANCED_FACE('',(#17462),#17473,.F.);
#17462 = FACE_BOUND('',#17463,.T.);
#17463 = EDGE_LOOP('',(#17464,#17465,#17471,#17472));
#17464 = ORIENTED_EDGE('',*,*,#3785,.T.);
#17465 = ORIENTED_EDGE('',*,*,#17466,.T.);
#17466 = EDGE_CURVE('',#3786,#9007,#17467,.T.);
#17467 = LINE('',#17468,#17469);
#17468 = CARTESIAN_POINT('',(-97.213125,4.373222,-4.6E-02));
#17469 = VECTOR('',#17470,1.);
#17470 = DIRECTION('',(0.,0.,1.));
#17471 = ORIENTED_EDGE('',*,*,#9006,.F.);
#17472 = ORIENTED_EDGE('',*,*,#17466,.F.);
#17473 = CYLINDRICAL_SURFACE('',#17474,0.95);
#17474 = AXIS2_PLACEMENT_3D('',#17475,#17476,#17477);
#17475 = CARTESIAN_POINT('',(-97.213125,5.323222,-4.6E-02));
#17476 = DIRECTION('',(-0.,-0.,-1.));
#17477 = DIRECTION('',(-1.495879443705E-14,-1.,0.));
#17478 = ADVANCED_FACE('',(#17479),#17490,.F.);
#17479 = FACE_BOUND('',#17480,.T.);
#17480 = EDGE_LOOP('',(#17481,#17482,#17488,#17489));
#17481 = ORIENTED_EDGE('',*,*,#3796,.T.);
#17482 = ORIENTED_EDGE('',*,*,#17483,.T.);
#17483 = EDGE_CURVE('',#3797,#9018,#17484,.T.);
#17484 = LINE('',#17485,#17486);
#17485 = CARTESIAN_POINT('',(-107.186457,6.311842,-4.6E-02));
#17486 = VECTOR('',#17487,1.);
#17487 = DIRECTION('',(0.,0.,1.));
#17488 = ORIENTED_EDGE('',*,*,#9017,.F.);
#17489 = ORIENTED_EDGE('',*,*,#17483,.F.);
#17490 = CYLINDRICAL_SURFACE('',#17491,0.95);
#17491 = AXIS2_PLACEMENT_3D('',#17492,#17493,#17494);
#17492 = CARTESIAN_POINT('',(-107.186457,7.261842,-4.6E-02));
#17493 = DIRECTION('',(-0.,-0.,-1.));
#17494 = DIRECTION('',(-1.495879443705E-14,-1.,0.));
#17495 = ADVANCED_FACE('',(#17496),#17507,.F.);
#17496 = FACE_BOUND('',#17497,.T.);
#17497 = EDGE_LOOP('',(#17498,#17499,#17505,#17506));
#17498 = ORIENTED_EDGE('',*,*,#3807,.T.);
#17499 = ORIENTED_EDGE('',*,*,#17500,.T.);
#17500 = EDGE_CURVE('',#3808,#9029,#17501,.T.);
#17501 = LINE('',#17502,#17503);
#17502 = CARTESIAN_POINT('',(-102.199791,4.242532,-4.6E-02));
#17503 = VECTOR('',#17504,1.);
#17504 = DIRECTION('',(0.,0.,1.));
#17505 = ORIENTED_EDGE('',*,*,#9028,.F.);
#17506 = ORIENTED_EDGE('',*,*,#17500,.F.);
#17507 = CYLINDRICAL_SURFACE('',#17508,2.05);
#17508 = AXIS2_PLACEMENT_3D('',#17509,#17510,#17511);
#17509 = CARTESIAN_POINT('',(-102.199791,6.292532,-4.6E-02));
#17510 = DIRECTION('',(-0.,-0.,-1.));
#17511 = DIRECTION('',(-0.,-1.,0.));
#17512 = ADVANCED_FACE('',(#17513),#17524,.F.);
#17513 = FACE_BOUND('',#17514,.T.);
#17514 = EDGE_LOOP('',(#17515,#17516,#17522,#17523));
#17515 = ORIENTED_EDGE('',*,*,#3818,.T.);
#17516 = ORIENTED_EDGE('',*,*,#17517,.T.);
#17517 = EDGE_CURVE('',#3819,#9040,#17518,.T.);
#17518 = LINE('',#17519,#17520);
#17519 = CARTESIAN_POINT('',(-80.879287,-7.887E-02,-4.6E-02));
#17520 = VECTOR('',#17521,1.);
#17521 = DIRECTION('',(0.,0.,1.));
#17522 = ORIENTED_EDGE('',*,*,#9039,.F.);
#17523 = ORIENTED_EDGE('',*,*,#17517,.F.);
#17524 = CYLINDRICAL_SURFACE('',#17525,0.4953);
#17525 = AXIS2_PLACEMENT_3D('',#17526,#17527,#17528);
#17526 = CARTESIAN_POINT('',(-80.879287,0.41643,-4.6E-02));
#17527 = DIRECTION('',(-0.,-0.,-1.));
#17528 = DIRECTION('',(-0.,-1.,0.));
#17529 = ADVANCED_FACE('',(#17530),#17541,.F.);
#17530 = FACE_BOUND('',#17531,.T.);
#17531 = EDGE_LOOP('',(#17532,#17533,#17539,#17540));
#17532 = ORIENTED_EDGE('',*,*,#3829,.T.);
#17533 = ORIENTED_EDGE('',*,*,#17534,.T.);
#17534 = EDGE_CURVE('',#3830,#9051,#17535,.T.);
#17535 = LINE('',#17536,#17537);
#17536 = CARTESIAN_POINT('',(-86.769051,1.065982,-4.6E-02));
#17537 = VECTOR('',#17538,1.);
#17538 = DIRECTION('',(0.,0.,1.));
#17539 = ORIENTED_EDGE('',*,*,#9050,.F.);
#17540 = ORIENTED_EDGE('',*,*,#17534,.F.);
#17541 = CYLINDRICAL_SURFACE('',#17542,0.4953);
#17542 = AXIS2_PLACEMENT_3D('',#17543,#17544,#17545);
#17543 = CARTESIAN_POINT('',(-86.769051,1.561282,-4.6E-02));
#17544 = DIRECTION('',(-0.,-0.,-1.));
#17545 = DIRECTION('',(-0.,-1.,0.));
#17546 = ADVANCED_FACE('',(#17547),#17558,.F.);
#17547 = FACE_BOUND('',#17548,.T.);
#17548 = EDGE_LOOP('',(#17549,#17550,#17556,#17557));
#17549 = ORIENTED_EDGE('',*,*,#3840,.T.);
#17550 = ORIENTED_EDGE('',*,*,#17551,.T.);
#17551 = EDGE_CURVE('',#3841,#9062,#17552,.T.);
#17552 = LINE('',#17553,#17554);
#17553 = CARTESIAN_POINT('',(-64.990605,-4.008918,-4.6E-02));
#17554 = VECTOR('',#17555,1.);
#17555 = DIRECTION('',(0.,0.,1.));
#17556 = ORIENTED_EDGE('',*,*,#9061,.F.);
#17557 = ORIENTED_EDGE('',*,*,#17551,.F.);
#17558 = CYLINDRICAL_SURFACE('',#17559,2.05);
#17559 = AXIS2_PLACEMENT_3D('',#17560,#17561,#17562);
#17560 = CARTESIAN_POINT('',(-64.990605,-1.958918,-4.6E-02));
#17561 = DIRECTION('',(-0.,-0.,-1.));
#17562 = DIRECTION('',(-0.,-1.,0.));
#17563 = ADVANCED_FACE('',(#17564),#17575,.F.);
#17564 = FACE_BOUND('',#17565,.T.);
#17565 = EDGE_LOOP('',(#17566,#17567,#17573,#17574));
#17566 = ORIENTED_EDGE('',*,*,#3851,.T.);
#17567 = ORIENTED_EDGE('',*,*,#17568,.T.);
#17568 = EDGE_CURVE('',#3852,#9073,#17569,.T.);
#17569 = LINE('',#17570,#17571);
#17570 = CARTESIAN_POINT('',(-69.977271,-1.939608,-4.6E-02));
#17571 = VECTOR('',#17572,1.);
#17572 = DIRECTION('',(0.,0.,1.));
#17573 = ORIENTED_EDGE('',*,*,#9072,.F.);
#17574 = ORIENTED_EDGE('',*,*,#17568,.F.);
#17575 = CYLINDRICAL_SURFACE('',#17576,0.95);
#17576 = AXIS2_PLACEMENT_3D('',#17577,#17578,#17579);
#17577 = CARTESIAN_POINT('',(-69.977271,-0.989608,-4.6E-02));
#17578 = DIRECTION('',(-0.,-0.,-1.));
#17579 = DIRECTION('',(-0.,-1.,0.));
#17580 = ADVANCED_FACE('',(#17581),#17592,.F.);
#17581 = FACE_BOUND('',#17582,.T.);
#17582 = EDGE_LOOP('',(#17583,#17584,#17590,#17591));
#17583 = ORIENTED_EDGE('',*,*,#3862,.T.);
#17584 = ORIENTED_EDGE('',*,*,#17585,.T.);
#17585 = EDGE_CURVE('',#3863,#9084,#17586,.T.);
#17586 = LINE('',#17587,#17588);
#17587 = CARTESIAN_POINT('',(-68.24595,-0.238603,-4.6E-02));
#17588 = VECTOR('',#17589,1.);
#17589 = DIRECTION('',(0.,0.,1.));
#17590 = ORIENTED_EDGE('',*,*,#9083,.F.);
#17591 = ORIENTED_EDGE('',*,*,#17585,.F.);
#17592 = CYLINDRICAL_SURFACE('',#17593,1.5);
#17593 = AXIS2_PLACEMENT_3D('',#17594,#17595,#17596);
#17594 = CARTESIAN_POINT('',(-68.24595,1.261397,-4.6E-02));
#17595 = DIRECTION('',(-0.,-0.,-1.));
#17596 = DIRECTION('',(-0.,-1.,0.));
#17597 = ADVANCED_FACE('',(#17598),#17609,.F.);
#17598 = FACE_BOUND('',#17599,.T.);
#17599 = EDGE_LOOP('',(#17600,#17601,#17607,#17608));
#17600 = ORIENTED_EDGE('',*,*,#3873,.T.);
#17601 = ORIENTED_EDGE('',*,*,#17602,.T.);
#17602 = EDGE_CURVE('',#3874,#9095,#17603,.T.);
#17603 = LINE('',#17604,#17605);
#17604 = CARTESIAN_POINT('',(-82.297697,6.791872,-4.6E-02));
#17605 = VECTOR('',#17606,1.);
#17606 = DIRECTION('',(0.,0.,1.));
#17607 = ORIENTED_EDGE('',*,*,#9094,.F.);
#17608 = ORIENTED_EDGE('',*,*,#17602,.F.);
#17609 = CYLINDRICAL_SURFACE('',#17610,2.05);
#17610 = AXIS2_PLACEMENT_3D('',#17611,#17612,#17613);
#17611 = CARTESIAN_POINT('',(-82.297697,8.841872,-4.6E-02));
#17612 = DIRECTION('',(-0.,-0.,-1.));
#17613 = DIRECTION('',(-0.,-1.,0.));
#17614 = ADVANCED_FACE('',(#17615),#17626,.F.);
#17615 = FACE_BOUND('',#17616,.T.);
#17616 = EDGE_LOOP('',(#17617,#17618,#17624,#17625));
#17617 = ORIENTED_EDGE('',*,*,#3884,.T.);
#17618 = ORIENTED_EDGE('',*,*,#17619,.T.);
#17619 = EDGE_CURVE('',#3885,#9106,#17620,.T.);
#17620 = LINE('',#17621,#17622);
#17621 = CARTESIAN_POINT('',(-77.311031,6.922562,-4.6E-02));
#17622 = VECTOR('',#17623,1.);
#17623 = DIRECTION('',(0.,0.,1.));
#17624 = ORIENTED_EDGE('',*,*,#9105,.F.);
#17625 = ORIENTED_EDGE('',*,*,#17619,.F.);
#17626 = CYLINDRICAL_SURFACE('',#17627,0.95);
#17627 = AXIS2_PLACEMENT_3D('',#17628,#17629,#17630);
#17628 = CARTESIAN_POINT('',(-77.311031,7.872562,-4.6E-02));
#17629 = DIRECTION('',(-0.,-0.,-1.));
#17630 = DIRECTION('',(-0.,-1.,0.));
#17631 = ADVANCED_FACE('',(#17632),#17643,.F.);
#17632 = FACE_BOUND('',#17633,.T.);
#17633 = EDGE_LOOP('',(#17634,#17635,#17641,#17642));
#17634 = ORIENTED_EDGE('',*,*,#3895,.T.);
#17635 = ORIENTED_EDGE('',*,*,#17636,.T.);
#17636 = EDGE_CURVE('',#3896,#9117,#17637,.T.);
#17637 = LINE('',#17638,#17639);
#17638 = CARTESIAN_POINT('',(-63.572195,-10.87966,-4.6E-02));
#17639 = VECTOR('',#17640,1.);
#17640 = DIRECTION('',(0.,0.,1.));
#17641 = ORIENTED_EDGE('',*,*,#9116,.F.);
#17642 = ORIENTED_EDGE('',*,*,#17636,.F.);
#17643 = CYLINDRICAL_SURFACE('',#17644,0.4953);
#17644 = AXIS2_PLACEMENT_3D('',#17645,#17646,#17647);
#17645 = CARTESIAN_POINT('',(-63.572195,-10.38436,-4.6E-02));
#17646 = DIRECTION('',(-0.,-0.,-1.));
#17647 = DIRECTION('',(-1.434570433596E-14,-1.,0.));
#17648 = ADVANCED_FACE('',(#17649),#17660,.F.);
#17649 = FACE_BOUND('',#17650,.T.);
#17650 = EDGE_LOOP('',(#17651,#17652,#17658,#17659));
#17651 = ORIENTED_EDGE('',*,*,#3906,.T.);
#17652 = ORIENTED_EDGE('',*,*,#17653,.T.);
#17653 = EDGE_CURVE('',#3907,#9128,#17654,.T.);
#17654 = LINE('',#17655,#17656);
#17655 = CARTESIAN_POINT('',(-41.933611,-10.752509,-4.6E-02));
#17656 = VECTOR('',#17657,1.);
#17657 = DIRECTION('',(0.,0.,1.));
#17658 = ORIENTED_EDGE('',*,*,#9127,.F.);
#17659 = ORIENTED_EDGE('',*,*,#17653,.F.);
#17660 = CYLINDRICAL_SURFACE('',#17661,0.95);
#17661 = AXIS2_PLACEMENT_3D('',#17662,#17663,#17664);
#17662 = CARTESIAN_POINT('',(-41.933611,-9.802509,-4.6E-02));
#17663 = DIRECTION('',(-0.,-0.,-1.));
#17664 = DIRECTION('',(-0.,-1.,0.));
#17665 = ADVANCED_FACE('',(#17666),#17677,.F.);
#17666 = FACE_BOUND('',#17667,.T.);
#17667 = EDGE_LOOP('',(#17668,#17669,#17675,#17676));
#17668 = ORIENTED_EDGE('',*,*,#3917,.T.);
#17669 = ORIENTED_EDGE('',*,*,#17670,.T.);
#17670 = EDGE_CURVE('',#3918,#9139,#17671,.T.);
#17671 = LINE('',#17672,#17673);
#17672 = CARTESIAN_POINT('',(-51.906943,-8.813889,-4.6E-02));
#17673 = VECTOR('',#17674,1.);
#17674 = DIRECTION('',(0.,0.,1.));
#17675 = ORIENTED_EDGE('',*,*,#9138,.F.);
#17676 = ORIENTED_EDGE('',*,*,#17670,.F.);
#17677 = CYLINDRICAL_SURFACE('',#17678,0.95);
#17678 = AXIS2_PLACEMENT_3D('',#17679,#17680,#17681);
#17679 = CARTESIAN_POINT('',(-51.906943,-7.863889,-4.6E-02));
#17680 = DIRECTION('',(-0.,-0.,-1.));
#17681 = DIRECTION('',(-0.,-1.,0.));
#17682 = ADVANCED_FACE('',(#17683),#17694,.F.);
#17683 = FACE_BOUND('',#17684,.T.);
#17684 = EDGE_LOOP('',(#17685,#17686,#17692,#17693));
#17685 = ORIENTED_EDGE('',*,*,#3928,.T.);
#17686 = ORIENTED_EDGE('',*,*,#17687,.T.);
#17687 = EDGE_CURVE('',#3929,#9150,#17688,.T.);
#17688 = LINE('',#17689,#17690);
#17689 = CARTESIAN_POINT('',(-50.175622,-7.112884,-4.6E-02));
#17690 = VECTOR('',#17691,1.);
#17691 = DIRECTION('',(0.,0.,1.));
#17692 = ORIENTED_EDGE('',*,*,#9149,.F.);
#17693 = ORIENTED_EDGE('',*,*,#17687,.F.);
#17694 = CYLINDRICAL_SURFACE('',#17695,1.5);
#17695 = AXIS2_PLACEMENT_3D('',#17696,#17697,#17698);
#17696 = CARTESIAN_POINT('',(-50.175622,-5.612884,-4.6E-02));
#17697 = DIRECTION('',(-0.,-0.,-1.));
#17698 = DIRECTION('',(-0.,-1.,0.));
#17699 = ADVANCED_FACE('',(#17700),#17711,.F.);
#17700 = FACE_BOUND('',#17701,.T.);
#17701 = EDGE_LOOP('',(#17702,#17703,#17709,#17710));
#17702 = ORIENTED_EDGE('',*,*,#3939,.T.);
#17703 = ORIENTED_EDGE('',*,*,#17704,.T.);
#17704 = EDGE_CURVE('',#3940,#9161,#17705,.T.);
#17705 = LINE('',#17706,#17707);
#17706 = CARTESIAN_POINT('',(-46.920277,-10.883199,-4.6E-02));
#17707 = VECTOR('',#17708,1.);
#17708 = DIRECTION('',(0.,0.,1.));
#17709 = ORIENTED_EDGE('',*,*,#9160,.F.);
#17710 = ORIENTED_EDGE('',*,*,#17704,.F.);
#17711 = CYLINDRICAL_SURFACE('',#17712,2.05);
#17712 = AXIS2_PLACEMENT_3D('',#17713,#17714,#17715);
#17713 = CARTESIAN_POINT('',(-46.920277,-8.833199,-4.6E-02));
#17714 = DIRECTION('',(-0.,-0.,-1.));
#17715 = DIRECTION('',(-0.,-1.,0.));
#17716 = ADVANCED_FACE('',(#17717),#17728,.F.);
#17717 = FACE_BOUND('',#17718,.T.);
#17718 = EDGE_LOOP('',(#17719,#17720,#17726,#17727));
#17719 = ORIENTED_EDGE('',*,*,#3950,.T.);
#17720 = ORIENTED_EDGE('',*,*,#17721,.T.);
#17721 = EDGE_CURVE('',#3951,#9172,#17722,.T.);
#17722 = LINE('',#17723,#17724);
#17723 = CARTESIAN_POINT('',(-43.457634,-5.831188,-4.6E-02));
#17724 = VECTOR('',#17725,1.);
#17725 = DIRECTION('',(0.,0.,1.));
#17726 = ORIENTED_EDGE('',*,*,#9171,.F.);
#17727 = ORIENTED_EDGE('',*,*,#17721,.F.);
#17728 = CYLINDRICAL_SURFACE('',#17729,1.5);
#17729 = AXIS2_PLACEMENT_3D('',#17730,#17731,#17732);
#17730 = CARTESIAN_POINT('',(-43.457634,-4.331188,-4.6E-02));
#17731 = DIRECTION('',(-0.,-0.,-1.));
#17732 = DIRECTION('',(-0.,-1.,0.));
#17733 = ADVANCED_FACE('',(#17734),#17745,.F.);
#17734 = FACE_BOUND('',#17735,.T.);
#17735 = EDGE_LOOP('',(#17736,#17737,#17743,#17744));
#17736 = ORIENTED_EDGE('',*,*,#3961,.T.);
#17737 = ORIENTED_EDGE('',*,*,#17738,.T.);
#17738 = EDGE_CURVE('',#3962,#9183,#17739,.T.);
#17739 = LINE('',#17740,#17741);
#17740 = CARTESIAN_POINT('',(-7.64,-15.261,-4.6E-02));
#17741 = VECTOR('',#17742,1.);
#17742 = DIRECTION('',(0.,0.,1.));
#17743 = ORIENTED_EDGE('',*,*,#9182,.F.);
#17744 = ORIENTED_EDGE('',*,*,#17738,.F.);
#17745 = CYLINDRICAL_SURFACE('',#17746,0.381);
#17746 = AXIS2_PLACEMENT_3D('',#17747,#17748,#17749);
#17747 = CARTESIAN_POINT('',(-7.64,-14.88,-4.6E-02));
#17748 = DIRECTION('',(-0.,0.,-1.));
#17749 = DIRECTION('',(2.331176954594E-15,-1.,-0.));
#17750 = ADVANCED_FACE('',(#17751),#17762,.F.);
#17751 = FACE_BOUND('',#17752,.T.);
#17752 = EDGE_LOOP('',(#17753,#17754,#17760,#17761));
#17753 = ORIENTED_EDGE('',*,*,#3972,.T.);
#17754 = ORIENTED_EDGE('',*,*,#17755,.T.);
#17755 = EDGE_CURVE('',#3973,#9194,#17756,.T.);
#17756 = LINE('',#17757,#17758);
#17757 = CARTESIAN_POINT('',(-7.64,-12.721,-4.6E-02));
#17758 = VECTOR('',#17759,1.);
#17759 = DIRECTION('',(0.,0.,1.));
#17760 = ORIENTED_EDGE('',*,*,#9193,.F.);
#17761 = ORIENTED_EDGE('',*,*,#17755,.F.);
#17762 = CYLINDRICAL_SURFACE('',#17763,0.381);
#17763 = AXIS2_PLACEMENT_3D('',#17764,#17765,#17766);
#17764 = CARTESIAN_POINT('',(-7.64,-12.34,-4.6E-02));
#17765 = DIRECTION('',(-0.,0.,-1.));
#17766 = DIRECTION('',(2.331176954594E-15,-1.,-0.));
#17767 = ADVANCED_FACE('',(#17768),#17779,.F.);
#17768 = FACE_BOUND('',#17769,.T.);
#17769 = EDGE_LOOP('',(#17770,#17771,#17777,#17778));
#17770 = ORIENTED_EDGE('',*,*,#3983,.T.);
#17771 = ORIENTED_EDGE('',*,*,#17772,.T.);
#17772 = EDGE_CURVE('',#3984,#9205,#17773,.T.);
#17773 = LINE('',#17774,#17775);
#17774 = CARTESIAN_POINT('',(-7.64,-10.181,-4.6E-02));
#17775 = VECTOR('',#17776,1.);
#17776 = DIRECTION('',(0.,0.,1.));
#17777 = ORIENTED_EDGE('',*,*,#9204,.F.);
#17778 = ORIENTED_EDGE('',*,*,#17772,.F.);
#17779 = CYLINDRICAL_SURFACE('',#17780,0.381);
#17780 = AXIS2_PLACEMENT_3D('',#17781,#17782,#17783);
#17781 = CARTESIAN_POINT('',(-7.64,-9.8,-4.6E-02));
#17782 = DIRECTION('',(-0.,0.,-1.));
#17783 = DIRECTION('',(2.331176954594E-15,-1.,-0.));
#17784 = ADVANCED_FACE('',(#17785),#17796,.F.);
#17785 = FACE_BOUND('',#17786,.T.);
#17786 = EDGE_LOOP('',(#17787,#17788,#17794,#17795));
#17787 = ORIENTED_EDGE('',*,*,#3994,.T.);
#17788 = ORIENTED_EDGE('',*,*,#17789,.T.);
#17789 = EDGE_CURVE('',#3995,#9216,#17790,.T.);
#17790 = LINE('',#17791,#17792);
#17791 = CARTESIAN_POINT('',(-7.59,-7.641,-4.6E-02));
#17792 = VECTOR('',#17793,1.);
#17793 = DIRECTION('',(0.,0.,1.));
#17794 = ORIENTED_EDGE('',*,*,#9215,.F.);
#17795 = ORIENTED_EDGE('',*,*,#17789,.F.);
#17796 = CYLINDRICAL_SURFACE('',#17797,0.381);
#17797 = AXIS2_PLACEMENT_3D('',#17798,#17799,#17800);
#17798 = CARTESIAN_POINT('',(-7.59,-7.26,-4.6E-02));
#17799 = DIRECTION('',(-0.,-0.,-1.));
#17800 = DIRECTION('',(-0.,-1.,0.));
#17801 = ADVANCED_FACE('',(#17802),#17813,.F.);
#17802 = FACE_BOUND('',#17803,.T.);
#17803 = EDGE_LOOP('',(#17804,#17805,#17811,#17812));
#17804 = ORIENTED_EDGE('',*,*,#4005,.T.);
#17805 = ORIENTED_EDGE('',*,*,#17806,.T.);
#17806 = EDGE_CURVE('',#4006,#9227,#17807,.T.);
#17807 = LINE('',#17808,#17809);
#17808 = CARTESIAN_POINT('',(-60.003939,-3.878228,-4.6E-02));
#17809 = VECTOR('',#17810,1.);
#17810 = DIRECTION('',(0.,0.,1.));
#17811 = ORIENTED_EDGE('',*,*,#9226,.F.);
#17812 = ORIENTED_EDGE('',*,*,#17806,.F.);
#17813 = CYLINDRICAL_SURFACE('',#17814,0.95);
#17814 = AXIS2_PLACEMENT_3D('',#17815,#17816,#17817);
#17815 = CARTESIAN_POINT('',(-60.003939,-2.928228,-4.6E-02));
#17816 = DIRECTION('',(-0.,-0.,-1.));
#17817 = DIRECTION('',(-0.,-1.,0.));
#17818 = ADVANCED_FACE('',(#17819),#17830,.F.);
#17819 = FACE_BOUND('',#17820,.T.);
#17820 = EDGE_LOOP('',(#17821,#17822,#17828,#17829));
#17821 = ORIENTED_EDGE('',*,*,#4016,.T.);
#17822 = ORIENTED_EDGE('',*,*,#17823,.T.);
#17823 = EDGE_CURVE('',#4017,#9238,#17824,.T.);
#17824 = LINE('',#17825,#17826);
#17825 = CARTESIAN_POINT('',(-61.527962,1.043093,-4.6E-02));
#17826 = VECTOR('',#17827,1.);
#17827 = DIRECTION('',(0.,0.,1.));
#17828 = ORIENTED_EDGE('',*,*,#9237,.F.);
#17829 = ORIENTED_EDGE('',*,*,#17823,.F.);
#17830 = CYLINDRICAL_SURFACE('',#17831,1.5);
#17831 = AXIS2_PLACEMENT_3D('',#17832,#17833,#17834);
#17832 = CARTESIAN_POINT('',(-61.527962,2.543093,-4.6E-02));
#17833 = DIRECTION('',(-0.,-0.,-1.));
#17834 = DIRECTION('',(-0.,-1.,0.));
#17835 = ADVANCED_FACE('',(#17836),#17847,.F.);
#17836 = FACE_BOUND('',#17837,.T.);
#17837 = EDGE_LOOP('',(#17838,#17839,#17845,#17846));
#17838 = ORIENTED_EDGE('',*,*,#4027,.T.);
#17839 = ORIENTED_EDGE('',*,*,#17840,.T.);
#17840 = EDGE_CURVE('',#4028,#9249,#17841,.T.);
#17841 = LINE('',#17842,#17843);
#17842 = CARTESIAN_POINT('',(-41.866955,0.946057,-4.6E-02));
#17843 = VECTOR('',#17844,1.);
#17844 = DIRECTION('',(0.,0.,1.));
#17845 = ORIENTED_EDGE('',*,*,#9248,.F.);
#17846 = ORIENTED_EDGE('',*,*,#17840,.F.);
#17847 = CYLINDRICAL_SURFACE('',#17848,0.4953);
#17848 = AXIS2_PLACEMENT_3D('',#17849,#17850,#17851);
#17849 = CARTESIAN_POINT('',(-41.866955,1.441357,-4.6E-02));
#17850 = DIRECTION('',(-0.,-0.,-1.));
#17851 = DIRECTION('',(-0.,-1.,0.));
#17852 = ADVANCED_FACE('',(#17853),#17864,.F.);
#17853 = FACE_BOUND('',#17854,.T.);
#17854 = EDGE_LOOP('',(#17855,#17856,#17862,#17863));
#17855 = ORIENTED_EDGE('',*,*,#4038,.T.);
#17856 = ORIENTED_EDGE('',*,*,#17857,.T.);
#17857 = EDGE_CURVE('',#4039,#9260,#17858,.T.);
#17858 = LINE('',#17859,#17860);
#17859 = CARTESIAN_POINT('',(-47.756719,2.090909,-4.6E-02));
#17860 = VECTOR('',#17861,1.);
#17861 = DIRECTION('',(0.,0.,1.));
#17862 = ORIENTED_EDGE('',*,*,#9259,.F.);
#17863 = ORIENTED_EDGE('',*,*,#17857,.F.);
#17864 = CYLINDRICAL_SURFACE('',#17865,0.4953);
#17865 = AXIS2_PLACEMENT_3D('',#17866,#17867,#17868);
#17866 = CARTESIAN_POINT('',(-47.756719,2.586209,-4.6E-02));
#17867 = DIRECTION('',(-0.,-0.,-1.));
#17868 = DIRECTION('',(-0.,-1.,0.));
#17869 = ADVANCED_FACE('',(#17870),#17881,.F.);
#17870 = FACE_BOUND('',#17871,.T.);
#17871 = EDGE_LOOP('',(#17872,#17873,#17879,#17880));
#17872 = ORIENTED_EDGE('',*,*,#4049,.T.);
#17873 = ORIENTED_EDGE('',*,*,#17874,.T.);
#17874 = EDGE_CURVE('',#4050,#9271,#17875,.T.);
#17875 = LINE('',#17876,#17877);
#17876 = CARTESIAN_POINT('',(-59.937283,7.820338,-4.6E-02));
#17877 = VECTOR('',#17878,1.);
#17878 = DIRECTION('',(0.,0.,1.));
#17879 = ORIENTED_EDGE('',*,*,#9270,.F.);
#17880 = ORIENTED_EDGE('',*,*,#17874,.F.);
#17881 = CYLINDRICAL_SURFACE('',#17882,0.4953);
#17882 = AXIS2_PLACEMENT_3D('',#17883,#17884,#17885);
#17883 = CARTESIAN_POINT('',(-59.937283,8.315638,-4.6E-02));
#17884 = DIRECTION('',(-0.,-0.,-1.));
#17885 = DIRECTION('',(-0.,-1.,0.));
#17886 = ADVANCED_FACE('',(#17887),#17898,.F.);
#17887 = FACE_BOUND('',#17888,.T.);
#17888 = EDGE_LOOP('',(#17889,#17890,#17896,#17897));
#17889 = ORIENTED_EDGE('',*,*,#4060,.T.);
#17890 = ORIENTED_EDGE('',*,*,#17891,.T.);
#17891 = EDGE_CURVE('',#4061,#9282,#17892,.T.);
#17892 = LINE('',#17893,#17894);
#17893 = CARTESIAN_POINT('',(-38.298699,7.947489,-4.6E-02));
#17894 = VECTOR('',#17895,1.);
#17895 = DIRECTION('',(0.,0.,1.));
#17896 = ORIENTED_EDGE('',*,*,#9281,.F.);
#17897 = ORIENTED_EDGE('',*,*,#17891,.F.);
#17898 = CYLINDRICAL_SURFACE('',#17899,0.95);
#17899 = AXIS2_PLACEMENT_3D('',#17900,#17901,#17902);
#17900 = CARTESIAN_POINT('',(-38.298699,8.897489,-4.6E-02));
#17901 = DIRECTION('',(-0.,-0.,-1.));
#17902 = DIRECTION('',(-0.,-1.,0.));
#17903 = ADVANCED_FACE('',(#17904),#17915,.F.);
#17904 = FACE_BOUND('',#17905,.T.);
#17905 = EDGE_LOOP('',(#17906,#17907,#17913,#17914));
#17906 = ORIENTED_EDGE('',*,*,#4071,.T.);
#17907 = ORIENTED_EDGE('',*,*,#17908,.T.);
#17908 = EDGE_CURVE('',#4072,#9293,#17909,.T.);
#17909 = LINE('',#17910,#17911);
#17910 = CARTESIAN_POINT('',(-114.663324,14.437791,-4.6E-02));
#17911 = VECTOR('',#17912,1.);
#17912 = DIRECTION('',(0.,0.,1.));
#17913 = ORIENTED_EDGE('',*,*,#9292,.F.);
#17914 = ORIENTED_EDGE('',*,*,#17908,.F.);
#17915 = CYLINDRICAL_SURFACE('',#17916,0.95);
#17916 = AXIS2_PLACEMENT_3D('',#17917,#17918,#17919);
#17917 = CARTESIAN_POINT('',(-114.663324,15.387791,-4.6E-02));
#17918 = DIRECTION('',(-0.,-0.,-1.));
#17919 = DIRECTION('',(-0.,-1.,0.));
#17920 = ADVANCED_FACE('',(#17921),#17932,.F.);
#17921 = FACE_BOUND('',#17922,.T.);
#17922 = EDGE_LOOP('',(#17923,#17924,#17930,#17931));
#17923 = ORIENTED_EDGE('',*,*,#4082,.T.);
#17924 = ORIENTED_EDGE('',*,*,#17925,.T.);
#17925 = EDGE_CURVE('',#4083,#9304,#17926,.T.);
#17926 = LINE('',#17927,#17928);
#17927 = CARTESIAN_POINT('',(-105.455136,8.012847,-4.6E-02));
#17928 = VECTOR('',#17929,1.);
#17929 = DIRECTION('',(0.,0.,1.));
#17930 = ORIENTED_EDGE('',*,*,#9303,.F.);
#17931 = ORIENTED_EDGE('',*,*,#17925,.F.);
#17932 = CYLINDRICAL_SURFACE('',#17933,1.5);
#17933 = AXIS2_PLACEMENT_3D('',#17934,#17935,#17936);
#17934 = CARTESIAN_POINT('',(-105.455136,9.512847,-4.6E-02));
#17935 = DIRECTION('',(-0.,-0.,-1.));
#17936 = DIRECTION('',(-0.,-1.,0.));
#17937 = ADVANCED_FACE('',(#17938),#17949,.F.);
#17938 = FACE_BOUND('',#17939,.T.);
#17939 = EDGE_LOOP('',(#17940,#17941,#17947,#17948));
#17940 = ORIENTED_EDGE('',*,*,#4093,.T.);
#17941 = ORIENTED_EDGE('',*,*,#17942,.T.);
#17942 = EDGE_CURVE('',#4094,#9315,#17943,.T.);
#17943 = LINE('',#17944,#17945);
#17944 = CARTESIAN_POINT('',(-98.737148,9.294543,-4.6E-02));
#17945 = VECTOR('',#17946,1.);
#17946 = DIRECTION('',(0.,0.,1.));
#17947 = ORIENTED_EDGE('',*,*,#9314,.F.);
#17948 = ORIENTED_EDGE('',*,*,#17942,.F.);
#17949 = CYLINDRICAL_SURFACE('',#17950,1.5);
#17950 = AXIS2_PLACEMENT_3D('',#17951,#17952,#17953);
#17951 = CARTESIAN_POINT('',(-98.737148,10.794543,-4.6E-02));
#17952 = DIRECTION('',(-0.,-0.,-1.));
#17953 = DIRECTION('',(-0.,-1.,0.));
#17954 = ADVANCED_FACE('',(#17955),#17966,.F.);
#17955 = FACE_BOUND('',#17956,.T.);
#17956 = EDGE_LOOP('',(#17957,#17958,#17964,#17965));
#17957 = ORIENTED_EDGE('',*,*,#4104,.T.);
#17958 = ORIENTED_EDGE('',*,*,#17959,.T.);
#17959 = EDGE_CURVE('',#4105,#9326,#17960,.T.);
#17960 = LINE('',#17961,#17962);
#17961 = CARTESIAN_POINT('',(-124.636656,16.376411,-4.6E-02));
#17962 = VECTOR('',#17963,1.);
#17963 = DIRECTION('',(0.,0.,1.));
#17964 = ORIENTED_EDGE('',*,*,#9325,.F.);
#17965 = ORIENTED_EDGE('',*,*,#17959,.F.);
#17966 = CYLINDRICAL_SURFACE('',#17967,0.95);
#17967 = AXIS2_PLACEMENT_3D('',#17968,#17969,#17970);
#17968 = CARTESIAN_POINT('',(-124.636656,17.326411,-4.6E-02));
#17969 = DIRECTION('',(-0.,-0.,-1.));
#17970 = DIRECTION('',(-0.,-1.,0.));
#17971 = ADVANCED_FACE('',(#17972),#17983,.F.);
#17972 = FACE_BOUND('',#17973,.T.);
#17973 = EDGE_LOOP('',(#17974,#17975,#17981,#17982));
#17974 = ORIENTED_EDGE('',*,*,#4115,.T.);
#17975 = ORIENTED_EDGE('',*,*,#17976,.T.);
#17976 = EDGE_CURVE('',#4116,#9337,#17977,.T.);
#17977 = LINE('',#17978,#17979);
#17978 = CARTESIAN_POINT('',(-119.64999,14.307101,-4.6E-02));
#17979 = VECTOR('',#17980,1.);
#17980 = DIRECTION('',(0.,0.,1.));
#17981 = ORIENTED_EDGE('',*,*,#9336,.F.);
#17982 = ORIENTED_EDGE('',*,*,#17976,.F.);
#17983 = CYLINDRICAL_SURFACE('',#17984,2.05);
#17984 = AXIS2_PLACEMENT_3D('',#17985,#17986,#17987);
#17985 = CARTESIAN_POINT('',(-119.64999,16.357101,-4.6E-02));
#17986 = DIRECTION('',(-0.,-0.,-1.));
#17987 = DIRECTION('',(-0.,-1.,0.));
#17988 = ADVANCED_FACE('',(#17989),#18000,.F.);
#17989 = FACE_BOUND('',#17990,.T.);
#17990 = EDGE_LOOP('',(#17991,#17992,#17998,#17999));
#17991 = ORIENTED_EDGE('',*,*,#4126,.T.);
#17992 = ORIENTED_EDGE('',*,*,#17993,.T.);
#17993 = EDGE_CURVE('',#4127,#9348,#17994,.T.);
#17994 = LINE('',#17995,#17996);
#17995 = CARTESIAN_POINT('',(-122.905335,18.077416,-4.6E-02));
#17996 = VECTOR('',#17997,1.);
#17997 = DIRECTION('',(0.,0.,1.));
#17998 = ORIENTED_EDGE('',*,*,#9347,.F.);
#17999 = ORIENTED_EDGE('',*,*,#17993,.F.);
#18000 = CYLINDRICAL_SURFACE('',#18001,1.5);
#18001 = AXIS2_PLACEMENT_3D('',#18002,#18003,#18004);
#18002 = CARTESIAN_POINT('',(-122.905335,19.577416,-4.6E-02));
#18003 = DIRECTION('',(-0.,-0.,-1.));
#18004 = DIRECTION('',(-0.,-1.,0.));
#18005 = ADVANCED_FACE('',(#18006),#18017,.F.);
#18006 = FACE_BOUND('',#18007,.T.);
#18007 = EDGE_LOOP('',(#18008,#18009,#18015,#18016));
#18008 = ORIENTED_EDGE('',*,*,#4137,.T.);
#18009 = ORIENTED_EDGE('',*,*,#18010,.T.);
#18010 = EDGE_CURVE('',#4138,#9359,#18011,.T.);
#18011 = LINE('',#18012,#18013);
#18012 = CARTESIAN_POINT('',(-116.187347,19.359112,-4.6E-02));
#18013 = VECTOR('',#18014,1.);
#18014 = DIRECTION('',(0.,0.,1.));
#18015 = ORIENTED_EDGE('',*,*,#9358,.F.);
#18016 = ORIENTED_EDGE('',*,*,#18010,.F.);
#18017 = CYLINDRICAL_SURFACE('',#18018,1.5);
#18018 = AXIS2_PLACEMENT_3D('',#18019,#18020,#18021);
#18019 = CARTESIAN_POINT('',(-116.187347,20.859112,-4.6E-02));
#18020 = DIRECTION('',(-0.,-0.,-1.));
#18021 = DIRECTION('',(-0.,-1.,0.));
#18022 = ADVANCED_FACE('',(#18023),#18034,.F.);
#18023 = FACE_BOUND('',#18024,.T.);
#18024 = EDGE_LOOP('',(#18025,#18026,#18032,#18033));
#18025 = ORIENTED_EDGE('',*,*,#4148,.T.);
#18026 = ORIENTED_EDGE('',*,*,#18027,.T.);
#18027 = EDGE_CURVE('',#4149,#9370,#18028,.T.);
#18028 = LINE('',#18029,#18030);
#18029 = CARTESIAN_POINT('',(-97.14647,16.071788,-4.6E-02));
#18030 = VECTOR('',#18031,1.);
#18031 = DIRECTION('',(0.,0.,1.));
#18032 = ORIENTED_EDGE('',*,*,#9369,.F.);
#18033 = ORIENTED_EDGE('',*,*,#18027,.F.);
#18034 = CYLINDRICAL_SURFACE('',#18035,0.4953);
#18035 = AXIS2_PLACEMENT_3D('',#18036,#18037,#18038);
#18036 = CARTESIAN_POINT('',(-97.14647,16.567088,-4.6E-02));
#18037 = DIRECTION('',(-0.,-0.,-1.));
#18038 = DIRECTION('',(-0.,-1.,0.));
#18039 = ADVANCED_FACE('',(#18040),#18051,.F.);
#18040 = FACE_BOUND('',#18041,.T.);
#18041 = EDGE_LOOP('',(#18042,#18043,#18049,#18050));
#18042 = ORIENTED_EDGE('',*,*,#4159,.T.);
#18043 = ORIENTED_EDGE('',*,*,#18044,.T.);
#18044 = EDGE_CURVE('',#4160,#9381,#18045,.T.);
#18045 = LINE('',#18046,#18047);
#18046 = CARTESIAN_POINT('',(-103.036234,17.21664,-4.6E-02));
#18047 = VECTOR('',#18048,1.);
#18048 = DIRECTION('',(0.,0.,1.));
#18049 = ORIENTED_EDGE('',*,*,#9380,.F.);
#18050 = ORIENTED_EDGE('',*,*,#18044,.F.);
#18051 = CYLINDRICAL_SURFACE('',#18052,0.4953);
#18052 = AXIS2_PLACEMENT_3D('',#18053,#18054,#18055);
#18053 = CARTESIAN_POINT('',(-103.036234,17.71194,-4.6E-02));
#18054 = DIRECTION('',(-0.,-0.,-1.));
#18055 = DIRECTION('',(-0.,-1.,0.));
#18056 = ADVANCED_FACE('',(#18057),#18068,.F.);
#18057 = FACE_BOUND('',#18058,.T.);
#18058 = EDGE_LOOP('',(#18059,#18060,#18066,#18067));
#18059 = ORIENTED_EDGE('',*,*,#4170,.T.);
#18060 = ORIENTED_EDGE('',*,*,#18061,.T.);
#18061 = EDGE_CURVE('',#4171,#9392,#18062,.T.);
#18062 = LINE('',#18063,#18064);
#18063 = CARTESIAN_POINT('',(-87.284363,8.861182,-4.6E-02));
#18064 = VECTOR('',#18065,1.);
#18065 = DIRECTION('',(0.,0.,1.));
#18066 = ORIENTED_EDGE('',*,*,#9391,.F.);
#18067 = ORIENTED_EDGE('',*,*,#18061,.F.);
#18068 = CYLINDRICAL_SURFACE('',#18069,0.95);
#18069 = AXIS2_PLACEMENT_3D('',#18070,#18071,#18072);
#18070 = CARTESIAN_POINT('',(-87.284363,9.811182,-4.6E-02));
#18071 = DIRECTION('',(-0.,-0.,-1.));
#18072 = DIRECTION('',(-0.,-1.,0.));
#18073 = ADVANCED_FACE('',(#18074),#18085,.F.);
#18074 = FACE_BOUND('',#18075,.T.);
#18075 = EDGE_LOOP('',(#18076,#18077,#18083,#18084));
#18076 = ORIENTED_EDGE('',*,*,#4181,.T.);
#18077 = ORIENTED_EDGE('',*,*,#18078,.T.);
#18078 = EDGE_CURVE('',#4182,#9403,#18079,.T.);
#18079 = LINE('',#18080,#18081);
#18080 = CARTESIAN_POINT('',(-85.553042,10.562187,-4.6E-02));
#18081 = VECTOR('',#18082,1.);
#18082 = DIRECTION('',(0.,0.,1.));
#18083 = ORIENTED_EDGE('',*,*,#9402,.F.);
#18084 = ORIENTED_EDGE('',*,*,#18078,.F.);
#18085 = CYLINDRICAL_SURFACE('',#18086,1.5);
#18086 = AXIS2_PLACEMENT_3D('',#18087,#18088,#18089);
#18087 = CARTESIAN_POINT('',(-85.553042,12.062187,-4.6E-02));
#18088 = DIRECTION('',(-0.,-0.,-1.));
#18089 = DIRECTION('',(-0.,-1.,0.));
#18090 = ADVANCED_FACE('',(#18091),#18102,.F.);
#18091 = FACE_BOUND('',#18092,.T.);
#18092 = EDGE_LOOP('',(#18093,#18094,#18100,#18101));
#18093 = ORIENTED_EDGE('',*,*,#4192,.T.);
#18094 = ORIENTED_EDGE('',*,*,#18095,.T.);
#18095 = EDGE_CURVE('',#4193,#9414,#18096,.T.);
#18096 = LINE('',#18097,#18098);
#18097 = CARTESIAN_POINT('',(-65.827047,8.96519,-4.6E-02));
#18098 = VECTOR('',#18099,1.);
#18099 = DIRECTION('',(0.,0.,1.));
#18100 = ORIENTED_EDGE('',*,*,#9413,.F.);
#18101 = ORIENTED_EDGE('',*,*,#18095,.F.);
#18102 = CYLINDRICAL_SURFACE('',#18103,0.4953);
#18103 = AXIS2_PLACEMENT_3D('',#18104,#18105,#18106);
#18104 = CARTESIAN_POINT('',(-65.827047,9.46049,-4.6E-02));
#18105 = DIRECTION('',(-0.,-0.,-1.));
#18106 = DIRECTION('',(-0.,-1.,0.));
#18107 = ADVANCED_FACE('',(#18108),#18119,.F.);
#18108 = FACE_BOUND('',#18109,.T.);
#18109 = EDGE_LOOP('',(#18110,#18111,#18117,#18118));
#18110 = ORIENTED_EDGE('',*,*,#4203,.T.);
#18111 = ORIENTED_EDGE('',*,*,#18112,.T.);
#18112 = EDGE_CURVE('',#4204,#9425,#18113,.T.);
#18113 = LINE('',#18114,#18115);
#18114 = CARTESIAN_POINT('',(-78.835054,11.843883,-4.6E-02));
#18115 = VECTOR('',#18116,1.);
#18116 = DIRECTION('',(0.,0.,1.));
#18117 = ORIENTED_EDGE('',*,*,#9424,.F.);
#18118 = ORIENTED_EDGE('',*,*,#18112,.F.);
#18119 = CYLINDRICAL_SURFACE('',#18120,1.5);
#18120 = AXIS2_PLACEMENT_3D('',#18121,#18122,#18123);
#18121 = CARTESIAN_POINT('',(-78.835054,13.343883,-4.6E-02));
#18122 = DIRECTION('',(-0.,-0.,-1.));
#18123 = DIRECTION('',(-0.,-1.,0.));
#18124 = ADVANCED_FACE('',(#18125),#18136,.F.);
#18125 = FACE_BOUND('',#18126,.T.);
#18126 = EDGE_LOOP('',(#18127,#18128,#18134,#18135));
#18127 = ORIENTED_EDGE('',*,*,#4214,.T.);
#18128 = ORIENTED_EDGE('',*,*,#18129,.T.);
#18129 = EDGE_CURVE('',#4215,#9436,#18130,.T.);
#18130 = LINE('',#18131,#18132);
#18131 = CARTESIAN_POINT('',(-83.134139,19.765979,-4.6E-02));
#18132 = VECTOR('',#18133,1.);
#18133 = DIRECTION('',(0.,0.,1.));
#18134 = ORIENTED_EDGE('',*,*,#9435,.F.);
#18135 = ORIENTED_EDGE('',*,*,#18129,.F.);
#18136 = CYLINDRICAL_SURFACE('',#18137,0.4953);
#18137 = AXIS2_PLACEMENT_3D('',#18138,#18139,#18140);
#18138 = CARTESIAN_POINT('',(-83.134139,20.261279,-4.6E-02));
#18139 = DIRECTION('',(-0.,-0.,-1.));
#18140 = DIRECTION('',(-0.,-1.,0.));
#18141 = ADVANCED_FACE('',(#18142),#18153,.F.);
#18142 = FACE_BOUND('',#18143,.T.);
#18143 = EDGE_LOOP('',(#18144,#18145,#18151,#18152));
#18144 = ORIENTED_EDGE('',*,*,#4225,.T.);
#18145 = ORIENTED_EDGE('',*,*,#18146,.T.);
#18146 = EDGE_CURVE('',#4226,#9447,#18147,.T.);
#18147 = LINE('',#18148,#18149);
#18148 = CARTESIAN_POINT('',(-66.342359,16.76039,-4.6E-02));
#18149 = VECTOR('',#18150,1.);
#18150 = DIRECTION('',(0.,0.,1.));
#18151 = ORIENTED_EDGE('',*,*,#9446,.F.);
#18152 = ORIENTED_EDGE('',*,*,#18146,.F.);
#18153 = CYLINDRICAL_SURFACE('',#18154,0.95);
#18154 = AXIS2_PLACEMENT_3D('',#18155,#18156,#18157);
#18155 = CARTESIAN_POINT('',(-66.342359,17.71039,-4.6E-02));
#18156 = DIRECTION('',(-0.,-0.,-1.));
#18157 = DIRECTION('',(-0.,-1.,0.));
#18158 = ADVANCED_FACE('',(#18159),#18170,.F.);
#18159 = FACE_BOUND('',#18160,.T.);
#18160 = EDGE_LOOP('',(#18161,#18162,#18168,#18169));
#18161 = ORIENTED_EDGE('',*,*,#4236,.T.);
#18162 = ORIENTED_EDGE('',*,*,#18163,.T.);
#18163 = EDGE_CURVE('',#4237,#9458,#18164,.T.);
#18164 = LINE('',#18165,#18166);
#18165 = CARTESIAN_POINT('',(-77.244375,18.621127,-4.6E-02));
#18166 = VECTOR('',#18167,1.);
#18167 = DIRECTION('',(0.,0.,1.));
#18168 = ORIENTED_EDGE('',*,*,#9457,.F.);
#18169 = ORIENTED_EDGE('',*,*,#18163,.F.);
#18170 = CYLINDRICAL_SURFACE('',#18171,0.4953);
#18171 = AXIS2_PLACEMENT_3D('',#18172,#18173,#18174);
#18172 = CARTESIAN_POINT('',(-77.244375,19.116427,-4.6E-02));
#18173 = DIRECTION('',(-0.,-0.,-1.));
#18174 = DIRECTION('',(-0.,-1.,0.));
#18175 = ADVANCED_FACE('',(#18176),#18187,.F.);
#18176 = FACE_BOUND('',#18177,.T.);
#18177 = EDGE_LOOP('',(#18178,#18179,#18185,#18186));
#18178 = ORIENTED_EDGE('',*,*,#4247,.T.);
#18179 = ORIENTED_EDGE('',*,*,#18180,.T.);
#18180 = EDGE_CURVE('',#4248,#9469,#18181,.T.);
#18181 = LINE('',#18182,#18183);
#18182 = CARTESIAN_POINT('',(-64.611038,18.461395,-4.6E-02));
#18183 = VECTOR('',#18184,1.);
#18184 = DIRECTION('',(0.,0.,1.));
#18185 = ORIENTED_EDGE('',*,*,#9468,.F.);
#18186 = ORIENTED_EDGE('',*,*,#18180,.F.);
#18187 = CYLINDRICAL_SURFACE('',#18188,1.5);
#18188 = AXIS2_PLACEMENT_3D('',#18189,#18190,#18191);
#18189 = CARTESIAN_POINT('',(-64.611038,19.961395,-4.6E-02));
#18190 = DIRECTION('',(-0.,-0.,-1.));
#18191 = DIRECTION('',(-0.,-1.,0.));
#18192 = ADVANCED_FACE('',(#18193),#18204,.F.);
#18193 = FACE_BOUND('',#18194,.T.);
#18194 = EDGE_LOOP('',(#18195,#18196,#18202,#18203));
#18195 = ORIENTED_EDGE('',*,*,#4258,.T.);
#18196 = ORIENTED_EDGE('',*,*,#18197,.T.);
#18197 = EDGE_CURVE('',#4259,#9480,#18198,.T.);
#18198 = LINE('',#18199,#18200);
#18199 = CARTESIAN_POINT('',(-98.56488,22.94253,-4.6E-02));
#18200 = VECTOR('',#18201,1.);
#18201 = DIRECTION('',(0.,0.,1.));
#18202 = ORIENTED_EDGE('',*,*,#9479,.F.);
#18203 = ORIENTED_EDGE('',*,*,#18197,.F.);
#18204 = CYLINDRICAL_SURFACE('',#18205,2.05);
#18205 = AXIS2_PLACEMENT_3D('',#18206,#18207,#18208);
#18206 = CARTESIAN_POINT('',(-98.56488,24.99253,-4.6E-02));
#18207 = DIRECTION('',(-0.,-0.,-1.));
#18208 = DIRECTION('',(-0.,-1.,0.));
#18209 = ADVANCED_FACE('',(#18210),#18221,.F.);
#18210 = FACE_BOUND('',#18211,.T.);
#18211 = EDGE_LOOP('',(#18212,#18213,#18219,#18220));
#18212 = ORIENTED_EDGE('',*,*,#4269,.T.);
#18213 = ORIENTED_EDGE('',*,*,#18214,.T.);
#18214 = EDGE_CURVE('',#4270,#9491,#18215,.T.);
#18215 = LINE('',#18216,#18217);
#18216 = CARTESIAN_POINT('',(-103.551546,25.01184,-4.6E-02));
#18217 = VECTOR('',#18218,1.);
#18218 = DIRECTION('',(0.,0.,1.));
#18219 = ORIENTED_EDGE('',*,*,#9490,.F.);
#18220 = ORIENTED_EDGE('',*,*,#18214,.F.);
#18221 = CYLINDRICAL_SURFACE('',#18222,0.95);
#18222 = AXIS2_PLACEMENT_3D('',#18223,#18224,#18225);
#18223 = CARTESIAN_POINT('',(-103.551546,25.96184,-4.6E-02));
#18224 = DIRECTION('',(-0.,-0.,-1.));
#18225 = DIRECTION('',(-0.,-1.,0.));
#18226 = ADVANCED_FACE('',(#18227),#18238,.F.);
#18227 = FACE_BOUND('',#18228,.T.);
#18228 = EDGE_LOOP('',(#18229,#18230,#18236,#18237));
#18229 = ORIENTED_EDGE('',*,*,#4280,.T.);
#18230 = ORIENTED_EDGE('',*,*,#18231,.T.);
#18231 = EDGE_CURVE('',#4281,#9502,#18232,.T.);
#18232 = LINE('',#18233,#18234);
#18233 = CARTESIAN_POINT('',(-101.820225,26.712845,-4.6E-02));
#18234 = VECTOR('',#18235,1.);
#18235 = DIRECTION('',(0.,0.,1.));
#18236 = ORIENTED_EDGE('',*,*,#9501,.F.);
#18237 = ORIENTED_EDGE('',*,*,#18231,.F.);
#18238 = CYLINDRICAL_SURFACE('',#18239,1.5);
#18239 = AXIS2_PLACEMENT_3D('',#18240,#18241,#18242);
#18240 = CARTESIAN_POINT('',(-101.820225,28.212845,-4.6E-02));
#18241 = DIRECTION('',(-0.,-0.,-1.));
#18242 = DIRECTION('',(-0.,-1.,0.));
#18243 = ADVANCED_FACE('',(#18244),#18255,.F.);
#18244 = FACE_BOUND('',#18245,.T.);
#18245 = EDGE_LOOP('',(#18246,#18247,#18253,#18254));
#18246 = ORIENTED_EDGE('',*,*,#4291,.T.);
#18247 = ORIENTED_EDGE('',*,*,#18248,.T.);
#18248 = EDGE_CURVE('',#4292,#9513,#18249,.T.);
#18249 = LINE('',#18250,#18251);
#18250 = CARTESIAN_POINT('',(-93.578214,23.07322,-4.6E-02));
#18251 = VECTOR('',#18252,1.);
#18252 = DIRECTION('',(0.,0.,1.));
#18253 = ORIENTED_EDGE('',*,*,#9512,.F.);
#18254 = ORIENTED_EDGE('',*,*,#18248,.F.);
#18255 = CYLINDRICAL_SURFACE('',#18256,0.95);
#18256 = AXIS2_PLACEMENT_3D('',#18257,#18258,#18259);
#18257 = CARTESIAN_POINT('',(-93.578214,24.02322,-4.6E-02));
#18258 = DIRECTION('',(-0.,-0.,-1.));
#18259 = DIRECTION('',(-0.,-1.,0.));
#18260 = ADVANCED_FACE('',(#18261),#18272,.F.);
#18261 = FACE_BOUND('',#18262,.T.);
#18262 = EDGE_LOOP('',(#18263,#18264,#18270,#18271));
#18263 = ORIENTED_EDGE('',*,*,#4302,.T.);
#18264 = ORIENTED_EDGE('',*,*,#18265,.T.);
#18265 = EDGE_CURVE('',#4303,#9524,#18266,.T.);
#18266 = LINE('',#18267,#18268);
#18267 = CARTESIAN_POINT('',(-73.676119,25.622559,-4.6E-02));
#18268 = VECTOR('',#18269,1.);
#18269 = DIRECTION('',(0.,0.,1.));
#18270 = ORIENTED_EDGE('',*,*,#9523,.F.);
#18271 = ORIENTED_EDGE('',*,*,#18265,.F.);
#18272 = CYLINDRICAL_SURFACE('',#18273,0.95);
#18273 = AXIS2_PLACEMENT_3D('',#18274,#18275,#18276);
#18274 = CARTESIAN_POINT('',(-73.676119,26.572559,-4.6E-02));
#18275 = DIRECTION('',(-0.,-0.,-1.));
#18276 = DIRECTION('',(-0.,-1.,0.));
#18277 = ADVANCED_FACE('',(#18278),#18289,.F.);
#18278 = FACE_BOUND('',#18279,.T.);
#18279 = EDGE_LOOP('',(#18280,#18281,#18287,#18288));
#18280 = ORIENTED_EDGE('',*,*,#4313,.T.);
#18281 = ORIENTED_EDGE('',*,*,#18282,.T.);
#18282 = EDGE_CURVE('',#4314,#9535,#18283,.T.);
#18283 = LINE('',#18284,#18285);
#18284 = CARTESIAN_POINT('',(-78.662785,25.491869,-4.6E-02));
#18285 = VECTOR('',#18286,1.);
#18286 = DIRECTION('',(0.,0.,1.));
#18287 = ORIENTED_EDGE('',*,*,#9534,.F.);
#18288 = ORIENTED_EDGE('',*,*,#18282,.F.);
#18289 = CYLINDRICAL_SURFACE('',#18290,2.05);
#18290 = AXIS2_PLACEMENT_3D('',#18291,#18292,#18293);
#18291 = CARTESIAN_POINT('',(-78.662785,27.541869,-4.6E-02));
#18292 = DIRECTION('',(-0.,-0.,-1.));
#18293 = DIRECTION('',(-0.,-1.,0.));
#18294 = ADVANCED_FACE('',(#18295),#18306,.F.);
#18295 = FACE_BOUND('',#18296,.T.);
#18296 = EDGE_LOOP('',(#18297,#18298,#18304,#18305));
#18297 = ORIENTED_EDGE('',*,*,#4324,.T.);
#18298 = ORIENTED_EDGE('',*,*,#18299,.T.);
#18299 = EDGE_CURVE('',#4325,#9546,#18300,.T.);
#18300 = LINE('',#18301,#18302);
#18301 = CARTESIAN_POINT('',(-95.102237,27.994541,-4.6E-02));
#18302 = VECTOR('',#18303,1.);
#18303 = DIRECTION('',(0.,0.,1.));
#18304 = ORIENTED_EDGE('',*,*,#9545,.F.);
#18305 = ORIENTED_EDGE('',*,*,#18299,.F.);
#18306 = CYLINDRICAL_SURFACE('',#18307,1.5);
#18307 = AXIS2_PLACEMENT_3D('',#18308,#18309,#18310);
#18308 = CARTESIAN_POINT('',(-95.102237,29.494541,-4.6E-02));
#18309 = DIRECTION('',(-0.,-0.,-1.));
#18310 = DIRECTION('',(-0.,-1.,0.));
#18311 = ADVANCED_FACE('',(#18312),#18323,.F.);
#18312 = FACE_BOUND('',#18313,.T.);
#18313 = EDGE_LOOP('',(#18314,#18315,#18321,#18322));
#18314 = ORIENTED_EDGE('',*,*,#4335,.T.);
#18315 = ORIENTED_EDGE('',*,*,#18316,.T.);
#18316 = EDGE_CURVE('',#4336,#9557,#18317,.T.);
#18317 = LINE('',#18318,#18319);
#18318 = CARTESIAN_POINT('',(-83.649451,27.561179,-4.6E-02));
#18319 = VECTOR('',#18320,1.);
#18320 = DIRECTION('',(0.,0.,1.));
#18321 = ORIENTED_EDGE('',*,*,#9556,.F.);
#18322 = ORIENTED_EDGE('',*,*,#18316,.F.);
#18323 = CYLINDRICAL_SURFACE('',#18324,0.95);
#18324 = AXIS2_PLACEMENT_3D('',#18325,#18326,#18327);
#18325 = CARTESIAN_POINT('',(-83.649451,28.511179,-4.6E-02));
#18326 = DIRECTION('',(-0.,-0.,-1.));
#18327 = DIRECTION('',(-0.,-1.,0.));
#18328 = ADVANCED_FACE('',(#18329),#18340,.F.);
#18329 = FACE_BOUND('',#18330,.T.);
#18330 = EDGE_LOOP('',(#18331,#18332,#18338,#18339));
#18331 = ORIENTED_EDGE('',*,*,#4346,.T.);
#18332 = ORIENTED_EDGE('',*,*,#18333,.T.);
#18333 = EDGE_CURVE('',#4347,#9568,#18334,.T.);
#18334 = LINE('',#18335,#18336);
#18335 = CARTESIAN_POINT('',(-81.91813,29.262184,-4.6E-02));
#18336 = VECTOR('',#18337,1.);
#18337 = DIRECTION('',(0.,0.,1.));
#18338 = ORIENTED_EDGE('',*,*,#9567,.F.);
#18339 = ORIENTED_EDGE('',*,*,#18333,.F.);
#18340 = CYLINDRICAL_SURFACE('',#18341,1.5);
#18341 = AXIS2_PLACEMENT_3D('',#18342,#18343,#18344);
#18342 = CARTESIAN_POINT('',(-81.91813,30.762184,-4.6E-02));
#18343 = DIRECTION('',(-0.,-0.,-1.));
#18344 = DIRECTION('',(-0.,-1.,0.));
#18345 = ADVANCED_FACE('',(#18346),#18357,.F.);
#18346 = FACE_BOUND('',#18347,.T.);
#18347 = EDGE_LOOP('',(#18348,#18349,#18355,#18356));
#18348 = ORIENTED_EDGE('',*,*,#4357,.T.);
#18349 = ORIENTED_EDGE('',*,*,#18350,.T.);
#18350 = EDGE_CURVE('',#4358,#9579,#18351,.T.);
#18351 = LINE('',#18352,#18353);
#18352 = CARTESIAN_POINT('',(-75.200142,30.54388,-4.6E-02));
#18353 = VECTOR('',#18354,1.);
#18354 = DIRECTION('',(0.,0.,1.));
#18355 = ORIENTED_EDGE('',*,*,#9578,.F.);
#18356 = ORIENTED_EDGE('',*,*,#18350,.F.);
#18357 = CYLINDRICAL_SURFACE('',#18358,1.5);
#18358 = AXIS2_PLACEMENT_3D('',#18359,#18360,#18361);
#18359 = CARTESIAN_POINT('',(-75.200142,32.04388,-4.6E-02));
#18360 = DIRECTION('',(-0.,-0.,-1.));
#18361 = DIRECTION('',(-0.,-1.,0.));
#18362 = ADVANCED_FACE('',(#18363),#18374,.F.);
#18363 = FACE_BOUND('',#18364,.T.);
#18364 = EDGE_LOOP('',(#18365,#18366,#18372,#18373));
#18365 = ORIENTED_EDGE('',*,*,#4368,.T.);
#18366 = ORIENTED_EDGE('',*,*,#18367,.T.);
#18367 = EDGE_CURVE('',#4369,#9590,#18368,.T.);
#18368 = LINE('',#18369,#18370);
#18369 = CARTESIAN_POINT('',(-48.272031,9.886109,-4.6E-02));
#18370 = VECTOR('',#18371,1.);
#18371 = DIRECTION('',(0.,0.,1.));
#18372 = ORIENTED_EDGE('',*,*,#9589,.F.);
#18373 = ORIENTED_EDGE('',*,*,#18367,.F.);
#18374 = CYLINDRICAL_SURFACE('',#18375,0.95);
#18375 = AXIS2_PLACEMENT_3D('',#18376,#18377,#18378);
#18376 = CARTESIAN_POINT('',(-48.272031,10.836109,-4.6E-02));
#18377 = DIRECTION('',(-0.,-0.,-1.));
#18378 = DIRECTION('',(-0.,-1.,0.));
#18379 = ADVANCED_FACE('',(#18380),#18391,.F.);
#18380 = FACE_BOUND('',#18381,.T.);
#18381 = EDGE_LOOP('',(#18382,#18383,#18389,#18390));
#18382 = ORIENTED_EDGE('',*,*,#4379,.T.);
#18383 = ORIENTED_EDGE('',*,*,#18384,.T.);
#18384 = EDGE_CURVE('',#4380,#9601,#18385,.T.);
#18385 = LINE('',#18386,#18387);
#18386 = CARTESIAN_POINT('',(-43.285365,7.816799,-4.6E-02));
#18387 = VECTOR('',#18388,1.);
#18388 = DIRECTION('',(0.,0.,1.));
#18389 = ORIENTED_EDGE('',*,*,#9600,.F.);
#18390 = ORIENTED_EDGE('',*,*,#18384,.F.);
#18391 = CYLINDRICAL_SURFACE('',#18392,2.05);
#18392 = AXIS2_PLACEMENT_3D('',#18393,#18394,#18395);
#18393 = CARTESIAN_POINT('',(-43.285365,9.866799,-4.6E-02));
#18394 = DIRECTION('',(-0.,-0.,-1.));
#18395 = DIRECTION('',(-0.,-1.,0.));
#18396 = ADVANCED_FACE('',(#18397),#18408,.F.);
#18397 = FACE_BOUND('',#18398,.T.);
#18398 = EDGE_LOOP('',(#18399,#18400,#18406,#18407));
#18399 = ORIENTED_EDGE('',*,*,#4390,.T.);
#18400 = ORIENTED_EDGE('',*,*,#18401,.T.);
#18401 = EDGE_CURVE('',#4391,#9612,#18402,.T.);
#18402 = LINE('',#18403,#18404);
#18403 = CARTESIAN_POINT('',(-46.54071,11.587114,-4.6E-02));
#18404 = VECTOR('',#18405,1.);
#18405 = DIRECTION('',(0.,0.,1.));
#18406 = ORIENTED_EDGE('',*,*,#9611,.F.);
#18407 = ORIENTED_EDGE('',*,*,#18401,.F.);
#18408 = CYLINDRICAL_SURFACE('',#18409,1.5);
#18409 = AXIS2_PLACEMENT_3D('',#18410,#18411,#18412);
#18410 = CARTESIAN_POINT('',(-46.54071,13.087114,-4.6E-02));
#18411 = DIRECTION('',(-0.,-0.,-1.));
#18412 = DIRECTION('',(-0.,-1.,0.));
#18413 = ADVANCED_FACE('',(#18414),#18425,.F.);
#18414 = FACE_BOUND('',#18415,.T.);
#18415 = EDGE_LOOP('',(#18416,#18417,#18423,#18424));
#18416 = ORIENTED_EDGE('',*,*,#4401,.T.);
#18417 = ORIENTED_EDGE('',*,*,#18418,.T.);
#18418 = EDGE_CURVE('',#4402,#9623,#18419,.T.);
#18419 = LINE('',#18420,#18421);
#18420 = CARTESIAN_POINT('',(-39.822722,12.86881,-4.6E-02));
#18421 = VECTOR('',#18422,1.);
#18422 = DIRECTION('',(0.,0.,1.));
#18423 = ORIENTED_EDGE('',*,*,#9622,.F.);
#18424 = ORIENTED_EDGE('',*,*,#18418,.F.);
#18425 = CYLINDRICAL_SURFACE('',#18426,1.5);
#18426 = AXIS2_PLACEMENT_3D('',#18427,#18428,#18429);
#18427 = CARTESIAN_POINT('',(-39.822722,14.36881,-4.6E-02));
#18428 = DIRECTION('',(-0.,-0.,-1.));
#18429 = DIRECTION('',(-0.,-1.,0.));
#18430 = ADVANCED_FACE('',(#18431),#18442,.F.);
#18431 = FACE_BOUND('',#18432,.T.);
#18432 = EDGE_LOOP('',(#18433,#18434,#18440,#18441));
#18433 = ORIENTED_EDGE('',*,*,#4412,.T.);
#18434 = ORIENTED_EDGE('',*,*,#18435,.T.);
#18435 = EDGE_CURVE('',#4413,#9634,#18436,.T.);
#18436 = LINE('',#18437,#18438);
#18437 = CARTESIAN_POINT('',(-61.355693,14.69108,-4.6E-02));
#18438 = VECTOR('',#18439,1.);
#18439 = DIRECTION('',(0.,0.,1.));
#18440 = ORIENTED_EDGE('',*,*,#9633,.F.);
#18441 = ORIENTED_EDGE('',*,*,#18435,.F.);
#18442 = CYLINDRICAL_SURFACE('',#18443,2.05);
#18443 = AXIS2_PLACEMENT_3D('',#18444,#18445,#18446);
#18444 = CARTESIAN_POINT('',(-61.355693,16.74108,-4.6E-02));
#18445 = DIRECTION('',(-0.,-0.,-1.));
#18446 = DIRECTION('',(-0.,-1.,0.));
#18447 = ADVANCED_FACE('',(#18448),#18459,.F.);
#18448 = FACE_BOUND('',#18449,.T.);
#18449 = EDGE_LOOP('',(#18450,#18451,#18457,#18458));
#18450 = ORIENTED_EDGE('',*,*,#4423,.T.);
#18451 = ORIENTED_EDGE('',*,*,#18452,.T.);
#18452 = EDGE_CURVE('',#4424,#9645,#18453,.T.);
#18453 = LINE('',#18454,#18455);
#18454 = CARTESIAN_POINT('',(-56.369027,14.82177,-4.6E-02));
#18455 = VECTOR('',#18456,1.);
#18456 = DIRECTION('',(0.,0.,1.));
#18457 = ORIENTED_EDGE('',*,*,#9644,.F.);
#18458 = ORIENTED_EDGE('',*,*,#18452,.F.);
#18459 = CYLINDRICAL_SURFACE('',#18460,0.95);
#18460 = AXIS2_PLACEMENT_3D('',#18461,#18462,#18463);
#18461 = CARTESIAN_POINT('',(-56.369027,15.77177,-4.6E-02));
#18462 = DIRECTION('',(-0.,-0.,-1.));
#18463 = DIRECTION('',(-0.,-1.,0.));
#18464 = ADVANCED_FACE('',(#18465),#18476,.F.);
#18465 = FACE_BOUND('',#18466,.T.);
#18466 = EDGE_LOOP('',(#18467,#18468,#18474,#18475));
#18467 = ORIENTED_EDGE('',*,*,#4434,.T.);
#18468 = ORIENTED_EDGE('',*,*,#18469,.T.);
#18469 = EDGE_CURVE('',#4435,#9656,#18470,.T.);
#18470 = LINE('',#18471,#18472);
#18471 = CARTESIAN_POINT('',(-57.89305,19.743091,-4.6E-02));
#18472 = VECTOR('',#18473,1.);
#18473 = DIRECTION('',(0.,0.,1.));
#18474 = ORIENTED_EDGE('',*,*,#9655,.F.);
#18475 = ORIENTED_EDGE('',*,*,#18469,.F.);
#18476 = CYLINDRICAL_SURFACE('',#18477,1.5);
#18477 = AXIS2_PLACEMENT_3D('',#18478,#18479,#18480);
#18478 = CARTESIAN_POINT('',(-57.89305,21.243091,-4.6E-02));
#18479 = DIRECTION('',(-0.,-0.,-1.));
#18480 = DIRECTION('',(-0.,-1.,0.));
#18481 = ADVANCED_FACE('',(#18482),#18493,.F.);
#18482 = FACE_BOUND('',#18483,.T.);
#18483 = EDGE_LOOP('',(#18484,#18485,#18491,#18492));
#18484 = ORIENTED_EDGE('',*,*,#4445,.T.);
#18485 = ORIENTED_EDGE('',*,*,#18486,.T.);
#18486 = EDGE_CURVE('',#4446,#9667,#18487,.T.);
#18487 = LINE('',#18488,#18489);
#18488 = CARTESIAN_POINT('',(7.6,-15.261,-4.6E-02));
#18489 = VECTOR('',#18490,1.);
#18490 = DIRECTION('',(0.,0.,1.));
#18491 = ORIENTED_EDGE('',*,*,#9666,.F.);
#18492 = ORIENTED_EDGE('',*,*,#18486,.F.);
#18493 = CYLINDRICAL_SURFACE('',#18494,0.381);
#18494 = AXIS2_PLACEMENT_3D('',#18495,#18496,#18497);
#18495 = CARTESIAN_POINT('',(7.6,-14.88,-4.6E-02));
#18496 = DIRECTION('',(-0.,-0.,-1.));
#18497 = DIRECTION('',(-0.,-1.,0.));
#18498 = ADVANCED_FACE('',(#18499),#18510,.F.);
#18499 = FACE_BOUND('',#18500,.T.);
#18500 = EDGE_LOOP('',(#18501,#18502,#18508,#18509));
#18501 = ORIENTED_EDGE('',*,*,#4456,.T.);
#18502 = ORIENTED_EDGE('',*,*,#18503,.T.);
#18503 = EDGE_CURVE('',#4457,#9678,#18504,.T.);
#18504 = LINE('',#18505,#18506);
#18505 = CARTESIAN_POINT('',(7.6,-12.721,-4.6E-02));
#18506 = VECTOR('',#18507,1.);
#18507 = DIRECTION('',(0.,0.,1.));
#18508 = ORIENTED_EDGE('',*,*,#9677,.F.);
#18509 = ORIENTED_EDGE('',*,*,#18503,.F.);
#18510 = CYLINDRICAL_SURFACE('',#18511,0.381);
#18511 = AXIS2_PLACEMENT_3D('',#18512,#18513,#18514);
#18512 = CARTESIAN_POINT('',(7.6,-12.34,-4.6E-02));
#18513 = DIRECTION('',(-0.,-0.,-1.));
#18514 = DIRECTION('',(-0.,-1.,0.));
#18515 = ADVANCED_FACE('',(#18516),#18527,.F.);
#18516 = FACE_BOUND('',#18517,.T.);
#18517 = EDGE_LOOP('',(#18518,#18519,#18525,#18526));
#18518 = ORIENTED_EDGE('',*,*,#4467,.T.);
#18519 = ORIENTED_EDGE('',*,*,#18520,.T.);
#18520 = EDGE_CURVE('',#4468,#9689,#18521,.T.);
#18521 = LINE('',#18522,#18523);
#18522 = CARTESIAN_POINT('',(7.6,-10.181,-4.6E-02));
#18523 = VECTOR('',#18524,1.);
#18524 = DIRECTION('',(0.,0.,1.));
#18525 = ORIENTED_EDGE('',*,*,#9688,.F.);
#18526 = ORIENTED_EDGE('',*,*,#18520,.F.);
#18527 = CYLINDRICAL_SURFACE('',#18528,0.381);
#18528 = AXIS2_PLACEMENT_3D('',#18529,#18530,#18531);
#18529 = CARTESIAN_POINT('',(7.6,-9.8,-4.6E-02));
#18530 = DIRECTION('',(-0.,-0.,-1.));
#18531 = DIRECTION('',(-0.,-1.,0.));
#18532 = ADVANCED_FACE('',(#18533),#18544,.F.);
#18533 = FACE_BOUND('',#18534,.T.);
#18534 = EDGE_LOOP('',(#18535,#18536,#18542,#18543));
#18535 = ORIENTED_EDGE('',*,*,#4478,.T.);
#18536 = ORIENTED_EDGE('',*,*,#18537,.T.);
#18537 = EDGE_CURVE('',#4479,#9700,#18538,.T.);
#18538 = LINE('',#18539,#18540);
#18539 = CARTESIAN_POINT('',(7.6,-7.641,-4.6E-02));
#18540 = VECTOR('',#18541,1.);
#18541 = DIRECTION('',(0.,0.,1.));
#18542 = ORIENTED_EDGE('',*,*,#9699,.F.);
#18543 = ORIENTED_EDGE('',*,*,#18537,.F.);
#18544 = CYLINDRICAL_SURFACE('',#18545,0.381);
#18545 = AXIS2_PLACEMENT_3D('',#18546,#18547,#18548);
#18546 = CARTESIAN_POINT('',(7.6,-7.26,-4.6E-02));
#18547 = DIRECTION('',(-0.,-0.,-1.));
#18548 = DIRECTION('',(-0.,-1.,0.));
#18549 = ADVANCED_FACE('',(#18550),#18561,.F.);
#18550 = FACE_BOUND('',#18551,.T.);
#18551 = EDGE_LOOP('',(#18552,#18553,#18559,#18560));
#18552 = ORIENTED_EDGE('',*,*,#4489,.T.);
#18553 = ORIENTED_EDGE('',*,*,#18554,.T.);
#18554 = EDGE_CURVE('',#4490,#9711,#18555,.T.);
#18555 = LINE('',#18556,#18557);
#18556 = CARTESIAN_POINT('',(41.933611,-10.752509,-4.6E-02));
#18557 = VECTOR('',#18558,1.);
#18558 = DIRECTION('',(0.,0.,1.));
#18559 = ORIENTED_EDGE('',*,*,#9710,.F.);
#18560 = ORIENTED_EDGE('',*,*,#18554,.F.);
#18561 = CYLINDRICAL_SURFACE('',#18562,0.95);
#18562 = AXIS2_PLACEMENT_3D('',#18563,#18564,#18565);
#18563 = CARTESIAN_POINT('',(41.933611,-9.802509,-4.6E-02));
#18564 = DIRECTION('',(-0.,-0.,-1.));
#18565 = DIRECTION('',(-0.,-1.,0.));
#18566 = ADVANCED_FACE('',(#18567),#18578,.F.);
#18567 = FACE_BOUND('',#18568,.T.);
#18568 = EDGE_LOOP('',(#18569,#18570,#18576,#18577));
#18569 = ORIENTED_EDGE('',*,*,#4500,.T.);
#18570 = ORIENTED_EDGE('',*,*,#18571,.T.);
#18571 = EDGE_CURVE('',#4501,#9722,#18572,.T.);
#18572 = LINE('',#18573,#18574);
#18573 = CARTESIAN_POINT('',(63.572195,-10.87966,-4.6E-02));
#18574 = VECTOR('',#18575,1.);
#18575 = DIRECTION('',(0.,0.,1.));
#18576 = ORIENTED_EDGE('',*,*,#9721,.F.);
#18577 = ORIENTED_EDGE('',*,*,#18571,.F.);
#18578 = CYLINDRICAL_SURFACE('',#18579,0.4953);
#18579 = AXIS2_PLACEMENT_3D('',#18580,#18581,#18582);
#18580 = CARTESIAN_POINT('',(63.572195,-10.38436,-4.6E-02));
#18581 = DIRECTION('',(-0.,0.,-1.));
#18582 = DIRECTION('',(1.434570433596E-14,-1.,-0.));
#18583 = ADVANCED_FACE('',(#18584),#18595,.F.);
#18584 = FACE_BOUND('',#18585,.T.);
#18585 = EDGE_LOOP('',(#18586,#18587,#18593,#18594));
#18586 = ORIENTED_EDGE('',*,*,#4511,.T.);
#18587 = ORIENTED_EDGE('',*,*,#18588,.T.);
#18588 = EDGE_CURVE('',#4512,#9733,#18589,.T.);
#18589 = LINE('',#18590,#18591);
#18590 = CARTESIAN_POINT('',(46.920277,-10.883199,-4.6E-02));
#18591 = VECTOR('',#18592,1.);
#18592 = DIRECTION('',(0.,0.,1.));
#18593 = ORIENTED_EDGE('',*,*,#9732,.F.);
#18594 = ORIENTED_EDGE('',*,*,#18588,.F.);
#18595 = CYLINDRICAL_SURFACE('',#18596,2.05);
#18596 = AXIS2_PLACEMENT_3D('',#18597,#18598,#18599);
#18597 = CARTESIAN_POINT('',(46.920277,-8.833199,-4.6E-02));
#18598 = DIRECTION('',(-0.,-0.,-1.));
#18599 = DIRECTION('',(-0.,-1.,0.));
#18600 = ADVANCED_FACE('',(#18601),#18612,.F.);
#18601 = FACE_BOUND('',#18602,.T.);
#18602 = EDGE_LOOP('',(#18603,#18604,#18610,#18611));
#18603 = ORIENTED_EDGE('',*,*,#4522,.T.);
#18604 = ORIENTED_EDGE('',*,*,#18605,.T.);
#18605 = EDGE_CURVE('',#4523,#9744,#18606,.T.);
#18606 = LINE('',#18607,#18608);
#18607 = CARTESIAN_POINT('',(42.695623,-8.566848,-4.6E-02));
#18608 = VECTOR('',#18609,1.);
#18609 = DIRECTION('',(0.,0.,1.));
#18610 = ORIENTED_EDGE('',*,*,#9743,.F.);
#18611 = ORIENTED_EDGE('',*,*,#18605,.F.);
#18612 = CYLINDRICAL_SURFACE('',#18613,1.5);
#18613 = AXIS2_PLACEMENT_3D('',#18614,#18615,#18616);
#18614 = CARTESIAN_POINT('',(42.695623,-7.066848,-4.6E-02));
#18615 = DIRECTION('',(-0.,-0.,-1.));
#18616 = DIRECTION('',(-0.,-1.,0.));
#18617 = ADVANCED_FACE('',(#18618),#18629,.F.);
#18618 = FACE_BOUND('',#18619,.T.);
#18619 = EDGE_LOOP('',(#18620,#18621,#18627,#18628));
#18620 = ORIENTED_EDGE('',*,*,#4533,.T.);
#18621 = ORIENTED_EDGE('',*,*,#18622,.T.);
#18622 = EDGE_CURVE('',#4534,#9755,#18623,.T.);
#18623 = LINE('',#18624,#18625);
#18624 = CARTESIAN_POINT('',(48.4443,-4.861878,-4.6E-02));
#18625 = VECTOR('',#18626,1.);
#18626 = DIRECTION('',(0.,0.,1.));
#18627 = ORIENTED_EDGE('',*,*,#9754,.F.);
#18628 = ORIENTED_EDGE('',*,*,#18622,.F.);
#18629 = CYLINDRICAL_SURFACE('',#18630,1.5);
#18630 = AXIS2_PLACEMENT_3D('',#18631,#18632,#18633);
#18631 = CARTESIAN_POINT('',(48.4443,-3.361878,-4.6E-02));
#18632 = DIRECTION('',(-0.,-0.,-1.));
#18633 = DIRECTION('',(-0.,-1.,0.));
#18634 = ADVANCED_FACE('',(#18635),#18646,.F.);
#18635 = FACE_BOUND('',#18636,.T.);
#18636 = EDGE_LOOP('',(#18637,#18638,#18644,#18645));
#18637 = ORIENTED_EDGE('',*,*,#4544,.T.);
#18638 = ORIENTED_EDGE('',*,*,#18639,.T.);
#18639 = EDGE_CURVE('',#4545,#9766,#18640,.T.);
#18640 = LINE('',#18641,#18642);
#18641 = CARTESIAN_POINT('',(51.906943,-8.813889,-4.6E-02));
#18642 = VECTOR('',#18643,1.);
#18643 = DIRECTION('',(0.,0.,1.));
#18644 = ORIENTED_EDGE('',*,*,#9765,.F.);
#18645 = ORIENTED_EDGE('',*,*,#18639,.F.);
#18646 = CYLINDRICAL_SURFACE('',#18647,0.95);
#18647 = AXIS2_PLACEMENT_3D('',#18648,#18649,#18650);
#18648 = CARTESIAN_POINT('',(51.906943,-7.863889,-4.6E-02));
#18649 = DIRECTION('',(-0.,-0.,-1.));
#18650 = DIRECTION('',(-0.,-1.,0.));
#18651 = ADVANCED_FACE('',(#18652),#18663,.F.);
#18652 = FACE_BOUND('',#18653,.T.);
#18653 = EDGE_LOOP('',(#18654,#18655,#18661,#18662));
#18654 = ORIENTED_EDGE('',*,*,#4555,.T.);
#18655 = ORIENTED_EDGE('',*,*,#18656,.T.);
#18656 = EDGE_CURVE('',#4556,#9777,#18657,.T.);
#18657 = LINE('',#18658,#18659);
#18658 = CARTESIAN_POINT('',(41.866955,0.946057,-4.6E-02));
#18659 = VECTOR('',#18660,1.);
#18660 = DIRECTION('',(0.,0.,1.));
#18661 = ORIENTED_EDGE('',*,*,#9776,.F.);
#18662 = ORIENTED_EDGE('',*,*,#18656,.F.);
#18663 = CYLINDRICAL_SURFACE('',#18664,0.4953);
#18664 = AXIS2_PLACEMENT_3D('',#18665,#18666,#18667);
#18665 = CARTESIAN_POINT('',(41.866955,1.441357,-4.6E-02));
#18666 = DIRECTION('',(-0.,-0.,-1.));
#18667 = DIRECTION('',(-0.,-1.,0.));
#18668 = ADVANCED_FACE('',(#18669),#18680,.F.);
#18669 = FACE_BOUND('',#18670,.T.);
#18670 = EDGE_LOOP('',(#18671,#18672,#18678,#18679));
#18671 = ORIENTED_EDGE('',*,*,#4566,.T.);
#18672 = ORIENTED_EDGE('',*,*,#18673,.T.);
#18673 = EDGE_CURVE('',#4567,#9788,#18674,.T.);
#18674 = LINE('',#18675,#18676);
#18675 = CARTESIAN_POINT('',(47.756719,2.090909,-4.6E-02));
#18676 = VECTOR('',#18677,1.);
#18677 = DIRECTION('',(0.,0.,1.));
#18678 = ORIENTED_EDGE('',*,*,#9787,.F.);
#18679 = ORIENTED_EDGE('',*,*,#18673,.F.);
#18680 = CYLINDRICAL_SURFACE('',#18681,0.4953);
#18681 = AXIS2_PLACEMENT_3D('',#18682,#18683,#18684);
#18682 = CARTESIAN_POINT('',(47.756719,2.586209,-4.6E-02));
#18683 = DIRECTION('',(-0.,-0.,-1.));
#18684 = DIRECTION('',(-0.,-1.,0.));
#18685 = ADVANCED_FACE('',(#18686),#18697,.F.);
#18686 = FACE_BOUND('',#18687,.T.);
#18687 = EDGE_LOOP('',(#18688,#18689,#18695,#18696));
#18688 = ORIENTED_EDGE('',*,*,#4577,.T.);
#18689 = ORIENTED_EDGE('',*,*,#18690,.T.);
#18690 = EDGE_CURVE('',#4578,#9799,#18691,.T.);
#18691 = LINE('',#18692,#18693);
#18692 = CARTESIAN_POINT('',(60.003939,-3.878228,-4.6E-02));
#18693 = VECTOR('',#18694,1.);
#18694 = DIRECTION('',(0.,0.,1.));
#18695 = ORIENTED_EDGE('',*,*,#9798,.F.);
#18696 = ORIENTED_EDGE('',*,*,#18690,.F.);
#18697 = CYLINDRICAL_SURFACE('',#18698,0.95);
#18698 = AXIS2_PLACEMENT_3D('',#18699,#18700,#18701);
#18699 = CARTESIAN_POINT('',(60.003939,-2.928228,-4.6E-02));
#18700 = DIRECTION('',(-0.,-0.,-1.));
#18701 = DIRECTION('',(-0.,-1.,0.));
#18702 = ADVANCED_FACE('',(#18703),#18714,.F.);
#18703 = FACE_BOUND('',#18704,.T.);
#18704 = EDGE_LOOP('',(#18705,#18706,#18712,#18713));
#18705 = ORIENTED_EDGE('',*,*,#4588,.T.);
#18706 = ORIENTED_EDGE('',*,*,#18707,.T.);
#18707 = EDGE_CURVE('',#4589,#9810,#18708,.T.);
#18708 = LINE('',#18709,#18710);
#18709 = CARTESIAN_POINT('',(60.765951,-1.692567,-4.6E-02));
#18710 = VECTOR('',#18711,1.);
#18711 = DIRECTION('',(0.,0.,1.));
#18712 = ORIENTED_EDGE('',*,*,#9809,.F.);
#18713 = ORIENTED_EDGE('',*,*,#18707,.F.);
#18714 = CYLINDRICAL_SURFACE('',#18715,1.5);
#18715 = AXIS2_PLACEMENT_3D('',#18716,#18717,#18718);
#18716 = CARTESIAN_POINT('',(60.765951,-0.192567,-4.6E-02));
#18717 = DIRECTION('',(-0.,-0.,-1.));
#18718 = DIRECTION('',(-0.,-1.,0.));
#18719 = ADVANCED_FACE('',(#18720),#18731,.F.);
#18720 = FACE_BOUND('',#18721,.T.);
#18721 = EDGE_LOOP('',(#18722,#18723,#18729,#18730));
#18722 = ORIENTED_EDGE('',*,*,#4599,.T.);
#18723 = ORIENTED_EDGE('',*,*,#18724,.T.);
#18724 = EDGE_CURVE('',#4600,#9821,#18725,.T.);
#18725 = LINE('',#18726,#18727);
#18726 = CARTESIAN_POINT('',(38.298699,7.947489,-4.6E-02));
#18727 = VECTOR('',#18728,1.);
#18728 = DIRECTION('',(0.,0.,1.));
#18729 = ORIENTED_EDGE('',*,*,#9820,.F.);
#18730 = ORIENTED_EDGE('',*,*,#18724,.F.);
#18731 = CYLINDRICAL_SURFACE('',#18732,0.95);
#18732 = AXIS2_PLACEMENT_3D('',#18733,#18734,#18735);
#18733 = CARTESIAN_POINT('',(38.298699,8.897489,-4.6E-02));
#18734 = DIRECTION('',(-0.,-0.,-1.));
#18735 = DIRECTION('',(-0.,-1.,0.));
#18736 = ADVANCED_FACE('',(#18737),#18748,.F.);
#18737 = FACE_BOUND('',#18738,.T.);
#18738 = EDGE_LOOP('',(#18739,#18740,#18746,#18747));
#18739 = ORIENTED_EDGE('',*,*,#4610,.T.);
#18740 = ORIENTED_EDGE('',*,*,#18741,.T.);
#18741 = EDGE_CURVE('',#4611,#9832,#18742,.T.);
#18742 = LINE('',#18743,#18744);
#18743 = CARTESIAN_POINT('',(59.937283,7.820338,-4.6E-02));
#18744 = VECTOR('',#18745,1.);
#18745 = DIRECTION('',(0.,0.,1.));
#18746 = ORIENTED_EDGE('',*,*,#9831,.F.);
#18747 = ORIENTED_EDGE('',*,*,#18741,.F.);
#18748 = CYLINDRICAL_SURFACE('',#18749,0.4953);
#18749 = AXIS2_PLACEMENT_3D('',#18750,#18751,#18752);
#18750 = CARTESIAN_POINT('',(59.937283,8.315638,-4.6E-02));
#18751 = DIRECTION('',(-0.,-0.,-1.));
#18752 = DIRECTION('',(-0.,-1.,0.));
#18753 = ADVANCED_FACE('',(#18754),#18765,.F.);
#18754 = FACE_BOUND('',#18755,.T.);
#18755 = EDGE_LOOP('',(#18756,#18757,#18763,#18764));
#18756 = ORIENTED_EDGE('',*,*,#4621,.T.);
#18757 = ORIENTED_EDGE('',*,*,#18758,.T.);
#18758 = EDGE_CURVE('',#4622,#9843,#18759,.T.);
#18759 = LINE('',#18760,#18761);
#18760 = CARTESIAN_POINT('',(70.149539,-16.687595,-4.6E-02));
#18761 = VECTOR('',#18762,1.);
#18762 = DIRECTION('',(0.,0.,1.));
#18763 = ORIENTED_EDGE('',*,*,#9842,.F.);
#18764 = ORIENTED_EDGE('',*,*,#18758,.F.);
#18765 = CYLINDRICAL_SURFACE('',#18766,1.5);
#18766 = AXIS2_PLACEMENT_3D('',#18767,#18768,#18769);
#18767 = CARTESIAN_POINT('',(70.149539,-15.187595,-4.6E-02));
#18768 = DIRECTION('',(-0.,-0.,-1.));
#18769 = DIRECTION('',(-0.,-1.,0.));
#18770 = ADVANCED_FACE('',(#18771),#18782,.F.);
#18771 = FACE_BOUND('',#18772,.T.);
#18772 = EDGE_LOOP('',(#18773,#18774,#18780,#18781));
#18773 = ORIENTED_EDGE('',*,*,#4632,.T.);
#18774 = ORIENTED_EDGE('',*,*,#18775,.T.);
#18775 = EDGE_CURVE('',#4633,#9854,#18776,.T.);
#18776 = LINE('',#18777,#18778);
#18777 = CARTESIAN_POINT('',(80.945942,-11.777436,-4.6E-02));
#18778 = VECTOR('',#18779,1.);
#18779 = DIRECTION('',(0.,0.,1.));
#18780 = ORIENTED_EDGE('',*,*,#9853,.F.);
#18781 = ORIENTED_EDGE('',*,*,#18775,.F.);
#18782 = CYLINDRICAL_SURFACE('',#18783,0.95);
#18783 = AXIS2_PLACEMENT_3D('',#18784,#18785,#18786);
#18784 = CARTESIAN_POINT('',(80.945942,-10.827436,-4.6E-02));
#18785 = DIRECTION('',(-0.,-0.,-1.));
#18786 = DIRECTION('',(-0.,-1.,0.));
#18787 = ADVANCED_FACE('',(#18788),#18799,.F.);
#18788 = FACE_BOUND('',#18789,.T.);
#18789 = EDGE_LOOP('',(#18790,#18791,#18797,#18798));
#18790 = ORIENTED_EDGE('',*,*,#4643,.T.);
#18791 = ORIENTED_EDGE('',*,*,#18792,.T.);
#18792 = EDGE_CURVE('',#4644,#9865,#18793,.T.);
#18793 = LINE('',#18794,#18795);
#18794 = CARTESIAN_POINT('',(85.932608,-11.908126,-4.6E-02));
#18795 = VECTOR('',#18796,1.);
#18796 = DIRECTION('',(0.,0.,1.));
#18797 = ORIENTED_EDGE('',*,*,#9864,.F.);
#18798 = ORIENTED_EDGE('',*,*,#18792,.F.);
#18799 = CYLINDRICAL_SURFACE('',#18800,2.05);
#18800 = AXIS2_PLACEMENT_3D('',#18801,#18802,#18803);
#18801 = CARTESIAN_POINT('',(85.932608,-9.858126,-4.6E-02));
#18802 = DIRECTION('',(-0.,-0.,-1.));
#18803 = DIRECTION('',(-0.,-1.,0.));
#18804 = ADVANCED_FACE('',(#18805),#18816,.F.);
#18805 = FACE_BOUND('',#18806,.T.);
#18806 = EDGE_LOOP('',(#18807,#18808,#18814,#18815));
#18807 = ORIENTED_EDGE('',*,*,#4654,.T.);
#18808 = ORIENTED_EDGE('',*,*,#18809,.T.);
#18809 = EDGE_CURVE('',#4655,#9876,#18810,.T.);
#18810 = LINE('',#18811,#18812);
#18811 = CARTESIAN_POINT('',(69.461959,-9.734808,-4.6E-02));
#18812 = VECTOR('',#18813,1.);
#18813 = DIRECTION('',(0.,0.,1.));
#18814 = ORIENTED_EDGE('',*,*,#9875,.F.);
#18815 = ORIENTED_EDGE('',*,*,#18809,.F.);
#18816 = CYLINDRICAL_SURFACE('',#18817,0.4953);
#18817 = AXIS2_PLACEMENT_3D('',#18818,#18819,#18820);
#18818 = CARTESIAN_POINT('',(69.461959,-9.239508,-4.6E-02));
#18819 = DIRECTION('',(-0.,-0.,-1.));
#18820 = DIRECTION('',(-2.869140867192E-14,-1.,0.));
#18821 = ADVANCED_FACE('',(#18822),#18833,.F.);
#18822 = FACE_BOUND('',#18823,.T.);
#18823 = EDGE_LOOP('',(#18824,#18825,#18831,#18832));
#18824 = ORIENTED_EDGE('',*,*,#4665,.T.);
#18825 = ORIENTED_EDGE('',*,*,#18826,.T.);
#18826 = EDGE_CURVE('',#4666,#9887,#18827,.T.);
#18827 = LINE('',#18828,#18829);
#18828 = CARTESIAN_POINT('',(81.707954,-9.591775,-4.6E-02));
#18829 = VECTOR('',#18830,1.);
#18830 = DIRECTION('',(0.,0.,1.));
#18831 = ORIENTED_EDGE('',*,*,#9886,.F.);
#18832 = ORIENTED_EDGE('',*,*,#18826,.F.);
#18833 = CYLINDRICAL_SURFACE('',#18834,1.5);
#18834 = AXIS2_PLACEMENT_3D('',#18835,#18836,#18837);
#18835 = CARTESIAN_POINT('',(81.707954,-8.091775,-4.6E-02));
#18836 = DIRECTION('',(-0.,-0.,-1.));
#18837 = DIRECTION('',(-0.,-1.,0.));
#18838 = ADVANCED_FACE('',(#18839),#18850,.F.);
#18839 = FACE_BOUND('',#18840,.T.);
#18840 = EDGE_LOOP('',(#18841,#18842,#18848,#18849));
#18841 = ORIENTED_EDGE('',*,*,#4676,.T.);
#18842 = ORIENTED_EDGE('',*,*,#18843,.T.);
#18843 = EDGE_CURVE('',#4677,#9898,#18844,.T.);
#18844 = LINE('',#18845,#18846);
#18845 = CARTESIAN_POINT('',(90.919274,-9.838816,-4.6E-02));
#18846 = VECTOR('',#18847,1.);
#18847 = DIRECTION('',(0.,0.,1.));
#18848 = ORIENTED_EDGE('',*,*,#9897,.F.);
#18849 = ORIENTED_EDGE('',*,*,#18843,.F.);
#18850 = CYLINDRICAL_SURFACE('',#18851,0.95);
#18851 = AXIS2_PLACEMENT_3D('',#18852,#18853,#18854);
#18852 = CARTESIAN_POINT('',(90.919274,-8.888816,-4.6E-02));
#18853 = DIRECTION('',(-0.,-0.,-1.));
#18854 = DIRECTION('',(-0.,-1.,0.));
#18855 = ADVANCED_FACE('',(#18856),#18867,.F.);
#18856 = FACE_BOUND('',#18857,.T.);
#18857 = EDGE_LOOP('',(#18858,#18859,#18865,#18866));
#18858 = ORIENTED_EDGE('',*,*,#4687,.T.);
#18859 = ORIENTED_EDGE('',*,*,#18860,.T.);
#18860 = EDGE_CURVE('',#4688,#9909,#18861,.T.);
#18861 = LINE('',#18862,#18863);
#18862 = CARTESIAN_POINT('',(87.456631,-5.886805,-4.6E-02));
#18863 = VECTOR('',#18864,1.);
#18864 = DIRECTION('',(0.,0.,1.));
#18865 = ORIENTED_EDGE('',*,*,#9908,.F.);
#18866 = ORIENTED_EDGE('',*,*,#18860,.F.);
#18867 = CYLINDRICAL_SURFACE('',#18868,1.5);
#18868 = AXIS2_PLACEMENT_3D('',#18869,#18870,#18871);
#18869 = CARTESIAN_POINT('',(87.456631,-4.386805,-4.6E-02));
#18870 = DIRECTION('',(-0.,-0.,-1.));
#18871 = DIRECTION('',(-0.,-1.,0.));
#18872 = ADVANCED_FACE('',(#18873),#18884,.F.);
#18873 = FACE_BOUND('',#18874,.T.);
#18874 = EDGE_LOOP('',(#18875,#18876,#18882,#18883));
#18875 = ORIENTED_EDGE('',*,*,#4698,.T.);
#18876 = ORIENTED_EDGE('',*,*,#18877,.T.);
#18877 = EDGE_CURVE('',#4699,#9920,#18878,.T.);
#18878 = LINE('',#18879,#18880);
#18879 = CARTESIAN_POINT('',(100.848037,-14.326776,-4.6E-02));
#18880 = VECTOR('',#18881,1.);
#18881 = DIRECTION('',(0.,0.,1.));
#18882 = ORIENTED_EDGE('',*,*,#9919,.F.);
#18883 = ORIENTED_EDGE('',*,*,#18877,.F.);
#18884 = CYLINDRICAL_SURFACE('',#18885,0.95);
#18885 = AXIS2_PLACEMENT_3D('',#18886,#18887,#18888);
#18886 = CARTESIAN_POINT('',(100.848037,-13.376776,-4.6E-02));
#18887 = DIRECTION('',(-0.,-0.,-1.));
#18888 = DIRECTION('',(-0.,-1.,0.));
#18889 = ADVANCED_FACE('',(#18890),#18901,.F.);
#18890 = FACE_BOUND('',#18891,.T.);
#18891 = EDGE_LOOP('',(#18892,#18893,#18899,#18900));
#18892 = ORIENTED_EDGE('',*,*,#4709,.T.);
#18893 = ORIENTED_EDGE('',*,*,#18894,.T.);
#18894 = EDGE_CURVE('',#4710,#9931,#18895,.T.);
#18895 = LINE('',#18896,#18897);
#18896 = CARTESIAN_POINT('',(101.610049,-12.141115,-4.6E-02));
#18897 = VECTOR('',#18898,1.);
#18898 = DIRECTION('',(0.,0.,1.));
#18899 = ORIENTED_EDGE('',*,*,#9930,.F.);
#18900 = ORIENTED_EDGE('',*,*,#18894,.F.);
#18901 = CYLINDRICAL_SURFACE('',#18902,1.5);
#18902 = AXIS2_PLACEMENT_3D('',#18903,#18904,#18905);
#18903 = CARTESIAN_POINT('',(101.610049,-10.641115,-4.6E-02));
#18904 = DIRECTION('',(-0.,-0.,-1.));
#18905 = DIRECTION('',(-0.,-1.,0.));
#18906 = ADVANCED_FACE('',(#18907),#18918,.F.);
#18907 = FACE_BOUND('',#18908,.T.);
#18908 = EDGE_LOOP('',(#18909,#18910,#18916,#18917));
#18909 = ORIENTED_EDGE('',*,*,#4720,.T.);
#18910 = ORIENTED_EDGE('',*,*,#18911,.T.);
#18911 = EDGE_CURVE('',#4721,#9942,#18912,.T.);
#18912 = LINE('',#18913,#18914);
#18913 = CARTESIAN_POINT('',(105.834703,-14.457466,-4.6E-02));
#18914 = VECTOR('',#18915,1.);
#18915 = DIRECTION('',(0.,0.,1.));
#18916 = ORIENTED_EDGE('',*,*,#9941,.F.);
#18917 = ORIENTED_EDGE('',*,*,#18911,.F.);
#18918 = CYLINDRICAL_SURFACE('',#18919,2.05);
#18919 = AXIS2_PLACEMENT_3D('',#18920,#18921,#18922);
#18920 = CARTESIAN_POINT('',(105.834703,-12.407466,-4.6E-02));
#18921 = DIRECTION('',(-0.,0.,-1.));
#18922 = DIRECTION('',(6.932124251318E-15,-1.,-0.));
#18923 = ADVANCED_FACE('',(#18924),#18935,.F.);
#18924 = FACE_BOUND('',#18925,.T.);
#18925 = EDGE_LOOP('',(#18926,#18927,#18933,#18934));
#18926 = ORIENTED_EDGE('',*,*,#4731,.T.);
#18927 = ORIENTED_EDGE('',*,*,#18928,.T.);
#18928 = EDGE_CURVE('',#4732,#9953,#18929,.T.);
#18929 = LINE('',#18930,#18931);
#18930 = CARTESIAN_POINT('',(110.821369,-12.388156,-4.6E-02));
#18931 = VECTOR('',#18932,1.);
#18932 = DIRECTION('',(0.,0.,1.));
#18933 = ORIENTED_EDGE('',*,*,#9952,.F.);
#18934 = ORIENTED_EDGE('',*,*,#18928,.F.);
#18935 = CYLINDRICAL_SURFACE('',#18936,0.95);
#18936 = AXIS2_PLACEMENT_3D('',#18937,#18938,#18939);
#18937 = CARTESIAN_POINT('',(110.821369,-11.438156,-4.6E-02));
#18938 = DIRECTION('',(-0.,-0.,-1.));
#18939 = DIRECTION('',(-0.,-1.,0.));
#18940 = ADVANCED_FACE('',(#18941),#18952,.F.);
#18941 = FACE_BOUND('',#18942,.T.);
#18942 = EDGE_LOOP('',(#18943,#18944,#18950,#18951));
#18943 = ORIENTED_EDGE('',*,*,#4742,.T.);
#18944 = ORIENTED_EDGE('',*,*,#18945,.T.);
#18945 = EDGE_CURVE('',#4743,#9964,#18946,.T.);
#18946 = LINE('',#18947,#18948);
#18947 = CARTESIAN_POINT('',(121.866492,-11.263639,-4.6E-02));
#18948 = VECTOR('',#18949,1.);
#18949 = DIRECTION('',(0.,0.,1.));
#18950 = ORIENTED_EDGE('',*,*,#9963,.F.);
#18951 = ORIENTED_EDGE('',*,*,#18945,.F.);
#18952 = CYLINDRICAL_SURFACE('',#18953,0.4953);
#18953 = AXIS2_PLACEMENT_3D('',#18954,#18955,#18956);
#18954 = CARTESIAN_POINT('',(121.866492,-10.768339,-4.6E-02));
#18955 = DIRECTION('',(-0.,-0.,-1.));
#18956 = DIRECTION('',(-0.,-1.,0.));
#18957 = ADVANCED_FACE('',(#18958),#18969,.F.);
#18958 = FACE_BOUND('',#18959,.T.);
#18959 = EDGE_LOOP('',(#18960,#18961,#18967,#18968));
#18960 = ORIENTED_EDGE('',*,*,#4753,.T.);
#18961 = ORIENTED_EDGE('',*,*,#18962,.T.);
#18962 = EDGE_CURVE('',#4754,#9975,#18963,.T.);
#18963 = LINE('',#18964,#18965);
#18964 = CARTESIAN_POINT('',(127.756256,-10.118787,-4.6E-02));
#18965 = VECTOR('',#18966,1.);
#18966 = DIRECTION('',(0.,0.,1.));
#18967 = ORIENTED_EDGE('',*,*,#9974,.F.);
#18968 = ORIENTED_EDGE('',*,*,#18962,.F.);
#18969 = CYLINDRICAL_SURFACE('',#18970,0.4953);
#18970 = AXIS2_PLACEMENT_3D('',#18971,#18972,#18973);
#18971 = CARTESIAN_POINT('',(127.756256,-9.623487,-4.6E-02));
#18972 = DIRECTION('',(-0.,-0.,-1.));
#18973 = DIRECTION('',(-0.,-1.,0.));
#18974 = ADVANCED_FACE('',(#18975),#18986,.F.);
#18975 = FACE_BOUND('',#18976,.T.);
#18976 = EDGE_LOOP('',(#18977,#18978,#18984,#18985));
#18977 = ORIENTED_EDGE('',*,*,#4764,.T.);
#18978 = ORIENTED_EDGE('',*,*,#18979,.T.);
#18979 = EDGE_CURVE('',#4765,#9986,#18980,.T.);
#18980 = LINE('',#18981,#18982);
#18981 = CARTESIAN_POINT('',(107.358726,-8.436145,-4.6E-02));
#18982 = VECTOR('',#18983,1.);
#18983 = DIRECTION('',(0.,0.,1.));
#18984 = ORIENTED_EDGE('',*,*,#9985,.F.);
#18985 = ORIENTED_EDGE('',*,*,#18979,.F.);
#18986 = CYLINDRICAL_SURFACE('',#18987,1.5);
#18987 = AXIS2_PLACEMENT_3D('',#18988,#18989,#18990);
#18988 = CARTESIAN_POINT('',(107.358726,-6.936145,-4.6E-02));
#18989 = DIRECTION('',(-0.,-0.,-1.));
#18990 = DIRECTION('',(-0.,-1.,0.));
#18991 = ADVANCED_FACE('',(#18992),#19003,.F.);
#18992 = FACE_BOUND('',#18993,.T.);
#18993 = EDGE_LOOP('',(#18994,#18995,#19001,#19002));
#18994 = ORIENTED_EDGE('',*,*,#4775,.T.);
#18995 = ORIENTED_EDGE('',*,*,#18996,.T.);
#18996 = EDGE_CURVE('',#4776,#9997,#18997,.T.);
#18997 = LINE('',#18998,#18999);
#18998 = CARTESIAN_POINT('',(118.298236,-4.262207,-4.6E-02));
#18999 = VECTOR('',#19000,1.);
#19000 = DIRECTION('',(0.,0.,1.));
#19001 = ORIENTED_EDGE('',*,*,#9996,.F.);
#19002 = ORIENTED_EDGE('',*,*,#18996,.F.);
#19003 = CYLINDRICAL_SURFACE('',#19004,0.95);
#19004 = AXIS2_PLACEMENT_3D('',#19005,#19006,#19007);
#19005 = CARTESIAN_POINT('',(118.298236,-3.312207,-4.6E-02));
#19006 = DIRECTION('',(-0.,-0.,-1.));
#19007 = DIRECTION('',(-0.,-1.,0.));
#19008 = ADVANCED_FACE('',(#19009),#19020,.F.);
#19009 = FACE_BOUND('',#19010,.T.);
#19010 = EDGE_LOOP('',(#19011,#19012,#19018,#19019));
#19011 = ORIENTED_EDGE('',*,*,#4786,.T.);
#19012 = ORIENTED_EDGE('',*,*,#19013,.T.);
#19013 = EDGE_CURVE('',#4787,#10008,#19014,.T.);
#19014 = LINE('',#19015,#19016);
#19015 = CARTESIAN_POINT('',(64.990605,-4.008918,-4.6E-02));
#19016 = VECTOR('',#19017,1.);
#19017 = DIRECTION('',(0.,0.,1.));
#19018 = ORIENTED_EDGE('',*,*,#10007,.F.);
#19019 = ORIENTED_EDGE('',*,*,#19013,.F.);
#19020 = CYLINDRICAL_SURFACE('',#19021,2.05);
#19021 = AXIS2_PLACEMENT_3D('',#19022,#19023,#19024);
#19022 = CARTESIAN_POINT('',(64.990605,-1.958918,-4.6E-02));
#19023 = DIRECTION('',(-0.,-0.,-1.));
#19024 = DIRECTION('',(-0.,-1.,0.));
#19025 = ADVANCED_FACE('',(#19026),#19037,.F.);
#19026 = FACE_BOUND('',#19027,.T.);
#19027 = EDGE_LOOP('',(#19028,#19029,#19035,#19036));
#19028 = ORIENTED_EDGE('',*,*,#4797,.T.);
#19029 = ORIENTED_EDGE('',*,*,#19030,.T.);
#19030 = EDGE_CURVE('',#4798,#10019,#19031,.T.);
#19031 = LINE('',#19032,#19033);
#19032 = CARTESIAN_POINT('',(69.977271,-1.939608,-4.6E-02));
#19033 = VECTOR('',#19034,1.);
#19034 = DIRECTION('',(0.,0.,1.));
#19035 = ORIENTED_EDGE('',*,*,#10018,.F.);
#19036 = ORIENTED_EDGE('',*,*,#19030,.F.);
#19037 = CYLINDRICAL_SURFACE('',#19038,0.95);
#19038 = AXIS2_PLACEMENT_3D('',#19039,#19040,#19041);
#19039 = CARTESIAN_POINT('',(69.977271,-0.989608,-4.6E-02));
#19040 = DIRECTION('',(-0.,-0.,-1.));
#19041 = DIRECTION('',(-0.,-1.,0.));
#19042 = ADVANCED_FACE('',(#19043),#19054,.F.);
#19043 = FACE_BOUND('',#19044,.T.);
#19044 = EDGE_LOOP('',(#19045,#19046,#19052,#19053));
#19045 = ORIENTED_EDGE('',*,*,#4808,.T.);
#19046 = ORIENTED_EDGE('',*,*,#19047,.T.);
#19047 = EDGE_CURVE('',#4809,#10030,#19048,.T.);
#19048 = LINE('',#19049,#19050);
#19049 = CARTESIAN_POINT('',(80.879287,-7.887E-02,-4.6E-02));
#19050 = VECTOR('',#19051,1.);
#19051 = DIRECTION('',(0.,0.,1.));
#19052 = ORIENTED_EDGE('',*,*,#10029,.F.);
#19053 = ORIENTED_EDGE('',*,*,#19047,.F.);
#19054 = CYLINDRICAL_SURFACE('',#19055,0.4953);
#19055 = AXIS2_PLACEMENT_3D('',#19056,#19057,#19058);
#19056 = CARTESIAN_POINT('',(80.879287,0.41643,-4.6E-02));
#19057 = DIRECTION('',(-0.,-0.,-1.));
#19058 = DIRECTION('',(-0.,-1.,0.));
#19059 = ADVANCED_FACE('',(#19060),#19071,.F.);
#19060 = FACE_BOUND('',#19061,.T.);
#19061 = EDGE_LOOP('',(#19062,#19063,#19069,#19070));
#19062 = ORIENTED_EDGE('',*,*,#4819,.T.);
#19063 = ORIENTED_EDGE('',*,*,#19064,.T.);
#19064 = EDGE_CURVE('',#4820,#10041,#19065,.T.);
#19065 = LINE('',#19066,#19067);
#19066 = CARTESIAN_POINT('',(86.769051,1.065982,-4.6E-02));
#19067 = VECTOR('',#19068,1.);
#19068 = DIRECTION('',(0.,0.,1.));
#19069 = ORIENTED_EDGE('',*,*,#10040,.F.);
#19070 = ORIENTED_EDGE('',*,*,#19064,.F.);
#19071 = CYLINDRICAL_SURFACE('',#19072,0.4953);
#19072 = AXIS2_PLACEMENT_3D('',#19073,#19074,#19075);
#19073 = CARTESIAN_POINT('',(86.769051,1.561282,-4.6E-02));
#19074 = DIRECTION('',(-0.,-0.,-1.));
#19075 = DIRECTION('',(-0.,-1.,0.));
#19076 = ADVANCED_FACE('',(#19077),#19088,.F.);
#19077 = FACE_BOUND('',#19078,.T.);
#19078 = EDGE_LOOP('',(#19079,#19080,#19086,#19087));
#19079 = ORIENTED_EDGE('',*,*,#4830,.T.);
#19080 = ORIENTED_EDGE('',*,*,#19081,.T.);
#19081 = EDGE_CURVE('',#4831,#10052,#19082,.T.);
#19082 = LINE('',#19083,#19084);
#19083 = CARTESIAN_POINT('',(66.514628,2.012403,-4.6E-02));
#19084 = VECTOR('',#19085,1.);
#19085 = DIRECTION('',(0.,0.,1.));
#19086 = ORIENTED_EDGE('',*,*,#10051,.F.);
#19087 = ORIENTED_EDGE('',*,*,#19081,.F.);
#19088 = CYLINDRICAL_SURFACE('',#19089,1.5);
#19089 = AXIS2_PLACEMENT_3D('',#19090,#19091,#19092);
#19090 = CARTESIAN_POINT('',(66.514628,3.512403,-4.6E-02));
#19091 = DIRECTION('',(-0.,-0.,-1.));
#19092 = DIRECTION('',(-0.,-1.,0.));
#19093 = ADVANCED_FACE('',(#19094),#19105,.F.);
#19094 = FACE_BOUND('',#19095,.T.);
#19095 = EDGE_LOOP('',(#19096,#19097,#19103,#19104));
#19096 = ORIENTED_EDGE('',*,*,#4841,.T.);
#19097 = ORIENTED_EDGE('',*,*,#19098,.T.);
#19098 = EDGE_CURVE('',#4842,#10063,#19099,.T.);
#19099 = LINE('',#19100,#19101);
#19100 = CARTESIAN_POINT('',(77.311031,6.922562,-4.6E-02));
#19101 = VECTOR('',#19102,1.);
#19102 = DIRECTION('',(0.,0.,1.));
#19103 = ORIENTED_EDGE('',*,*,#10062,.F.);
#19104 = ORIENTED_EDGE('',*,*,#19098,.F.);
#19105 = CYLINDRICAL_SURFACE('',#19106,0.95);
#19106 = AXIS2_PLACEMENT_3D('',#19107,#19108,#19109);
#19107 = CARTESIAN_POINT('',(77.311031,7.872562,-4.6E-02));
#19108 = DIRECTION('',(-0.,-0.,-1.));
#19109 = DIRECTION('',(-0.,-1.,0.));
#19110 = ADVANCED_FACE('',(#19111),#19122,.F.);
#19111 = FACE_BOUND('',#19112,.T.);
#19112 = EDGE_LOOP('',(#19113,#19114,#19120,#19121));
#19113 = ORIENTED_EDGE('',*,*,#4852,.T.);
#19114 = ORIENTED_EDGE('',*,*,#19115,.T.);
#19115 = EDGE_CURVE('',#4853,#10074,#19116,.T.);
#19116 = LINE('',#19117,#19118);
#19117 = CARTESIAN_POINT('',(82.297697,6.791872,-4.6E-02));
#19118 = VECTOR('',#19119,1.);
#19119 = DIRECTION('',(0.,0.,1.));
#19120 = ORIENTED_EDGE('',*,*,#10073,.F.);
#19121 = ORIENTED_EDGE('',*,*,#19115,.F.);
#19122 = CYLINDRICAL_SURFACE('',#19123,2.05);
#19123 = AXIS2_PLACEMENT_3D('',#19124,#19125,#19126);
#19124 = CARTESIAN_POINT('',(82.297697,8.841872,-4.6E-02));
#19125 = DIRECTION('',(-0.,-0.,-1.));
#19126 = DIRECTION('',(-0.,-1.,0.));
#19127 = ADVANCED_FACE('',(#19128),#19139,.F.);
#19128 = FACE_BOUND('',#19129,.T.);
#19129 = EDGE_LOOP('',(#19130,#19131,#19137,#19138));
#19130 = ORIENTED_EDGE('',*,*,#4863,.T.);
#19131 = ORIENTED_EDGE('',*,*,#19132,.T.);
#19132 = EDGE_CURVE('',#4864,#10085,#19133,.T.);
#19133 = LINE('',#19134,#19135);
#19134 = CARTESIAN_POINT('',(100.781381,-2.62821,-4.6E-02));
#19135 = VECTOR('',#19136,1.);
#19136 = DIRECTION('',(0.,0.,1.));
#19137 = ORIENTED_EDGE('',*,*,#10084,.F.);
#19138 = ORIENTED_EDGE('',*,*,#19132,.F.);
#19139 = CYLINDRICAL_SURFACE('',#19140,0.4953);
#19140 = AXIS2_PLACEMENT_3D('',#19141,#19142,#19143);
#19141 = CARTESIAN_POINT('',(100.781381,-2.13291,-4.6E-02));
#19142 = DIRECTION('',(-0.,-0.,-1.));
#19143 = DIRECTION('',(-0.,-1.,0.));
#19144 = ADVANCED_FACE('',(#19145),#19156,.F.);
#19145 = FACE_BOUND('',#19146,.T.);
#19146 = EDGE_LOOP('',(#19147,#19148,#19154,#19155));
#19147 = ORIENTED_EDGE('',*,*,#4874,.T.);
#19148 = ORIENTED_EDGE('',*,*,#19149,.T.);
#19149 = EDGE_CURVE('',#4875,#10096,#19150,.T.);
#19150 = LINE('',#19151,#19152);
#19151 = CARTESIAN_POINT('',(106.671145,-1.483358,-4.6E-02));
#19152 = VECTOR('',#19153,1.);
#19153 = DIRECTION('',(0.,0.,1.));
#19154 = ORIENTED_EDGE('',*,*,#10095,.F.);
#19155 = ORIENTED_EDGE('',*,*,#19149,.F.);
#19156 = CYLINDRICAL_SURFACE('',#19157,0.4953);
#19157 = AXIS2_PLACEMENT_3D('',#19158,#19159,#19160);
#19158 = CARTESIAN_POINT('',(106.671145,-0.988058,-4.6E-02));
#19159 = DIRECTION('',(-0.,-0.,-1.));
#19160 = DIRECTION('',(-0.,-1.,0.));
#19161 = ADVANCED_FACE('',(#19162),#19173,.F.);
#19162 = FACE_BOUND('',#19163,.T.);
#19163 = EDGE_LOOP('',(#19164,#19165,#19171,#19172));
#19164 = ORIENTED_EDGE('',*,*,#4885,.T.);
#19165 = ORIENTED_EDGE('',*,*,#19166,.T.);
#19166 = EDGE_CURVE('',#4886,#10107,#19167,.T.);
#19167 = LINE('',#19168,#19169);
#19168 = CARTESIAN_POINT('',(119.060248,-2.076546,-4.6E-02));
#19169 = VECTOR('',#19170,1.);
#19170 = DIRECTION('',(0.,0.,1.));
#19171 = ORIENTED_EDGE('',*,*,#10106,.F.);
#19172 = ORIENTED_EDGE('',*,*,#19166,.F.);
#19173 = CYLINDRICAL_SURFACE('',#19174,1.5);
#19174 = AXIS2_PLACEMENT_3D('',#19175,#19176,#19177);
#19175 = CARTESIAN_POINT('',(119.060248,-0.576546,-4.6E-02));
#19176 = DIRECTION('',(-0.,-0.,-1.));
#19177 = DIRECTION('',(-0.,-1.,0.));
#19178 = ADVANCED_FACE('',(#19179),#19190,.F.);
#19179 = FACE_BOUND('',#19180,.T.);
#19180 = EDGE_LOOP('',(#19181,#19182,#19188,#19189));
#19181 = ORIENTED_EDGE('',*,*,#4896,.T.);
#19182 = ORIENTED_EDGE('',*,*,#19183,.T.);
#19183 = EDGE_CURVE('',#4897,#10118,#19184,.T.);
#19184 = LINE('',#19185,#19186);
#19185 = CARTESIAN_POINT('',(123.284902,-4.392897,-4.6E-02));
#19186 = VECTOR('',#19187,1.);
#19187 = DIRECTION('',(0.,0.,1.));
#19188 = ORIENTED_EDGE('',*,*,#10117,.F.);
#19189 = ORIENTED_EDGE('',*,*,#19183,.F.);
#19190 = CYLINDRICAL_SURFACE('',#19191,2.05);
#19191 = AXIS2_PLACEMENT_3D('',#19192,#19193,#19194);
#19192 = CARTESIAN_POINT('',(123.284902,-2.342897,-4.6E-02));
#19193 = DIRECTION('',(-0.,-0.,-1.));
#19194 = DIRECTION('',(-0.,-1.,0.));
#19195 = ADVANCED_FACE('',(#19196),#19207,.F.);
#19196 = FACE_BOUND('',#19197,.T.);
#19197 = EDGE_LOOP('',(#19198,#19199,#19205,#19206));
#19198 = ORIENTED_EDGE('',*,*,#4907,.T.);
#19199 = ORIENTED_EDGE('',*,*,#19200,.T.);
#19200 = EDGE_CURVE('',#4908,#10129,#19201,.T.);
#19201 = LINE('',#19202,#19203);
#19202 = CARTESIAN_POINT('',(128.271568,-2.323587,-4.6E-02));
#19203 = VECTOR('',#19204,1.);
#19204 = DIRECTION('',(0.,0.,1.));
#19205 = ORIENTED_EDGE('',*,*,#10128,.F.);
#19206 = ORIENTED_EDGE('',*,*,#19200,.F.);
#19207 = CYLINDRICAL_SURFACE('',#19208,0.95);
#19208 = AXIS2_PLACEMENT_3D('',#19209,#19210,#19211);
#19209 = CARTESIAN_POINT('',(128.271568,-1.373587,-4.6E-02));
#19210 = DIRECTION('',(-0.,-0.,-1.));
#19211 = DIRECTION('',(-0.,-1.,0.));
#19212 = ADVANCED_FACE('',(#19213),#19224,.F.);
#19213 = FACE_BOUND('',#19214,.T.);
#19214 = EDGE_LOOP('',(#19215,#19216,#19222,#19223));
#19215 = ORIENTED_EDGE('',*,*,#4918,.T.);
#19216 = ORIENTED_EDGE('',*,*,#19217,.T.);
#19217 = EDGE_CURVE('',#4919,#10140,#19218,.T.);
#19218 = LINE('',#19219,#19220);
#19219 = CARTESIAN_POINT('',(97.213125,4.373222,-4.6E-02));
#19220 = VECTOR('',#19221,1.);
#19221 = DIRECTION('',(0.,0.,1.));
#19222 = ORIENTED_EDGE('',*,*,#10139,.F.);
#19223 = ORIENTED_EDGE('',*,*,#19217,.F.);
#19224 = CYLINDRICAL_SURFACE('',#19225,0.95);
#19225 = AXIS2_PLACEMENT_3D('',#19226,#19227,#19228);
#19226 = CARTESIAN_POINT('',(97.213125,5.323222,-4.6E-02));
#19227 = DIRECTION('',(-0.,0.,-1.));
#19228 = DIRECTION('',(1.495879443705E-14,-1.,-0.));
#19229 = ADVANCED_FACE('',(#19230),#19241,.F.);
#19230 = FACE_BOUND('',#19231,.T.);
#19231 = EDGE_LOOP('',(#19232,#19233,#19239,#19240));
#19232 = ORIENTED_EDGE('',*,*,#4929,.T.);
#19233 = ORIENTED_EDGE('',*,*,#19234,.T.);
#19234 = EDGE_CURVE('',#4930,#10151,#19235,.T.);
#19235 = LINE('',#19236,#19237);
#19236 = CARTESIAN_POINT('',(102.199791,4.242532,-4.6E-02));
#19237 = VECTOR('',#19238,1.);
#19238 = DIRECTION('',(0.,0.,1.));
#19239 = ORIENTED_EDGE('',*,*,#10150,.F.);
#19240 = ORIENTED_EDGE('',*,*,#19234,.F.);
#19241 = CYLINDRICAL_SURFACE('',#19242,2.05);
#19242 = AXIS2_PLACEMENT_3D('',#19243,#19244,#19245);
#19243 = CARTESIAN_POINT('',(102.199791,6.292532,-4.6E-02));
#19244 = DIRECTION('',(-0.,-0.,-1.));
#19245 = DIRECTION('',(-0.,-1.,0.));
#19246 = ADVANCED_FACE('',(#19247),#19258,.F.);
#19247 = FACE_BOUND('',#19248,.T.);
#19248 = EDGE_LOOP('',(#19249,#19250,#19256,#19257));
#19249 = ORIENTED_EDGE('',*,*,#4940,.T.);
#19250 = ORIENTED_EDGE('',*,*,#19251,.T.);
#19251 = EDGE_CURVE('',#4941,#10162,#19252,.T.);
#19252 = LINE('',#19253,#19254);
#19253 = CARTESIAN_POINT('',(97.975137,6.558883,-4.6E-02));
#19254 = VECTOR('',#19255,1.);
#19255 = DIRECTION('',(0.,0.,1.));
#19256 = ORIENTED_EDGE('',*,*,#10161,.F.);
#19257 = ORIENTED_EDGE('',*,*,#19251,.F.);
#19258 = CYLINDRICAL_SURFACE('',#19259,1.5);
#19259 = AXIS2_PLACEMENT_3D('',#19260,#19261,#19262);
#19260 = CARTESIAN_POINT('',(97.975137,8.058883,-4.6E-02));
#19261 = DIRECTION('',(-0.,-0.,-1.));
#19262 = DIRECTION('',(-0.,-1.,0.));
#19263 = ADVANCED_FACE('',(#19264),#19275,.F.);
#19264 = FACE_BOUND('',#19265,.T.);
#19265 = EDGE_LOOP('',(#19266,#19267,#19273,#19274));
#19266 = ORIENTED_EDGE('',*,*,#4951,.T.);
#19267 = ORIENTED_EDGE('',*,*,#19268,.T.);
#19268 = EDGE_CURVE('',#4952,#10173,#19269,.T.);
#19269 = LINE('',#19270,#19271);
#19270 = CARTESIAN_POINT('',(107.186457,6.311842,-4.6E-02));
#19271 = VECTOR('',#19272,1.);
#19272 = DIRECTION('',(0.,0.,1.));
#19273 = ORIENTED_EDGE('',*,*,#10172,.F.);
#19274 = ORIENTED_EDGE('',*,*,#19268,.F.);
#19275 = CYLINDRICAL_SURFACE('',#19276,0.95);
#19276 = AXIS2_PLACEMENT_3D('',#19277,#19278,#19279);
#19277 = CARTESIAN_POINT('',(107.186457,7.261842,-4.6E-02));
#19278 = DIRECTION('',(-0.,0.,-1.));
#19279 = DIRECTION('',(1.495879443705E-14,-1.,-0.));
#19280 = ADVANCED_FACE('',(#19281),#19292,.F.);
#19281 = FACE_BOUND('',#19282,.T.);
#19282 = EDGE_LOOP('',(#19283,#19284,#19290,#19291));
#19283 = ORIENTED_EDGE('',*,*,#4962,.T.);
#19284 = ORIENTED_EDGE('',*,*,#19285,.T.);
#19285 = EDGE_CURVE('',#4963,#10184,#19286,.T.);
#19286 = LINE('',#19287,#19288);
#19287 = CARTESIAN_POINT('',(124.808925,1.628424,-4.6E-02));
#19288 = VECTOR('',#19289,1.);
#19289 = DIRECTION('',(0.,0.,1.));
#19290 = ORIENTED_EDGE('',*,*,#10183,.F.);
#19291 = ORIENTED_EDGE('',*,*,#19285,.F.);
#19292 = CYLINDRICAL_SURFACE('',#19293,1.5);
#19293 = AXIS2_PLACEMENT_3D('',#19294,#19295,#19296);
#19294 = CARTESIAN_POINT('',(124.808925,3.128424,-4.6E-02));
#19295 = DIRECTION('',(-0.,-0.,-1.));
#19296 = DIRECTION('',(-0.,-1.,0.));
#19297 = ADVANCED_FACE('',(#19298),#19309,.F.);
#19298 = FACE_BOUND('',#19299,.T.);
#19299 = EDGE_LOOP('',(#19300,#19301,#19307,#19308));
#19300 = ORIENTED_EDGE('',*,*,#4973,.T.);
#19301 = ORIENTED_EDGE('',*,*,#19302,.T.);
#19302 = EDGE_CURVE('',#4974,#10195,#19303,.T.);
#19303 = LINE('',#19304,#19305);
#19304 = CARTESIAN_POINT('',(118.23158,7.436359,-4.6E-02));
#19305 = VECTOR('',#19306,1.);
#19306 = DIRECTION('',(0.,0.,1.));
#19307 = ORIENTED_EDGE('',*,*,#10194,.F.);
#19308 = ORIENTED_EDGE('',*,*,#19302,.F.);
#19309 = CYLINDRICAL_SURFACE('',#19310,0.4953);
#19310 = AXIS2_PLACEMENT_3D('',#19311,#19312,#19313);
#19311 = CARTESIAN_POINT('',(118.23158,7.931659,-4.6E-02));
#19312 = DIRECTION('',(-0.,-0.,-1.));
#19313 = DIRECTION('',(-0.,-1.,0.));
#19314 = ADVANCED_FACE('',(#19315),#19326,.F.);
#19315 = FACE_BOUND('',#19316,.T.);
#19316 = EDGE_LOOP('',(#19317,#19318,#19324,#19325));
#19317 = ORIENTED_EDGE('',*,*,#4984,.T.);
#19318 = ORIENTED_EDGE('',*,*,#19319,.T.);
#19319 = EDGE_CURVE('',#4985,#10206,#19320,.T.);
#19320 = LINE('',#19321,#19322);
#19321 = CARTESIAN_POINT('',(124.121344,8.581211,-4.6E-02));
#19322 = VECTOR('',#19323,1.);
#19323 = DIRECTION('',(0.,0.,1.));
#19324 = ORIENTED_EDGE('',*,*,#10205,.F.);
#19325 = ORIENTED_EDGE('',*,*,#19319,.F.);
#19326 = CYLINDRICAL_SURFACE('',#19327,0.4953);
#19327 = AXIS2_PLACEMENT_3D('',#19328,#19329,#19330);
#19328 = CARTESIAN_POINT('',(124.121344,9.076511,-4.6E-02));
#19329 = DIRECTION('',(-0.,-0.,-1.));
#19330 = DIRECTION('',(-0.,-1.,0.));
#19331 = ADVANCED_FACE('',(#19332),#19343,.F.);
#19332 = FACE_BOUND('',#19333,.T.);
#19333 = EDGE_LOOP('',(#19334,#19335,#19341,#19342));
#19334 = ORIENTED_EDGE('',*,*,#4995,.T.);
#19335 = ORIENTED_EDGE('',*,*,#19336,.T.);
#19336 = EDGE_CURVE('',#4996,#10217,#19337,.T.);
#19337 = LINE('',#19338,#19339);
#19338 = CARTESIAN_POINT('',(39.060711,10.13315,-4.6E-02));
#19339 = VECTOR('',#19340,1.);
#19340 = DIRECTION('',(0.,0.,1.));
#19341 = ORIENTED_EDGE('',*,*,#10216,.F.);
#19342 = ORIENTED_EDGE('',*,*,#19336,.F.);
#19343 = CYLINDRICAL_SURFACE('',#19344,1.5);
#19344 = AXIS2_PLACEMENT_3D('',#19345,#19346,#19347);
#19345 = CARTESIAN_POINT('',(39.060711,11.63315,-4.6E-02));
#19346 = DIRECTION('',(-0.,-0.,-1.));
#19347 = DIRECTION('',(-0.,-1.,0.));
#19348 = ADVANCED_FACE('',(#19349),#19360,.F.);
#19349 = FACE_BOUND('',#19350,.T.);
#19350 = EDGE_LOOP('',(#19351,#19352,#19358,#19359));
#19351 = ORIENTED_EDGE('',*,*,#5006,.T.);
#19352 = ORIENTED_EDGE('',*,*,#19353,.T.);
#19353 = EDGE_CURVE('',#5007,#10228,#19354,.T.);
#19354 = LINE('',#19355,#19356);
#19355 = CARTESIAN_POINT('',(43.285365,7.816799,-4.6E-02));
#19356 = VECTOR('',#19357,1.);
#19357 = DIRECTION('',(0.,0.,1.));
#19358 = ORIENTED_EDGE('',*,*,#10227,.F.);
#19359 = ORIENTED_EDGE('',*,*,#19353,.F.);
#19360 = CYLINDRICAL_SURFACE('',#19361,2.05);
#19361 = AXIS2_PLACEMENT_3D('',#19362,#19363,#19364);
#19362 = CARTESIAN_POINT('',(43.285365,9.866799,-4.6E-02));
#19363 = DIRECTION('',(-0.,-0.,-1.));
#19364 = DIRECTION('',(-0.,-1.,0.));
#19365 = ADVANCED_FACE('',(#19366),#19377,.F.);
#19366 = FACE_BOUND('',#19367,.T.);
#19367 = EDGE_LOOP('',(#19368,#19369,#19375,#19376));
#19368 = ORIENTED_EDGE('',*,*,#5017,.T.);
#19369 = ORIENTED_EDGE('',*,*,#19370,.T.);
#19370 = EDGE_CURVE('',#5018,#10239,#19371,.T.);
#19371 = LINE('',#19372,#19373);
#19372 = CARTESIAN_POINT('',(48.272031,9.886109,-4.6E-02));
#19373 = VECTOR('',#19374,1.);
#19374 = DIRECTION('',(0.,0.,1.));
#19375 = ORIENTED_EDGE('',*,*,#10238,.F.);
#19376 = ORIENTED_EDGE('',*,*,#19370,.F.);
#19377 = CYLINDRICAL_SURFACE('',#19378,0.95);
#19378 = AXIS2_PLACEMENT_3D('',#19379,#19380,#19381);
#19379 = CARTESIAN_POINT('',(48.272031,10.836109,-4.6E-02));
#19380 = DIRECTION('',(-0.,-0.,-1.));
#19381 = DIRECTION('',(-0.,-1.,0.));
#19382 = ADVANCED_FACE('',(#19383),#19394,.F.);
#19383 = FACE_BOUND('',#19384,.T.);
#19384 = EDGE_LOOP('',(#19385,#19386,#19392,#19393));
#19385 = ORIENTED_EDGE('',*,*,#5028,.T.);
#19386 = ORIENTED_EDGE('',*,*,#19387,.T.);
#19387 = EDGE_CURVE('',#5029,#10250,#19388,.T.);
#19388 = LINE('',#19389,#19390);
#19389 = CARTESIAN_POINT('',(44.809388,13.83812,-4.6E-02));
#19390 = VECTOR('',#19391,1.);
#19391 = DIRECTION('',(0.,0.,1.));
#19392 = ORIENTED_EDGE('',*,*,#10249,.F.);
#19393 = ORIENTED_EDGE('',*,*,#19387,.F.);
#19394 = CYLINDRICAL_SURFACE('',#19395,1.5);
#19395 = AXIS2_PLACEMENT_3D('',#19396,#19397,#19398);
#19396 = CARTESIAN_POINT('',(44.809388,15.33812,-4.6E-02));
#19397 = DIRECTION('',(-0.,-0.,-1.));
#19398 = DIRECTION('',(-0.,-1.,0.));
#19399 = ADVANCED_FACE('',(#19400),#19411,.F.);
#19400 = FACE_BOUND('',#19401,.T.);
#19401 = EDGE_LOOP('',(#19402,#19403,#19409,#19410));
#19402 = ORIENTED_EDGE('',*,*,#5039,.T.);
#19403 = ORIENTED_EDGE('',*,*,#19404,.T.);
#19404 = EDGE_CURVE('',#5040,#10261,#19405,.T.);
#19405 = LINE('',#19406,#19407);
#19406 = CARTESIAN_POINT('',(56.369027,14.82177,-4.6E-02));
#19407 = VECTOR('',#19408,1.);
#19408 = DIRECTION('',(0.,0.,1.));
#19409 = ORIENTED_EDGE('',*,*,#10260,.F.);
#19410 = ORIENTED_EDGE('',*,*,#19404,.F.);
#19411 = CYLINDRICAL_SURFACE('',#19412,0.95);
#19412 = AXIS2_PLACEMENT_3D('',#19413,#19414,#19415);
#19413 = CARTESIAN_POINT('',(56.369027,15.77177,-4.6E-02));
#19414 = DIRECTION('',(-0.,-0.,-1.));
#19415 = DIRECTION('',(-0.,-1.,0.));
#19416 = ADVANCED_FACE('',(#19417),#19428,.F.);
#19417 = FACE_BOUND('',#19418,.T.);
#19418 = EDGE_LOOP('',(#19419,#19420,#19426,#19427));
#19419 = ORIENTED_EDGE('',*,*,#5050,.T.);
#19420 = ORIENTED_EDGE('',*,*,#19421,.T.);
#19421 = EDGE_CURVE('',#5051,#10272,#19422,.T.);
#19422 = LINE('',#19423,#19424);
#19423 = CARTESIAN_POINT('',(61.355693,14.69108,-4.6E-02));
#19424 = VECTOR('',#19425,1.);
#19425 = DIRECTION('',(0.,0.,1.));
#19426 = ORIENTED_EDGE('',*,*,#10271,.F.);
#19427 = ORIENTED_EDGE('',*,*,#19421,.F.);
#19428 = CYLINDRICAL_SURFACE('',#19429,2.05);
#19429 = AXIS2_PLACEMENT_3D('',#19430,#19431,#19432);
#19430 = CARTESIAN_POINT('',(61.355693,16.74108,-4.6E-02));
#19431 = DIRECTION('',(-0.,-0.,-1.));
#19432 = DIRECTION('',(-0.,-1.,0.));
#19433 = ADVANCED_FACE('',(#19434),#19445,.F.);
#19434 = FACE_BOUND('',#19435,.T.);
#19435 = EDGE_LOOP('',(#19436,#19437,#19443,#19444));
#19436 = ORIENTED_EDGE('',*,*,#5061,.T.);
#19437 = ORIENTED_EDGE('',*,*,#19438,.T.);
#19438 = EDGE_CURVE('',#5062,#10283,#19439,.T.);
#19439 = LINE('',#19440,#19441);
#19440 = CARTESIAN_POINT('',(57.131039,17.007431,-4.6E-02));
#19441 = VECTOR('',#19442,1.);
#19442 = DIRECTION('',(0.,0.,1.));
#19443 = ORIENTED_EDGE('',*,*,#10282,.F.);
#19444 = ORIENTED_EDGE('',*,*,#19438,.F.);
#19445 = CYLINDRICAL_SURFACE('',#19446,1.5);
#19446 = AXIS2_PLACEMENT_3D('',#19447,#19448,#19449);
#19447 = CARTESIAN_POINT('',(57.131039,18.507431,-4.6E-02));
#19448 = DIRECTION('',(-0.,-0.,-1.));
#19449 = DIRECTION('',(-0.,-1.,0.));
#19450 = ADVANCED_FACE('',(#19451),#19462,.F.);
#19451 = FACE_BOUND('',#19452,.T.);
#19452 = EDGE_LOOP('',(#19453,#19454,#19460,#19461));
#19453 = ORIENTED_EDGE('',*,*,#5072,.T.);
#19454 = ORIENTED_EDGE('',*,*,#19455,.T.);
#19455 = EDGE_CURVE('',#5073,#10294,#19456,.T.);
#19456 = LINE('',#19457,#19458);
#19457 = CARTESIAN_POINT('',(62.879716,20.712401,-4.6E-02));
#19458 = VECTOR('',#19459,1.);
#19459 = DIRECTION('',(0.,0.,1.));
#19460 = ORIENTED_EDGE('',*,*,#10293,.F.);
#19461 = ORIENTED_EDGE('',*,*,#19455,.F.);
#19462 = CYLINDRICAL_SURFACE('',#19463,1.5);
#19463 = AXIS2_PLACEMENT_3D('',#19464,#19465,#19466);
#19464 = CARTESIAN_POINT('',(62.879716,22.212401,-4.6E-02));
#19465 = DIRECTION('',(-0.,-0.,-1.));
#19466 = DIRECTION('',(-0.,-1.,0.));
#19467 = ADVANCED_FACE('',(#19468),#19479,.F.);
#19468 = FACE_BOUND('',#19469,.T.);
#19469 = EDGE_LOOP('',(#19470,#19471,#19477,#19478));
#19470 = ORIENTED_EDGE('',*,*,#5083,.T.);
#19471 = ORIENTED_EDGE('',*,*,#19472,.T.);
#19472 = EDGE_CURVE('',#5084,#10305,#19473,.T.);
#19473 = LINE('',#19474,#19475);
#19474 = CARTESIAN_POINT('',(65.827047,8.96519,-4.6E-02));
#19475 = VECTOR('',#19476,1.);
#19476 = DIRECTION('',(0.,0.,1.));
#19477 = ORIENTED_EDGE('',*,*,#10304,.F.);
#19478 = ORIENTED_EDGE('',*,*,#19472,.F.);
#19479 = CYLINDRICAL_SURFACE('',#19480,0.4953);
#19480 = AXIS2_PLACEMENT_3D('',#19481,#19482,#19483);
#19481 = CARTESIAN_POINT('',(65.827047,9.46049,-4.6E-02));
#19482 = DIRECTION('',(-0.,-0.,-1.));
#19483 = DIRECTION('',(-0.,-1.,0.));
#19484 = ADVANCED_FACE('',(#19485),#19496,.F.);
#19485 = FACE_BOUND('',#19486,.T.);
#19486 = EDGE_LOOP('',(#19487,#19488,#19494,#19495));
#19487 = ORIENTED_EDGE('',*,*,#5094,.T.);
#19488 = ORIENTED_EDGE('',*,*,#19489,.T.);
#19489 = EDGE_CURVE('',#5095,#10316,#19490,.T.);
#19490 = LINE('',#19491,#19492);
#19491 = CARTESIAN_POINT('',(78.073043,9.108223,-4.6E-02));
#19492 = VECTOR('',#19493,1.);
#19493 = DIRECTION('',(0.,0.,1.));
#19494 = ORIENTED_EDGE('',*,*,#10315,.F.);
#19495 = ORIENTED_EDGE('',*,*,#19489,.F.);
#19496 = CYLINDRICAL_SURFACE('',#19497,1.5);
#19497 = AXIS2_PLACEMENT_3D('',#19498,#19499,#19500);
#19498 = CARTESIAN_POINT('',(78.073043,10.608223,-4.6E-02));
#19499 = DIRECTION('',(-0.,-0.,-1.));
#19500 = DIRECTION('',(-0.,-1.,0.));
#19501 = ADVANCED_FACE('',(#19502),#19513,.F.);
#19502 = FACE_BOUND('',#19503,.T.);
#19503 = EDGE_LOOP('',(#19504,#19505,#19511,#19512));
#19504 = ORIENTED_EDGE('',*,*,#5105,.T.);
#19505 = ORIENTED_EDGE('',*,*,#19506,.T.);
#19506 = EDGE_CURVE('',#5106,#10327,#19507,.T.);
#19507 = LINE('',#19508,#19509);
#19508 = CARTESIAN_POINT('',(87.284363,8.861182,-4.6E-02));
#19509 = VECTOR('',#19510,1.);
#19510 = DIRECTION('',(0.,0.,1.));
#19511 = ORIENTED_EDGE('',*,*,#10326,.F.);
#19512 = ORIENTED_EDGE('',*,*,#19506,.F.);
#19513 = CYLINDRICAL_SURFACE('',#19514,0.95);
#19514 = AXIS2_PLACEMENT_3D('',#19515,#19516,#19517);
#19515 = CARTESIAN_POINT('',(87.284363,9.811182,-4.6E-02));
#19516 = DIRECTION('',(-0.,-0.,-1.));
#19517 = DIRECTION('',(-0.,-1.,0.));
#19518 = ADVANCED_FACE('',(#19519),#19530,.F.);
#19519 = FACE_BOUND('',#19520,.T.);
#19520 = EDGE_LOOP('',(#19521,#19522,#19528,#19529));
#19521 = ORIENTED_EDGE('',*,*,#5116,.T.);
#19522 = ORIENTED_EDGE('',*,*,#19523,.T.);
#19523 = EDGE_CURVE('',#5117,#10338,#19524,.T.);
#19524 = LINE('',#19525,#19526);
#19525 = CARTESIAN_POINT('',(83.82172,12.813193,-4.6E-02));
#19526 = VECTOR('',#19527,1.);
#19527 = DIRECTION('',(0.,0.,1.));
#19528 = ORIENTED_EDGE('',*,*,#10337,.F.);
#19529 = ORIENTED_EDGE('',*,*,#19523,.F.);
#19530 = CYLINDRICAL_SURFACE('',#19531,1.5);
#19531 = AXIS2_PLACEMENT_3D('',#19532,#19533,#19534);
#19532 = CARTESIAN_POINT('',(83.82172,14.313193,-4.6E-02));
#19533 = DIRECTION('',(-0.,-0.,-1.));
#19534 = DIRECTION('',(-0.,-1.,0.));
#19535 = ADVANCED_FACE('',(#19536),#19547,.F.);
#19536 = FACE_BOUND('',#19537,.T.);
#19537 = EDGE_LOOP('',(#19538,#19539,#19545,#19546));
#19538 = ORIENTED_EDGE('',*,*,#5127,.T.);
#19539 = ORIENTED_EDGE('',*,*,#19540,.T.);
#19540 = EDGE_CURVE('',#5128,#10349,#19541,.T.);
#19541 = LINE('',#19542,#19543);
#19542 = CARTESIAN_POINT('',(66.342359,16.76039,-4.6E-02));
#19543 = VECTOR('',#19544,1.);
#19544 = DIRECTION('',(0.,0.,1.));
#19545 = ORIENTED_EDGE('',*,*,#10348,.F.);
#19546 = ORIENTED_EDGE('',*,*,#19540,.F.);
#19547 = CYLINDRICAL_SURFACE('',#19548,0.95);
#19548 = AXIS2_PLACEMENT_3D('',#19549,#19550,#19551);
#19549 = CARTESIAN_POINT('',(66.342359,17.71039,-4.6E-02));
#19550 = DIRECTION('',(-0.,-0.,-1.));
#19551 = DIRECTION('',(-0.,-1.,0.));
#19552 = ADVANCED_FACE('',(#19553),#19564,.F.);
#19553 = FACE_BOUND('',#19554,.T.);
#19554 = EDGE_LOOP('',(#19555,#19556,#19562,#19563));
#19555 = ORIENTED_EDGE('',*,*,#5138,.T.);
#19556 = ORIENTED_EDGE('',*,*,#19557,.T.);
#19557 = EDGE_CURVE('',#5139,#10360,#19558,.T.);
#19558 = LINE('',#19559,#19560);
#19559 = CARTESIAN_POINT('',(77.244375,18.621127,-4.6E-02));
#19560 = VECTOR('',#19561,1.);
#19561 = DIRECTION('',(0.,0.,1.));
#19562 = ORIENTED_EDGE('',*,*,#10359,.F.);
#19563 = ORIENTED_EDGE('',*,*,#19557,.F.);
#19564 = CYLINDRICAL_SURFACE('',#19565,0.4953);
#19565 = AXIS2_PLACEMENT_3D('',#19566,#19567,#19568);
#19566 = CARTESIAN_POINT('',(77.244375,19.116427,-4.6E-02));
#19567 = DIRECTION('',(-0.,-0.,-1.));
#19568 = DIRECTION('',(-0.,-1.,0.));
#19569 = ADVANCED_FACE('',(#19570),#19581,.F.);
#19570 = FACE_BOUND('',#19571,.T.);
#19571 = EDGE_LOOP('',(#19572,#19573,#19579,#19580));
#19572 = ORIENTED_EDGE('',*,*,#5149,.T.);
#19573 = ORIENTED_EDGE('',*,*,#19574,.T.);
#19574 = EDGE_CURVE('',#5150,#10371,#19575,.T.);
#19575 = LINE('',#19576,#19577);
#19576 = CARTESIAN_POINT('',(83.134139,19.765979,-4.6E-02));
#19577 = VECTOR('',#19578,1.);
#19578 = DIRECTION('',(0.,0.,1.));
#19579 = ORIENTED_EDGE('',*,*,#10370,.F.);
#19580 = ORIENTED_EDGE('',*,*,#19574,.F.);
#19581 = CYLINDRICAL_SURFACE('',#19582,0.4953);
#19582 = AXIS2_PLACEMENT_3D('',#19583,#19584,#19585);
#19583 = CARTESIAN_POINT('',(83.134139,20.261279,-4.6E-02));
#19584 = DIRECTION('',(-0.,-0.,-1.));
#19585 = DIRECTION('',(-0.,-1.,0.));
#19586 = ADVANCED_FACE('',(#19587),#19598,.F.);
#19587 = FACE_BOUND('',#19588,.T.);
#19588 = EDGE_LOOP('',(#19589,#19590,#19596,#19597));
#19589 = ORIENTED_EDGE('',*,*,#5160,.T.);
#19590 = ORIENTED_EDGE('',*,*,#19591,.T.);
#19591 = EDGE_CURVE('',#5161,#10382,#19592,.T.);
#19592 = LINE('',#19593,#19594);
#19593 = CARTESIAN_POINT('',(103.723814,10.263853,-4.6E-02));
#19594 = VECTOR('',#19595,1.);
#19595 = DIRECTION('',(0.,0.,1.));
#19596 = ORIENTED_EDGE('',*,*,#10381,.F.);
#19597 = ORIENTED_EDGE('',*,*,#19591,.F.);
#19598 = CYLINDRICAL_SURFACE('',#19599,1.5);
#19599 = AXIS2_PLACEMENT_3D('',#19600,#19601,#19602);
#19600 = CARTESIAN_POINT('',(103.723814,11.763853,-4.6E-02));
#19601 = DIRECTION('',(-0.,-0.,-1.));
#19602 = DIRECTION('',(-0.,-1.,0.));
#19603 = ADVANCED_FACE('',(#19604),#19615,.F.);
#19604 = FACE_BOUND('',#19605,.T.);
#19605 = EDGE_LOOP('',(#19606,#19607,#19613,#19614));
#19606 = ORIENTED_EDGE('',*,*,#5171,.T.);
#19607 = ORIENTED_EDGE('',*,*,#19608,.T.);
#19608 = EDGE_CURVE('',#5172,#10393,#19609,.T.);
#19609 = LINE('',#19610,#19611);
#19610 = CARTESIAN_POINT('',(114.663324,14.437791,-4.6E-02));
#19611 = VECTOR('',#19612,1.);
#19612 = DIRECTION('',(0.,0.,1.));
#19613 = ORIENTED_EDGE('',*,*,#10392,.F.);
#19614 = ORIENTED_EDGE('',*,*,#19608,.F.);
#19615 = CYLINDRICAL_SURFACE('',#19616,0.95);
#19616 = AXIS2_PLACEMENT_3D('',#19617,#19618,#19619);
#19617 = CARTESIAN_POINT('',(114.663324,15.387791,-4.6E-02));
#19618 = DIRECTION('',(-0.,-0.,-1.));
#19619 = DIRECTION('',(-0.,-1.,0.));
#19620 = ADVANCED_FACE('',(#19621),#19632,.F.);
#19621 = FACE_BOUND('',#19622,.T.);
#19622 = EDGE_LOOP('',(#19623,#19624,#19630,#19631));
#19623 = ORIENTED_EDGE('',*,*,#5182,.T.);
#19624 = ORIENTED_EDGE('',*,*,#19625,.T.);
#19625 = EDGE_CURVE('',#5183,#10404,#19626,.T.);
#19626 = LINE('',#19627,#19628);
#19627 = CARTESIAN_POINT('',(97.14647,16.071788,-4.6E-02));
#19628 = VECTOR('',#19629,1.);
#19629 = DIRECTION('',(0.,0.,1.));
#19630 = ORIENTED_EDGE('',*,*,#10403,.F.);
#19631 = ORIENTED_EDGE('',*,*,#19625,.F.);
#19632 = CYLINDRICAL_SURFACE('',#19633,0.4953);
#19633 = AXIS2_PLACEMENT_3D('',#19634,#19635,#19636);
#19634 = CARTESIAN_POINT('',(97.14647,16.567088,-4.6E-02));
#19635 = DIRECTION('',(-0.,-0.,-1.));
#19636 = DIRECTION('',(-0.,-1.,0.));
#19637 = ADVANCED_FACE('',(#19638),#19649,.F.);
#19638 = FACE_BOUND('',#19639,.T.);
#19639 = EDGE_LOOP('',(#19640,#19641,#19647,#19648));
#19640 = ORIENTED_EDGE('',*,*,#5193,.T.);
#19641 = ORIENTED_EDGE('',*,*,#19642,.T.);
#19642 = EDGE_CURVE('',#5194,#10415,#19643,.T.);
#19643 = LINE('',#19644,#19645);
#19644 = CARTESIAN_POINT('',(103.036234,17.21664,-4.6E-02));
#19645 = VECTOR('',#19646,1.);
#19646 = DIRECTION('',(0.,0.,1.));
#19647 = ORIENTED_EDGE('',*,*,#10414,.F.);
#19648 = ORIENTED_EDGE('',*,*,#19642,.F.);
#19649 = CYLINDRICAL_SURFACE('',#19650,0.4953);
#19650 = AXIS2_PLACEMENT_3D('',#19651,#19652,#19653);
#19651 = CARTESIAN_POINT('',(103.036234,17.71194,-4.6E-02));
#19652 = DIRECTION('',(-0.,-0.,-1.));
#19653 = DIRECTION('',(-0.,-1.,0.));
#19654 = ADVANCED_FACE('',(#19655),#19666,.F.);
#19655 = FACE_BOUND('',#19656,.T.);
#19656 = EDGE_LOOP('',(#19657,#19658,#19664,#19665));
#19657 = ORIENTED_EDGE('',*,*,#5204,.T.);
#19658 = ORIENTED_EDGE('',*,*,#19659,.T.);
#19659 = EDGE_CURVE('',#5205,#10426,#19660,.T.);
#19660 = LINE('',#19661,#19662);
#19661 = CARTESIAN_POINT('',(119.64999,14.307101,-4.6E-02));
#19662 = VECTOR('',#19663,1.);
#19663 = DIRECTION('',(0.,0.,1.));
#19664 = ORIENTED_EDGE('',*,*,#10425,.F.);
#19665 = ORIENTED_EDGE('',*,*,#19659,.F.);
#19666 = CYLINDRICAL_SURFACE('',#19667,2.05);
#19667 = AXIS2_PLACEMENT_3D('',#19668,#19669,#19670);
#19668 = CARTESIAN_POINT('',(119.64999,16.357101,-4.6E-02));
#19669 = DIRECTION('',(-0.,-0.,-1.));
#19670 = DIRECTION('',(-0.,-1.,0.));
#19671 = ADVANCED_FACE('',(#19672),#19683,.F.);
#19672 = FACE_BOUND('',#19673,.T.);
#19673 = EDGE_LOOP('',(#19674,#19675,#19681,#19682));
#19674 = ORIENTED_EDGE('',*,*,#5215,.T.);
#19675 = ORIENTED_EDGE('',*,*,#19676,.T.);
#19676 = EDGE_CURVE('',#5216,#10437,#19677,.T.);
#19677 = LINE('',#19678,#19679);
#19678 = CARTESIAN_POINT('',(115.425336,16.623452,-4.6E-02));
#19679 = VECTOR('',#19680,1.);
#19680 = DIRECTION('',(0.,0.,1.));
#19681 = ORIENTED_EDGE('',*,*,#10436,.F.);
#19682 = ORIENTED_EDGE('',*,*,#19676,.F.);
#19683 = CYLINDRICAL_SURFACE('',#19684,1.5);
#19684 = AXIS2_PLACEMENT_3D('',#19685,#19686,#19687);
#19685 = CARTESIAN_POINT('',(115.425336,18.123452,-4.6E-02));
#19686 = DIRECTION('',(-0.,-0.,-1.));
#19687 = DIRECTION('',(-0.,-1.,0.));
#19688 = ADVANCED_FACE('',(#19689),#19700,.F.);
#19689 = FACE_BOUND('',#19690,.T.);
#19690 = EDGE_LOOP('',(#19691,#19692,#19698,#19699));
#19691 = ORIENTED_EDGE('',*,*,#5226,.T.);
#19692 = ORIENTED_EDGE('',*,*,#19693,.T.);
#19693 = EDGE_CURVE('',#5227,#10448,#19694,.T.);
#19694 = LINE('',#19695,#19696);
#19695 = CARTESIAN_POINT('',(124.636656,16.376411,-4.6E-02));
#19696 = VECTOR('',#19697,1.);
#19697 = DIRECTION('',(0.,0.,1.));
#19698 = ORIENTED_EDGE('',*,*,#10447,.F.);
#19699 = ORIENTED_EDGE('',*,*,#19693,.F.);
#19700 = CYLINDRICAL_SURFACE('',#19701,0.95);
#19701 = AXIS2_PLACEMENT_3D('',#19702,#19703,#19704);
#19702 = CARTESIAN_POINT('',(124.636656,17.326411,-4.6E-02));
#19703 = DIRECTION('',(-0.,-0.,-1.));
#19704 = DIRECTION('',(-0.,-1.,0.));
#19705 = ADVANCED_FACE('',(#19706),#19717,.F.);
#19706 = FACE_BOUND('',#19707,.T.);
#19707 = EDGE_LOOP('',(#19708,#19709,#19715,#19716));
#19708 = ORIENTED_EDGE('',*,*,#5237,.T.);
#19709 = ORIENTED_EDGE('',*,*,#19710,.T.);
#19710 = EDGE_CURVE('',#5238,#10459,#19711,.T.);
#19711 = LINE('',#19712,#19713);
#19712 = CARTESIAN_POINT('',(121.174013,20.328422,-4.6E-02));
#19713 = VECTOR('',#19714,1.);
#19714 = DIRECTION('',(0.,0.,1.));
#19715 = ORIENTED_EDGE('',*,*,#10458,.F.);
#19716 = ORIENTED_EDGE('',*,*,#19710,.F.);
#19717 = CYLINDRICAL_SURFACE('',#19718,1.5);
#19718 = AXIS2_PLACEMENT_3D('',#19719,#19720,#19721);
#19719 = CARTESIAN_POINT('',(121.174013,21.828422,-4.6E-02));
#19720 = DIRECTION('',(-0.,-0.,-1.));
#19721 = DIRECTION('',(-0.,-1.,0.));
#19722 = ADVANCED_FACE('',(#19723),#19734,.F.);
#19723 = FACE_BOUND('',#19724,.T.);
#19724 = EDGE_LOOP('',(#19725,#19726,#19732,#19733));
#19725 = ORIENTED_EDGE('',*,*,#5248,.T.);
#19726 = ORIENTED_EDGE('',*,*,#19727,.T.);
#19727 = EDGE_CURVE('',#5249,#10470,#19728,.T.);
#19728 = LINE('',#19729,#19730);
#19729 = CARTESIAN_POINT('',(73.676119,25.622559,-4.6E-02));
#19730 = VECTOR('',#19731,1.);
#19731 = DIRECTION('',(0.,0.,1.));
#19732 = ORIENTED_EDGE('',*,*,#10469,.F.);
#19733 = ORIENTED_EDGE('',*,*,#19727,.F.);
#19734 = CYLINDRICAL_SURFACE('',#19735,0.95);
#19735 = AXIS2_PLACEMENT_3D('',#19736,#19737,#19738);
#19736 = CARTESIAN_POINT('',(73.676119,26.572559,-4.6E-02));
#19737 = DIRECTION('',(-0.,-0.,-1.));
#19738 = DIRECTION('',(-0.,-1.,0.));
#19739 = ADVANCED_FACE('',(#19740),#19751,.F.);
#19740 = FACE_BOUND('',#19741,.T.);
#19741 = EDGE_LOOP('',(#19742,#19743,#19749,#19750));
#19742 = ORIENTED_EDGE('',*,*,#5259,.T.);
#19743 = ORIENTED_EDGE('',*,*,#19744,.T.);
#19744 = EDGE_CURVE('',#5260,#10481,#19745,.T.);
#19745 = LINE('',#19746,#19747);
#19746 = CARTESIAN_POINT('',(78.662785,25.491869,-4.6E-02));
#19747 = VECTOR('',#19748,1.);
#19748 = DIRECTION('',(0.,0.,1.));
#19749 = ORIENTED_EDGE('',*,*,#10480,.F.);
#19750 = ORIENTED_EDGE('',*,*,#19744,.F.);
#19751 = CYLINDRICAL_SURFACE('',#19752,2.05);
#19752 = AXIS2_PLACEMENT_3D('',#19753,#19754,#19755);
#19753 = CARTESIAN_POINT('',(78.662785,27.541869,-4.6E-02));
#19754 = DIRECTION('',(-0.,-0.,-1.));
#19755 = DIRECTION('',(-0.,-1.,0.));
#19756 = ADVANCED_FACE('',(#19757),#19768,.F.);
#19757 = FACE_BOUND('',#19758,.T.);
#19758 = EDGE_LOOP('',(#19759,#19760,#19766,#19767));
#19759 = ORIENTED_EDGE('',*,*,#5270,.T.);
#19760 = ORIENTED_EDGE('',*,*,#19761,.T.);
#19761 = EDGE_CURVE('',#5271,#10492,#19762,.T.);
#19762 = LINE('',#19763,#19764);
#19763 = CARTESIAN_POINT('',(93.578214,23.07322,-4.6E-02));
#19764 = VECTOR('',#19765,1.);
#19765 = DIRECTION('',(0.,0.,1.));
#19766 = ORIENTED_EDGE('',*,*,#10491,.F.);
#19767 = ORIENTED_EDGE('',*,*,#19761,.F.);
#19768 = CYLINDRICAL_SURFACE('',#19769,0.95);
#19769 = AXIS2_PLACEMENT_3D('',#19770,#19771,#19772);
#19770 = CARTESIAN_POINT('',(93.578214,24.02322,-4.6E-02));
#19771 = DIRECTION('',(-0.,-0.,-1.));
#19772 = DIRECTION('',(-0.,-1.,0.));
#19773 = ADVANCED_FACE('',(#19774),#19785,.F.);
#19774 = FACE_BOUND('',#19775,.T.);
#19775 = EDGE_LOOP('',(#19776,#19777,#19783,#19784));
#19776 = ORIENTED_EDGE('',*,*,#5281,.T.);
#19777 = ORIENTED_EDGE('',*,*,#19778,.T.);
#19778 = EDGE_CURVE('',#5282,#10503,#19779,.T.);
#19779 = LINE('',#19780,#19781);
#19780 = CARTESIAN_POINT('',(94.340226,25.258881,-4.6E-02));
#19781 = VECTOR('',#19782,1.);
#19782 = DIRECTION('',(0.,0.,1.));
#19783 = ORIENTED_EDGE('',*,*,#10502,.F.);
#19784 = ORIENTED_EDGE('',*,*,#19778,.F.);
#19785 = CYLINDRICAL_SURFACE('',#19786,1.5);
#19786 = AXIS2_PLACEMENT_3D('',#19787,#19788,#19789);
#19787 = CARTESIAN_POINT('',(94.340226,26.758881,-4.6E-02));
#19788 = DIRECTION('',(-0.,-0.,-1.));
#19789 = DIRECTION('',(-0.,-1.,0.));
#19790 = ADVANCED_FACE('',(#19791),#19802,.F.);
#19791 = FACE_BOUND('',#19792,.T.);
#19792 = EDGE_LOOP('',(#19793,#19794,#19800,#19801));
#19793 = ORIENTED_EDGE('',*,*,#5292,.T.);
#19794 = ORIENTED_EDGE('',*,*,#19795,.T.);
#19795 = EDGE_CURVE('',#5293,#10514,#19796,.T.);
#19796 = LINE('',#19797,#19798);
#19797 = CARTESIAN_POINT('',(74.438131,27.80822,-4.6E-02));
#19798 = VECTOR('',#19799,1.);
#19799 = DIRECTION('',(0.,0.,1.));
#19800 = ORIENTED_EDGE('',*,*,#10513,.F.);
#19801 = ORIENTED_EDGE('',*,*,#19795,.F.);
#19802 = CYLINDRICAL_SURFACE('',#19803,1.5);
#19803 = AXIS2_PLACEMENT_3D('',#19804,#19805,#19806);
#19804 = CARTESIAN_POINT('',(74.438131,29.30822,-4.6E-02));
#19805 = DIRECTION('',(-0.,-0.,-1.));
#19806 = DIRECTION('',(-0.,-1.,0.));
#19807 = ADVANCED_FACE('',(#19808),#19819,.F.);
#19808 = FACE_BOUND('',#19809,.T.);
#19809 = EDGE_LOOP('',(#19810,#19811,#19817,#19818));
#19810 = ORIENTED_EDGE('',*,*,#5303,.T.);
#19811 = ORIENTED_EDGE('',*,*,#19812,.T.);
#19812 = EDGE_CURVE('',#5304,#10525,#19813,.T.);
#19813 = LINE('',#19814,#19815);
#19814 = CARTESIAN_POINT('',(80.186808,31.51319,-4.6E-02));
#19815 = VECTOR('',#19816,1.);
#19816 = DIRECTION('',(0.,0.,1.));
#19817 = ORIENTED_EDGE('',*,*,#10524,.F.);
#19818 = ORIENTED_EDGE('',*,*,#19812,.F.);
#19819 = CYLINDRICAL_SURFACE('',#19820,1.5);
#19820 = AXIS2_PLACEMENT_3D('',#19821,#19822,#19823);
#19821 = CARTESIAN_POINT('',(80.186808,33.01319,-4.6E-02));
#19822 = DIRECTION('',(-0.,-0.,-1.));
#19823 = DIRECTION('',(-0.,-1.,0.));
#19824 = ADVANCED_FACE('',(#19825),#19836,.F.);
#19825 = FACE_BOUND('',#19826,.T.);
#19826 = EDGE_LOOP('',(#19827,#19828,#19834,#19835));
#19827 = ORIENTED_EDGE('',*,*,#5314,.T.);
#19828 = ORIENTED_EDGE('',*,*,#19829,.T.);
#19829 = EDGE_CURVE('',#5315,#10536,#19830,.T.);
#19830 = LINE('',#19831,#19832);
#19831 = CARTESIAN_POINT('',(83.649451,27.561179,-4.6E-02));
#19832 = VECTOR('',#19833,1.);
#19833 = DIRECTION('',(0.,0.,1.));
#19834 = ORIENTED_EDGE('',*,*,#10535,.F.);
#19835 = ORIENTED_EDGE('',*,*,#19829,.F.);
#19836 = CYLINDRICAL_SURFACE('',#19837,0.95);
#19837 = AXIS2_PLACEMENT_3D('',#19838,#19839,#19840);
#19838 = CARTESIAN_POINT('',(83.649451,28.511179,-4.6E-02));
#19839 = DIRECTION('',(-0.,-0.,-1.));
#19840 = DIRECTION('',(-0.,-1.,0.));
#19841 = ADVANCED_FACE('',(#19842),#19853,.F.);
#19842 = FACE_BOUND('',#19843,.T.);
#19843 = EDGE_LOOP('',(#19844,#19845,#19851,#19852));
#19844 = ORIENTED_EDGE('',*,*,#5325,.T.);
#19845 = ORIENTED_EDGE('',*,*,#19846,.T.);
#19846 = EDGE_CURVE('',#5326,#10547,#19847,.T.);
#19847 = LINE('',#19848,#19849);
#19848 = CARTESIAN_POINT('',(98.56488,22.94253,-4.6E-02));
#19849 = VECTOR('',#19850,1.);
#19850 = DIRECTION('',(0.,0.,1.));
#19851 = ORIENTED_EDGE('',*,*,#10546,.F.);
#19852 = ORIENTED_EDGE('',*,*,#19846,.F.);
#19853 = CYLINDRICAL_SURFACE('',#19854,2.05);
#19854 = AXIS2_PLACEMENT_3D('',#19855,#19856,#19857);
#19855 = CARTESIAN_POINT('',(98.56488,24.99253,-4.6E-02));
#19856 = DIRECTION('',(-0.,-0.,-1.));
#19857 = DIRECTION('',(-0.,-1.,0.));
#19858 = ADVANCED_FACE('',(#19859),#19870,.F.);
#19859 = FACE_BOUND('',#19860,.T.);
#19860 = EDGE_LOOP('',(#19861,#19862,#19868,#19869));
#19861 = ORIENTED_EDGE('',*,*,#5336,.T.);
#19862 = ORIENTED_EDGE('',*,*,#19863,.T.);
#19863 = EDGE_CURVE('',#5337,#10558,#19864,.T.);
#19864 = LINE('',#19865,#19866);
#19865 = CARTESIAN_POINT('',(103.551546,25.01184,-4.6E-02));
#19866 = VECTOR('',#19867,1.);
#19867 = DIRECTION('',(0.,0.,1.));
#19868 = ORIENTED_EDGE('',*,*,#10557,.F.);
#19869 = ORIENTED_EDGE('',*,*,#19863,.F.);
#19870 = CYLINDRICAL_SURFACE('',#19871,0.95);
#19871 = AXIS2_PLACEMENT_3D('',#19872,#19873,#19874);
#19872 = CARTESIAN_POINT('',(103.551546,25.96184,-4.6E-02));
#19873 = DIRECTION('',(-0.,-0.,-1.));
#19874 = DIRECTION('',(-0.,-1.,0.));
#19875 = ADVANCED_FACE('',(#19876),#19887,.F.);
#19876 = FACE_BOUND('',#19877,.T.);
#19877 = EDGE_LOOP('',(#19878,#19879,#19885,#19886));
#19878 = ORIENTED_EDGE('',*,*,#5347,.T.);
#19879 = ORIENTED_EDGE('',*,*,#19880,.T.);
#19880 = EDGE_CURVE('',#5348,#10569,#19881,.T.);
#19881 = LINE('',#19882,#19883);
#19882 = CARTESIAN_POINT('',(100.088903,28.963851,-4.6E-02));
#19883 = VECTOR('',#19884,1.);
#19884 = DIRECTION('',(0.,0.,1.));
#19885 = ORIENTED_EDGE('',*,*,#10568,.F.);
#19886 = ORIENTED_EDGE('',*,*,#19880,.F.);
#19887 = CYLINDRICAL_SURFACE('',#19888,1.5);
#19888 = AXIS2_PLACEMENT_3D('',#19889,#19890,#19891);
#19889 = CARTESIAN_POINT('',(100.088903,30.463851,-4.6E-02));
#19890 = DIRECTION('',(-0.,-0.,-1.));
#19891 = DIRECTION('',(-0.,-1.,0.));
#19892 = ( GEOMETRIC_REPRESENTATION_CONTEXT(3) 
GLOBAL_UNCERTAINTY_ASSIGNED_CONTEXT((#19896)) 
GLOBAL_UNIT_ASSIGNED_CONTEXT((#19893,#19894,#19895)) 
REPRESENTATION_CONTEXT('Context #1',
  '3D Context with UNIT and UNCERTAINTY') );
#19893 = ( LENGTH_UNIT() NAMED_UNIT(*) SI_UNIT(.MILLI.,.METRE.) );
#19894 = ( NAMED_UNIT(*) PLANE_ANGLE_UNIT() SI_UNIT($,.RADIAN.) );
#19895 = ( NAMED_UNIT(*) SI_UNIT($,.STERADIAN.) SOLID_ANGLE_UNIT() );
#19896 = UNCERTAINTY_MEASURE_WITH_UNIT(LENGTH_MEASURE(1.E-07),#19893,
  'distance_accuracy_value','confusion accuracy');
#19897 = CONTEXT_DEPENDENT_SHAPE_REPRESENTATION(#19898,#19900);
#19898 = ( REPRESENTATION_RELATIONSHIP('','',#32,#10) 
REPRESENTATION_RELATIONSHIP_WITH_TRANSFORMATION(#19899) 
SHAPE_REPRESENTATION_RELATIONSHIP() );
#19899 = ITEM_DEFINED_TRANSFORMATION('','',#11,#15);
#19900 = PRODUCT_DEFINITION_SHAPE('Placement','Placement of an item',
  #19901);
#19901 = NEXT_ASSEMBLY_USAGE_OCCURRENCE('1','=>[0:1:1:2]','',#5,#27,$);
#19902 = PRODUCT_RELATED_PRODUCT_CATEGORY('part',$,(#29));
#19903 = MECHANICAL_DESIGN_GEOMETRIC_PRESENTATION_REPRESENTATION('',(
    #19904),#19892);
#19904 = STYLED_ITEM('color',(#19905),#33);
#19905 = PRESENTATION_STYLE_ASSIGNMENT((#19906));
#19906 = SURFACE_STYLE_USAGE(.BOTH.,#19907);
#19907 = SURFACE_SIDE_STYLE('',(#19908));
#19908 = SURFACE_STYLE_FILL_AREA(#19909);
#19909 = FILL_AREA_STYLE('',(#19910));
#19910 = FILL_AREA_STYLE_COLOUR('',#19911);
#19911 = COLOUR_RGB('',0.313304153717,0.484529207832,0.410020903123);
ENDSEC;
END-ISO-10303-21;
