  0
SECTION
  2
HEADER
  9
$ACADVER
  1
AC1014
  9
$ACADMAINTVER
 70
     9
  9
$DWGCODEPAGE
  3
ANSI_1252
  9
$INSBASE
 10
0.0
 20
0.0
 30
0.0
  9
$EXTMIN
 10
1.000000000000000E+20
 20
1.000000000000000E+20
 30
1.000000000000000E+20
  9
$EXTMAX
 10
-1.000000000000000E+20
 20
-1.000000000000000E+20
 30
-1.000000000000000E+20
  9
$LIMMIN
 10
0.0
 20
0.0
  9
$LIMMAX
 10
420.0
 20
297.0
  9
$ORTHOMODE
 70
     0
  9
$REGENMODE
 70
     1
  9
$FILLMODE
 70
     1
  9
$QTEXTMODE
 70
     0
  9
$MIRRTEXT
 70
     1
  9
$DRAGMODE
 70
     2
  9
$LTSCALE
 40
1.0
  9
$OSMODE
 70
    37
  9
$ATTMODE
 70
     1
  9
$TEXTSIZE
 40
2.5
  9
$TRACEWID
 40
1.0
  9
$TEXTSTYLE
  7
STANDARD
  9
$CLAYER
  8
0
  9
$CELTYPE
  6
BYLAYER
  9
$CECOLOR
 62
   256
  9
$CELTSCALE
 40
1.0
  9
$DELOBJ
 70
     1
  9
$DISPSILH
 70
     0
  9
$DIMSCALE
 40
1.0
  9
$DIMASZ
 40
2.5
  9
$DIMEXO
 40
0.625
  9
$DIMDLI
 40
3.75
  9
$DIMRND
 40
0.0
  9
$DIMDLE
 40
0.0
  9
$DIMEXE
 40
1.25
  9
$DIMTP
 40
0.0
  9
$DIMTM
 40
0.0
  9
$DIMTXT
 40
2.5
  9
$DIMCEN
 40
2.5
  9
$DIMTSZ
 40
0.0
  9
$DIMTOL
 70
     0
  9
$DIMLIM
 70
     0
  9
$DIMTIH
 70
     0
  9
$DIMTOH
 70
     0
  9
$DIMSE1
 70
     0
  9
$DIMSE2
 70
     0
  9
$DIMTAD
 70
     1
  9
$DIMZIN
 70
     8
  9
$DIMBLK
  1

  9
$DIMASO
 70
     1
  9
$DIMSHO
 70
     1
  9
$DIMPOST
  1

  9
$DIMAPOST
  1

  9
$DIMALT
 70
     0
  9
$DIMALTD
 70
     3
  9
$DIMALTF
 40
0.03937007874016
  9
$DIMLFAC
 40
1.0
  9
$DIMTOFL
 70
     1
  9
$DIMTVP
 40
0.0
  9
$DIMTIX
 70
     0
  9
$DIMSOXD
 70
     0
  9
$DIMSAH
 70
     0
  9
$DIMBLK1
  1

  9
$DIMBLK2
  1

  9
$DIMSTYLE
  2
ISO-25
  9
$DIMCLRD
 70
     0
  9
$DIMCLRE
 70
     0
  9
$DIMCLRT
 70
     0
  9
$DIMTFAC
 40
1.0
  9
$DIMGAP
 40
0.625
  9
$DIMJUST
 70
     0
  9
$DIMSD1
 70
     0
  9
$DIMSD2
 70
     0
  9
$DIMTOLJ
 70
     0
  9
$DIMTZIN
 70
     8
  9
$DIMALTZ
 70
     0
  9
$DIMALTTZ
 70
     0
  9
$DIMFIT
 70
     3
  9
$DIMUPT
 70
     0
  9
$DIMUNIT
 70
     2
  9
$DIMDEC
 70
     2
  9
$DIMTDEC
 70
     2
  9
$DIMALTU
 70
     2
  9
$DIMALTTD
 70
     3
  9
$DIMTXSTY
  7
STANDARD
  9
$DIMAUNIT
 70
     0
  9
$LUNITS
 70
     2
  9
$LUPREC
 70
     4
  9
$SKETCHINC
 40
1.0
  9
$FILLETRAD
 40
0.0
  9
$AUNITS
 70
     0
  9
$AUPREC
 70
     0
  9
$MENU
  1
.
  9
$ELEVATION
 40
0.0
  9
$PELEVATION
 40
0.0
  9
$THICKNESS
 40
0.0
  9
$LIMCHECK
 70
     0
  9
$CHAMFERA
 40
0.0
  9
$CHAMFERB
 40
0.0
  9
$CHAMFERC
 40
0.0
  9
$CHAMFERD
 40
0.0
  9
$SKPOLY
 70
     0
  9
$TDCREATE
 40
2461141.410070637
  9
$TDUPDATE
 40
2461141.410070706
  9
$TDINDWG
 40
0.0000000116
  9
$TDUSRTIMER
 40
0.0000000116
  9
$USRTIMER
 70
     1
  9
$ANGBASE
 50
0.0
  9
$ANGDIR
 70
     0
  9
$PDMODE
 70
     0
  9
$PDSIZE
 40
0.0
  9
$PLINEWID
 40
0.0
  9
$COORDS
 70
     1
  9
$SPLFRAME
 70
     0
  9
$SPLINETYPE
 70
     6
  9
$SPLINESEGS
 70
     8
  9
$ATTDIA
 70
     0
  9
$ATTREQ
 70
     1
  9
$HANDLING
 70
     1
  9
$HANDSEED
  5
1000033B
  9
$SURFTAB1
 70
     6
  9
$SURFTAB2
 70
     6
  9
$SURFTYPE
 70
     6
  9
$SURFU
 70
     6
  9
$SURFV
 70
     6
  9
$UCSNAME
  2

  9
$UCSORG
 10
0.0
 20
0.0
 30
0.0
  9
$UCSXDIR
 10
1.0
 20
0.0
 30
0.0
  9
$UCSYDIR
 10
0.0
 20
1.0
 30
0.0
  9
$PUCSNAME
  2

  9
$PUCSORG
 10
0.0
 20
0.0
 30
0.0
  9
$PUCSXDIR
 10
1.0
 20
0.0
 30
0.0
  9
$PUCSYDIR
 10
0.0
 20
1.0
 30
0.0
  9
$USERI1
 70
     0
  9
$USERI2
 70
     0
  9
$USERI3
 70
     0
  9
$USERI4
 70
     0
  9
$USERI5
 70
     0
  9
$USERR1
 40
0.0
  9
$USERR2
 40
0.0
  9
$USERR3
 40
0.0
  9
$USERR4
 40
0.0
  9
$USERR5
 40
0.0
  9
$WORLDVIEW
 70
     1
  9
$SHADEDGE
 70
     3
  9
$SHADEDIF
 70
    70
  9
$TILEMODE
 70
     1
  9
$MAXACTVP
 70
    64
  9
$PINSBASE
 10
0.0
 20
0.0
 30
0.0
  9
$PLIMCHECK
 70
     0
  9
$PEXTMIN
 10
1.000000000000000E+20
 20
1.000000000000000E+20
 30
1.000000000000000E+20
  9
$PEXTMAX
 10
-1.000000000000000E+20
 20
-1.000000000000000E+20
 30
-1.000000000000000E+20
  9
$PLIMMIN
 10
0.0
 20
0.0
  9
$PLIMMAX
 10
420.0
 20
297.0
  9
$UNITMODE
 70
     0
  9
$VISRETAIN
 70
     1
  9
$PLINEGEN
 70
     0
  9
$PSLTSCALE
 70
     1
  9
$TREEDEPTH
 70
  3020
  9
$PICKSTYLE
 70
     1
  9
$CMLSTYLE
  2
STANDARD
  9
$CMLJUST
 70
     0
  9
$CMLSCALE
 40
20.0
  9
$PROXYGRAPHICS
 70
     1
  9
$MEASUREMENT
 70
     1
  0
ENDSEC
  0
SECTION
  2
CLASSES
  0
CLASS
  1
ACDBDICTIONARYWDFLT
  2
AcDbDictionaryWithDefault
  3
ObjectDBX Classes
 90
        0
280
     0
281
     0
  0
CLASS
  1
VISUALSTYLE
  2
AcDbVisualStyle
  3
ObjectDBX Classes
 90
     4095
280
     0
281
     0
  0
CLASS
  1
MATERIAL
  2
AcDbMaterial
  3
ObjectDBX Classes
 90
     1153
280
     0
281
     0
  0
CLASS
  1
SCALE
  2
AcDbScale
  3
ObjectDBX Classes
 90
     1153
280
     0
281
     0
  0
CLASS
  1
TABLESTYLE
  2
AcDbTableStyle
  3
ObjectDBX Classes
 90
     4095
280
     0
281
     0
  0
CLASS
  1
MLEADERSTYLE
  2
AcDbMLeaderStyle
  3
ACDB_MLEADERSTYLE_CLASS
 90
     4095
280
     0
281
     0
  0
CLASS
  1
SUN
  2
AcDbSun
  3
SCENEOE
 90
     1153
280
     0
281
     0
  0
CLASS
  1
SORTENTSTABLE
  2
AcDbSortentsTable
  3
ObjectDBX Classes
 90
        0
280
     0
281
     0
  0
CLASS
  1
DICTIONARYVAR
  2
AcDbDictionaryVar
  3
ObjectDBX Classes
 90
        0
280
     0
281
     0
  0
CLASS
  1
XRECORD
  2
AcDbXrecord
  3
ObjectDBX Classes
 90
        0
280
     0
281
     0
  0
CLASS
  1
LWPOLYLINE
  2
AcDbPolyline
  3
ObjectDBX Classes
 90
        0
280
     0
281
     1
  0
CLASS
  1
HATCH
  2
AcDbHatch
  3
ObjectDBX Classes
 90
        0
280
     0
281
     1
  0
CLASS
  1
ACDBPLACEHOLDER
  2
AcDbPlaceHolder
  3
ObjectDBX Classes
 90
        0
280
     0
281
     0
  0
CLASS
  1
LAYOUT
  2
AcDbLayout
  3
ObjectDBX Classes
 90
        0
280
     0
281
     0
  0
ENDSEC
  0
SECTION
  2
TABLES
  0
TABLE
  2
VPORT
  5
8
102
{ACAD_XDICTIONARY
360
10000330
102
}
330
0
100
AcDbSymbolTable
 70
     1
  0
VPORT
  5
29
330
8
100
AcDbSymbolTableRecord
100
AcDbViewportTableRecord
  2
*ACTIVE
 70
     0
 10
0.0
 20
0.0
 11
1.0
 21
1.0
 12
344.1869158878504
 22
148.5
 13
0.0
 23
0.0
 14
10.0
 24
10.0
 15
10.0
 25
10.0
 16
0.0
 26
0.0
 36
1.0
 17
0.0
 27
0.0
 37
0.0
 40
297.0
 41
1.972972972850329
 42
50.0
 43
0.0
 44
0.0
 50
0.0
 51
0.0
 71
     0
 72
   100
 73
     1
 74
     3
 75
     0
 76
     0
 77
     0
 78
     0
  0
ENDTAB
  0
TABLE
  2
LTYPE
  5
5
330
0
100
AcDbSymbolTable
 70
     7
  0
LTYPE
  5
14
330
5
100
AcDbSymbolTableRecord
100
AcDbLinetypeTableRecord
  2
BYBLOCK
 70
     0
  3

 72
    65
 73
     0
 40
0.0
  0
LTYPE
  5
15
330
5
100
AcDbSymbolTableRecord
100
AcDbLinetypeTableRecord
  2
BYLAYER
 70
     0
  3

 72
    65
 73
     0
 40
0.0
  0
LTYPE
  5
16
330
5
100
AcDbSymbolTableRecord
100
AcDbLinetypeTableRecord
  2
CONTINUOUS
 70
     0
  3
Solid line
 72
    65
 73
     0
 40
0.0
  0
LTYPE
  5
10000024
330
5
100
AcDbSymbolTableRecord
100
AcDbLinetypeTableRecord
  2
ONS_PHANTOM
 70
     0
  3
Onshape Phantom line ______ __ __ ______
 72
    65
 73
     6
 40
0.4999999999999999
 49
0.25
 74
     0
 49
-0.05
 74
     0
 49
0.05
 74
     0
 49
-0.05
 74
     0
 49
0.05
 74
     0
 49
-0.05
 74
     0
  0
LTYPE
  5
10000025
330
5
100
AcDbSymbolTableRecord
100
AcDbLinetypeTableRecord
  2
CENTER
 70
     0
  3
Center line ____ _ ____ _ ____ _
 72
    65
 73
     4
 40
0.7874015748031495
 49
0.4921259842519685
 74
     0
 49
-0.0984251968503937
 74
     0
 49
0.0984251968503937
 74
     0
 49
-0.0984251968503937
 74
     0
  0
LTYPE
  5
10000026
330
5
100
AcDbSymbolTableRecord
100
AcDbLinetypeTableRecord
  2
DASHED
 70
     0
  3
Dashed line __ __ __ __ __
 72
    65
 73
     2
 40
0.75
 49
0.5
 74
     0
 49
-0.25
 74
     0
  0
LTYPE
  5
10000027
330
5
100
AcDbSymbolTableRecord
100
AcDbLinetypeTableRecord
  2
ONS_DASHDOT
 70
     0
  3
Onshape Dashed with Dot _ . ____ . ____
 72
    65
 73
     4
 40
0.71
 49
0.5
 74
     0
 49
-0.1
 74
     0
 49
0.01
 74
     0
 49
-0.1
 74
     0
  0
LTYPE
  5
10000028
330
5
100
AcDbSymbolTableRecord
100
AcDbLinetypeTableRecord
  2
ONS_DOTTED
 70
     0
  3
Onshape Dotted line . . . . . . .
 72
    65
 73
     2
 40
0.11
 49
0.01
 74
     0
 49
-0.1
 74
     0
  0
LTYPE
  5
10000029
330
5
100
AcDbSymbolTableRecord
100
AcDbLinetypeTableRecord
  2
HIDDEN
 70
     0
  3
Hidden line ____ ____ ____ ____ 
 72
    65
 73
     2
 40
0.15
 49
0.1
 74
     0
 49
-0.05
 74
     0
  0
ENDTAB
  0
TABLE
  2
LAYER
  5
2
330
0
100
AcDbSymbolTable
 70
    48
  0
LAYER
  5
10
330
2
100
AcDbSymbolTableRecord
100
AcDbLayerTableRecord
  2
0
 70
     0
 62
     7
  6
CONTINUOUS
  0
LAYER
  5
1000002A
330
2
100
AcDbSymbolTableRecord
100
AcDbLayerTableRecord
  2
SECTION_CUTTING_LINE
 70
     0
 62
     7
  6
ONS_DASHDOT
  0
LAYER
  5
1000002B
330
2
100
AcDbSymbolTableRecord
100
AcDbLayerTableRecord
  2
DETAIL_VIEW_BORDER
 70
     0
 62
     7
  6
CONTINUOUS
  0
LAYER
  5
1000002C
330
2
100
AcDbSymbolTableRecord
100
AcDbLayerTableRecord
  2
DETAIL_VIEW_PARENT_BORDER
 70
     0
 62
     7
  6
ONS_PHANTOM
  0
LAYER
  5
1000002D
330
2
100
AcDbSymbolTableRecord
100
AcDbLayerTableRecord
  2
TEXT
 70
     0
 62
     7
  6
CONTINUOUS
  0
LAYER
  5
1000002E
330
2
100
AcDbSymbolTableRecord
100
AcDbLayerTableRecord
  2
SKETCHED_GEOMETRY
 70
     0
 62
    -7
  6
CONTINUOUS
  0
LAYER
  5
1000002F
330
2
100
AcDbSymbolTableRecord
100
AcDbLayerTableRecord
  2
VIRTUAL_SHARPS
 70
     0
 62
    -7
  6
CONTINUOUS
  0
LAYER
  5
10000030
330
2
100
AcDbSymbolTableRecord
100
AcDbLayerTableRecord
  2
CENTERLINES
 70
     0
 62
    -7
  6
CENTER
  0
LAYER
  5
10000031
330
2
100
AcDbSymbolTableRecord
100
AcDbLayerTableRecord
  2
CENTERMARKS
 70
     0
 62
    -7
  6
CONTINUOUS
  0
LAYER
  5
10000032
330
2
100
AcDbSymbolTableRecord
100
AcDbLayerTableRecord
  2
TABLES
 70
     0
 62
     7
  6
CONTINUOUS
  0
LAYER
  5
10000033
330
2
100
AcDbSymbolTableRecord
100
AcDbLayerTableRecord
  2
IMAGES
 70
     0
 62
    -7
  6
CONTINUOUS
  0
LAYER
  5
10000034
330
2
100
AcDbSymbolTableRecord
100
AcDbLayerTableRecord
  2
ANNOTATION_LINES
 70
     0
 62
    -7
  6
CONTINUOUS
  0
LAYER
  5
10000035
330
2
100
AcDbSymbolTableRecord
100
AcDbLayerTableRecord
  2
ANNOTATION_TEXT
 70
     0
 62
    -7
  6
CONTINUOUS
  0
LAYER
  5
10000036
330
2
100
AcDbSymbolTableRecord
100
AcDbLayerTableRecord
  2
SIDE_THREAD_SYMBOLS
 70
     0
 62
     7
  6
CONTINUOUS
  0
LAYER
  5
10000037
330
2
100
AcDbSymbolTableRecord
100
AcDbLayerTableRecord
  2
SIDE_THREAD_SYMBOLS_HIDDEN
 70
     0
 62
    -7
  6
HIDDEN
  0
LAYER
  5
10000038
330
2
100
AcDbSymbolTableRecord
100
AcDbLayerTableRecord
  2
SURFACE_THREAD_SYMBOLS
 70
     0
 62
     7
  6
CONTINUOUS
  0
LAYER
  5
10000039
330
2
100
AcDbSymbolTableRecord
100
AcDbLayerTableRecord
  2
SURFACE_THREAD_SYMBOLS_ON_
 70
     0
 62
     7
  6
CONTINUOUS
  0
LAYER
  5
1000003A
330
2
100
AcDbSymbolTableRecord
100
AcDbLayerTableRecord
  2
SURFACE_THREAD_SYMBOLS_HID
 70
     0
 62
    -7
  6
HIDDEN
  0
LAYER
  5
1000003B
330
2
100
AcDbSymbolTableRecord
100
AcDbLayerTableRecord
  2
BLIND_THREAD_SYMBOLS
 70
     0
 62
     7
  6
CONTINUOUS
  0
LAYER
  5
1000003C
330
2
100
AcDbSymbolTableRecord
100
AcDbLayerTableRecord
  2
BLIND_THREAD_SYMBOLS_HIDDE
 70
     0
 62
    -7
  6
HIDDEN
  0
LAYER
  5
1000003D
330
2
100
AcDbSymbolTableRecord
100
AcDbLayerTableRecord
  2
EXPLODE_LINES
 70
     0
 62
     7
  6
ONS_PHANTOM
  0
LAYER
  5
1000003E
330
2
100
AcDbSymbolTableRecord
100
AcDbLayerTableRecord
  2
HIDDEN_EXPLODE_LINES
 70
     0
 62
    -7
  6
ONS_PHANTOM
  0
LAYER
  5
1000003F
330
2
100
AcDbSymbolTableRecord
100
AcDbLayerTableRecord
  2
BREAK_LINES
 70
     0
 62
    -7
  6
CONTINUOUS
  0
LAYER
  5
10000040
330
2
100
AcDbSymbolTableRecord
100
AcDbLayerTableRecord
  2
SHEETMETAL_BEND_LINES_UP
 70
     0
 62
     7
  6
CENTER
  0
LAYER
  5
10000041
330
2
100
AcDbSymbolTableRecord
100
AcDbLayerTableRecord
  2
SHEETMETAL_BEND_LINES_DOWN
 70
     0
 62
     7
  6
CENTER
  0
LAYER
  5
10000042
330
2
100
AcDbSymbolTableRecord
100
AcDbLayerTableRecord
  2
SHEETMETAL_BEND_TANGENT_LI
 70
     0
 62
     7
  6
CONTINUOUS
  0
LAYER
  5
10000043
330
2
100
AcDbSymbolTableRecord
100
AcDbLayerTableRecord
  2
SHEETMETAL_CUT_LINES
 70
     0
 62
     7
  6
CONTINUOUS
  0
LAYER
  5
10000044
330
2
100
AcDbSymbolTableRecord
100
AcDbLayerTableRecord
  2
SHEETMETAL_CBORE_CSINK_UP
 70
     0
 62
     7
  6
CONTINUOUS
  0
LAYER
  5
10000045
330
2
100
AcDbSymbolTableRecord
100
AcDbLayerTableRecord
  2
SHEETMETAL_CBORE_CSINK_DOW
 70
     0
 62
     7
  6
CONTINUOUS
  0
LAYER
  5
10000046
330
2
100
AcDbSymbolTableRecord
100
AcDbLayerTableRecord
  2
SHEETMETAL_CBORE_CSINK_UP_
 70
     0
 62
    -7
  6
HIDDEN
  0
LAYER
  5
10000047
330
2
100
AcDbSymbolTableRecord
100
AcDbLayerTableRecord
  2
SHEETMETAL_CBORE_CSINK_DO0
 70
     0
 62
    -7
  6
HIDDEN
  0
LAYER
  5
10000048
330
2
100
AcDbSymbolTableRecord
100
AcDbLayerTableRecord
  2
SHEETMETAL_FORM_TEAR
 70
     0
 62
     7
  6
CONTINUOUS
  0
LAYER
  5
10000049
330
2
100
AcDbSymbolTableRecord
100
AcDbLayerTableRecord
  2
SHEETMETAL_FORM_UP
 70
     0
 62
     7
  6
CENTER
  0
LAYER
  5
1000004A
330
2
100
AcDbSymbolTableRecord
100
AcDbLayerTableRecord
  2
SHEETMETAL_FORM_DOWN
 70
     0
 62
     7
  6
CENTER
  0
LAYER
  5
1000004B
330
2
100
AcDbSymbolTableRecord
100
AcDbLayerTableRecord
  2
SHEETMETAL_FORM_CENTERMARK
 70
     0
 62
     7
  6
CENTER
  0
LAYER
  5
1000004C
330
2
100
AcDbSymbolTableRecord
100
AcDbLayerTableRecord
  2
REGION_ASSOC_POINTS
 70
     0
 62
    -7
  6
CONTINUOUS
  0
LAYER
  5
1000004D
330
2
100
AcDbSymbolTableRecord
100
AcDbLayerTableRecord
  2
PATTERN_CENTERLINES
 70
     1
 62
    -7
  6
CENTER
  0
LAYER
  5
1000004E
330
2
100
AcDbSymbolTableRecord
100
AcDbLayerTableRecord
  2
HIDDEN
 70
     0
 62
    -7
  6
HIDDEN
  0
LAYER
  5
1000004F
330
2
100
AcDbSymbolTableRecord
100
AcDbLayerTableRecord
  2
VISIBLE
 70
     0
 62
     7
  6
CONTINUOUS
  0
LAYER
  5
10000050
330
2
100
AcDbSymbolTableRecord
100
AcDbLayerTableRecord
  2
MODELSKETCH_VISIBLE
 70
     0
 62
     7
  6
CONTINUOUS
  0
LAYER
  5
10000051
330
2
100
AcDbSymbolTableRecord
100
AcDbLayerTableRecord
  2
MODELSKETCH_POINT
 70
     0
 62
     7
  6
CONTINUOUS
  0
LAYER
  5
10000052
330
2
100
AcDbSymbolTableRecord
100
AcDbLayerTableRecord
  2
MODELSKETCH_CONSTRUCTION
 70
     0
 62
    -7
  6
CENTER
  0
LAYER
  5
10000053
330
2
100
AcDbSymbolTableRecord
100
AcDbLayerTableRecord
  2
HIDDEN_BASE_VIEW
 70
     0
 62
     7
  6
CONTINUOUS
  0
LAYER
  5
10000054
330
2
100
AcDbSymbolTableRecord
100
AcDbLayerTableRecord
  2
TANGENT_LINES
 70
     0
 62
    -7
  6
CONTINUOUS
  0
LAYER
  5
10000055
330
2
100
AcDbSymbolTableRecord
100
AcDbLayerTableRecord
  2
TANGENT_HIDDEN
 70
     0
 62
    -7
  6
HIDDEN
  0
LAYER
  5
10000056
330
2
100
AcDbSymbolTableRecord
100
AcDbLayerTableRecord
  2
INVISIBLE_LINES
 70
     0
 62
    -7
  6
CONTINUOUS
  0
LAYER
  5
10000057
330
2
100
AcDbSymbolTableRecord
100
AcDbLayerTableRecord
  2
VIEW_HATCHES
 70
     0
 62
    -7
  6
CONTINUOUS
  0
LAYER
  5
10000058
330
2
100
AcDbSymbolTableRecord
100
AcDbLayerTableRecord
  2
SECTION_JOG_LINES
 70
     0
 62
    -7
  6
CONTINUOUS
  0
ENDTAB
  0
TABLE
  2
STYLE
  5
3
330
0
100
AcDbSymbolTable
 70
     2
  0
STYLE
  5
11
330
3
100
AcDbSymbolTableRecord
100
AcDbTextStyleTableRecord
  2
STANDARD
 70
     0
 40
0.0
 41
1.0
 50
0.0
 71
     0
 42
2.5
  3
txt
  4

  0
STYLE
  5
10000004
330
3
100
AcDbSymbolTableRecord
100
AcDbTextStyleTableRecord
  2
TTFSTYLE
 70
     0
 40
0.0
 41
1.0
 50
0.0
 71
     0
 42
2.5
  3

  4

1001
ACAD
1000
Verdana
1071
       34
  0
ENDTAB
  0
TABLE
  2
VIEW
  5
6
330
0
100
AcDbSymbolTable
 70
     0
  0
ENDTAB
  0
TABLE
  2
UCS
  5
7
330
0
100
AcDbSymbolTable
 70
     0
  0
ENDTAB
  0
TABLE
  2
APPID
  5
9
330
0
100
AcDbSymbolTable
 70
     2
  0
APPID
  5
12
330
9
100
AcDbSymbolTableRecord
100
AcDbRegAppTableRecord
  2
ACAD
 70
     0
  0
APPID
  5
1000033A
330
9
100
AcDbSymbolTableRecord
100
AcDbRegAppTableRecord
  2
ACAD_MLEADERVER
 70
     0
  0
ENDTAB
  0
TABLE
  2
DIMSTYLE
  5
A
330
0
100
AcDbSymbolTable
 70
     1
  0
DIMSTYLE
105
27
330
A
100
AcDbSymbolTableRecord
100
AcDbDimStyleTableRecord
  2
ISO-25
 70
     0
  3

  4

  5

  6

  7

 40
1.0
 41
2.5
 42
0.625
 43
3.75
 44
1.25
 45
0.0
 46
0.0
 47
0.0
 48
0.0
140
2.5
141
2.5
142
0.0
143
0.03937007874016
144
1.0
145
0.0
146
1.0
147
0.625
 71
     0
 72
     0
 73
     0
 74
     0
 75
     0
 76
     0
 77
     1
 78
     8
170
     0
171
     3
172
     1
173
     0
174
     0
175
     0
176
     0
177
     0
178
     0
270
     2
271
     2
272
     2
273
     2
274
     3
340
11
275
     0
280
     0
281
     0
282
     0
283
     0
284
     8
285
     0
286
     0
287
     3
288
     0
  0
ENDTAB
  0
TABLE
  2
BLOCK_RECORD
  5
1
330
0
100
AcDbSymbolTable
 70
     0
  0
BLOCK_RECORD
  5
1F
102
{ACAD_XDICTIONARY
360
10000301
102
}
330
1
100
AcDbSymbolTableRecord
100
AcDbBlockTableRecord
  2
*MODEL_SPACE
  0
BLOCK_RECORD
  5
1B
330
1
100
AcDbSymbolTableRecord
100
AcDbBlockTableRecord
  2
*PAPER_SPACE
  0
ENDTAB
  0
ENDSEC
  0
SECTION
  2
BLOCKS
  0
BLOCK
  5
20
330
1F
100
AcDbEntity
  8
0
100
AcDbBlockBegin
  2
*MODEL_SPACE
 70
     0
 10
0.0
 20
0.0
 30
0.0
  3
*MODEL_SPACE
  1

  0
ENDBLK
  5
21
330
1F
100
AcDbEntity
  8
0
100
AcDbBlockEnd
  0
BLOCK
  5
1C
330
1B
100
AcDbEntity
 67
     1
  8
0
100
AcDbBlockBegin
  2
*PAPER_SPACE
 70
     0
 10
0.0
 20
0.0
 30
0.0
  3
*PAPER_SPACE
  1

  0
ENDBLK
  5
1D
330
1B
100
AcDbEntity
 67
     1
  8
0
100
AcDbBlockEnd
  0
ENDSEC
  0
SECTION
  2
ENTITIES
  0
LINE
  5
10000059
102
{ACAD_XDICTIONARY
360
1000005A
102
}
330
1F
100
AcDbEntity
  8
VISIBLE
100
AcDbLine
 10
-45.16302017561085
 20
-38.35509409672565
 30
0.0
 11
-30.12079609916341
 21
-19.10192545012792
 31
0.0
  0
LINE
  5
1000005D
102
{ACAD_XDICTIONARY
360
1000005E
102
}
330
1F
100
AcDbEntity
  8
VISIBLE
100
AcDbLine
 10
-52.81798018379214
 20
-55.1906567723949
 30
0.0
 11
-44.8143809628831
 21
-44.94651702305985
 31
0.0
  0
LINE
  5
10000061
102
{ACAD_XDICTIONARY
360
10000062
102
}
330
1F
100
AcDbEntity
  8
VISIBLE
100
AcDbLine
 10
-67.27313662239489
 20
-47.70410536620788
 30
0.0
 11
-57.02899687305985
 21
-55.70770458711691
 31
0.0
  0
LINE
  5
10000065
102
{ACAD_XDICTIONARY
360
10000066
102
}
330
1F
100
AcDbEntity
  8
VISIBLE
100
AcDbLine
 10
-42.19976381814121
 20
-17.77650502890198
 30
0.0
 11
-53.30661224947674
 21
-31.99262259861218
 31
0.0
  0
LINE
  5
10000069
102
{ACAD_XDICTIONARY
360
1000006A
102
}
330
1F
100
AcDbEntity
  8
VISIBLE
100
AcDbLine
 10
-41.6189145222306
 20
-16.50194759004168
 30
0.0
 11
-39.08501603562356
 21
-3.466170240473447
 31
0.0
  0
LINE
  5
1000006D
102
{ACAD_XDICTIONARY
360
1000006E
102
}
330
1F
100
AcDbEntity
  8
VISIBLE
100
AcDbLine
 10
-19.74287618188979
 20
-4.16975135974227
 30
0.0
 11
-19.74287618188979
 21
-3.151034663973987
 31
0.0
  0
LINE
  5
10000071
102
{ACAD_XDICTIONARY
360
10000072
102
}
330
1F
100
AcDbEntity
  8
VISIBLE
100
AcDbLine
 10
-19.74287618188979
 20
-3.151034663973987
 30
0.0
 11
-35.37689849000246
 21
-0.1120885080380242
 31
0.0
  0
LINE
  5
10000075
102
{ACAD_XDICTIONARY
360
10000076
102
}
330
1F
100
AcDbEntity
  8
VISIBLE
100
AcDbLine
 10
-59.78658521620788
 20
-33.24894892760513
 30
0.0
 11
-67.79018443711692
 21
-43.49308867694017
 31
0.0
  0
LINE
  5
10000079
102
{ACAD_XDICTIONARY
360
1000007A
102
}
330
1F
100
AcDbEntity
  8
VISIBLE
100
AcDbLine
 10
-32.51476349889561
 20
14.61231923192496
 30
0.0
 11
-19.74287618188978
 21
12.12971577255023
 31
0.0
  0
LINE
  5
1000007D
102
{ACAD_XDICTIONARY
360
1000007E
102
}
330
1F
100
AcDbEntity
  8
VISIBLE
100
AcDbLine
 10
-19.74287618188978
 20
13.14843246831851
 30
0.0
 11
-32.3239544994885
 21
15.59394641458915
 31
0.0
  0
LINE
  5
10000081
102
{ACAD_XDICTIONARY
360
10000082
102
}
330
1F
100
AcDbEntity
  8
VISIBLE
100
AcDbLine
 10
-34.69640904925974
 20
19.11125496080313
 30
0.0
 11
-32.97912805459562
 21
27.94589960478092
 31
0.0
  0
LINE
  5
10000085
102
{ACAD_XDICTIONARY
360
10000086
102
}
330
1F
100
AcDbEntity
  8
VISIBLE
100
AcDbLine
 10
-13.25
 20
27.16709559774689
 30
0.0
 11
-13.25
 21
28.18581229351517
 31
0.0
  0
LINE
  5
10000089
102
{ACAD_XDICTIONARY
360
1000008A
102
}
330
1F
100
AcDbEntity
  8
VISIBLE
100
AcDbLine
 10
-13.25
 20
28.18581229351517
 30
0.0
 11
-33.19751923963134
 21
32.06321733484484
 31
0.0
  0
LINE
  5
1000008D
102
{ACAD_XDICTIONARY
360
1000008E
102
}
330
1F
100
AcDbEntity
  8
VISIBLE
100
AcDbLine
 10
-42.16554220692094
 20
-14.07326022544634
 30
0.0
 11
-33.19751923963133
 21
32.06321733484484
 31
0.0
  0
LINE
  5
10000091
102
{ACAD_XDICTIONARY
360
10000092
102
}
330
1F
100
AcDbEntity
  8
VISIBLE
100
AcDbLine
 10
70.71566491079902
 20
53.92365487098386
 30
0.0
 11
83.4768185101501
 21
56.40417190695693
 31
0.0
  0
LINE
  5
10000095
102
{ACAD_XDICTIONARY
360
10000096
102
}
330
1F
100
AcDbEntity
  8
VISIBLE
100
AcDbLine
 10
89.58705112440914
 20
51.17396562916664
 30
0.0
 11
103.3298316101501
 21
53.84529160695693
 31
0.0
  0
LINE
  5
10000099
102
{ACAD_XDICTIONARY
360
1000009A
102
}
330
1F
100
AcDbEntity
  8
VISIBLE
100
AcDbLine
 10
110.6230800371476
 20
42.52899671220472
 30
0.0
 11
124.3658606101501
 21
45.20032270695692
 31
0.0
  0
LINE
  5
1000009D
102
{ACAD_XDICTIONARY
360
1000009E
102
}
330
1F
100
AcDbEntity
  8
VISIBLE
100
AcDbLine
 10
8.677573001778633
 20
34.42803937098541
 30
0.0
 11
67.20043466935245
 21
45.80373156292747
 31
0.0
  0
LINE
  5
100000A1
102
{ACAD_XDICTIONARY
360
100000A2
102
}
330
1F
100
AcDbEntity
  8
VISIBLE
100
AcDbLine
 10
131.6166025981934
 20
7.898489711326034
 30
0.0
 11
117.8738219395347
 21
5.227163699923942
 31
0.0
  0
LINE
  5
100000A5
102
{ACAD_XDICTIONARY
360
100000A6
102
}
330
1F
100
AcDbEntity
  8
VISIBLE
100
AcDbLine
 10
114.2059445071857
 20
-2.107457906364063
 30
0.0
 11
101.4447911755061
 21
-4.587974890307054
 31
0.0
  0
LINE
  5
100000A9
102
{ACAD_XDICTIONARY
360
100000AA
102
}
330
1F
100
AcDbEntity
  8
VISIBLE
100
AcDbLine
 10
86.99412705636405
 20
54.03171735718571
 30
0.0
 11
87.24217876026651
 21
52.75560199568078
 31
0.0
  0
LINE
  5
100000AD
102
{ACAD_XDICTIONARY
360
100000AE
102
}
330
1F
100
AcDbEntity
  8
VISIBLE
100
AcDbLine
 10
34.69640904925974
 20
19.11125496080313
 30
0.0
 11
32.97912805459562
 21
27.94589960478092
 31
0.0
  0
LINE
  5
100000B1
102
{ACAD_XDICTIONARY
360
100000B2
102
}
330
1F
100
AcDbEntity
  8
VISIBLE
100
AcDbLine
 10
6.249999999999999
 20
31.48315782299281
 30
0.0
 11
6.250000000000001
 21
22.80863196246274
 31
0.0
  0
LINE
  5
100000B5
102
{ACAD_XDICTIONARY
360
100000B6
102
}
330
1F
100
AcDbEntity
  8
VISIBLE
100
AcDbLine
 10
42.16554220692094
 20
-14.07326022544634
 30
0.0
 11
33.19751923963133
 21
32.06321733484484
 31
0.0
  0
LINE
  5
100000B9
102
{ACAD_XDICTIONARY
360
100000BA
102
}
330
1F
100
AcDbEntity
  8
VISIBLE
100
AcDbLine
 10
13.25
 20
27.16709559774689
 30
0.0
 11
13.25
 21
28.18581229351517
 31
0.0
  0
LINE
  5
100000BD
102
{ACAD_XDICTIONARY
360
100000BE
102
}
330
1F
100
AcDbEntity
  8
VISIBLE
100
AcDbLine
 10
127.883169156364
 20
42.8278681571857
 30
0.0
 11
133.9890571479647
 21
11.41579825754
 31
0.0
  0
LINE
  5
100000C1
102
{ACAD_XDICTIONARY
360
100000C2
102
}
330
1F
100
AcDbEntity
  8
VISIBLE
100
AcDbLine
 10
29.46181950838166
 20
30.31835415455214
 30
0.0
 11
13.25
 21
27.16709559774689
 31
0.0
  0
LINE
  5
100000C5
102
{ACAD_XDICTIONARY
360
100000C6
102
}
330
1F
100
AcDbEntity
  8
VISIBLE
100
AcDbLine
 10
45.16302017544008
 20
-38.35509409650707
 30
0.0
 11
30.12079609933319
 21
-19.10192545034521
 31
0.0
  0
LINE
  5
100000C9
102
{ACAD_XDICTIONARY
360
100000CA
102
}
330
1F
100
AcDbEntity
  8
VISIBLE
100
AcDbLine
 10
52.81798018379214
 20
-55.1906567723949
 30
0.0
 11
44.8143809628831
 21
-44.94651702305985
 31
0.0
  0
LINE
  5
100000CD
102
{ACAD_XDICTIONARY
360
100000CE
102
}
330
1F
100
AcDbEntity
  8
VISIBLE
100
AcDbLine
 10
68.78207103586661
 20
48.14860392707014
 30
0.0
 11
68.34321036102779
 21
50.40634632476992
 31
0.0
  0
LINE
  5
100000D1
102
{ACAD_XDICTIONARY
360
100000D2
102
}
330
1F
100
AcDbEntity
  8
VISIBLE
100
AcDbLine
 10
42.19976381820773
 20
-17.77650502898711
 30
0.0
 11
53.30661224930596
 21
-31.99262259839359
 31
0.0
  0
LINE
  5
100000D5
102
{ACAD_XDICTIONARY
360
100000D6
102
}
330
1F
100
AcDbEntity
  8
VISIBLE
100
AcDbLine
 10
-33.16767075400978
 20
-9.709969149644301
 30
0.0
 11
-15.3153031795753
 21
-13.18011795367481
 31
0.0
  0
LINE
  5
100000D9
102
{ACAD_XDICTIONARY
360
100000DA
102
}
330
1F
100
AcDbEntity
  8
VISIBLE
100
AcDbLine
 10
79.02851438211812
 20
-4.564775962450309
 30
0.0
 11
79.46737503926684
 21
-6.822518269142448
 31
0.0
  0
LINE
  5
100000DD
102
{ACAD_XDICTIONARY
360
100000DE
102
}
330
1F
100
AcDbEntity
  8
VISIBLE
100
AcDbLine
 10
-1.908089994071232
 20
-22.91723312485662
 30
0.0
 11
-27.18433684938766
 21
-18.00402833957284
 31
0.0
  0
LINE
  5
100000E1
102
{ACAD_XDICTIONARY
360
100000E2
102
}
330
1F
100
AcDbEntity
  8
VISIBLE
100
AcDbLine
 10
-37.74935303977369
 20
3.405220038175949
 30
0.0
 11
-36.03207204510958
 21
12.23986468215374
 31
0.0
  0
LINE
  5
100000E5
102
{ACAD_XDICTIONARY
360
100000E6
102
}
330
1F
100
AcDbEntity
  8
VISIBLE
100
AcDbLine
 10
-97.92748262929216
 20
-2.215520340535827
 30
0.0
 11
-97.67943092169166
 21
-0.9394049600061003
 31
0.0
  0
LINE
  5
100000E9
102
{ACAD_XDICTIONARY
360
100000EA
102
}
330
1F
100
AcDbEntity
  8
VISIBLE
100
AcDbLine
 10
59.78658521620788
 20
-33.24894892760513
 30
0.0
 11
67.79018443711692
 21
-43.49308867694017
 31
0.0
  0
LINE
  5
100000ED
102
{ACAD_XDICTIONARY
360
100000EE
102
}
330
1F
100
AcDbEntity
  8
VISIBLE
100
AcDbLine
 10
-35.56770748940959
 20
-1.093715690702216
 30
0.0
 11
-19.74287618188979
 21
-4.16975135974227
 31
0.0
  0
LINE
  5
100000F1
102
{ACAD_XDICTIONARY
360
100000F2
102
}
330
1F
100
AcDbEntity
  8
VISIBLE
100
AcDbLine
 10
1.908089994071232
 20
-22.91723312485662
 30
0.0
 11
27.18433684911697
 21
-18.00402833962546
 31
0.0
  0
LINE
  5
100000F5
102
{ACAD_XDICTIONARY
360
100000F6
102
}
330
1F
100
AcDbEntity
  8
VISIBLE
100
AcDbLine
 10
116.2921855730205
 20
2.882291335781299
 30
0.0
 11
116.5783990569569
 21
1.409850639849909
 31
0.0
  0
LINE
  5
100000F9
102
{ACAD_XDICTIONARY
360
100000FA
102
}
330
1F
100
AcDbEntity
  8
VISIBLE
100
AcDbLine
 10
41.61891452220999
 20
-16.50194758993563
 30
0.0
 11
39.08501603562356
 21
-3.466170240473447
 31
0.0
  0
LINE
  5
100000FD
102
{ACAD_XDICTIONARY
360
100000FE
102
}
330
1F
100
AcDbEntity
  8
VISIBLE
100
AcDbLine
 10
-110.6230800368531
 20
42.52899671214748
 30
0.0
 11
-124.3658606101501
 21
45.20032270695692
 31
0.0
  0
LINE
  5
10000101
102
{ACAD_XDICTIONARY
360
10000102
102
}
330
1F
100
AcDbEntity
  8
VISIBLE
100
AcDbLine
 10
19.74287618188979
 20
-4.16975135974227
 30
0.0
 11
19.74287618188979
 21
-3.151034663973987
 31
0.0
  0
LINE
  5
10000105
102
{ACAD_XDICTIONARY
360
10000106
102
}
330
1F
100
AcDbEntity
  8
VISIBLE
100
AcDbLine
 10
19.74287618188978
 20
12.12971577255023
 30
0.0
 11
19.74287618188978
 21
13.14843246831851
 31
0.0
  0
LINE
  5
10000109
102
{ACAD_XDICTIONARY
360
1000010A
102
}
330
1F
100
AcDbEntity
  8
VISIBLE
100
AcDbLine
 10
13.25
 20
28.18581229351517
 30
0.0
 11
33.19751923963134
 21
32.06321733484484
 31
0.0
  0
LINE
  5
1000010D
102
{ACAD_XDICTIONARY
360
1000010E
102
}
330
1F
100
AcDbEntity
  8
VISIBLE
100
AcDbLine
 10
37.74935303977369
 20
3.405220038175949
 30
0.0
 11
36.03207204510958
 21
12.23986468215374
 31
0.0
  0
LINE
  5
10000111
102
{ACAD_XDICTIONARY
360
10000112
102
}
330
1F
100
AcDbEntity
  8
VISIBLE
100
AcDbLine
 10
19.74287618188979
 20
-3.151034663973987
 30
0.0
 11
35.37689849000246
 21
-0.1120885080380242
 31
0.0
  0
LINE
  5
10000115
102
{ACAD_XDICTIONARY
360
10000116
102
}
330
1F
100
AcDbEntity
  8
VISIBLE
100
AcDbLine
 10
97.92748262929216
 20
-2.215520340535827
 30
0.0
 11
97.67943092174892
 21
-0.9394049603006007
 31
0.0
  0
LINE
  5
10000119
102
{ACAD_XDICTIONARY
360
1000011A
102
}
330
1F
100
AcDbEntity
  8
VISIBLE
100
AcDbLine
 10
-16.31530318011115
 20
4.332446187889001
 30
0.0
 11
-29.92391776408869
 21
6.977692955647075
 31
0.0
  0
LINE
  5
1000011D
102
{ACAD_XDICTIONARY
360
1000011E
102
}
330
1F
100
AcDbEntity
  8
VISIBLE
100
AcDbLine
 10
19.74287618188978
 20
13.14843246831851
 30
0.0
 11
32.3239544994885
 21
15.59394641458915
 31
0.0
  0
LINE
  5
10000121
102
{ACAD_XDICTIONARY
360
10000122
102
}
330
1F
100
AcDbEntity
  8
VISIBLE
100
AcDbLine
 10
-131.6166025981934
 20
7.898489711326034
 30
0.0
 11
-117.8738219392402
 21
5.227163699866702
 31
0.0
  0
LINE
  5
10000125
102
{ACAD_XDICTIONARY
360
10000126
102
}
330
1F
100
AcDbEntity
  8
VISIBLE
100
AcDbLine
 10
-6.249999999999999
 20
31.48315782299281
 30
0.0
 11
-6.250000000000001
 21
22.80863196246274
 31
0.0
  0
LINE
  5
10000129
102
{ACAD_XDICTIONARY
360
1000012A
102
}
330
1F
100
AcDbEntity
  8
VISIBLE
100
AcDbLine
 10
32.51476349889561
 20
14.61231923192496
 30
0.0
 11
19.74287618188978
 21
12.12971577255023
 31
0.0
  0
LINE
  5
1000012D
102
{ACAD_XDICTIONARY
360
1000012E
102
}
330
1F
100
AcDbEntity
  8
VISIBLE
100
AcDbLine
 10
9.250000000000002
 20
19.80863196246274
 30
0.0
 11
12.07988785783335
 21
19.80863196246274
 31
0.0
  0
LINE
  5
10000131
102
{ACAD_XDICTIONARY
360
10000132
102
}
330
1F
100
AcDbEntity
  8
VISIBLE
100
AcDbLine
 10
26.87097377357473
 20
22.68372787827425
 30
0.0
 11
27.06178277298185
 21
21.70210069561006
 31
0.0
  0
LINE
  5
10000135
102
{ACAD_XDICTIONARY
360
10000136
102
}
330
1F
100
AcDbEntity
  8
VISIBLE
100
AcDbLine
 10
27.06178277298185
 20
21.70210069561006
 30
0.0
 11
15.17044918366841
 21
19.39065954578873
 31
0.0
  0
LINE
  5
10000139
102
{ACAD_XDICTIONARY
360
1000013A
102
}
330
1F
100
AcDbEntity
  8
VISIBLE
100
AcDbLine
 10
-79.02851438206088
 20
-4.564775962155817
 30
0.0
 11
-79.46737503926684
 21
-6.822518269142448
 31
0.0
  0
LINE
  5
1000013D
102
{ACAD_XDICTIONARY
360
1000013E
102
}
330
1F
100
AcDbEntity
  8
VISIBLE
100
AcDbLine
 10
-77.09492048949562
 20
-10.33982681535641
 30
0.0
 11
-45.68285075313491
 21
-16.44571477521754
 31
0.0
  0
LINE
  5
10000141
102
{ACAD_XDICTIONARY
360
10000142
102
}
330
1F
100
AcDbEntity
  8
VISIBLE
100
AcDbLine
 10
32.97686175460264
 20
-8.728341966980103
 30
0.0
 11
33.16767075400978
 21
-9.709969149644303
 31
0.0
  0
LINE
  5
10000145
102
{ACAD_XDICTIONARY
360
10000146
102
}
330
1F
100
AcDbEntity
  8
VISIBLE
100
AcDbLine
 10
12.74287618188978
 20
16.44577799779613
 30
0.0
 11
12.74287618188979
 21
7.277327735881598
 31
0.0
  0
LINE
  5
10000149
102
{ACAD_XDICTIONARY
360
1000014A
102
}
330
1F
100
AcDbEntity
  8
VISIBLE
100
AcDbLine
 10
16.31530318011115
 20
4.332446187889001
 30
0.0
 11
29.92391776408869
 21
6.977692955647075
 31
0.0
  0
LINE
  5
1000014D
102
{ACAD_XDICTIONARY
360
1000014E
102
}
330
1F
100
AcDbEntity
  8
VISIBLE
100
AcDbLine
 10
33.16767075400978
 20
-9.709969149644301
 30
0.0
 11
15.31530318011116
 21
-13.18011795357065
 31
0.0
  0
LINE
  5
10000151
102
{ACAD_XDICTIONARY
360
10000152
102
}
330
1F
100
AcDbEntity
  8
VISIBLE
100
AcDbLine
 10
-12.74287618188979
 20
0.1463108655036334
 30
0.0
 11
-12.74287618188979
 21
-9.022139396410902
 31
0.0
  0
LINE
  5
10000155
102
{ACAD_XDICTIONARY
360
10000156
102
}
330
1F
100
AcDbEntity
  8
VISIBLE
100
AcDbLine
 10
12.07988785783335
 20
19.80863196246273
 30
0.0
 11
26.87097377357473
 21
22.68372787827425
 31
0.0
  0
LINE
  5
10000159
102
{ACAD_XDICTIONARY
360
1000015A
102
}
330
1F
100
AcDbEntity
  8
VISIBLE
100
AcDbLine
 10
29.92391776408869
 20
6.977692955647075
 30
0.0
 11
30.11472676349581
 21
5.996065772982879
 31
0.0
  0
LINE
  5
1000015D
102
{ACAD_XDICTIONARY
360
1000015E
102
}
330
1F
100
AcDbEntity
  8
VISIBLE
100
AcDbLine
 10
-8.677573001778633
 20
34.42803937098541
 30
0.0
 11
-67.20043466964695
 21
45.80373156298472
 31
0.0
  0
LINE
  5
10000161
102
{ACAD_XDICTIONARY
360
10000162
102
}
330
1F
100
AcDbEntity
  8
VISIBLE
100
AcDbLine
 10
12.74287618188979
 20
0.1463108655036334
 30
0.0
 11
12.74287618188979
 21
-9.022139396410902
 31
0.0
  0
LINE
  5
10000165
102
{ACAD_XDICTIONARY
360
10000166
102
}
330
1F
100
AcDbEntity
  8
VISIBLE
100
AcDbLine
 10
-68.78207103592385
 20
48.14860392677564
 30
0.0
 11
-68.34321036102779
 21
50.40634632476992
 31
0.0
  0
LINE
  5
10000169
102
{ACAD_XDICTIONARY
360
1000016A
102
}
330
1F
100
AcDbEntity
  8
VISIBLE
100
AcDbLine
 10
16.31530318011116
 20
-11.9670209444035
 30
0.0
 11
32.97686175460264
 21
-8.728341966980102
 31
0.0
  0
LINE
  5
1000016D
102
{ACAD_XDICTIONARY
360
1000016E
102
}
330
1F
100
AcDbEntity
  8
VISIBLE
100
AcDbLine
 10
-16.31530318011116
 20
-11.9670209444035
 30
0.0
 11
-32.97686175460264
 21
-8.728341966980102
 31
0.0
  0
LINE
  5
10000171
102
{ACAD_XDICTIONARY
360
10000172
102
}
330
1F
100
AcDbEntity
  8
VISIBLE
100
AcDbLine
 10
-32.97686175460264
 20
-8.728341966980103
 30
0.0
 11
-33.16767075400978
 21
-9.709969149644303
 31
0.0
  0
LINE
  5
10000175
102
{ACAD_XDICTIONARY
360
10000176
102
}
330
1F
100
AcDbEntity
  8
VISIBLE
100
AcDbLine
 10
35.56770748940959
 20
-1.093715690702216
 30
0.0
 11
19.74287618188979
 21
-4.16975135974227
 31
0.0
  0
LINE
  5
10000179
102
{ACAD_XDICTIONARY
360
1000017A
102
}
330
1F
100
AcDbEntity
  8
VISIBLE
100
AcDbLine
 10
11.74287618188979
 20
-10.23523640557806
 30
0.0
 11
11.74287618188978
 21
15.80863196246274
 31
0.0
  0
LINE
  5
1000017D
102
{ACAD_XDICTIONARY
360
1000017E
102
}
330
1F
100
AcDbEntity
  8
VISIBLE
100
AcDbLine
 10
67.27313662239489
 20
-47.70410536620788
 30
0.0
 11
57.02899687305985
 21
-55.70770458711691
 31
0.0
  0
LINE
  5
10000181
102
{ACAD_XDICTIONARY
360
10000182
102
}
330
1F
100
AcDbEntity
  8
VISIBLE
100
AcDbLine
 10
8.742876181889784
 20
18.80863196246274
 30
0.0
 11
-8.742876181889784
 21
18.80863196246274
 31
0.0
  0
LINE
  5
10000185
102
{ACAD_XDICTIONARY
360
10000186
102
}
330
1F
100
AcDbEntity
  8
VISIBLE
100
AcDbLine
 10
-11.74287618188979
 20
-10.23523640612395
 30
0.0
 11
-11.74287618188978
 21
15.80863196246274
 31
0.0
  0
LINE
  5
10000189
102
{ACAD_XDICTIONARY
360
1000018A
102
}
330
1F
100
AcDbEntity
  8
VISIBLE
100
AcDbLine
 10
-30.11472676349581
 20
5.996065772982878
 30
0.0
 11
-15.17044918366842
 21
3.091192413496231
 31
0.0
  0
LINE
  5
1000018D
102
{ACAD_XDICTIONARY
360
1000018E
102
}
330
1F
100
AcDbEntity
  8
VISIBLE
100
AcDbLine
 10
-29.92391776408869
 20
6.977692955647075
 30
0.0
 11
-30.11472676349581
 21
5.996065772982879
 31
0.0
  0
LINE
  5
10000191
102
{ACAD_XDICTIONARY
360
10000192
102
}
330
1F
100
AcDbEntity
  8
VISIBLE
100
AcDbLine
 10
-12.74287618188978
 20
16.44577799779613
 30
0.0
 11
-12.74287618188979
 21
7.277327735881598
 31
0.0
  0
LINE
  5
10000195
102
{ACAD_XDICTIONARY
360
10000196
102
}
330
1F
100
AcDbEntity
  8
VISIBLE
100
AcDbLine
 10
-19.74287618188978
 20
12.12971577255023
 30
0.0
 11
-19.74287618188978
 21
13.14843246831851
 31
0.0
  0
LINE
  5
10000199
102
{ACAD_XDICTIONARY
360
1000019A
102
}
330
1F
100
AcDbEntity
  8
VISIBLE
100
AcDbLine
 10
-29.46181950838166
 20
30.31835415455214
 30
0.0
 11
-13.25
 21
27.16709559774689
 31
0.0
  0
LINE
  5
1000019D
102
{ACAD_XDICTIONARY
360
1000019E
102
}
330
1F
100
AcDbEntity
  8
VISIBLE
100
AcDbLine
 10
-86.99412705636405
 20
54.03171735718571
 30
0.0
 11
-87.24217876032375
 21
52.7556019953863
 31
0.0
  0
LINE
  5
100001A1
102
{ACAD_XDICTIONARY
360
100001A2
102
}
330
1F
100
AcDbEntity
  8
VISIBLE
100
AcDbLine
 10
-27.06178277298185
 20
21.70210069561006
 30
0.0
 11
-15.17044918366841
 21
19.39065954578873
 31
0.0
  0
LINE
  5
100001A5
102
{ACAD_XDICTIONARY
360
100001A6
102
}
330
1F
100
AcDbEntity
  8
VISIBLE
100
AcDbLine
 10
-26.87097377357473
 20
22.68372787827425
 30
0.0
 11
-27.06178277298185
 21
21.70210069561006
 31
0.0
  0
LINE
  5
100001A9
102
{ACAD_XDICTIONARY
360
100001AA
102
}
330
1F
100
AcDbEntity
  8
VISIBLE
100
AcDbLine
 10
-12.07988785783335
 20
19.80863196246273
 30
0.0
 11
-26.87097377357473
 21
22.68372787827425
 31
0.0
  0
LINE
  5
100001AD
102
{ACAD_XDICTIONARY
360
100001AE
102
}
330
1F
100
AcDbEntity
  8
VISIBLE
100
AcDbLine
 10
-9.250000000000002
 20
19.80863196246274
 30
0.0
 11
-12.07988785783335
 21
19.80863196246274
 31
0.0
  0
LINE
  5
100001B1
102
{ACAD_XDICTIONARY
360
100001B2
102
}
330
1F
100
AcDbEntity
  8
VISIBLE
100
AcDbLine
 10
-114.2059445071857
 20
-2.107457906364063
 30
0.0
 11
-101.4447911755061
 21
-4.587974890307054
 31
0.0
  0
LINE
  5
100001B5
102
{ACAD_XDICTIONARY
360
100001B6
102
}
330
1F
100
AcDbEntity
  8
VISIBLE
100
AcDbLine
 10
-127.883169156364
 20
42.8278681571857
 30
0.0
 11
-133.9890571479647
 21
11.41579825754
 31
0.0
  0
LINE
  5
100001B9
102
{ACAD_XDICTIONARY
360
100001BA
102
}
330
1F
100
AcDbEntity
  8
VISIBLE
100
AcDbLine
 10
106.8471401563641
 20
51.47283705718571
 30
0.0
 11
108.2782076730049
 21
44.11063307871887
 31
0.0
  0
LINE
  5
100001BD
102
{ACAD_XDICTIONARY
360
100001BE
102
}
330
1F
100
AcDbEntity
  8
VISIBLE
100
AcDbLine
 10
-70.71566491079902
 20
53.92365487098386
 30
0.0
 11
-83.4768185101501
 21
56.40417190695693
 31
0.0
  0
LINE
  5
100001C1
102
{ACAD_XDICTIONARY
360
100001C2
102
}
330
1F
100
AcDbEntity
  8
VISIBLE
100
AcDbLine
 10
-89.58705112411464
 20
51.17396562910939
 30
0.0
 11
-103.3298316101501
 21
53.84529160695693
 31
0.0
  0
LINE
  5
100001C5
102
{ACAD_XDICTIONARY
360
100001C6
102
}
330
1F
100
AcDbEntity
  8
VISIBLE
100
AcDbLine
 10
-106.8471401563641
 20
51.47283705718571
 30
0.0
 11
-108.2782076730622
 21
44.11063307842437
 31
0.0
  0
LINE
  5
100001C9
102
{ACAD_XDICTIONARY
360
100001CA
102
}
330
1F
100
AcDbEntity
  8
VISIBLE
100
AcDbLine
 10
95.33455855760627
 20
0.642231406213563
 30
0.0
 11
80.6101507486323
 21
-2.219903598307657
 31
0.0
  0
LINE
  5
100001CD
102
{ACAD_XDICTIONARY
360
100001CE
102
}
330
1F
100
AcDbEntity
  8
VISIBLE
100
AcDbLine
 10
-116.2921855729633
 20
2.882291336075785
 30
0.0
 11
-116.5783990569569
 21
1.409850639849909
 31
0.0
  0
LINE
  5
100001D1
102
{ACAD_XDICTIONARY
360
100001D2
102
}
330
1F
100
AcDbEntity
  8
VISIBLE
100
AcDbLine
 10
77.09492048949562
 20
-10.33982681535641
 30
0.0
 11
45.68285075313491
 21
-16.44571477521754
 31
0.0
  0
LINE
  5
100001D5
102
{ACAD_XDICTIONARY
360
100001D6
102
}
330
1F
100
AcDbEntity
  8
VISIBLE
100
AcDbLine
 10
30.11472676349581
 20
5.996065772982878
 30
0.0
 11
15.17044918366842
 21
3.091192413496231
 31
0.0
  0
LINE
  5
100001D9
102
{ACAD_XDICTIONARY
360
100001DA
102
}
330
1F
100
AcDbEntity
  8
VISIBLE
100
AcDbLine
 10
-95.33455855790076
 20
0.6422314062708083
 30
0.0
 11
-80.6101507483378
 21
-2.219903598364899
 31
0.0
  0
SPLINE
  5
100001DD
102
{ACAD_XDICTIONARY
360
100001DE
102
}
330
1F
100
AcDbEntity
  8
VISIBLE
100
AcDbSpline
210
0.0
220
0.0
230
1.0
 70
     8
 71
     3
 72
    12
 73
     8
 74
     0
 42
0.0000000001
 43
0.00000001
 40
0.0
 40
0.0
 40
0.0
 40
0.0
 40
0.228305490729962
 40
0.4194202305819991
 40
0.611049465712631
 40
0.8175702653413895
 40
1.0
 40
1.0
 40
1.0
 40
1.0
 10
-45.16302017544013
 20
-38.35509409650705
 30
0.0
 10
-45.32029028515261
 20
-38.58450413814604
 30
0.0
 10
-45.60921135081931
 20
-39.00595354023622
 30
0.0
 10
-45.70660404589619
 20
-39.57560693229126
 30
0.0
 10
-45.63704118411301
 20
-40.14008039890562
 30
0.0
 10
-45.31257693892419
 20
-40.71639429911236
 30
0.0
 10
-45.0574255674911
 20
-40.95122186792857
 30
0.0
 10
-44.93775174553942
 20
-41.06136320286248
 30
0.0
  0
SPLINE
  5
100001E1
102
{ACAD_XDICTIONARY
360
100001E2
102
}
330
1F
100
AcDbEntity
  8
VISIBLE
100
AcDbSpline
210
0.0
220
0.0
230
1.0
 70
     8
 71
     3
 72
    13
 73
     9
 74
     0
 42
0.0000000001
 43
0.00000001
 40
0.0
 40
0.0
 40
0.0
 40
0.0
 40
0.2043896205233507
 40
0.3522903777328344
 40
0.4977094765774555
 40
0.6429428859840768
 40
0.7913755955996508
 40
1.0
 40
1.0
 40
1.0
 40
1.0
 10
-44.9384113715299
 20
-41.06209341453043
 30
0.0
 10
-44.68512928506849
 20
-41.35305615191942
 30
0.0
 10
-44.24856679386187
 20
-41.85456582936038
 30
0.0
 10
-44.06685371973326
 20
-42.39848495183463
 30
0.0
 10
-43.9781329109422
 20
-42.94386884212494
 30
0.0
 10
-44.04696946612189
 20
-43.49164943739905
 30
0.0
 10
-44.19428553063487
 20
-44.04747844612796
 30
0.0
 10
-44.58568860505896
 20
-44.61494991057849
 30
0.0
 10
-44.8143809628831
 20
-44.94651702305985
 30
0.0
  0
SPLINE
  5
100001E5
102
{ACAD_XDICTIONARY
360
100001E6
102
}
330
1F
100
AcDbEntity
  8
VISIBLE
100
AcDbSpline
210
0.0
220
0.0
230
1.0
 70
     8
 71
     3
 72
    12
 73
     8
 74
     0
 42
0.0000000001
 43
0.00000001
 40
0.0
 40
0.0
 40
0.0
 40
0.0
 40
0.228259380605223
 40
0.4198279457772713
 40
0.6119861569182732
 40
0.7966428510277618
 40
1.0
 40
1.0
 40
1.0
 40
1.0
 10
-55.98698973453333
 20
-32.42875214653188
 30
0.0
 10
-55.74510318267222
 20
-32.56621283142515
 30
0.0
 10
-55.3002113499259
 20
-32.81903852827432
 30
0.0
 10
-54.72937318753708
 20
-32.8804843311724
 30
0.0
 10
-54.16340570334771
 20
-32.74668980505406
 30
0.0
 10
-53.71269990054177
 20
-32.47321341588705
 30
0.0
 10
-53.446255262064
 20
-32.15788531804149
 30
0.0
 10
-53.30661224930591
 20
-31.99262259839362
 30
0.0
  0
SPLINE
  5
100001E9
102
{ACAD_XDICTIONARY
360
100001EA
102
}
330
1F
100
AcDbEntity
  8
VISIBLE
100
AcDbSpline
210
0.0
220
0.0
230
1.0
 70
     8
 71
     3
 72
    13
 73
     9
 74
     0
 42
0.0000000001
 43
0.00000001
 40
0.0
 40
0.0
 40
0.0
 40
0.0
 40
0.2065252493446269
 40
0.354768161907491
 40
0.5004105027473094
 40
0.6450613255118526
 40
0.7917669432028696
 40
1.0
 40
1.0
 40
1.0
 40
1.0
 10
-35.37689849000246
 20
-0.1120885080380238
 30
0.0
 10
-35.80208033149552
 20
0.0014082877784618
 30
0.0
 10
-36.53245582244206
 20
0.1963725827592389
 30
0.0
 10
-37.0443174275373
 20
0.5840530207037
 30
0.0
 10
-37.46992379348195
 20
1.034828134561725
 30
0.0
 10
-37.72471508038998
 20
1.591624643906295
 30
0.0
 10
-37.89512241485311
 20
2.198559683461752
 30
0.0
 10
-37.80325134622975
 20
2.959056709621434
 30
0.0
 10
-37.74935303977369
 20
3.405220038175943
 30
0.0
  0
SPLINE
  5
100001ED
102
{ACAD_XDICTIONARY
360
100001EE
102
}
330
1F
100
AcDbEntity
  8
VISIBLE
100
AcDbSpline
210
0.0
220
0.0
230
1.0
 70
     8
 71
     3
 72
    13
 73
     9
 74
     0
 42
0.0000000001
 43
0.00000001
 40
0.0
 40
0.0
 40
0.0
 40
0.0
 40
0.2065252493439758
 40
0.3547681619074953
 40
0.5004105027472888
 40
0.6450613255120472
 40
0.7917669432029915
 40
1.0
 40
1.0
 40
1.0
 40
1.0
 10
-36.03207204510959
 20
12.23986468215373
 30
0.0
 10
-35.91857524929432
 20
12.66504652364354
 30
0.0
 10
-35.72361095431502
 20
13.39542201458678
 30
0.0
 10
-35.33593051636995
 20
13.90728361968899
 30
0.0
 10
-34.88515540251142
 20
14.33288998563306
 30
0.0
 10
-34.32835889316421
 20
14.58768127254117
 30
0.0
 10
-33.72142385360934
 20
14.75808860700444
 30
0.0
 10
-32.96092682744995
 20
14.66621753838103
 30
0.0
 10
-32.51476349889561
 20
14.61231923192496
 30
0.0
  0
SPLINE
  5
100001F1
102
{ACAD_XDICTIONARY
360
100001F2
102
}
330
1F
100
AcDbEntity
  8
VISIBLE
100
AcDbSpline
210
0.0
220
0.0
230
1.0
 70
     8
 71
     3
 72
    13
 73
     9
 74
     0
 42
0.0000000001
 43
0.00000001
 40
0.0
 40
0.0
 40
0.0
 40
0.0
 40
0.2065252493447942
 40
0.3547681619079021
 40
0.5004105027476528
 40
0.6450613255122041
 40
0.7917669432030991
 40
1.0
 40
1.0
 40
1.0
 40
1.0
 10
-67.27313662239489
 20
-47.70410536620788
 30
0.0
 10
-67.60044994988316
 20
-47.40995046374107
 30
0.0
 10
-68.16270733937598
 20
-46.90465247041858
 30
0.0
 10
-68.44277613284524
 20
-46.32684636482335
 30
0.0
 10
-68.61734656202889
 20
-45.73198155055015
 30
0.0
 10
-68.59158693502546
 20
-45.12019940442325
 30
0.0
 10
-68.46787823947005
 20
-44.5020530135728
 30
0.0
 10
-68.04076209255854
 20
-43.86615379428331
 30
0.0
 10
-67.79018443711696
 20
-43.49308867694017
 30
0.0
  0
SPLINE
  5
100001F5
102
{ACAD_XDICTIONARY
360
100001F6
102
}
330
1F
100
AcDbEntity
  8
VISIBLE
100
AcDbSpline
210
0.0
220
0.0
230
1.0
 70
     8
 71
     3
 72
    13
 73
     9
 74
     0
 42
0.0000000001
 43
0.00000001
 40
0.0
 40
0.0
 40
0.0
 40
0.0
 40
0.2065252493438008
 40
0.354768161907651
 40
0.5004105027474185
 40
0.6450613255121069
 40
0.7917669432030281
 40
1.0
 40
1.0
 40
1.0
 40
1.0
 10
-32.97912805459564
 20
27.94589960478092
 30
0.0
 10
-32.86563125878095
 20
28.37108144626983
 30
0.0
 10
-32.6706669638024
 20
29.10145693721249
 30
0.0
 10
-32.2829865258553
 20
29.61331854231682
 30
0.0
 10
-31.83221141199709
 20
30.03892490826091
 30
0.0
 10
-31.27541490264977
 20
30.29371619516808
 30
0.0
 10
-30.66847986309517
 20
30.46412352963163
 30
0.0
 10
-29.9079828369359
 20
30.37225246100821
 30
0.0
 10
-29.46181950838166
 20
30.31835415455214
 30
0.0
  0
SPLINE
  5
100001F9
102
{ACAD_XDICTIONARY
360
100001FA
102
}
330
1F
100
AcDbEntity
  8
VISIBLE
100
AcDbSpline
210
0.0
220
0.0
230
1.0
 70
     8
 71
     3
 72
    13
 73
     9
 74
     0
 42
0.0000000001
 43
0.00000001
 40
0.0
 40
0.0
 40
0.0
 40
0.0
 40
0.2065252493443276
 40
0.3547681619076272
 40
0.5004105027473957
 40
0.6450613255122727
 40
0.791766943203138
 40
1.0
 40
1.0
 40
1.0
 40
1.0
 10
-32.3239544994885
 20
15.59394641458915
 30
0.0
 10
-32.74913634098011
 20
15.70744321040496
 30
0.0
 10
-33.47951183192546
 20
15.90240750538491
 30
0.0
 10
-33.99137343702456
 20
16.29008794333115
 30
0.0
 10
-34.41697980296919
 20
16.74086305718878
 30
0.0
 10
-34.67177108987681
 20
17.29765956653724
 30
0.0
 10
-34.84217842434003
 20
17.90459460609121
 30
0.0
 10
-34.7503073557161
 20
18.66509163224949
 30
0.0
 10
-34.69640904925974
 20
19.11125496080312
 30
0.0
  0
SPLINE
  5
100001FD
102
{ACAD_XDICTIONARY
360
100001FE
102
}
330
1F
100
AcDbEntity
  8
VISIBLE
100
AcDbSpline
210
0.0
220
0.0
230
1.0
 70
     8
 71
     3
 72
    13
 73
     9
 74
     0
 42
0.0000000001
 43
0.00000001
 40
0.0
 40
0.0
 40
0.0
 40
0.0
 40
0.2065252493444032
 40
0.3547681619075197
 40
0.5004105027473049
 40
0.6450613255122244
 40
0.7917669432031121
 40
1.0
 40
1.0
 40
1.0
 40
1.0
 10
-77.09492048949562
 20
-10.33982681535642
 30
0.0
 10
-77.52010233098737
 20
-10.2263300195398
 30
0.0
 10
-78.2504778219325
 20
-10.03136572455856
 30
0.0
 10
-78.76233942703239
 20
-9.643685286616593
 30
0.0
 10
-79.1879457929771
 20
-9.192910172758198
 30
0.0
 10
-79.44273707988248
 20
-8.636113663408516
 30
0.0
 10
-79.61314441434664
 20
-8.029178623854772
 30
0.0
 10
-79.52127334572303
 20
-7.268681597696233
 30
0.0
 10
-79.46737503926688
 20
-6.822518269142448
 30
0.0
  0
SPLINE
  5
10000201
102
{ACAD_XDICTIONARY
360
10000202
102
}
330
1F
100
AcDbEntity
  8
VISIBLE
100
AcDbSpline
210
0.0
220
0.0
230
1.0
 70
     8
 71
     3
 72
    13
 73
     9
 74
     0
 42
0.0000000001
 43
0.00000001
 40
0.0
 40
0.0
 40
0.0
 40
0.0
 40
0.205405347978651
 40
0.3789357759357833
 40
0.5530343727400415
 40
0.7178492273507662
 40
0.9182731308917158
 40
1.0
 40
1.0
 40
1.0
 40
1.0
 10
-79.02851438211812
 20
-4.564775962450303
 30
0.0
 10
-78.99179108945314
 20
-4.295857606401032
 30
0.0
 10
-78.92404324579734
 20
-3.799751799440753
 30
0.0
 10
-79.05805287941155
 20
-3.252542949443451
 30
0.0
 10
-79.3936603737959
 20
-2.765719463791541
 30
0.0
 10
-79.74636688118976
 20
-2.467857143011228
 30
0.0
 10
-80.47629675778781
 20
-2.239231387722845
 30
0.0
 10
-80.58008716039824
 20
-2.224244617195375
 30
0.0
 10
-80.61015074863225
 20
-2.219903598307657
 30
0.0
  0
SPLINE
  5
10000205
102
{ACAD_XDICTIONARY
360
10000206
102
}
330
1F
100
AcDbEntity
  8
VISIBLE
100
AcDbSpline
210
0.0
220
0.0
230
1.0
 70
     8
 71
     3
 72
    13
 73
     9
 74
     0
 42
0.0000000001
 43
0.00000001
 40
0.0
 40
0.0
 40
0.0
 40
0.0
 40
0.2065252493435509
 40
0.3547681619071777
 40
0.5004105027470037
 40
0.6450613255120082
 40
0.7917669432029584
 40
1.0
 40
1.0
 40
1.0
 40
1.0
 10
-39.08501603562356
 20
-3.466170240473447
 30
0.0
 10
-38.97151923980881
 20
-3.040988398985655
 30
0.0
 10
-38.77655494483016
 20
-2.31061290804502
 30
0.0
 10
-38.38887450688727
 20
-1.798751302939822
 30
0.0
 10
-37.93809939302768
 20
-1.37314493699652
 30
0.0
 10
-37.38130288367942
 20
-1.118353650085438
 30
0.0
 10
-36.77436784412411
 20
-0.9479463156229048
 30
0.0
 10
-36.01387081796423
 20
-1.039817384246212
 30
0.0
 10
-35.56770748940959
 20
-1.093715690702218
 30
0.0
  0
SPLINE
  5
10000209
102
{ACAD_XDICTIONARY
360
1000020A
102
}
330
1F
100
AcDbEntity
  8
VISIBLE
100
AcDbSpline
210
0.0
220
0.0
230
1.0
 70
     8
 71
     3
 72
    13
 73
     9
 74
     0
 42
0.0000000001
 43
0.00000001
 40
0.0
 40
0.0
 40
0.0
 40
0.0
 40
0.2054053479785991
 40
0.3789357759356816
 40
0.5530343727398843
 40
0.7178492273505857
 40
0.9182731308914212
 40
1.0
 40
1.0
 40
1.0
 40
1.0
 10
-95.33455855760627
 20
0.6422314062135637
 30
0.0
 10
-95.60347691365551
 20
0.6789546988785317
 30
0.0
 10
-96.0995827206157
 20
0.7467025425342996
 30
0.0
 10
-96.64679157061295
 20
0.6126929089201929
 30
0.0
 10
-97.13361505626474
 20
0.2770854145361074
 30
0.0
 10
-97.43147737704523
 20
-0.0756210928579753
 30
0.0
 10
-97.6601031323336
 20
-0.8055509694552605
 30
0.0
 10
-97.67508990286122
 20
-0.9093413720662961
 30
0.0
 10
-97.67943092174895
 20
-0.9394049603005858
 30
0.0
  0
SPLINE
  5
1000020D
102
{ACAD_XDICTIONARY
360
1000020E
102
}
330
1F
100
AcDbEntity
  8
VISIBLE
100
AcDbSpline
210
0.0
220
0.0
230
1.0
 70
     8
 71
     3
 72
    13
 73
     9
 74
     0
 42
0.0000000001
 43
0.00000001
 40
0.0
 40
0.0
 40
0.0
 40
0.0
 40
0.2054053479785882
 40
0.3789357759356959
 40
0.5530343727399266
 40
0.7178492273506393
 40
0.9182731308915367
 40
1.0
 40
1.0
 40
1.0
 40
1.0
 10
-116.2921855730205
 20
2.882291335781294
 30
0.0
 10
-116.2554622803555
 20
3.15120969183045
 30
0.0
 10
-116.1877144366997
 20
3.647315498790557
 30
0.0
 10
-116.3217240703138
 20
4.194524348787845
 30
0.0
 10
-116.657331564698
 20
4.681347834439799
 30
0.0
 10
-117.010038072092
 20
4.97921015522022
 30
0.0
 10
-117.7399679486897
 20
5.20783591050867
 30
0.0
 10
-117.8437583513005
 20
5.222822681036202
 30
0.0
 10
-117.8738219395347
 20
5.227163699923943
 30
0.0
  0
SPLINE
  5
10000211
102
{ACAD_XDICTIONARY
360
10000212
102
}
330
1F
100
AcDbEntity
  8
VISIBLE
100
AcDbSpline
210
0.0
220
0.0
230
1.0
 70
     8
 71
     3
 72
    13
 73
     9
 74
     0
 42
0.0000000001
 43
0.00000001
 40
0.0
 40
0.0
 40
0.0
 40
0.0
 40
0.2065252493447753
 40
0.3547681619076932
 40
0.500410502747481
 40
0.6450613255119982
 40
0.7917669432029681
 40
1.0
 40
1.0
 40
1.0
 40
1.0
 10
-42.16554220692094
 20
-14.07326022544631
 30
0.0
 10
-42.27903900273758
 20
-14.49844206694004
 30
0.0
 10
-42.47400329771863
 20
-15.22881755788761
 30
0.0
 10
-42.86168373566431
 20
-15.7406791629825
 30
0.0
 10
-43.31245884952173
 20
-16.1662855289276
 30
0.0
 10
-43.86925535886706
 20
-16.42107681583359
 30
0.0
 10
-44.4761903984218
 20
-16.59148415029725
 30
0.0
 10
-45.2366874245808
 20
-16.49961308167369
 30
0.0
 10
-45.68285075313489
 20
-16.44571477521754
 30
0.0
  0
SPLINE
  5
10000215
102
{ACAD_XDICTIONARY
360
10000216
102
}
330
1F
100
AcDbEntity
  8
VISIBLE
100
AcDbSpline
210
0.0
220
0.0
230
1.0
 70
     8
 71
     3
 72
    13
 73
     9
 74
     0
 42
0.0000000001
 43
0.00000001
 40
0.0
 40
0.0
 40
0.0
 40
0.0
 40
0.2054053479786194
 40
0.3789357759357251
 40
0.5530343727399535
 40
0.7178492273506634
 40
0.9182731308915545
 40
1.0
 40
1.0
 40
1.0
 40
1.0
 10
-68.78207103586662
 20
48.14860392707011
 30
0.0
 10
-68.81879432853158
 20
47.87968557102086
 30
0.0
 10
-68.88654217218736
 20
47.38357976406063
 30
0.0
 10
-68.75253253857326
 20
46.83637091406337
 30
0.0
 10
-68.41692504418901
 20
46.3495474284115
 30
0.0
 10
-68.06421853679504
 20
46.05168510763113
 30
0.0
 10
-67.33428866019734
 20
45.82305935234272
 30
0.0
 10
-67.23049825758663
 20
45.80807258181522
 30
0.0
 10
-67.20043466935245
 20
45.80373156292747
 30
0.0
  0
SPLINE
  5
10000219
102
{ACAD_XDICTIONARY
360
1000021A
102
}
330
1F
100
AcDbEntity
  8
VISIBLE
100
AcDbSpline
210
0.0
220
0.0
230
1.0
 70
     8
 71
     3
 72
    13
 73
     9
 74
     0
 42
0.0000000001
 43
0.00000001
 40
0.0
 40
0.0
 40
0.0
 40
0.0
 40
0.2079570290521373
 40
0.3564919676116022
 40
0.5041249471488793
 40
0.6499082739063614
 40
0.795629057752113
 40
1.0
 40
1.0
 40
1.0
 40
1.0
 10
-59.78658521620788
 20
-33.24894892760513
 30
0.0
 10
-59.52195056488252
 20
-32.94851796007298
 30
0.0
 10
-59.06829853888859
 20
-32.43350181834814
 30
0.0
 10
-58.56582694504517
 20
-32.15487604546121
 30
0.0
 10
-58.03434331569023
 20
-31.94822176248752
 30
0.0
 10
-57.48023998181046
 20
-31.90938614375719
 30
0.0
 10
-56.92423605667128
 20
-31.95154687193884
 30
0.0
 10
-56.33384361353981
 20
-32.25496038772819
 30
0.0
 10
-55.98919376635506
 20
-32.43208227176845
 30
0.0
  0
SPLINE
  5
1000021D
102
{ACAD_XDICTIONARY
360
1000021E
102
}
330
1F
100
AcDbEntity
  8
VISIBLE
100
AcDbSpline
210
0.0
220
0.0
230
1.0
 70
     8
 71
     3
 72
    11
 73
     7
 74
     0
 42
0.0000000001
 43
0.00000001
 40
0.0
 40
0.0
 40
0.0
 40
0.0
 40
0.2588122498468943
 40
0.4999999999999997
 40
0.7411877501531052
 40
1.0
 40
1.0
 40
1.0
 40
1.0
 10
-15.17044918366841
 20
19.39065954578873
 30
0.0
 10
-14.79955917839874
 20
19.29202456473982
 30
0.0
 10
-14.08303589658137
 20
19.1014714106537
 30
0.0
 10
-13.30086622656708
 20
18.45881565007691
 30
0.0
 10
-12.81926287499121
 20
17.56839213789654
 30
0.0
 10
-12.76892980965335
 20
16.82867415078779
 30
0.0
 10
-12.74287618188978
 20
16.44577799779613
 30
0.0
  0
SPLINE
  5
10000221
102
{ACAD_XDICTIONARY
360
10000222
102
}
330
1F
100
AcDbEntity
  8
VISIBLE
100
AcDbSpline
210
0.0
220
0.0
230
1.0
 70
     8
 71
     3
 72
    13
 73
     9
 74
     0
 42
0.0000000001
 43
0.00000001
 40
0.0
 40
0.0
 40
0.0
 40
0.0
 40
0.2054053479785968
 40
0.3789357759356926
 40
0.5530343727399166
 40
0.7178492273506212
 40
0.9182731308915227
 40
1.0
 40
1.0
 40
1.0
 40
1.0
 10
-110.6230800371476
 20
42.52899671220472
 30
0.0
 10
-110.3541616810984
 20
42.49227341953976
 30
0.0
 10
-109.8580558741383
 20
42.424525575884
 30
0.0
 10
-109.310847024141
 20
42.55853520949803
 30
0.0
 10
-108.8240235384891
 20
42.89414270388218
 30
0.0
 10
-108.5261612177086
 20
43.2468492112761
 30
0.0
 10
-108.2975354624202
 20
43.97677908787386
 30
0.0
 10
-108.2825486918927
 20
44.0805694904847
 30
0.0
 10
-108.2782076730049
 20
44.1106330787189
 30
0.0
  0
SPLINE
  5
10000225
102
{ACAD_XDICTIONARY
360
10000226
102
}
330
1F
100
AcDbEntity
  8
VISIBLE
100
AcDbSpline
210
0.0
220
0.0
230
1.0
 70
     8
 71
     3
 72
    13
 73
     9
 74
     0
 42
0.0000000001
 43
0.00000001
 40
0.0
 40
0.0
 40
0.0
 40
0.0
 40
0.2074142480767752
 40
0.3563283786116586
 40
0.5011970946579376
 40
0.6446275101520685
 40
0.7913747013929506
 40
1.0
 40
1.0
 40
1.0
 40
1.0
 10
-12.74287618188978
 20
7.277327735881598
 30
0.0
 10
-12.77473231723236
 20
6.769093537216726
 30
0.0
 10
-12.82945972945552
 20
5.89596997099858
 30
0.0
 10
-13.16451723424395
 20
5.229344023753752
 30
0.0
 10
-13.6132020228287
 20
4.680368917836965
 30
0.0
 10
-14.22911092310398
 20
4.356881751913373
 30
0.0
 10
-14.9269009060862
 20
4.155043811456101
 30
0.0
 10
-15.80172698365363
 20
4.266824257245797
 30
0.0
 10
-16.31530318011115
 20
4.332446187889001
 30
0.0
  0
SPLINE
  5
10000229
102
{ACAD_XDICTIONARY
360
1000022A
102
}
330
1F
100
AcDbEntity
  8
VISIBLE
100
AcDbSpline
210
0.0
220
0.0
230
1.0
 70
     8
 71
     3
 72
    13
 73
     9
 74
     0
 42
0.0000000001
 43
0.00000001
 40
0.0
 40
0.0
 40
0.0
 40
0.0
 40
0.2065252493443648
 40
0.3547681619075216
 40
0.5004105027473311
 40
0.6450613255118711
 40
0.7917669432028795
 40
1.0
 40
1.0
 40
1.0
 40
1.0
 10
11.74287618188979
 20
15.80863196246274
 30
0.0
 10
11.71259316371277
 20
16.24765822569182
 30
0.0
 10
11.66057312873022
 20
17.00181560320069
 30
0.0
 10
11.37768327335945
 20
17.57824578498088
 30
0.0
 10
11.01639969315491
 20
18.08204451133976
 30
0.0
 10
10.51844957488217
 20
18.43839634929626
 30
0.0
 10
9.955180894923696
 20
18.72148148853331
 30
0.0
 10
9.191126515031495
 20
18.77640802688589
 30
0.0
 10
8.742876181889784
 20
18.80863196246274
 30
0.0
  0
SPLINE
  5
1000022D
102
{ACAD_XDICTIONARY
360
1000022E
102
}
330
1F
100
AcDbEntity
  8
VISIBLE
100
AcDbSpline
210
0.0
220
0.0
230
1.0
 70
     8
 71
     3
 72
    13
 73
     9
 74
     0
 42
0.0000000001
 43
0.00000001
 40
0.0
 40
0.0
 40
0.0
 40
0.0
 40
0.2065252493447753
 40
0.3547681619076932
 40
0.500410502747481
 40
0.6450613255119982
 40
0.7917669432029681
 40
1.0
 40
1.0
 40
1.0
 40
1.0
 10
42.16554220692094
 20
-14.07326022544631
 30
0.0
 10
42.27903900273758
 20
-14.49844206694004
 30
0.0
 10
42.47400329771863
 20
-15.22881755788761
 30
0.0
 10
42.86168373566431
 20
-15.7406791629825
 30
0.0
 10
43.31245884952173
 20
-16.1662855289276
 30
0.0
 10
43.86925535886706
 20
-16.42107681583359
 30
0.0
 10
44.4761903984218
 20
-16.59148415029725
 30
0.0
 10
45.2366874245808
 20
-16.49961308167369
 30
0.0
 10
45.68285075313489
 20
-16.44571477521754
 30
0.0
  0
SPLINE
  5
10000231
102
{ACAD_XDICTIONARY
360
10000232
102
}
330
1F
100
AcDbEntity
  8
VISIBLE
100
AcDbSpline
210
0.0
220
0.0
230
1.0
 70
     8
 71
     3
 72
    13
 73
     9
 74
     0
 42
0.0000000001
 43
0.00000001
 40
0.0
 40
0.0
 40
0.0
 40
0.0
 40
0.2065252493443276
 40
0.3547681619076272
 40
0.5004105027473957
 40
0.6450613255122727
 40
0.791766943203138
 40
1.0
 40
1.0
 40
1.0
 40
1.0
 10
32.3239544994885
 20
15.59394641458915
 30
0.0
 10
32.74913634098011
 20
15.70744321040496
 30
0.0
 10
33.47951183192546
 20
15.90240750538491
 30
0.0
 10
33.99137343702456
 20
16.29008794333115
 30
0.0
 10
34.41697980296919
 20
16.74086305718878
 30
0.0
 10
34.67177108987681
 20
17.29765956653724
 30
0.0
 10
34.84217842434003
 20
17.90459460609121
 30
0.0
 10
34.7503073557161
 20
18.66509163224949
 30
0.0
 10
34.69640904925974
 20
19.11125496080312
 30
0.0
  0
SPLINE
  5
10000235
102
{ACAD_XDICTIONARY
360
10000236
102
}
330
1F
100
AcDbEntity
  8
VISIBLE
100
AcDbSpline
210
0.0
220
0.0
230
1.0
 70
     8
 71
     3
 72
    13
 73
     9
 74
     0
 42
0.0000000001
 43
0.00000001
 40
0.0
 40
0.0
 40
0.0
 40
0.0
 40
0.2065252493438683
 40
0.3547681619088585
 40
0.5004105027482973
 40
0.6450613255148296
 40
0.7917669432047919
 40
1.0
 40
1.0
 40
1.0
 40
1.0
 10
131.6166025981934
 20
7.898489711326036
 30
0.0
 10
132.0417844396825
 20
8.01198650714049
 30
0.0
 10
132.7721599306277
 20
8.206950802119243
 30
0.0
 10
133.2840215357402
 20
8.59463124007486
 30
0.0
 10
133.7096279016866
 20
9.045406353928467
 30
0.0
 10
133.9644191885846
 20
9.602202863299508
 30
0.0
 10
134.1348265230504
 20
10.20913790284338
 30
0.0
 10
134.042955454423
 20
10.96963492899223
 30
0.0
 10
133.9890571479647
 20
11.41579825754001
 30
0.0
  0
SPLINE
  5
10000239
102
{ACAD_XDICTIONARY
360
1000023A
102
}
330
1F
100
AcDbEntity
  8
VISIBLE
100
AcDbSpline
210
0.0
220
0.0
230
1.0
 70
     8
 71
     3
 72
    13
 73
     9
 74
     0
 42
0.0000000001
 43
0.00000001
 40
0.0
 40
0.0
 40
0.0
 40
0.0
 40
0.2065252493435509
 40
0.3547681619071777
 40
0.5004105027470037
 40
0.6450613255120082
 40
0.7917669432029584
 40
1.0
 40
1.0
 40
1.0
 40
1.0
 10
39.08501603562356
 20
-3.466170240473447
 30
0.0
 10
38.97151923980881
 20
-3.040988398985655
 30
0.0
 10
38.77655494483016
 20
-2.31061290804502
 30
0.0
 10
38.38887450688727
 20
-1.798751302939822
 30
0.0
 10
37.93809939302768
 20
-1.37314493699652
 30
0.0
 10
37.38130288367942
 20
-1.118353650085438
 30
0.0
 10
36.77436784412411
 20
-0.9479463156229048
 30
0.0
 10
36.01387081796423
 20
-1.039817384246212
 30
0.0
 10
35.56770748940959
 20
-1.093715690702218
 30
0.0
  0
SPLINE
  5
1000023D
102
{ACAD_XDICTIONARY
360
1000023E
102
}
330
1F
100
AcDbEntity
  8
VISIBLE
100
AcDbSpline
210
0.0
220
0.0
230
1.0
 70
     8
 71
     3
 72
    13
 73
     9
 74
     0
 42
0.0000000001
 43
0.00000001
 40
0.0
 40
0.0
 40
0.0
 40
0.0
 40
0.2065252493444901
 40
0.3547681619069254
 40
0.5004105027469153
 40
0.6450613255102506
 40
0.7917669432018232
 40
1.0
 40
1.0
 40
1.0
 40
1.0
 10
-86.99412705636405
 20
54.03171735718571
 30
0.0
 10
-86.88063026054863
 20
54.45689919867852
 30
0.0
 10
-86.6856659655699
 20
55.18727468962395
 30
0.0
 10
-86.29798552762419
 20
55.69913629471287
 30
0.0
 10
-85.84721041376446
 20
56.12474266065597
 30
0.0
 10
-85.29041390443648
 20
56.37953394757299
 30
0.0
 10
-84.68347886487399
 20
56.54994128203324
 30
0.0
 10
-83.92298183870837
 20
56.45807021341184
 30
0.0
 10
-83.4768185101501
 20
56.40417190695693
 30
0.0
  0
SPLINE
  5
10000241
102
{ACAD_XDICTIONARY
360
10000242
102
}
330
1F
100
AcDbEntity
  8
VISIBLE
100
AcDbSpline
210
0.0
220
0.0
230
1.0
 70
     8
 71
     3
 72
    13
 73
     9
 74
     0
 42
0.0000000001
 43
0.00000001
 40
0.0
 40
0.0
 40
0.0
 40
0.0
 40
0.2065252493442314
 40
0.3547681619074464
 40
0.5004105027472253
 40
0.6450613255123936
 40
0.7917669432032092
 40
1.0
 40
1.0
 40
1.0
 40
1.0
 10
-70.71566491079902
 20
53.92365487098386
 30
0.0
 10
-70.29048306930778
 20
53.81015807516814
 30
0.0
 10
-69.56010757836304
 20
53.61519378018831
 30
0.0
 10
-69.04824597326389
 20
53.22751334224291
 30
0.0
 10
-68.6226396073196
 20
52.77673822838503
 30
0.0
 10
-68.36784832040948
 20
52.21994171903496
 30
0.0
 10
-68.19744098594705
 20
51.61300667948122
 30
0.0
 10
-68.28931205457127
 20
50.85250965332332
 30
0.0
 10
-68.34321036102779
 20
50.4063463247699
 30
0.0
  0
SPLINE
  5
10000245
102
{ACAD_XDICTIONARY
360
10000246
102
}
330
1F
100
AcDbEntity
  8
VISIBLE
100
AcDbSpline
210
0.0
220
0.0
230
1.0
 70
     8
 71
     3
 72
    11
 73
     7
 74
     0
 42
0.0000000001
 43
0.00000001
 40
0.0
 40
0.0
 40
0.0
 40
0.0
 40
0.2588122498468944
 40
0.4999999999999998
 40
0.7411877501531055
 40
1.0
 40
1.0
 40
1.0
 40
1.0
 10
-15.17044918366842
 20
3.09119241349623
 30
0.0
 10
-14.79955917839874
 20
2.992557432447325
 30
0.0
 10
-14.08303589658137
 20
2.802004278361199
 30
0.0
 10
-13.30086622656709
 20
2.159348517784418
 30
0.0
 10
-12.81926287499122
 20
1.268925005604034
 30
0.0
 10
-12.76892980965335
 20
0.5292070184952923
 30
0.0
 10
-12.74287618188979
 20
0.146310865503633
 30
0.0
  0
SPLINE
  5
10000249
102
{ACAD_XDICTIONARY
360
1000024A
102
}
330
1F
100
AcDbEntity
  8
VISIBLE
100
AcDbSpline
210
0.0
220
0.0
230
1.0
 70
     8
 71
     3
 72
    13
 73
     9
 74
     0
 42
0.0000000001
 43
0.00000001
 40
0.0
 40
0.0
 40
0.0
 40
0.0
 40
0.2074142480770711
 40
0.3563283786114773
 40
0.501197094657795
 40
0.6446275101518946
 40
0.7913747013928416
 40
1.0
 40
1.0
 40
1.0
 40
1.0
 10
-12.74287618188979
 20
-9.022139396410902
 30
0.0
 10
-12.77473231723319
 20
-9.530373595077585
 30
0.0
 10
-12.82945972945765
 20
-10.40349716129715
 30
0.0
 10
-13.16451723424293
 20
-11.07012310853789
 30
0.0
 10
-13.61320202282819
 20
-11.61909821445483
 30
0.0
 10
-14.22911092310242
 20
-11.94258538037867
 30
0.0
 10
-14.92690090608524
 20
-12.14442332083596
 30
0.0
 10
-15.80172698365327
 20
-12.03264287504654
 30
0.0
 10
-16.31530318011116
 20
-11.9670209444035
 30
0.0
  0
SPLINE
  5
1000024D
102
{ACAD_XDICTIONARY
360
1000024E
102
}
330
1F
100
AcDbEntity
  8
VISIBLE
100
AcDbSpline
210
0.0
220
0.0
230
1.0
 70
     8
 71
     3
 72
    13
 73
     9
 74
     0
 42
0.0000000001
 43
0.00000001
 40
0.0
 40
0.0
 40
0.0
 40
0.0
 40
0.2065252493442314
 40
0.3547681619074464
 40
0.5004105027472253
 40
0.6450613255123936
 40
0.7917669432032092
 40
1.0
 40
1.0
 40
1.0
 40
1.0
 10
70.71566491079902
 20
53.92365487098386
 30
0.0
 10
70.29048306930778
 20
53.81015807516814
 30
0.0
 10
69.56010757836304
 20
53.61519378018831
 30
0.0
 10
69.04824597326389
 20
53.22751334224291
 30
0.0
 10
68.6226396073196
 20
52.77673822838503
 30
0.0
 10
68.36784832040948
 20
52.21994171903496
 30
0.0
 10
68.19744098594705
 20
51.61300667948122
 30
0.0
 10
68.28931205457127
 20
50.85250965332332
 30
0.0
 10
68.34321036102779
 20
50.4063463247699
 30
0.0
  0
SPLINE
  5
10000251
102
{ACAD_XDICTIONARY
360
10000252
102
}
330
1F
100
AcDbEntity
  8
VISIBLE
100
AcDbSpline
210
0.0
220
0.0
230
1.0
 70
     8
 71
     3
 72
    13
 73
     9
 74
     0
 42
0.0000000001
 43
0.00000001
 40
0.0
 40
0.0
 40
0.0
 40
0.0
 40
0.2065252493446769
 40
0.3547681619087201
 40
0.5004105027483489
 40
0.645061325512551
 40
0.7917669432033422
 40
1.0
 40
1.0
 40
1.0
 40
1.0
 10
-106.8471401563641
 20
51.47283705718571
 30
0.0
 10
-106.7336433605473
 20
51.89801889867802
 30
0.0
 10
-106.5386790655654
 20
52.62839438962565
 30
0.0
 10
-106.1509986276182
 20
53.1402559947307
 30
0.0
 10
-105.7002235137619
 20
53.56586236067731
 30
0.0
 10
-105.1434270044111
 20
53.82065364756734
 30
0.0
 10
-104.5364919648601
 20
53.9910609820362
 30
0.0
 10
-103.775994938703
 20
53.89918991341291
 30
0.0
 10
-103.3298316101501
 20
53.84529160695694
 30
0.0
  0
SPLINE
  5
10000255
102
{ACAD_XDICTIONARY
360
10000256
102
}
330
1F
100
AcDbEntity
  8
VISIBLE
100
AcDbSpline
210
0.0
220
0.0
230
1.0
 70
     8
 71
     3
 72
    13
 73
     9
 74
     0
 42
0.0000000001
 43
0.00000001
 40
0.0
 40
0.0
 40
0.0
 40
0.0
 40
0.2065252493443648
 40
0.3547681619075216
 40
0.5004105027473311
 40
0.6450613255118711
 40
0.7917669432028795
 40
1.0
 40
1.0
 40
1.0
 40
1.0
 10
-11.74287618188979
 20
15.80863196246274
 30
0.0
 10
-11.71259316371277
 20
16.24765822569182
 30
0.0
 10
-11.66057312873022
 20
17.00181560320069
 30
0.0
 10
-11.37768327335945
 20
17.57824578498088
 30
0.0
 10
-11.01639969315491
 20
18.08204451133976
 30
0.0
 10
-10.51844957488217
 20
18.43839634929626
 30
0.0
 10
-9.955180894923696
 20
18.72148148853331
 30
0.0
 10
-9.191126515031495
 20
18.77640802688589
 30
0.0
 10
-8.742876181889784
 20
18.80863196246274
 30
0.0
  0
SPLINE
  5
10000259
102
{ACAD_XDICTIONARY
360
1000025A
102
}
330
1F
100
AcDbEntity
  8
VISIBLE
100
AcDbSpline
210
0.0
220
0.0
230
1.0
 70
     8
 71
     3
 72
    10
 73
     6
 74
     0
 42
0.0000000001
 43
0.00000001
 40
0.0
 40
0.0
 40
0.0
 40
0.0
 40
0.3133966479090088
 40
0.6268115260326623
 40
1.0
 40
1.0
 40
1.0
 40
1.0
 10
42.19976381820773
 20
-17.77650502898711
 30
0.0
 10
42.11865314452087
 20
-17.66319191632239
 30
0.0
 10
41.956427078957
 20
-17.4365590995939
 30
0.0
 10
41.76670007845815
 20
-17.06418734239368
 30
0.0
 10
41.67095480489059
 20
-16.69993118451003
 30
0.0
 10
41.61891452220999
 20
-16.50194758993563
 30
0.0
  0
SPLINE
  5
1000025D
102
{ACAD_XDICTIONARY
360
1000025E
102
}
330
1F
100
AcDbEntity
  8
VISIBLE
100
AcDbSpline
210
0.0
220
0.0
230
1.0
 70
    24
 71
     3
 72
     8
 73
     4
 74
     0
 42
0.0000000001
 43
0.00000001
 40
0.0
 40
0.0
 40
0.0
 40
0.0
 40
1.0
 40
1.0
 40
1.0
 40
1.0
 10
-1.908089994071232
 20
-22.91723312485662
 30
0.0
 10
-0.6360299980237443
 20
-22.91723312485662
 30
0.0
 10
0.6360299980237434
 20
-22.91723312485662
 30
0.0
 10
1.908089994071231
 20
-22.91723312485661
 30
0.0
  0
SPLINE
  5
10000261
102
{ACAD_XDICTIONARY
360
10000262
102
}
330
1F
100
AcDbEntity
  8
VISIBLE
100
AcDbSpline
210
0.0
220
0.0
230
1.0
 70
     8
 71
     3
 72
    13
 73
     9
 74
     0
 42
0.0000000001
 43
0.00000001
 40
0.0
 40
0.0
 40
0.0
 40
0.0
 40
0.2065252493442848
 40
0.3547681619095263
 40
0.5004105027490842
 40
0.6450613255121103
 40
0.7917669432030748
 40
1.0
 40
1.0
 40
1.0
 40
1.0
 10
-114.2059445071857
 20
-2.107457906364063
 30
0.0
 10
-114.6311263486756
 20
-1.993961110548919
 30
0.0
 10
-115.3615018396221
 20
-1.798996815569005
 30
0.0
 10
-115.8733634447343
 20
-1.411316377615236
 30
0.0
 10
-116.2989698106813
 20
-0.9605412637595883
 30
0.0
 10
-116.5537610975624
 20
-0.4037447544149586
 30
0.0
 10
-116.7241684320342
 20
0.2031902851370132
 30
0.0
 10
-116.6322973634122
 20
0.9636873112959506
 30
0.0
 10
-116.5783990569569
 20
1.409850639849909
 30
0.0
  0
SPLINE
  5
10000265
102
{ACAD_XDICTIONARY
360
10000266
102
}
330
1F
100
AcDbEntity
  8
VISIBLE
100
AcDbSpline
210
0.0
220
0.0
230
1.0
 70
     8
 71
     3
 72
    13
 73
     9
 74
     0
 42
0.0000000001
 43
0.00000001
 40
0.0
 40
0.0
 40
0.0
 40
0.0
 40
0.2054053479785968
 40
0.3789357759356926
 40
0.5530343727399166
 40
0.7178492273506212
 40
0.9182731308915227
 40
1.0
 40
1.0
 40
1.0
 40
1.0
 10
110.6230800371476
 20
42.52899671220472
 30
0.0
 10
110.3541616810984
 20
42.49227341953976
 30
0.0
 10
109.8580558741383
 20
42.424525575884
 30
0.0
 10
109.310847024141
 20
42.55853520949803
 30
0.0
 10
108.8240235384891
 20
42.89414270388218
 30
0.0
 10
108.5261612177086
 20
43.2468492112761
 30
0.0
 10
108.2975354624202
 20
43.97677908787386
 30
0.0
 10
108.2825486918927
 20
44.0805694904847
 30
0.0
 10
108.2782076730049
 20
44.1106330787189
 30
0.0
  0
SPLINE
  5
10000269
102
{ACAD_XDICTIONARY
360
1000026A
102
}
330
1F
100
AcDbEntity
  8
VISIBLE
100
AcDbSpline
210
0.0
220
0.0
230
1.0
 70
     8
 71
     3
 72
    12
 73
     8
 74
     0
 42
0.0000000001
 43
0.00000001
 40
0.0
 40
0.0
 40
0.0
 40
0.0
 40
0.2282592639159106
 40
0.4198278580536548
 40
0.6119860982495088
 40
0.7966428202795993
 40
1.0
 40
1.0
 40
1.0
 40
1.0
 10
55.98698885316039
 20
-32.42875273026795
 30
0.0
 10
55.74510263971097
 20
-32.56621316708839
 30
0.0
 10
55.30021129491722
 20
-32.81903848408714
 30
0.0
 10
54.72937316612285
 20
-32.88048434595059
 30
0.0
 10
54.16340570879888
 20
-32.74668980129216
 30
0.0
 10
53.71269989904201
 20
-32.47321341692206
 30
0.0
 10
53.44625526154827
 20
-32.15788531839742
 30
0.0
 10
53.30661224930591
 20
-31.99262259839362
 30
0.0
  0
SPLINE
  5
1000026D
102
{ACAD_XDICTIONARY
360
1000026E
102
}
330
1F
100
AcDbEntity
  8
VISIBLE
100
AcDbSpline
210
0.0
220
0.0
230
1.0
 70
     8
 71
     3
 72
    13
 73
     9
 74
     0
 42
0.0000000001
 43
0.00000001
 40
0.0
 40
0.0
 40
0.0
 40
0.0
 40
0.2065252493437049
 40
0.354768161906883
 40
0.5004105027467581
 40
0.6450613255118393
 40
0.7917669432028458
 40
1.0
 40
1.0
 40
1.0
 40
1.0
 10
-52.81798018379214
 20
-55.1906567723949
 30
0.0
 10
-53.11213508625553
 20
-55.51797009987918
 30
0.0
 10
-53.61743307957332
 20
-56.08022748936655
 30
0.0
 10
-54.19523918516541
 20
-56.36029628284455
 30
0.0
 10
-54.79010399944043
 20
-56.53486671202455
 30
0.0
 10
-55.40188614557223
 20
-56.50910708502958
 30
0.0
 10
-56.02003253642361
 20
-56.38539838947091
 30
0.0
 10
-56.65593175571532
 20
-55.95828224255887
 30
0.0
 10
-57.02899687305986
 20
-55.70770458711692
 30
0.0
  0
SPLINE
  5
10000271
102
{ACAD_XDICTIONARY
360
10000272
102
}
330
1F
100
AcDbEntity
  8
VISIBLE
100
AcDbSpline
210
0.0
220
0.0
230
1.0
 70
     8
 71
     3
 72
    13
 73
     9
 74
     0
 42
0.0000000001
 43
0.00000001
 40
0.0
 40
0.0
 40
0.0
 40
0.0
 40
0.2065252493447942
 40
0.3547681619079021
 40
0.5004105027476528
 40
0.6450613255122041
 40
0.7917669432030991
 40
1.0
 40
1.0
 40
1.0
 40
1.0
 10
67.27313662239489
 20
-47.70410536620788
 30
0.0
 10
67.60044994988316
 20
-47.40995046374107
 30
0.0
 10
68.16270733937598
 20
-46.90465247041858
 30
0.0
 10
68.44277613284524
 20
-46.32684636482335
 30
0.0
 10
68.61734656202889
 20
-45.73198155055015
 30
0.0
 10
68.59158693502546
 20
-45.12019940442325
 30
0.0
 10
68.46787823947005
 20
-44.5020530135728
 30
0.0
 10
68.04076209255854
 20
-43.86615379428331
 30
0.0
 10
67.79018443711696
 20
-43.49308867694017
 30
0.0
  0
SPLINE
  5
10000275
102
{ACAD_XDICTIONARY
360
10000276
102
}
330
1F
100
AcDbEntity
  8
VISIBLE
100
AcDbSpline
210
0.0
220
0.0
230
1.0
 70
     8
 71
     3
 72
    13
 73
     9
 74
     0
 42
0.0000000001
 43
0.00000001
 40
0.0
 40
0.0
 40
0.0
 40
0.0
 40
0.2065252493444032
 40
0.3547681619075197
 40
0.5004105027473049
 40
0.6450613255122244
 40
0.7917669432031121
 40
1.0
 40
1.0
 40
1.0
 40
1.0
 10
77.09492048949562
 20
-10.33982681535642
 30
0.0
 10
77.52010233098737
 20
-10.2263300195398
 30
0.0
 10
78.2504778219325
 20
-10.03136572455856
 30
0.0
 10
78.76233942703239
 20
-9.643685286616593
 30
0.0
 10
79.1879457929771
 20
-9.192910172758198
 30
0.0
 10
79.44273707988248
 20
-8.636113663408516
 30
0.0
 10
79.61314441434664
 20
-8.029178623854772
 30
0.0
 10
79.52127334572303
 20
-7.268681597696233
 30
0.0
 10
79.46737503926688
 20
-6.822518269142448
 30
0.0
  0
SPLINE
  5
10000279
102
{ACAD_XDICTIONARY
360
1000027A
102
}
330
1F
100
AcDbEntity
  8
VISIBLE
100
AcDbSpline
210
0.0
220
0.0
230
1.0
 70
     8
 71
     3
 72
    13
 73
     9
 74
     0
 42
0.0000000001
 43
0.00000001
 40
0.0
 40
0.0
 40
0.0
 40
0.0
 40
0.2074142480767752
 40
0.3563283786116586
 40
0.5011970946579376
 40
0.6446275101520685
 40
0.7913747013929506
 40
1.0
 40
1.0
 40
1.0
 40
1.0
 10
12.74287618188978
 20
7.277327735881598
 30
0.0
 10
12.77473231723236
 20
6.769093537216726
 30
0.0
 10
12.82945972945552
 20
5.89596997099858
 30
0.0
 10
13.16451723424395
 20
5.229344023753752
 30
0.0
 10
13.6132020228287
 20
4.680368917836965
 30
0.0
 10
14.22911092310398
 20
4.356881751913373
 30
0.0
 10
14.9269009060862
 20
4.155043811456101
 30
0.0
 10
15.80172698365363
 20
4.266824257245797
 30
0.0
 10
16.31530318011115
 20
4.332446187889001
 30
0.0
  0
SPLINE
  5
1000027D
102
{ACAD_XDICTIONARY
360
1000027E
102
}
330
1F
100
AcDbEntity
  8
VISIBLE
100
AcDbSpline
210
0.0
220
0.0
230
1.0
 70
     8
 71
     3
 72
    13
 73
     9
 74
     0
 42
0.0000000001
 43
0.00000001
 40
0.0
 40
0.0
 40
0.0
 40
0.0
 40
0.2065252493442848
 40
0.3547681619095263
 40
0.5004105027490842
 40
0.6450613255121103
 40
0.7917669432030748
 40
1.0
 40
1.0
 40
1.0
 40
1.0
 10
114.2059445071857
 20
-2.107457906364063
 30
0.0
 10
114.6311263486756
 20
-1.993961110548919
 30
0.0
 10
115.3615018396221
 20
-1.798996815569005
 30
0.0
 10
115.8733634447343
 20
-1.411316377615236
 30
0.0
 10
116.2989698106813
 20
-0.9605412637595883
 30
0.0
 10
116.5537610975624
 20
-0.4037447544149586
 30
0.0
 10
116.7241684320342
 20
0.2031902851370132
 30
0.0
 10
116.6322973634122
 20
0.9636873112959506
 30
0.0
 10
116.5783990569569
 20
1.409850639849909
 30
0.0
  0
SPLINE
  5
10000281
102
{ACAD_XDICTIONARY
360
10000282
102
}
330
1F
100
AcDbEntity
  8
VISIBLE
100
AcDbSpline
210
0.0
220
0.0
230
1.0
 70
     8
 71
     3
 72
    13
 73
     9
 74
     0
 42
0.0000000001
 43
0.00000001
 40
0.0
 40
0.0
 40
0.0
 40
0.0
 40
0.2171086085846973
 40
0.3729482097047651
 40
0.5260539731455477
 40
0.6781174082984638
 40
0.8323409360726074
 40
1.0
 40
1.0
 40
1.0
 40
1.0
 10
59.78658521620788
 20
-33.24894892760513
 30
0.0
 10
59.49234276402613
 20
-32.92170242925189
 30
0.0
 10
58.98689437818975
 20
-32.35955983855229
 30
0.0
 10
58.40996934250771
 20
-32.07881849988573
 30
0.0
 10
57.81207814425842
 20
-31.90655819385767
 30
0.0
 10
57.21157434893357
 20
-31.92370874165587
 30
0.0
 10
56.60986974429871
 20
-32.06883627125275
 30
0.0
 10
56.20176405315328
 20
-32.30767708335559
 30
0.0
 10
55.98919394242072
 20
-32.43208215532032
 30
0.0
  0
SPLINE
  5
10000285
102
{ACAD_XDICTIONARY
360
10000286
102
}
330
1F
100
AcDbEntity
  8
VISIBLE
100
AcDbSpline
210
0.0
220
0.0
230
1.0
 70
     8
 71
     3
 72
    13
 73
     9
 74
     0
 42
0.0000000001
 43
0.00000001
 40
0.0
 40
0.0
 40
0.0
 40
0.0
 40
0.1654121145630517
 40
0.3213360917588972
 40
0.474524751097012
 40
0.6266705178004505
 40
0.7809775466620674
 40
1.0
 40
1.0
 40
1.0
 40
1.0
 10
44.93841175440775
 20
-41.06209306829837
 30
0.0
 10
44.77253429344664
 20
-41.23255516818261
 30
0.0
 10
44.45029420143806
 20
-41.5637015604194
 30
0.0
 10
44.15256608140965
 20
-42.11996545633766
 30
0.0
 10
43.98964909995984
 20
-42.70572537358846
 30
0.0
 10
44.01232942319509
 20
-43.31991339515882
 30
0.0
 10
44.13693216015292
 20
-43.93736126699109
 30
0.0
 10
44.56389389618656
 20
-44.57338112827508
 30
0.0
 10
44.8143809628831
 20
-44.94651702305985
 30
0.0
  0
SPLINE
  5
10000289
102
{ACAD_XDICTIONARY
360
1000028A
102
}
330
1F
100
AcDbEntity
  8
VISIBLE
100
AcDbSpline
210
0.0
220
0.0
230
1.0
 70
     8
 71
     3
 72
    13
 73
     9
 74
     0
 42
0.0000000001
 43
0.00000001
 40
0.0
 40
0.0
 40
0.0
 40
0.0
 40
0.2065252493450631
 40
0.3547681619080234
 40
0.5004105027478256
 40
0.6450613255113766
 40
0.7917669432025799
 40
1.0
 40
1.0
 40
1.0
 40
1.0
 10
-127.883169156364
 20
42.8278681571857
 30
0.0
 10
-127.7696723605466
 20
43.25304999868032
 30
0.0
 10
-127.5747080655644
 20
43.98342548962908
 30
0.0
 10
-127.1870276276202
 20
44.49528709472411
 30
0.0
 10
-126.7362525137623
 20
44.92089346066982
 30
0.0
 10
-126.1794560044229
 20
45.17568474756801
 30
0.0
 10
-125.5725209648668
 20
45.34609208203432
 30
0.0
 10
-124.8120239387055
 20
45.25422101341222
 30
0.0
 10
-124.3658606101501
 20
45.20032270695692
 30
0.0
  0
SPLINE
  5
1000028D
102
{ACAD_XDICTIONARY
360
1000028E
102
}
330
1F
100
AcDbEntity
  8
VISIBLE
100
AcDbSpline
210
0.0
220
0.0
230
1.0
 70
     8
 71
     3
 72
    13
 73
     9
 74
     0
 42
0.0000000001
 43
0.00000001
 40
0.0
 40
0.0
 40
0.0
 40
0.0
 40
0.2065252493444901
 40
0.3547681619069254
 40
0.5004105027469153
 40
0.6450613255102506
 40
0.7917669432018232
 40
1.0
 40
1.0
 40
1.0
 40
1.0
 10
86.99412705636405
 20
54.03171735718571
 30
0.0
 10
86.88063026054863
 20
54.45689919867852
 30
0.0
 10
86.6856659655699
 20
55.18727468962395
 30
0.0
 10
86.29798552762419
 20
55.69913629471287
 30
0.0
 10
85.84721041376446
 20
56.12474266065597
 30
0.0
 10
85.29041390443648
 20
56.37953394757299
 30
0.0
 10
84.68347886487399
 20
56.54994128203324
 30
0.0
 10
83.92298183870837
 20
56.45807021341184
 30
0.0
 10
83.4768185101501
 20
56.40417190695693
 30
0.0
  0
SPLINE
  5
10000291
102
{ACAD_XDICTIONARY
360
10000292
102
}
330
1F
100
AcDbEntity
  8
VISIBLE
100
AcDbSpline
210
0.0
220
0.0
230
1.0
 70
     8
 71
     3
 72
    13
 73
     9
 74
     0
 42
0.0000000001
 43
0.00000001
 40
0.0
 40
0.0
 40
0.0
 40
0.0
 40
0.2065252493438008
 40
0.354768161907651
 40
0.5004105027474185
 40
0.6450613255121069
 40
0.7917669432030281
 40
1.0
 40
1.0
 40
1.0
 40
1.0
 10
32.97912805459564
 20
27.94589960478092
 30
0.0
 10
32.86563125878095
 20
28.37108144626983
 30
0.0
 10
32.6706669638024
 20
29.10145693721249
 30
0.0
 10
32.2829865258553
 20
29.61331854231682
 30
0.0
 10
31.83221141199709
 20
30.03892490826091
 30
0.0
 10
31.27541490264977
 20
30.29371619516808
 30
0.0
 10
30.66847986309517
 20
30.46412352963163
 30
0.0
 10
29.9079828369359
 20
30.37225246100821
 30
0.0
 10
29.46181950838166
 20
30.31835415455214
 30
0.0
  0
SPLINE
  5
10000295
102
{ACAD_XDICTIONARY
360
10000296
102
}
330
1F
100
AcDbEntity
  8
VISIBLE
100
AcDbSpline
210
0.0
220
0.0
230
1.0
 70
     8
 71
     3
 72
    13
 73
     9
 74
     0
 42
0.0000000001
 43
0.00000001
 40
0.0
 40
0.0
 40
0.0
 40
0.0
 40
0.2065252493438683
 40
0.3547681619088585
 40
0.5004105027482973
 40
0.6450613255148296
 40
0.7917669432047919
 40
1.0
 40
1.0
 40
1.0
 40
1.0
 10
-131.6166025981934
 20
7.898489711326036
 30
0.0
 10
-132.0417844396825
 20
8.01198650714049
 30
0.0
 10
-132.7721599306277
 20
8.206950802119243
 30
0.0
 10
-133.2840215357402
 20
8.59463124007486
 30
0.0
 10
-133.7096279016866
 20
9.045406353928467
 30
0.0
 10
-133.9644191885846
 20
9.602202863299508
 30
0.0
 10
-134.1348265230504
 20
10.20913790284338
 30
0.0
 10
-134.042955454423
 20
10.96963492899223
 30
0.0
 10
-133.9890571479647
 20
11.41579825754001
 30
0.0
  0
SPLINE
  5
10000299
102
{ACAD_XDICTIONARY
360
1000029A
102
}
330
1F
100
AcDbEntity
  8
VISIBLE
100
AcDbSpline
210
0.0
220
0.0
230
1.0
 70
     8
 71
     3
 72
    12
 73
     8
 74
     0
 42
0.0000000001
 43
0.00000001
 40
0.0
 40
0.0
 40
0.0
 40
0.0
 40
0.228305490729962
 40
0.4194202305819991
 40
0.611049465712631
 40
0.8175702653413895
 40
1.0
 40
1.0
 40
1.0
 40
1.0
 10
45.16302017544013
 20
-38.35509409650705
 30
0.0
 10
45.32029028515261
 20
-38.58450413814604
 30
0.0
 10
45.60921135081931
 20
-39.00595354023622
 30
0.0
 10
45.70660404589619
 20
-39.57560693229126
 30
0.0
 10
45.63704118411301
 20
-40.14008039890562
 30
0.0
 10
45.31257693892419
 20
-40.71639429911236
 30
0.0
 10
45.0574255674911
 20
-40.95122186792857
 30
0.0
 10
44.93775174553942
 20
-41.06136320286248
 30
0.0
  0
SPLINE
  5
1000029D
102
{ACAD_XDICTIONARY
360
1000029E
102
}
330
1F
100
AcDbEntity
  8
VISIBLE
100
AcDbSpline
210
0.0
220
0.0
230
1.0
 70
     8
 71
     3
 72
    13
 73
     9
 74
     0
 42
0.0000000001
 43
0.00000001
 40
0.0
 40
0.0
 40
0.0
 40
0.0
 40
0.2065252493446269
 40
0.354768161907491
 40
0.5004105027473094
 40
0.6450613255118526
 40
0.7917669432028696
 40
1.0
 40
1.0
 40
1.0
 40
1.0
 10
35.37689849000246
 20
-0.1120885080380238
 30
0.0
 10
35.80208033149552
 20
0.0014082877784618
 30
0.0
 10
36.53245582244206
 20
0.1963725827592389
 30
0.0
 10
37.0443174275373
 20
0.5840530207037
 30
0.0
 10
37.46992379348195
 20
1.034828134561725
 30
0.0
 10
37.72471508038998
 20
1.591624643906295
 30
0.0
 10
37.89512241485311
 20
2.198559683461752
 30
0.0
 10
37.80325134622975
 20
2.959056709621434
 30
0.0
 10
37.74935303977369
 20
3.405220038175943
 30
0.0
  0
SPLINE
  5
100002A1
102
{ACAD_XDICTIONARY
360
100002A2
102
}
330
1F
100
AcDbEntity
  8
VISIBLE
100
AcDbSpline
210
0.0
220
0.0
230
1.0
 70
     8
 71
     3
 72
    13
 73
     9
 74
     0
 42
0.0000000001
 43
0.00000001
 40
0.0
 40
0.0
 40
0.0
 40
0.0
 40
0.2065252493437049
 40
0.354768161906883
 40
0.5004105027467581
 40
0.6450613255118393
 40
0.7917669432028458
 40
1.0
 40
1.0
 40
1.0
 40
1.0
 10
52.81798018379214
 20
-55.1906567723949
 30
0.0
 10
53.11213508625553
 20
-55.51797009987918
 30
0.0
 10
53.61743307957332
 20
-56.08022748936655
 30
0.0
 10
54.19523918516541
 20
-56.36029628284455
 30
0.0
 10
54.79010399944043
 20
-56.53486671202455
 30
0.0
 10
55.40188614557223
 20
-56.50910708502958
 30
0.0
 10
56.02003253642361
 20
-56.38539838947091
 30
0.0
 10
56.65593175571532
 20
-55.95828224255887
 30
0.0
 10
57.02899687305986
 20
-55.70770458711692
 30
0.0
  0
SPLINE
  5
100002A5
102
{ACAD_XDICTIONARY
360
100002A6
102
}
330
1F
100
AcDbEntity
  8
VISIBLE
100
AcDbSpline
210
0.0
220
0.0
230
1.0
 70
     8
 71
     3
 72
    13
 73
     9
 74
     0
 42
0.0000000001
 43
0.00000001
 40
0.0
 40
0.0
 40
0.0
 40
0.0
 40
0.2065252493439758
 40
0.3547681619074953
 40
0.5004105027472888
 40
0.6450613255120472
 40
0.7917669432029915
 40
1.0
 40
1.0
 40
1.0
 40
1.0
 10
36.03207204510959
 20
12.23986468215373
 30
0.0
 10
35.91857524929432
 20
12.66504652364354
 30
0.0
 10
35.72361095431502
 20
13.39542201458678
 30
0.0
 10
35.33593051636995
 20
13.90728361968899
 30
0.0
 10
34.88515540251142
 20
14.33288998563306
 30
0.0
 10
34.32835889316421
 20
14.58768127254117
 30
0.0
 10
33.72142385360934
 20
14.75808860700444
 30
0.0
 10
32.96092682744995
 20
14.66621753838103
 30
0.0
 10
32.51476349889561
 20
14.61231923192496
 30
0.0
  0
SPLINE
  5
100002A9
102
{ACAD_XDICTIONARY
360
100002AA
102
}
330
1F
100
AcDbEntity
  8
VISIBLE
100
AcDbSpline
210
0.0
220
0.0
230
1.0
 70
     8
 71
     3
 72
    13
 73
     9
 74
     0
 42
0.0000000001
 43
0.00000001
 40
0.0
 40
0.0
 40
0.0
 40
0.0
 40
0.2034480867965632
 40
0.3595527101901887
 40
0.5163642032502509
 40
0.660501043112668
 40
0.8342248346309699
 40
1.0
 40
1.0
 40
1.0
 40
1.0
 10
15.31530318011116
 20
-13.18011795357065
 30
0.0
 10
14.82780601806689
 20
-13.24543436835354
 30
0.0
 10
13.96625490405561
 20
-13.36086771710052
 30
0.0
 10
13.16742285995184
 20
-13.15530135921241
 30
0.0
 10
12.4477633467966
 20
-12.68256438783587
 30
0.0
 10
12.0526993432621
 20
-12.11495111036043
 30
0.0
 10
11.74023995147423
 20
-11.1385917187147
 30
0.0
 10
11.7420112622079
 20
-10.53161785443096
 30
0.0
 10
11.7428761818898
 20
-10.23523640557806
 30
0.0
  0
SPLINE
  5
100002AD
102
{ACAD_XDICTIONARY
360
100002AE
102
}
330
1F
100
AcDbEntity
  8
VISIBLE
100
AcDbSpline
210
0.0
220
0.0
230
1.0
 70
     8
 71
     3
 72
    11
 73
     7
 74
     0
 42
0.0000000001
 43
0.00000001
 40
0.0
 40
0.0
 40
0.0
 40
0.0
 40
0.3018591059683439
 40
0.5991962639568629
 40
0.8725965006647448
 40
1.0
 40
1.0
 40
1.0
 40
1.0
 10
-27.18433684911695
 20
-18.00402833962546
 30
0.0
 10
-27.56033755191776
 20
-17.96281746761649
 30
0.0
 10
-28.30670634420802
 20
-17.88101307591869
 30
0.0
 10
-29.30846440307132
 20
-18.2520418793697
 30
0.0
 10
-29.9905443724104
 20
-18.92239839505192
 30
0.0
 10
-30.08937940396638
 20
-19.0586235537831
 30
0.0
 10
-30.12079609933319
 20
-19.10192545034523
 30
0.0
  0
SPLINE
  5
100002B1
102
{ACAD_XDICTIONARY
360
100002B2
102
}
330
1F
100
AcDbEntity
  8
VISIBLE
100
AcDbSpline
210
0.0
220
0.0
230
1.0
 70
     8
 71
     3
 72
    13
 73
     9
 74
     0
 42
0.0000000001
 43
0.00000001
 40
0.0
 40
0.0
 40
0.0
 40
0.0
 40
0.2065252493443293
 40
0.3547681619075655
 40
0.5004105027473604
 40
0.6450613255119968
 40
0.7917669432029618
 40
1.0
 40
1.0
 40
1.0
 40
1.0
 10
-6.250000000000002
 20
22.80863196246274
 30
0.0
 10
-6.280283018177137
 20
22.36960569923388
 30
0.0
 10
-6.3323030531599
 20
21.61544832172519
 30
0.0
 10
-6.615192908529948
 20
21.03901813994388
 30
0.0
 10
-6.976476488734455
 20
20.53521941358491
 30
0.0
 10
-7.474426607008923
 20
20.17886757562922
 30
0.0
 10
-8.037695286966745
 20
19.89578243639191
 30
0.0
 10
-8.801749666858544
 20
19.84085589803951
 30
0.0
 10
-9.250000000000002
 20
19.80863196246275
 30
0.0
  0
SPLINE
  5
100002B5
102
{ACAD_XDICTIONARY
360
100002B6
102
}
330
1F
100
AcDbEntity
  8
VISIBLE
100
AcDbSpline
210
0.0
220
0.0
230
1.0
 70
     8
 71
     3
 72
    11
 73
     7
 74
     0
 42
0.0000000001
 43
0.00000001
 40
0.0
 40
0.0
 40
0.0
 40
0.0
 40
0.3018591059683439
 40
0.5991962639568629
 40
0.8725965006647448
 40
1.0
 40
1.0
 40
1.0
 40
1.0
 10
27.18433684911695
 20
-18.00402833962546
 30
0.0
 10
27.56033755191776
 20
-17.96281746761649
 30
0.0
 10
28.30670634420802
 20
-17.88101307591869
 30
0.0
 10
29.30846440307132
 20
-18.2520418793697
 30
0.0
 10
29.9905443724104
 20
-18.92239839505192
 30
0.0
 10
30.08937940396638
 20
-19.0586235537831
 30
0.0
 10
30.12079609933319
 20
-19.10192545034523
 30
0.0
  0
SPLINE
  5
100002B9
102
{ACAD_XDICTIONARY
360
100002BA
102
}
330
1F
100
AcDbEntity
  8
VISIBLE
100
AcDbSpline
210
0.0
220
0.0
230
1.0
 70
     8
 71
     3
 72
    13
 73
     9
 74
     0
 42
0.0000000001
 43
0.00000001
 40
0.0
 40
0.0
 40
0.0
 40
0.0
 40
0.205405347978651
 40
0.3789357759357833
 40
0.5530343727400415
 40
0.7178492273507662
 40
0.9182731308917158
 40
1.0
 40
1.0
 40
1.0
 40
1.0
 10
79.02851438211812
 20
-4.564775962450303
 30
0.0
 10
78.99179108945314
 20
-4.295857606401032
 30
0.0
 10
78.92404324579734
 20
-3.799751799440753
 30
0.0
 10
79.05805287941155
 20
-3.252542949443451
 30
0.0
 10
79.3936603737959
 20
-2.765719463791541
 30
0.0
 10
79.74636688118976
 20
-2.467857143011228
 30
0.0
 10
80.47629675778781
 20
-2.239231387722845
 30
0.0
 10
80.58008716039824
 20
-2.224244617195375
 30
0.0
 10
80.61015074863225
 20
-2.219903598307657
 30
0.0
  0
SPLINE
  5
100002BD
102
{ACAD_XDICTIONARY
360
100002BE
102
}
330
1F
100
AcDbEntity
  8
VISIBLE
100
AcDbSpline
210
0.0
220
0.0
230
1.0
 70
     8
 71
     3
 72
    13
 73
     9
 74
     0
 42
0.0000000001
 43
0.00000001
 40
0.0
 40
0.0
 40
0.0
 40
0.0
 40
0.2054053479785991
 40
0.3789357759356816
 40
0.5530343727398843
 40
0.7178492273505857
 40
0.9182731308914212
 40
1.0
 40
1.0
 40
1.0
 40
1.0
 10
95.33455855760627
 20
0.6422314062135637
 30
0.0
 10
95.60347691365551
 20
0.6789546988785317
 30
0.0
 10
96.0995827206157
 20
0.7467025425342996
 30
0.0
 10
96.64679157061295
 20
0.6126929089201929
 30
0.0
 10
97.13361505626474
 20
0.2770854145361074
 30
0.0
 10
97.43147737704523
 20
-0.0756210928579753
 30
0.0
 10
97.6601031323336
 20
-0.8055509694552605
 30
0.0
 10
97.67508990286122
 20
-0.9093413720662961
 30
0.0
 10
97.67943092174895
 20
-0.9394049603005858
 30
0.0
  0
SPLINE
  5
100002C1
102
{ACAD_XDICTIONARY
360
100002C2
102
}
330
1F
100
AcDbEntity
  8
VISIBLE
100
AcDbSpline
210
0.0
220
0.0
230
1.0
 70
     8
 71
     3
 72
    11
 73
     7
 74
     0
 42
0.0000000001
 43
0.00000001
 40
0.0
 40
0.0
 40
0.0
 40
0.0
 40
0.2588122498468943
 40
0.4999999999999997
 40
0.7411877501531052
 40
1.0
 40
1.0
 40
1.0
 40
1.0
 10
15.17044918366841
 20
19.39065954578873
 30
0.0
 10
14.79955917839874
 20
19.29202456473982
 30
0.0
 10
14.08303589658137
 20
19.1014714106537
 30
0.0
 10
13.30086622656708
 20
18.45881565007691
 30
0.0
 10
12.81926287499121
 20
17.56839213789654
 30
0.0
 10
12.76892980965335
 20
16.82867415078779
 30
0.0
 10
12.74287618188978
 20
16.44577799779613
 30
0.0
  0
SPLINE
  5
100002C5
102
{ACAD_XDICTIONARY
360
100002C6
102
}
330
1F
100
AcDbEntity
  8
VISIBLE
100
AcDbSpline
210
0.0
220
0.0
230
1.0
 70
     8
 71
     3
 72
    13
 73
     9
 74
     0
 42
0.0000000001
 43
0.00000001
 40
0.0
 40
0.0
 40
0.0
 40
0.0
 40
0.2065252493448363
 40
0.3547681619079567
 40
0.5004105027477288
 40
0.6450613255117796
 40
0.7917669432028265
 40
1.0
 40
1.0
 40
1.0
 40
1.0
 10
97.92748262929217
 20
-2.215520340535829
 30
0.0
 10
98.04097942510802
 20
-2.640702182029998
 30
0.0
 10
98.23594372008777
 20
-3.371077672978646
 30
0.0
 10
98.623624158039
 20
-3.882939278071605
 30
0.0
 10
99.0743992718954
 20
-4.308545644016806
 30
0.0
 10
99.63119578123623
 20
-4.563336930923345
 30
0.0
 10
100.238130820792
 20
-4.733744265386561
 30
0.0
 10
100.9986278469516
 20
-4.64187319676313
 30
0.0
 10
101.4447911755061
 20
-4.587974890307053
 30
0.0
  0
SPLINE
  5
100002C9
102
{ACAD_XDICTIONARY
360
100002CA
102
}
330
1F
100
AcDbEntity
  8
VISIBLE
100
AcDbSpline
210
0.0
220
0.0
230
1.0
 70
     8
 71
     3
 72
    13
 73
     9
 74
     0
 42
0.0000000001
 43
0.00000001
 40
0.0
 40
0.0
 40
0.0
 40
0.0
 40
0.2054053479786485
 40
0.3789357759357462
 40
0.5530343727399661
 40
0.717849227350672
 40
0.9182731308916007
 40
1.0
 40
1.0
 40
1.0
 40
1.0
 10
-89.58705112440913
 20
51.17396562916663
 30
0.0
 10
-89.31813276835982
 20
51.13724233650166
 30
0.0
 10
-88.8220269613995
 20
51.06949449284592
 30
0.0
 10
-88.27481811140237
 20
51.20350412646008
 30
0.0
 10
-87.78799462575057
 20
51.53911162084425
 30
0.0
 10
-87.49013230497022
 20
51.89181812823813
 30
0.0
 10
-87.26150654968177
 20
52.62174800483601
 30
0.0
 10
-87.24651977915424
 20
52.72553840744668
 30
0.0
 10
-87.2421787602665
 20
52.75560199568078
 30
0.0
  0
SPLINE
  5
100002CD
102
{ACAD_XDICTIONARY
360
100002CE
102
}
330
1F
100
AcDbEntity
  8
VISIBLE
100
AcDbSpline
210
0.0
220
0.0
230
1.0
 70
     8
 71
     3
 72
    13
 73
     9
 74
     0
 42
0.0000000001
 43
0.00000001
 40
0.0
 40
0.0
 40
0.0
 40
0.0
 40
0.2054053479786485
 40
0.3789357759357462
 40
0.5530343727399661
 40
0.717849227350672
 40
0.9182731308916007
 40
1.0
 40
1.0
 40
1.0
 40
1.0
 10
89.58705112440913
 20
51.17396562916663
 30
0.0
 10
89.31813276835982
 20
51.13724233650166
 30
0.0
 10
88.8220269613995
 20
51.06949449284592
 30
0.0
 10
88.27481811140237
 20
51.20350412646008
 30
0.0
 10
87.78799462575057
 20
51.53911162084425
 30
0.0
 10
87.49013230497022
 20
51.89181812823813
 30
0.0
 10
87.26150654968177
 20
52.62174800483601
 30
0.0
 10
87.24651977915424
 20
52.72553840744668
 30
0.0
 10
87.2421787602665
 20
52.75560199568078
 30
0.0
  0
SPLINE
  5
100002D1
102
{ACAD_XDICTIONARY
360
100002D2
102
}
330
1F
100
AcDbEntity
  8
VISIBLE
100
AcDbSpline
210
0.0
220
0.0
230
1.0
 70
     8
 71
     3
 72
    10
 73
     6
 74
     0
 42
0.0000000001
 43
0.00000001
 40
0.0
 40
0.0
 40
0.0
 40
0.0
 40
0.3133966479090088
 40
0.6268115260326623
 40
1.0
 40
1.0
 40
1.0
 40
1.0
 10
-42.19976381820773
 20
-17.77650502898711
 30
0.0
 10
-42.11865314452087
 20
-17.66319191632239
 30
0.0
 10
-41.956427078957
 20
-17.4365590995939
 30
0.0
 10
-41.76670007845815
 20
-17.06418734239368
 30
0.0
 10
-41.67095480489059
 20
-16.69993118451003
 30
0.0
 10
-41.61891452220999
 20
-16.50194758993563
 30
0.0
  0
SPLINE
  5
100002D5
102
{ACAD_XDICTIONARY
360
100002D6
102
}
330
1F
100
AcDbEntity
  8
VISIBLE
100
AcDbSpline
210
0.0
220
0.0
230
1.0
 70
     8
 71
     3
 72
    11
 73
     7
 74
     0
 42
0.0000000001
 43
0.00000001
 40
0.0
 40
0.0
 40
0.0
 40
0.0
 40
0.2588122498468977
 40
0.5000000000000057
 40
0.7411877501531109
 40
1.0
 40
1.0
 40
1.0
 40
1.0
 10
-8.677573001778633
 20
34.42803937098541
 30
0.0
 10
-8.306682996508963
 20
34.32940438993648
 30
0.0
 10
-7.590159714691588
 20
34.13885123585032
 30
0.0
 10
-6.807990044677307
 20
33.49619547527353
 30
0.0
 10
-6.326386693101429
 20
32.60577196309316
 30
0.0
 10
-6.276053627763567
 20
31.86605397598445
 30
0.0
 10
-6.250000000000001
 20
31.48315782299281
 30
0.0
  0
SPLINE
  5
100002D9
102
{ACAD_XDICTIONARY
360
100002DA
102
}
330
1F
100
AcDbEntity
  8
VISIBLE
100
AcDbSpline
210
0.0
220
0.0
230
1.0
 70
     8
 71
     3
 72
    13
 73
     9
 74
     0
 42
0.0000000001
 43
0.00000001
 40
0.0
 40
0.0
 40
0.0
 40
0.0
 40
0.2034480867965632
 40
0.3595527101901887
 40
0.5163642032502509
 40
0.660501043112668
 40
0.8342248346309699
 40
1.0
 40
1.0
 40
1.0
 40
1.0
 10
-15.31530318011116
 20
-13.18011795357065
 30
0.0
 10
-14.82780601806689
 20
-13.24543436835354
 30
0.0
 10
-13.96625490405561
 20
-13.36086771710052
 30
0.0
 10
-13.16742285995184
 20
-13.15530135921241
 30
0.0
 10
-12.4477633467966
 20
-12.68256438783587
 30
0.0
 10
-12.0526993432621
 20
-12.11495111036043
 30
0.0
 10
-11.74023995147423
 20
-11.1385917187147
 30
0.0
 10
-11.7420112622079
 20
-10.53161785443096
 30
0.0
 10
-11.7428761818898
 20
-10.23523640557806
 30
0.0
  0
SPLINE
  5
100002DD
102
{ACAD_XDICTIONARY
360
100002DE
102
}
330
1F
100
AcDbEntity
  8
VISIBLE
100
AcDbSpline
210
0.0
220
0.0
230
1.0
 70
     8
 71
     3
 72
    13
 73
     9
 74
     0
 42
0.0000000001
 43
0.00000001
 40
0.0
 40
0.0
 40
0.0
 40
0.0
 40
0.2054053479785882
 40
0.3789357759356959
 40
0.5530343727399266
 40
0.7178492273506393
 40
0.9182731308915367
 40
1.0
 40
1.0
 40
1.0
 40
1.0
 10
116.2921855730205
 20
2.882291335781294
 30
0.0
 10
116.2554622803555
 20
3.15120969183045
 30
0.0
 10
116.1877144366997
 20
3.647315498790557
 30
0.0
 10
116.3217240703138
 20
4.194524348787845
 30
0.0
 10
116.657331564698
 20
4.681347834439799
 30
0.0
 10
117.010038072092
 20
4.97921015522022
 30
0.0
 10
117.7399679486897
 20
5.20783591050867
 30
0.0
 10
117.8437583513005
 20
5.222822681036202
 30
0.0
 10
117.8738219395347
 20
5.227163699923943
 30
0.0
  0
SPLINE
  5
100002E1
102
{ACAD_XDICTIONARY
360
100002E2
102
}
330
1F
100
AcDbEntity
  8
VISIBLE
100
AcDbSpline
210
0.0
220
0.0
230
1.0
 70
     8
 71
     3
 72
    13
 73
     9
 74
     0
 42
0.0000000001
 43
0.00000001
 40
0.0
 40
0.0
 40
0.0
 40
0.0
 40
0.2065252493450631
 40
0.3547681619080234
 40
0.5004105027478256
 40
0.6450613255113766
 40
0.7917669432025799
 40
1.0
 40
1.0
 40
1.0
 40
1.0
 10
127.883169156364
 20
42.8278681571857
 30
0.0
 10
127.7696723605466
 20
43.25304999868032
 30
0.0
 10
127.5747080655644
 20
43.98342548962908
 30
0.0
 10
127.1870276276202
 20
44.49528709472411
 30
0.0
 10
126.7362525137623
 20
44.92089346066982
 30
0.0
 10
126.1794560044229
 20
45.17568474756801
 30
0.0
 10
125.5725209648668
 20
45.34609208203432
 30
0.0
 10
124.8120239387055
 20
45.25422101341222
 30
0.0
 10
124.3658606101501
 20
45.20032270695692
 30
0.0
  0
SPLINE
  5
100002E5
102
{ACAD_XDICTIONARY
360
100002E6
102
}
330
1F
100
AcDbEntity
  8
VISIBLE
100
AcDbSpline
210
0.0
220
0.0
230
1.0
 70
     8
 71
     3
 72
    13
 73
     9
 74
     0
 42
0.0000000001
 43
0.00000001
 40
0.0
 40
0.0
 40
0.0
 40
0.0
 40
0.2065252493448363
 40
0.3547681619079567
 40
0.5004105027477288
 40
0.6450613255117796
 40
0.7917669432028265
 40
1.0
 40
1.0
 40
1.0
 40
1.0
 10
-97.92748262929217
 20
-2.215520340535829
 30
0.0
 10
-98.04097942510802
 20
-2.640702182029998
 30
0.0
 10
-98.23594372008777
 20
-3.371077672978646
 30
0.0
 10
-98.623624158039
 20
-3.882939278071605
 30
0.0
 10
-99.0743992718954
 20
-4.308545644016806
 30
0.0
 10
-99.63119578123623
 20
-4.563336930923345
 30
0.0
 10
-100.238130820792
 20
-4.733744265386561
 30
0.0
 10
-100.9986278469516
 20
-4.64187319676313
 30
0.0
 10
-101.4447911755061
 20
-4.587974890307053
 30
0.0
  0
SPLINE
  5
100002E9
102
{ACAD_XDICTIONARY
360
100002EA
102
}
330
1F
100
AcDbEntity
  8
VISIBLE
100
AcDbSpline
210
0.0
220
0.0
230
1.0
 70
     8
 71
     3
 72
    13
 73
     9
 74
     0
 42
0.0000000001
 43
0.00000001
 40
0.0
 40
0.0
 40
0.0
 40
0.0
 40
0.2065252493443293
 40
0.3547681619075655
 40
0.5004105027473604
 40
0.6450613255119968
 40
0.7917669432029618
 40
1.0
 40
1.0
 40
1.0
 40
1.0
 10
6.250000000000002
 20
22.80863196246274
 30
0.0
 10
6.280283018177137
 20
22.36960569923388
 30
0.0
 10
6.3323030531599
 20
21.61544832172519
 30
0.0
 10
6.615192908529948
 20
21.03901813994388
 30
0.0
 10
6.976476488734455
 20
20.53521941358491
 30
0.0
 10
7.474426607008923
 20
20.17886757562922
 30
0.0
 10
8.037695286966745
 20
19.89578243639191
 30
0.0
 10
8.801749666858544
 20
19.84085589803951
 30
0.0
 10
9.250000000000002
 20
19.80863196246275
 30
0.0
  0
SPLINE
  5
100002ED
102
{ACAD_XDICTIONARY
360
100002EE
102
}
330
1F
100
AcDbEntity
  8
VISIBLE
100
AcDbSpline
210
0.0
220
0.0
230
1.0
 70
     8
 71
     3
 72
    13
 73
     9
 74
     0
 42
0.0000000001
 43
0.00000001
 40
0.0
 40
0.0
 40
0.0
 40
0.0
 40
0.2065252493446769
 40
0.3547681619087201
 40
0.5004105027483489
 40
0.645061325512551
 40
0.7917669432033422
 40
1.0
 40
1.0
 40
1.0
 40
1.0
 10
106.8471401563641
 20
51.47283705718571
 30
0.0
 10
106.7336433605473
 20
51.89801889867802
 30
0.0
 10
106.5386790655654
 20
52.62839438962565
 30
0.0
 10
106.1509986276182
 20
53.1402559947307
 30
0.0
 10
105.7002235137619
 20
53.56586236067731
 30
0.0
 10
105.1434270044111
 20
53.82065364756734
 30
0.0
 10
104.5364919648601
 20
53.9910609820362
 30
0.0
 10
103.775994938703
 20
53.89918991341291
 30
0.0
 10
103.3298316101501
 20
53.84529160695694
 30
0.0
  0
SPLINE
  5
100002F1
102
{ACAD_XDICTIONARY
360
100002F2
102
}
330
1F
100
AcDbEntity
  8
VISIBLE
100
AcDbSpline
210
0.0
220
0.0
230
1.0
 70
     8
 71
     3
 72
    13
 73
     9
 74
     0
 42
0.0000000001
 43
0.00000001
 40
0.0
 40
0.0
 40
0.0
 40
0.0
 40
0.2054053479786194
 40
0.3789357759357251
 40
0.5530343727399535
 40
0.7178492273506634
 40
0.9182731308915545
 40
1.0
 40
1.0
 40
1.0
 40
1.0
 10
68.78207103586662
 20
48.14860392707011
 30
0.0
 10
68.81879432853158
 20
47.87968557102086
 30
0.0
 10
68.88654217218736
 20
47.38357976406063
 30
0.0
 10
68.75253253857326
 20
46.83637091406337
 30
0.0
 10
68.41692504418901
 20
46.3495474284115
 30
0.0
 10
68.06421853679504
 20
46.05168510763113
 30
0.0
 10
67.33428866019734
 20
45.82305935234272
 30
0.0
 10
67.23049825758663
 20
45.80807258181522
 30
0.0
 10
67.20043466935245
 20
45.80373156292747
 30
0.0
  0
SPLINE
  5
100002F5
102
{ACAD_XDICTIONARY
360
100002F6
102
}
330
1F
100
AcDbEntity
  8
VISIBLE
100
AcDbSpline
210
0.0
220
0.0
230
1.0
 70
     8
 71
     3
 72
    11
 73
     7
 74
     0
 42
0.0000000001
 43
0.00000001
 40
0.0
 40
0.0
 40
0.0
 40
0.0
 40
0.2588122498468977
 40
0.5000000000000057
 40
0.7411877501531109
 40
1.0
 40
1.0
 40
1.0
 40
1.0
 10
8.677573001778633
 20
34.42803937098541
 30
0.0
 10
8.306682996508963
 20
34.32940438993648
 30
0.0
 10
7.590159714691588
 20
34.13885123585032
 30
0.0
 10
6.807990044677307
 20
33.49619547527353
 30
0.0
 10
6.326386693101429
 20
32.60577196309316
 30
0.0
 10
6.276053627763567
 20
31.86605397598445
 30
0.0
 10
6.250000000000001
 20
31.48315782299281
 30
0.0
  0
SPLINE
  5
100002F9
102
{ACAD_XDICTIONARY
360
100002FA
102
}
330
1F
100
AcDbEntity
  8
VISIBLE
100
AcDbSpline
210
0.0
220
0.0
230
1.0
 70
     8
 71
     3
 72
    11
 73
     7
 74
     0
 42
0.0000000001
 43
0.00000001
 40
0.0
 40
0.0
 40
0.0
 40
0.0
 40
0.2588122498468944
 40
0.4999999999999998
 40
0.7411877501531055
 40
1.0
 40
1.0
 40
1.0
 40
1.0
 10
15.17044918366842
 20
3.09119241349623
 30
0.0
 10
14.79955917839874
 20
2.992557432447325
 30
0.0
 10
14.08303589658137
 20
2.802004278361199
 30
0.0
 10
13.30086622656709
 20
2.159348517784418
 30
0.0
 10
12.81926287499122
 20
1.268925005604034
 30
0.0
 10
12.76892980965335
 20
0.5292070184952923
 30
0.0
 10
12.74287618188979
 20
0.146310865503633
 30
0.0
  0
SPLINE
  5
100002FD
102
{ACAD_XDICTIONARY
360
100002FE
102
}
330
1F
100
AcDbEntity
  8
VISIBLE
100
AcDbSpline
210
0.0
220
0.0
230
1.0
 70
     8
 71
     3
 72
    13
 73
     9
 74
     0
 42
0.0000000001
 43
0.00000001
 40
0.0
 40
0.0
 40
0.0
 40
0.0
 40
0.2074142480770711
 40
0.3563283786114773
 40
0.501197094657795
 40
0.6446275101518946
 40
0.7913747013928416
 40
1.0
 40
1.0
 40
1.0
 40
1.0
 10
12.74287618188979
 20
-9.022139396410902
 30
0.0
 10
12.77473231723319
 20
-9.530373595077585
 30
0.0
 10
12.82945972945765
 20
-10.40349716129715
 30
0.0
 10
13.16451723424293
 20
-11.07012310853789
 30
0.0
 10
13.61320202282819
 20
-11.61909821445483
 30
0.0
 10
14.22911092310242
 20
-11.94258538037867
 30
0.0
 10
14.92690090608524
 20
-12.14442332083596
 30
0.0
 10
15.80172698365327
 20
-12.03264287504654
 30
0.0
 10
16.31530318011116
 20
-11.9670209444035
 30
0.0
  0
ENDSEC
  0
SECTION
  2
OBJECTS
  0
DICTIONARY
  5
C
330
0
100
AcDbDictionary
  3
ACAD_GROUP
350
D
  3
ACAD_LAYOUT
350
1A
  3
ACAD_MATERIAL
350
43
  3
ACAD_MLEADERSTYLE
350
5B
  3
ACAD_MLINESTYLE
350
17
  3
ACAD_PLOTSETTINGS
350
19
  3
ACAD_SCALELIST
350
47
  3
ACAD_VISUALSTYLE
350
2A
  3
ACDBHEADERROUNDTRIPXREC
350
10000303
  3
ACDBVARIABLEDICTIONARY
350
10000324
  3
DWGPROPS
350
1000032F
  3
ONSHAPE_DATA
350
10000001
  0
DICTIONARY
  5
10000330
330
8
100
AcDbDictionary
280
     1
  3
ACAD_XREC_ROUNDTRIP
360
10000331
  0
DICTIONARY
  5
10000301
330
1F
100
AcDbDictionary
280
     1
  3
ACAD_SORTENTS
360
10000302
  0
DICTIONARY
  5
1000005A
330
10000059
100
AcDbDictionary
280
     1
  3
BTDETID
360
1000005B
  3
BTPARTID
360
1000005C
  0
DICTIONARY
  5
1000005E
330
1000005D
100
AcDbDictionary
280
     1
  3
BTDETID
360
1000005F
  3
BTPARTID
360
10000060
  0
DICTIONARY
  5
10000062
330
10000061
100
AcDbDictionary
280
     1
  3
BTDETID
360
10000063
  3
BTPARTID
360
10000064
  0
DICTIONARY
  5
10000066
330
10000065
100
AcDbDictionary
280
     1
  3
BTDETID
360
10000067
  3
BTPARTID
360
10000068
  0
DICTIONARY
  5
1000006A
330
10000069
100
AcDbDictionary
280
     1
  3
BTDETID
360
1000006B
  3
BTPARTID
360
1000006C
  0
DICTIONARY
  5
1000006E
330
1000006D
100
AcDbDictionary
280
     1
  3
BTDETID
360
1000006F
  3
BTPARTID
360
10000070
  0
DICTIONARY
  5
10000072
330
10000071
100
AcDbDictionary
280
     1
  3
BTDETID
360
10000073
  3
BTPARTID
360
10000074
  0
DICTIONARY
  5
10000076
330
10000075
100
AcDbDictionary
280
     1
  3
BTDETID
360
10000077
  3
BTPARTID
360
10000078
  0
DICTIONARY
  5
1000007A
330
10000079
100
AcDbDictionary
280
     1
  3
BTDETID
360
1000007B
  3
BTPARTID
360
1000007C
  0
DICTIONARY
  5
1000007E
330
1000007D
100
AcDbDictionary
280
     1
  3
BTDETID
360
1000007F
  3
BTPARTID
360
10000080
  0
DICTIONARY
  5
10000082
330
10000081
100
AcDbDictionary
280
     1
  3
BTDETID
360
10000083
  3
BTPARTID
360
10000084
  0
DICTIONARY
  5
10000086
330
10000085
100
AcDbDictionary
280
     1
  3
BTDETID
360
10000087
  3
BTPARTID
360
10000088
  0
DICTIONARY
  5
1000008A
330
10000089
100
AcDbDictionary
280
     1
  3
BTDETID
360
1000008B
  3
BTPARTID
360
1000008C
  0
DICTIONARY
  5
1000008E
330
1000008D
100
AcDbDictionary
280
     1
  3
BTDETID
360
1000008F
  3
BTPARTID
360
10000090
  0
DICTIONARY
  5
10000092
330
10000091
100
AcDbDictionary
280
     1
  3
BTDETID
360
10000093
  3
BTPARTID
360
10000094
  0
DICTIONARY
  5
10000096
330
10000095
100
AcDbDictionary
280
     1
  3
BTDETID
360
10000097
  3
BTPARTID
360
10000098
  0
DICTIONARY
  5
1000009A
330
10000099
100
AcDbDictionary
280
     1
  3
BTDETID
360
1000009B
  3
BTPARTID
360
1000009C
  0
DICTIONARY
  5
1000009E
330
1000009D
100
AcDbDictionary
280
     1
  3
BTDETID
360
1000009F
  3
BTPARTID
360
100000A0
  0
DICTIONARY
  5
100000A2
330
100000A1
100
AcDbDictionary
280
     1
  3
BTDETID
360
100000A3
  3
BTPARTID
360
100000A4
  0
DICTIONARY
  5
100000A6
330
100000A5
100
AcDbDictionary
280
     1
  3
BTDETID
360
100000A7
  3
BTPARTID
360
100000A8
  0
DICTIONARY
  5
100000AA
330
100000A9
100
AcDbDictionary
280
     1
  3
BTDETID
360
100000AB
  3
BTPARTID
360
100000AC
  0
DICTIONARY
  5
100000AE
330
100000AD
100
AcDbDictionary
280
     1
  3
BTDETID
360
100000AF
  3
BTPARTID
360
100000B0
  0
DICTIONARY
  5
100000B2
330
100000B1
100
AcDbDictionary
280
     1
  3
BTDETID
360
100000B3
  3
BTPARTID
360
100000B4
  0
DICTIONARY
  5
100000B6
330
100000B5
100
AcDbDictionary
280
     1
  3
BTDETID
360
100000B7
  3
BTPARTID
360
100000B8
  0
DICTIONARY
  5
100000BA
330
100000B9
100
AcDbDictionary
280
     1
  3
BTDETID
360
100000BB
  3
BTPARTID
360
100000BC
  0
DICTIONARY
  5
100000BE
330
100000BD
100
AcDbDictionary
280
     1
  3
BTDETID
360
100000BF
  3
BTPARTID
360
100000C0
  0
DICTIONARY
  5
100000C2
330
100000C1
100
AcDbDictionary
280
     1
  3
BTDETID
360
100000C3
  3
BTPARTID
360
100000C4
  0
DICTIONARY
  5
100000C6
330
100000C5
100
AcDbDictionary
280
     1
  3
BTDETID
360
100000C7
  3
BTPARTID
360
100000C8
  0
DICTIONARY
  5
100000CA
330
100000C9
100
AcDbDictionary
280
     1
  3
BTDETID
360
100000CB
  3
BTPARTID
360
100000CC
  0
DICTIONARY
  5
100000CE
330
100000CD
100
AcDbDictionary
280
     1
  3
BTDETID
360
100000CF
  3
BTPARTID
360
100000D0
  0
DICTIONARY
  5
100000D2
330
100000D1
100
AcDbDictionary
280
     1
  3
BTDETID
360
100000D3
  3
BTPARTID
360
100000D4
  0
DICTIONARY
  5
100000D6
330
100000D5
100
AcDbDictionary
280
     1
  3
BTDETID
360
100000D7
  3
BTPARTID
360
100000D8
  0
DICTIONARY
  5
100000DA
330
100000D9
100
AcDbDictionary
280
     1
  3
BTDETID
360
100000DB
  3
BTPARTID
360
100000DC
  0
DICTIONARY
  5
100000DE
330
100000DD
100
AcDbDictionary
280
     1
  3
BTDETID
360
100000DF
  3
BTPARTID
360
100000E0
  0
DICTIONARY
  5
100000E2
330
100000E1
100
AcDbDictionary
280
     1
  3
BTDETID
360
100000E3
  3
BTPARTID
360
100000E4
  0
DICTIONARY
  5
100000E6
330
100000E5
100
AcDbDictionary
280
     1
  3
BTDETID
360
100000E7
  3
BTPARTID
360
100000E8
  0
DICTIONARY
  5
100000EA
330
100000E9
100
AcDbDictionary
280
     1
  3
BTDETID
360
100000EB
  3
BTPARTID
360
100000EC
  0
DICTIONARY
  5
100000EE
330
100000ED
100
AcDbDictionary
280
     1
  3
BTDETID
360
100000EF
  3
BTPARTID
360
100000F0
  0
DICTIONARY
  5
100000F2
330
100000F1
100
AcDbDictionary
280
     1
  3
BTDETID
360
100000F3
  3
BTPARTID
360
100000F4
  0
DICTIONARY
  5
100000F6
330
100000F5
100
AcDbDictionary
280
     1
  3
BTDETID
360
100000F7
  3
BTPARTID
360
100000F8
  0
DICTIONARY
  5
100000FA
330
100000F9
100
AcDbDictionary
280
     1
  3
BTDETID
360
100000FB
  3
BTPARTID
360
100000FC
  0
DICTIONARY
  5
100000FE
330
100000FD
100
AcDbDictionary
280
     1
  3
BTDETID
360
100000FF
  3
BTPARTID
360
10000100
  0
DICTIONARY
  5
10000102
330
10000101
100
AcDbDictionary
280
     1
  3
BTDETID
360
10000103
  3
BTPARTID
360
10000104
  0
DICTIONARY
  5
10000106
330
10000105
100
AcDbDictionary
280
     1
  3
BTDETID
360
10000107
  3
BTPARTID
360
10000108
  0
DICTIONARY
  5
1000010A
330
10000109
100
AcDbDictionary
280
     1
  3
BTDETID
360
1000010B
  3
BTPARTID
360
1000010C
  0
DICTIONARY
  5
1000010E
330
1000010D
100
AcDbDictionary
280
     1
  3
BTDETID
360
1000010F
  3
BTPARTID
360
10000110
  0
DICTIONARY
  5
10000112
330
10000111
100
AcDbDictionary
280
     1
  3
BTDETID
360
10000113
  3
BTPARTID
360
10000114
  0
DICTIONARY
  5
10000116
330
10000115
100
AcDbDictionary
280
     1
  3
BTDETID
360
10000117
  3
BTPARTID
360
10000118
  0
DICTIONARY
  5
1000011A
330
10000119
100
AcDbDictionary
280
     1
  3
BTDETID
360
1000011B
  3
BTPARTID
360
1000011C
  0
DICTIONARY
  5
1000011E
330
1000011D
100
AcDbDictionary
280
     1
  3
BTDETID
360
1000011F
  3
BTPARTID
360
10000120
  0
DICTIONARY
  5
10000122
330
10000121
100
AcDbDictionary
280
     1
  3
BTDETID
360
10000123
  3
BTPARTID
360
10000124
  0
DICTIONARY
  5
10000126
330
10000125
100
AcDbDictionary
280
     1
  3
BTDETID
360
10000127
  3
BTPARTID
360
10000128
  0
DICTIONARY
  5
1000012A
330
10000129
100
AcDbDictionary
280
     1
  3
BTDETID
360
1000012B
  3
BTPARTID
360
1000012C
  0
DICTIONARY
  5
1000012E
330
1000012D
100
AcDbDictionary
280
     1
  3
BTDETID
360
1000012F
  3
BTPARTID
360
10000130
  0
DICTIONARY
  5
10000132
330
10000131
100
AcDbDictionary
280
     1
  3
BTDETID
360
10000133
  3
BTPARTID
360
10000134
  0
DICTIONARY
  5
10000136
330
10000135
100
AcDbDictionary
280
     1
  3
BTDETID
360
10000137
  3
BTPARTID
360
10000138
  0
DICTIONARY
  5
1000013A
330
10000139
100
AcDbDictionary
280
     1
  3
BTDETID
360
1000013B
  3
BTPARTID
360
1000013C
  0
DICTIONARY
  5
1000013E
330
1000013D
100
AcDbDictionary
280
     1
  3
BTDETID
360
1000013F
  3
BTPARTID
360
10000140
  0
DICTIONARY
  5
10000142
330
10000141
100
AcDbDictionary
280
     1
  3
BTDETID
360
10000143
  3
BTPARTID
360
10000144
  0
DICTIONARY
  5
10000146
330
10000145
100
AcDbDictionary
280
     1
  3
BTDETID
360
10000147
  3
BTPARTID
360
10000148
  0
DICTIONARY
  5
1000014A
330
10000149
100
AcDbDictionary
280
     1
  3
BTDETID
360
1000014B
  3
BTPARTID
360
1000014C
  0
DICTIONARY
  5
1000014E
330
1000014D
100
AcDbDictionary
280
     1
  3
BTDETID
360
1000014F
  3
BTPARTID
360
10000150
  0
DICTIONARY
  5
10000152
330
10000151
100
AcDbDictionary
280
     1
  3
BTDETID
360
10000153
  3
BTPARTID
360
10000154
  0
DICTIONARY
  5
10000156
330
10000155
100
AcDbDictionary
280
     1
  3
BTDETID
360
10000157
  3
BTPARTID
360
10000158
  0
DICTIONARY
  5
1000015A
330
10000159
100
AcDbDictionary
280
     1
  3
BTDETID
360
1000015B
  3
BTPARTID
360
1000015C
  0
DICTIONARY
  5
1000015E
330
1000015D
100
AcDbDictionary
280
     1
  3
BTDETID
360
1000015F
  3
BTPARTID
360
10000160
  0
DICTIONARY
  5
10000162
330
10000161
100
AcDbDictionary
280
     1
  3
BTDETID
360
10000163
  3
BTPARTID
360
10000164
  0
DICTIONARY
  5
10000166
330
10000165
100
AcDbDictionary
280
     1
  3
BTDETID
360
10000167
  3
BTPARTID
360
10000168
  0
DICTIONARY
  5
1000016A
330
10000169
100
AcDbDictionary
280
     1
  3
BTDETID
360
1000016B
  3
BTPARTID
360
1000016C
  0
DICTIONARY
  5
1000016E
330
1000016D
100
AcDbDictionary
280
     1
  3
BTDETID
360
1000016F
  3
BTPARTID
360
10000170
  0
DICTIONARY
  5
10000172
330
10000171
100
AcDbDictionary
280
     1
  3
BTDETID
360
10000173
  3
BTPARTID
360
10000174
  0
DICTIONARY
  5
10000176
330
10000175
100
AcDbDictionary
280
     1
  3
BTDETID
360
10000177
  3
BTPARTID
360
10000178
  0
DICTIONARY
  5
1000017A
330
10000179
100
AcDbDictionary
280
     1
  3
BTDETID
360
1000017B
  3
BTPARTID
360
1000017C
  0
DICTIONARY
  5
1000017E
330
1000017D
100
AcDbDictionary
280
     1
  3
BTDETID
360
1000017F
  3
BTPARTID
360
10000180
  0
DICTIONARY
  5
10000182
330
10000181
100
AcDbDictionary
280
     1
  3
BTDETID
360
10000183
  3
BTPARTID
360
10000184
  0
DICTIONARY
  5
10000186
330
10000185
100
AcDbDictionary
280
     1
  3
BTDETID
360
10000187
  3
BTPARTID
360
10000188
  0
DICTIONARY
  5
1000018A
330
10000189
100
AcDbDictionary
280
     1
  3
BTDETID
360
1000018B
  3
BTPARTID
360
1000018C
  0
DICTIONARY
  5
1000018E
330
1000018D
100
AcDbDictionary
280
     1
  3
BTDETID
360
1000018F
  3
BTPARTID
360
10000190
  0
DICTIONARY
  5
10000192
330
10000191
100
AcDbDictionary
280
     1
  3
BTDETID
360
10000193
  3
BTPARTID
360
10000194
  0
DICTIONARY
  5
10000196
330
10000195
100
AcDbDictionary
280
     1
  3
BTDETID
360
10000197
  3
BTPARTID
360
10000198
  0
DICTIONARY
  5
1000019A
330
10000199
100
AcDbDictionary
280
     1
  3
BTDETID
360
1000019B
  3
BTPARTID
360
1000019C
  0
DICTIONARY
  5
1000019E
330
1000019D
100
AcDbDictionary
280
     1
  3
BTDETID
360
1000019F
  3
BTPARTID
360
100001A0
  0
DICTIONARY
  5
100001A2
330
100001A1
100
AcDbDictionary
280
     1
  3
BTDETID
360
100001A3
  3
BTPARTID
360
100001A4
  0
DICTIONARY
  5
100001A6
330
100001A5
100
AcDbDictionary
280
     1
  3
BTDETID
360
100001A7
  3
BTPARTID
360
100001A8
  0
DICTIONARY
  5
100001AA
330
100001A9
100
AcDbDictionary
280
     1
  3
BTDETID
360
100001AB
  3
BTPARTID
360
100001AC
  0
DICTIONARY
  5
100001AE
330
100001AD
100
AcDbDictionary
280
     1
  3
BTDETID
360
100001AF
  3
BTPARTID
360
100001B0
  0
DICTIONARY
  5
100001B2
330
100001B1
100
AcDbDictionary
280
     1
  3
BTDETID
360
100001B3
  3
BTPARTID
360
100001B4
  0
DICTIONARY
  5
100001B6
330
100001B5
100
AcDbDictionary
280
     1
  3
BTDETID
360
100001B7
  3
BTPARTID
360
100001B8
  0
DICTIONARY
  5
100001BA
330
100001B9
100
AcDbDictionary
280
     1
  3
BTDETID
360
100001BB
  3
BTPARTID
360
100001BC
  0
DICTIONARY
  5
100001BE
330
100001BD
100
AcDbDictionary
280
     1
  3
BTDETID
360
100001BF
  3
BTPARTID
360
100001C0
  0
DICTIONARY
  5
100001C2
330
100001C1
100
AcDbDictionary
280
     1
  3
BTDETID
360
100001C3
  3
BTPARTID
360
100001C4
  0
DICTIONARY
  5
100001C6
330
100001C5
100
AcDbDictionary
280
     1
  3
BTDETID
360
100001C7
  3
BTPARTID
360
100001C8
  0
DICTIONARY
  5
100001CA
330
100001C9
100
AcDbDictionary
280
     1
  3
BTDETID
360
100001CB
  3
BTPARTID
360
100001CC
  0
DICTIONARY
  5
100001CE
330
100001CD
100
AcDbDictionary
280
     1
  3
BTDETID
360
100001CF
  3
BTPARTID
360
100001D0
  0
DICTIONARY
  5
100001D2
330
100001D1
100
AcDbDictionary
280
     1
  3
BTDETID
360
100001D3
  3
BTPARTID
360
100001D4
  0
DICTIONARY
  5
100001D6
330
100001D5
100
AcDbDictionary
280
     1
  3
BTDETID
360
100001D7
  3
BTPARTID
360
100001D8
  0
DICTIONARY
  5
100001DA
330
100001D9
100
AcDbDictionary
280
     1
  3
BTDETID
360
100001DB
  3
BTPARTID
360
100001DC
  0
DICTIONARY
  5
100001DE
330
100001DD
100
AcDbDictionary
280
     1
  3
BTDETID
360
100001DF
  3
BTPARTID
360
100001E0
  0
DICTIONARY
  5
100001E2
330
100001E1
100
AcDbDictionary
280
     1
  3
BTDETID
360
100001E3
  3
BTPARTID
360
100001E4
  0
DICTIONARY
  5
100001E6
330
100001E5
100
AcDbDictionary
280
     1
  3
BTDETID
360
100001E7
  3
BTPARTID
360
100001E8
  0
DICTIONARY
  5
100001EA
330
100001E9
100
AcDbDictionary
280
     1
  3
BTDETID
360
100001EB
  3
BTPARTID
360
100001EC
  0
DICTIONARY
  5
100001EE
330
100001ED
100
AcDbDictionary
280
     1
  3
BTDETID
360
100001EF
  3
BTPARTID
360
100001F0
  0
DICTIONARY
  5
100001F2
330
100001F1
100
AcDbDictionary
280
     1
  3
BTDETID
360
100001F3
  3
BTPARTID
360
100001F4
  0
DICTIONARY
  5
100001F6
330
100001F5
100
AcDbDictionary
280
     1
  3
BTDETID
360
100001F7
  3
BTPARTID
360
100001F8
  0
DICTIONARY
  5
100001FA
330
100001F9
100
AcDbDictionary
280
     1
  3
BTDETID
360
100001FB
  3
BTPARTID
360
100001FC
  0
DICTIONARY
  5
100001FE
330
100001FD
100
AcDbDictionary
280
     1
  3
BTDETID
360
100001FF
  3
BTPARTID
360
10000200
  0
DICTIONARY
  5
10000202
330
10000201
100
AcDbDictionary
280
     1
  3
BTDETID
360
10000203
  3
BTPARTID
360
10000204
  0
DICTIONARY
  5
10000206
330
10000205
100
AcDbDictionary
280
     1
  3
BTDETID
360
10000207
  3
BTPARTID
360
10000208
  0
DICTIONARY
  5
1000020A
330
10000209
100
AcDbDictionary
280
     1
  3
BTDETID
360
1000020B
  3
BTPARTID
360
1000020C
  0
DICTIONARY
  5
1000020E
330
1000020D
100
AcDbDictionary
280
     1
  3
BTDETID
360
1000020F
  3
BTPARTID
360
10000210
  0
DICTIONARY
  5
10000212
330
10000211
100
AcDbDictionary
280
     1
  3
BTDETID
360
10000213
  3
BTPARTID
360
10000214
  0
DICTIONARY
  5
10000216
330
10000215
100
AcDbDictionary
280
     1
  3
BTDETID
360
10000217
  3
BTPARTID
360
10000218
  0
DICTIONARY
  5
1000021A
330
10000219
100
AcDbDictionary
280
     1
  3
BTDETID
360
1000021B
  3
BTPARTID
360
1000021C
  0
DICTIONARY
  5
1000021E
330
1000021D
100
AcDbDictionary
280
     1
  3
BTDETID
360
1000021F
  3
BTPARTID
360
10000220
  0
DICTIONARY
  5
10000222
330
10000221
100
AcDbDictionary
280
     1
  3
BTDETID
360
10000223
  3
BTPARTID
360
10000224
  0
DICTIONARY
  5
10000226
330
10000225
100
AcDbDictionary
280
     1
  3
BTDETID
360
10000227
  3
BTPARTID
360
10000228
  0
DICTIONARY
  5
1000022A
330
10000229
100
AcDbDictionary
280
     1
  3
BTDETID
360
1000022B
  3
BTPARTID
360
1000022C
  0
DICTIONARY
  5
1000022E
330
1000022D
100
AcDbDictionary
280
     1
  3
BTDETID
360
1000022F
  3
BTPARTID
360
10000230
  0
DICTIONARY
  5
10000232
330
10000231
100
AcDbDictionary
280
     1
  3
BTDETID
360
10000233
  3
BTPARTID
360
10000234
  0
DICTIONARY
  5
10000236
330
10000235
100
AcDbDictionary
280
     1
  3
BTDETID
360
10000237
  3
BTPARTID
360
10000238
  0
DICTIONARY
  5
1000023A
330
10000239
100
AcDbDictionary
280
     1
  3
BTDETID
360
1000023B
  3
BTPARTID
360
1000023C
  0
DICTIONARY
  5
1000023E
330
1000023D
100
AcDbDictionary
280
     1
  3
BTDETID
360
1000023F
  3
BTPARTID
360
10000240
  0
DICTIONARY
  5
10000242
330
10000241
100
AcDbDictionary
280
     1
  3
BTDETID
360
10000243
  3
BTPARTID
360
10000244
  0
DICTIONARY
  5
10000246
330
10000245
100
AcDbDictionary
280
     1
  3
BTDETID
360
10000247
  3
BTPARTID
360
10000248
  0
DICTIONARY
  5
1000024A
330
10000249
100
AcDbDictionary
280
     1
  3
BTDETID
360
1000024B
  3
BTPARTID
360
1000024C
  0
DICTIONARY
  5
1000024E
330
1000024D
100
AcDbDictionary
280
     1
  3
BTDETID
360
1000024F
  3
BTPARTID
360
10000250
  0
DICTIONARY
  5
10000252
330
10000251
100
AcDbDictionary
280
     1
  3
BTDETID
360
10000253
  3
BTPARTID
360
10000254
  0
DICTIONARY
  5
10000256
330
10000255
100
AcDbDictionary
280
     1
  3
BTDETID
360
10000257
  3
BTPARTID
360
10000258
  0
DICTIONARY
  5
1000025A
330
10000259
100
AcDbDictionary
280
     1
  3
BTDETID
360
1000025B
  3
BTPARTID
360
1000025C
  0
DICTIONARY
  5
1000025E
330
1000025D
100
AcDbDictionary
280
     1
  3
BTDETID
360
1000025F
  3
BTPARTID
360
10000260
  0
DICTIONARY
  5
10000262
330
10000261
100
AcDbDictionary
280
     1
  3
BTDETID
360
10000263
  3
BTPARTID
360
10000264
  0
DICTIONARY
  5
10000266
330
10000265
100
AcDbDictionary
280
     1
  3
BTDETID
360
10000267
  3
BTPARTID
360
10000268
  0
DICTIONARY
  5
1000026A
330
10000269
100
AcDbDictionary
280
     1
  3
BTDETID
360
1000026B
  3
BTPARTID
360
1000026C
  0
DICTIONARY
  5
1000026E
330
1000026D
100
AcDbDictionary
280
     1
  3
BTDETID
360
1000026F
  3
BTPARTID
360
10000270
  0
DICTIONARY
  5
10000272
330
10000271
100
AcDbDictionary
280
     1
  3
BTDETID
360
10000273
  3
BTPARTID
360
10000274
  0
DICTIONARY
  5
10000276
330
10000275
100
AcDbDictionary
280
     1
  3
BTDETID
360
10000277
  3
BTPARTID
360
10000278
  0
DICTIONARY
  5
1000027A
330
10000279
100
AcDbDictionary
280
     1
  3
BTDETID
360
1000027B
  3
BTPARTID
360
1000027C
  0
DICTIONARY
  5
1000027E
330
1000027D
100
AcDbDictionary
280
     1
  3
BTDETID
360
1000027F
  3
BTPARTID
360
10000280
  0
DICTIONARY
  5
10000282
330
10000281
100
AcDbDictionary
280
     1
  3
BTDETID
360
10000283
  3
BTPARTID
360
10000284
  0
DICTIONARY
  5
10000286
330
10000285
100
AcDbDictionary
280
     1
  3
BTDETID
360
10000287
  3
BTPARTID
360
10000288
  0
DICTIONARY
  5
1000028A
330
10000289
100
AcDbDictionary
280
     1
  3
BTDETID
360
1000028B
  3
BTPARTID
360
1000028C
  0
DICTIONARY
  5
1000028E
330
1000028D
100
AcDbDictionary
280
     1
  3
BTDETID
360
1000028F
  3
BTPARTID
360
10000290
  0
DICTIONARY
  5
10000292
330
10000291
100
AcDbDictionary
280
     1
  3
BTDETID
360
10000293
  3
BTPARTID
360
10000294
  0
DICTIONARY
  5
10000296
330
10000295
100
AcDbDictionary
280
     1
  3
BTDETID
360
10000297
  3
BTPARTID
360
10000298
  0
DICTIONARY
  5
1000029A
330
10000299
100
AcDbDictionary
280
     1
  3
BTDETID
360
1000029B
  3
BTPARTID
360
1000029C
  0
DICTIONARY
  5
1000029E
330
1000029D
100
AcDbDictionary
280
     1
  3
BTDETID
360
1000029F
  3
BTPARTID
360
100002A0
  0
DICTIONARY
  5
100002A2
330
100002A1
100
AcDbDictionary
280
     1
  3
BTDETID
360
100002A3
  3
BTPARTID
360
100002A4
  0
DICTIONARY
  5
100002A6
330
100002A5
100
AcDbDictionary
280
     1
  3
BTDETID
360
100002A7
  3
BTPARTID
360
100002A8
  0
DICTIONARY
  5
100002AA
330
100002A9
100
AcDbDictionary
280
     1
  3
BTDETID
360
100002AB
  3
BTPARTID
360
100002AC
  0
DICTIONARY
  5
100002AE
330
100002AD
100
AcDbDictionary
280
     1
  3
BTDETID
360
100002AF
  3
BTPARTID
360
100002B0
  0
DICTIONARY
  5
100002B2
330
100002B1
100
AcDbDictionary
280
     1
  3
BTDETID
360
100002B3
  3
BTPARTID
360
100002B4
  0
DICTIONARY
  5
100002B6
330
100002B5
100
AcDbDictionary
280
     1
  3
BTDETID
360
100002B7
  3
BTPARTID
360
100002B8
  0
DICTIONARY
  5
100002BA
330
100002B9
100
AcDbDictionary
280
     1
  3
BTDETID
360
100002BB
  3
BTPARTID
360
100002BC
  0
DICTIONARY
  5
100002BE
330
100002BD
100
AcDbDictionary
280
     1
  3
BTDETID
360
100002BF
  3
BTPARTID
360
100002C0
  0
DICTIONARY
  5
100002C2
330
100002C1
100
AcDbDictionary
280
     1
  3
BTDETID
360
100002C3
  3
BTPARTID
360
100002C4
  0
DICTIONARY
  5
100002C6
330
100002C5
100
AcDbDictionary
280
     1
  3
BTDETID
360
100002C7
  3
BTPARTID
360
100002C8
  0
DICTIONARY
  5
100002CA
330
100002C9
100
AcDbDictionary
280
     1
  3
BTDETID
360
100002CB
  3
BTPARTID
360
100002CC
  0
DICTIONARY
  5
100002CE
330
100002CD
100
AcDbDictionary
280
     1
  3
BTDETID
360
100002CF
  3
BTPARTID
360
100002D0
  0
DICTIONARY
  5
100002D2
330
100002D1
100
AcDbDictionary
280
     1
  3
BTDETID
360
100002D3
  3
BTPARTID
360
100002D4
  0
DICTIONARY
  5
100002D6
330
100002D5
100
AcDbDictionary
280
     1
  3
BTDETID
360
100002D7
  3
BTPARTID
360
100002D8
  0
DICTIONARY
  5
100002DA
330
100002D9
100
AcDbDictionary
280
     1
  3
BTDETID
360
100002DB
  3
BTPARTID
360
100002DC
  0
DICTIONARY
  5
100002DE
330
100002DD
100
AcDbDictionary
280
     1
  3
BTDETID
360
100002DF
  3
BTPARTID
360
100002E0
  0
DICTIONARY
  5
100002E2
330
100002E1
100
AcDbDictionary
280
     1
  3
BTDETID
360
100002E3
  3
BTPARTID
360
100002E4
  0
DICTIONARY
  5
100002E6
330
100002E5
100
AcDbDictionary
280
     1
  3
BTDETID
360
100002E7
  3
BTPARTID
360
100002E8
  0
DICTIONARY
  5
100002EA
330
100002E9
100
AcDbDictionary
280
     1
  3
BTDETID
360
100002EB
  3
BTPARTID
360
100002EC
  0
DICTIONARY
  5
100002EE
330
100002ED
100
AcDbDictionary
280
     1
  3
BTDETID
360
100002EF
  3
BTPARTID
360
100002F0
  0
DICTIONARY
  5
100002F2
330
100002F1
100
AcDbDictionary
280
     1
  3
BTDETID
360
100002F3
  3
BTPARTID
360
100002F4
  0
DICTIONARY
  5
100002F6
330
100002F5
100
AcDbDictionary
280
     1
  3
BTDETID
360
100002F7
  3
BTPARTID
360
100002F8
  0
DICTIONARY
  5
100002FA
330
100002F9
100
AcDbDictionary
280
     1
  3
BTDETID
360
100002FB
  3
BTPARTID
360
100002FC
  0
DICTIONARY
  5
100002FE
330
100002FD
100
AcDbDictionary
280
     1
  3
BTDETID
360
100002FF
  3
BTPARTID
360
10000300
  0
DICTIONARY
  5
D
102
{ACAD_REACTORS
330
C
102
}
330
C
100
AcDbDictionary
  0
DICTIONARY
  5
1A
102
{ACAD_REACTORS
330
C
102
}
330
C
100
AcDbDictionary
  0
DICTIONARY
  5
43
102
{ACAD_REACTORS
330
C
102
}
330
C
100
AcDbDictionary
  3
BYBLOCK
350
45
  3
BYLAYER
350
44
  3
GLOBAL
350
46
  0
DICTIONARY
  5
5B
102
{ACAD_REACTORS
330
C
102
}
330
C
100
AcDbDictionary
  3
STANDARD
350
5C
  0
DICTIONARY
  5
17
102
{ACAD_REACTORS
330
C
102
}
330
C
100
AcDbDictionary
  3
STANDARD
350
18
  0
DICTIONARY
  5
19
102
{ACAD_REACTORS
330
C
102
}
330
C
100
AcDbDictionary
  0
DICTIONARY
  5
47
102
{ACAD_REACTORS
330
C
102
}
330
C
100
AcDbDictionary
  3
SCALE100_1
350
10000023
  3
SCALE10_1
350
1000001D
  3
SCALE12_1
350
1000001E
  3
SCALE16_1
350
1000001F
  3
SCALE1_1
350
10000006
  3
SCALE1_10
350
1000000D
  3
SCALE1_100
350
10000016
  3
SCALE1_12
350
1000000E
  3
SCALE1_16
350
1000000F
  3
SCALE1_2
350
10000007
  3
SCALE1_20
350
10000010
  3
SCALE1_25
350
10000011
  3
SCALE1_3
350
10000008
  3
SCALE1_32
350
10000012
  3
SCALE1_4
350
10000009
  3
SCALE1_40
350
10000013
  3
SCALE1_5
350
1000000A
  3
SCALE1_50
350
10000014
  3
SCALE1_6
350
1000000B
  3
SCALE1_8
350
1000000C
  3
SCALE1_80
350
10000015
  3
SCALE20_1
350
10000020
  3
SCALE2_1
350
10000017
  3
SCALE32_1
350
10000021
  3
SCALE3_1
350
10000018
  3
SCALE4_1
350
10000019
  3
SCALE50_1
350
10000022
  3
SCALE5_1
350
1000001A
  3
SCALE6_1
350
1000001B
  3
SCALE8_1
350
1000001C
  0
DICTIONARY
  5
2A
102
{ACAD_REACTORS
330
C
102
}
330
C
100
AcDbDictionary
  3
2DWIREFRAME
350
2F
  3
BASIC
350
32
  3
BRIGHTEN
350
36
  3
COLORCHANGE
350
3A
  3
CONCEPTUAL
350
34
  3
DIM
350
35
  3
EDGECOLOROFF
350
3D
  3
FACEPATTERN
350
39
  3
FLAT
350
2B
  3
FLATWITHEDGES
350
2C
  3
GOURAUD
350
2D
  3
GOURAUDWITHEDGES
350
2E
  3
HIDDEN
350
31
  3
JITTEROFF
350
3B
  3
LINEPATTERN
350
38
  3
OVERHANGOFF
350
3C
  3
REALISTIC
350
33
  3
SHADED
350
42
  3
SHADED_WITH_EDGES
350
41
  3
SHADES_OF_GRAY
350
3E
  3
SKETCHY
350
3F
  3
THICKEN
350
37
  3
WIREFRAME
350
30
  3
X-RAY
350
40
  0
DICTIONARY
  5
10000303
102
{ACAD_REACTORS
330
C
102
}
330
C
100
AcDbDictionary
  3
CEPSNID
350
1000030D
  3
CEPSNTYPE
350
1000030C
  3
DIMSTYLEDATA
350
10000323
  3
FINGERPRINTGUID
350
1000030E
  3
HYPERLINKBASE
350
10000306
  3
INSUNITS
350
1000030B
  3
LAYOUTDICT
350
10000308
  3
LWETCUNION
350
1000030A
  3
PLOTSETDICT
350
10000309
  3
PSVPSCALE
350
10000310
  3
PUCSBASE
350
10000313
  3
PUCSORGBACK
350
10000319
  3
PUCSORGBOTTOM
350
10000315
  3
PUCSORGFRONT
350
10000318
  3
PUCSORGLEFT
350
10000316
  3
PUCSORGRIGHT
350
10000317
  3
PUCSORGTOP
350
10000314
  3
PUCSORTHOREF
350
10000311
  3
PUCSORTHOVIEW
350
10000312
  3
STYLESHEET
350
10000307
  3
TSTACKALIGN
350
10000304
  3
TSTACKSIZE
350
10000305
  3
UCSBASE
350
1000031C
  3
UCSORGBACK
350
10000322
  3
UCSORGBOTTOM
350
1000031E
  3
UCSORGFRONT
350
10000321
  3
UCSORGLEFT
350
1000031F
  3
UCSORGRIGHT
350
10000320
  3
UCSORGTOP
350
1000031D
  3
UCSORTHOREF
350
1000031A
  3
UCSORTHOVIEW
350
1000031B
  3
VERSIONGUID
350
1000030F
  0
DICTIONARY
  5
10000324
102
{ACAD_REACTORS
330
C
102
}
330
C
100
AcDbDictionary
  3
CANNOSCALE
350
10000332
  3
CENTEREXE
350
1000032B
  3
CENTERLTYPEFILE
350
1000032C
  3
CMLEADERSTYLE
350
10000326
  3
CTABLESTYLE
350
10000325
  3
DIMASSOC
350
1000032D
  3
HIDETEXT
350
1000032E
  3
MSLTSCALE
350
10000333
  3
PSOLHEIGHT
350
10000328
  3
PSOLWIDTH
350
10000327
  0
XRECORD
  5
1000032F
102
{ACAD_REACTORS
330
C
102
}
330
C
100
AcDbXrecord
  1
DWGPROPS COOKIE
  2

  3

  4

  6
File was created by BTDwgCreate
  7

  8
onshape
  9

300
=
301
=
302
=
303
=
304
=
305
=
306
=
307
=
308
=
309
=
 40
0.0
 41
2461141.410070637
 42
2461141.410070706
  1

 90
        0
  0
DICTIONARY
  5
10000001
102
{ACAD_REACTORS
330
C
102
}
330
C
100
AcDbDictionary
280
     1
  3
DIM_UNITS
360
10000003
  3
DWGGEN_VERSION
360
10000002
  3
FIRST_ANGLE
360
10000005
  0
XRECORD
  5
10000331
102
{ACAD_REACTORS
330
10000330
102
}
330
10000330
100
AcDbXrecord
102
VTR_0.000_0.000_1.000_1.000_VISUALSTYLE
340
2F
102
VTR_0.000_0.000_1.000_1.000_GRIDDISPLAY
 70
     3
102
VTR_0.000_0.000_1.000_1.000_GRIDMAJOR
 70
     5
102
VTR_0.000_0.000_1.000_1.000_DEFAULTLIGHTING
280
     1
102
VTR_0.000_0.000_1.000_1.000_DEFAULTLIGHTINGTYPE
 70
     1
102
VTR_0.000_0.000_1.000_1.000_BRIGHTNESS
141
0.0
102
VTR_0.000_0.000_1.000_1.000_CONTRAST
142
0.0
  0
SORTENTSTABLE
  5
10000302
102
{ACAD_REACTORS
330
10000301
102
}
330
10000301
100
AcDbSortentsTable
330
1F
  0
XRECORD
  5
1000005B
102
{ACAD_REACTORS
330
1000005A
102
}
330
1000005A
100
AcDbXrecord
1000
KWhb
  0
XRECORD
  5
1000005C
102
{ACAD_REACTORS
330
1000005A
102
}
330
1000005A
100
AcDbXrecord
1000
JIn
  0
XRECORD
  5
1000005F
102
{ACAD_REACTORS
330
1000005E
102
}
330
1000005E
100
AcDbXrecord
1000
KW9U
  0
XRECORD
  5
10000060
102
{ACAD_REACTORS
330
1000005E
102
}
330
1000005E
100
AcDbXrecord
1000
JIn
  0
XRECORD
  5
10000063
102
{ACAD_REACTORS
330
10000062
102
}
330
10000062
100
AcDbXrecord
1000
KW1U
  0
XRECORD
  5
10000064
102
{ACAD_REACTORS
330
10000062
102
}
330
10000062
100
AcDbXrecord
1000
JIn
  0
XRECORD
  5
10000067
102
{ACAD_REACTORS
330
10000066
102
}
330
10000066
100
AcDbXrecord
1000
KWpb
  0
XRECORD
  5
10000068
102
{ACAD_REACTORS
330
10000066
102
}
330
10000066
100
AcDbXrecord
1000
JIn
  0
XRECORD
  5
1000006B
102
{ACAD_REACTORS
330
1000006A
102
}
330
1000006A
100
AcDbXrecord
1000
KWZX
  0
XRECORD
  5
1000006C
102
{ACAD_REACTORS
330
1000006A
102
}
330
1000006A
100
AcDbXrecord
1000
JIn
  0
XRECORD
  5
1000006F
102
{ACAD_REACTORS
330
1000006E
102
}
330
1000006E
100
AcDbXrecord
1000
KWFN
  0
XRECORD
  5
10000070
102
{ACAD_REACTORS
330
1000006E
102
}
330
1000006E
100
AcDbXrecord
1000
JIn
  0
XRECORD
  5
10000073
102
{ACAD_REACTORS
330
10000072
102
}
330
10000072
100
AcDbXrecord
1000
KWpW
  0
XRECORD
  5
10000074
102
{ACAD_REACTORS
330
10000072
102
}
330
10000072
100
AcDbXrecord
1000
JIn
  0
XRECORD
  5
10000077
102
{ACAD_REACTORS
330
10000076
102
}
330
10000076
100
AcDbXrecord
1000
KWtU
  0
XRECORD
  5
10000078
102
{ACAD_REACTORS
330
10000076
102
}
330
10000076
100
AcDbXrecord
1000
JIn
  0
XRECORD
  5
1000007B
102
{ACAD_REACTORS
330
1000007A
102
}
330
1000007A
100
AcDbXrecord
1000
KWRW
  0
XRECORD
  5
1000007C
102
{ACAD_REACTORS
330
1000007A
102
}
330
1000007A
100
AcDbXrecord
1000
JIn
  0
XRECORD
  5
1000007F
102
{ACAD_REACTORS
330
1000007E
102
}
330
1000007E
100
AcDbXrecord
1000
KW5V
  0
XRECORD
  5
10000080
102
{ACAD_REACTORS
330
1000007E
102
}
330
1000007E
100
AcDbXrecord
1000
JIn
  0
XRECORD
  5
10000083
102
{ACAD_REACTORS
330
10000082
102
}
330
10000082
100
AcDbXrecord
1000
KWpV
  0
XRECORD
  5
10000084
102
{ACAD_REACTORS
330
10000082
102
}
330
10000082
100
AcDbXrecord
1000
JIn
  0
XRECORD
  5
10000087
102
{ACAD_REACTORS
330
10000086
102
}
330
10000086
100
AcDbXrecord
1000
KWlM
  0
XRECORD
  5
10000088
102
{ACAD_REACTORS
330
10000086
102
}
330
10000086
100
AcDbXrecord
1000
JIn
  0
XRECORD
  5
1000008B
102
{ACAD_REACTORS
330
1000008A
102
}
330
1000008A
100
AcDbXrecord
1000
KWdM
  0
XRECORD
  5
1000008C
102
{ACAD_REACTORS
330
1000008A
102
}
330
1000008A
100
AcDbXrecord
1000
JIn
  0
XRECORD
  5
1000008F
102
{ACAD_REACTORS
330
1000008E
102
}
330
1000008E
100
AcDbXrecord
1000
KWNX
  0
XRECORD
  5
10000090
102
{ACAD_REACTORS
330
1000008E
102
}
330
1000008E
100
AcDbXrecord
1000
JIn
  0
XRECORD
  5
10000093
102
{ACAD_REACTORS
330
10000092
102
}
330
10000092
100
AcDbXrecord
1000
KUFI
  0
XRECORD
  5
10000094
102
{ACAD_REACTORS
330
10000092
102
}
330
10000092
100
AcDbXrecord
1000
JIn
  0
XRECORD
  5
10000097
102
{ACAD_REACTORS
330
10000096
102
}
330
10000096
100
AcDbXrecord
1000
KVtC
  0
XRECORD
  5
10000098
102
{ACAD_REACTORS
330
10000096
102
}
330
10000096
100
AcDbXrecord
1000
JIn
  0
XRECORD
  5
1000009B
102
{ACAD_REACTORS
330
1000009A
102
}
330
1000009A
100
AcDbXrecord
1000
KVlC
  0
XRECORD
  5
1000009C
102
{ACAD_REACTORS
330
1000009A
102
}
330
1000009A
100
AcDbXrecord
1000
JIn
  0
XRECORD
  5
1000009F
102
{ACAD_REACTORS
330
1000009E
102
}
330
1000009E
100
AcDbXrecord
1000
KVlD
  0
XRECORD
  5
100000A0
102
{ACAD_REACTORS
330
1000009E
102
}
330
1000009E
100
AcDbXrecord
1000
JIn
  0
XRECORD
  5
100000A3
102
{ACAD_REACTORS
330
100000A2
102
}
330
100000A2
100
AcDbXrecord
1000
KVdC
  0
XRECORD
  5
100000A4
102
{ACAD_REACTORS
330
100000A2
102
}
330
100000A2
100
AcDbXrecord
1000
JIn
  0
XRECORD
  5
100000A7
102
{ACAD_REACTORS
330
100000A6
102
}
330
100000A6
100
AcDbXrecord
1000
KU1H
  0
XRECORD
  5
100000A8
102
{ACAD_REACTORS
330
100000A6
102
}
330
100000A6
100
AcDbXrecord
1000
JIn
  0
XRECORD
  5
100000AB
102
{ACAD_REACTORS
330
100000AA
102
}
330
100000AA
100
AcDbXrecord
1000
KVVD
  0
XRECORD
  5
100000AC
102
{ACAD_REACTORS
330
100000AA
102
}
330
100000AA
100
AcDbXrecord
1000
JIn
  0
XRECORD
  5
100000AF
102
{ACAD_REACTORS
330
100000AE
102
}
330
100000AE
100
AcDbXrecord
1000
KURK
  0
XRECORD
  5
100000B0
102
{ACAD_REACTORS
330
100000AE
102
}
330
100000AE
100
AcDbXrecord
1000
JIn
  0
XRECORD
  5
100000B3
102
{ACAD_REACTORS
330
100000B2
102
}
330
100000B2
100
AcDbXrecord
1000
KUJK
  0
XRECORD
  5
100000B4
102
{ACAD_REACTORS
330
100000B2
102
}
330
100000B2
100
AcDbXrecord
1000
JIn
  0
XRECORD
  5
100000B7
102
{ACAD_REACTORS
330
100000B6
102
}
330
100000B6
100
AcDbXrecord
1000
KU9L
  0
XRECORD
  5
100000B8
102
{ACAD_REACTORS
330
100000B6
102
}
330
100000B6
100
AcDbXrecord
1000
JIn
  0
XRECORD
  5
100000BB
102
{ACAD_REACTORS
330
100000BA
102
}
330
100000BA
100
AcDbXrecord
1000
KP1C
  0
XRECORD
  5
100000BC
102
{ACAD_REACTORS
330
100000BA
102
}
330
100000BA
100
AcDbXrecord
1000
JIn
  0
XRECORD
  5
100000BF
102
{ACAD_REACTORS
330
100000BE
102
}
330
100000BE
100
AcDbXrecord
1000
KUlI
  0
XRECORD
  5
100000C0
102
{ACAD_REACTORS
330
100000BE
102
}
330
100000BE
100
AcDbXrecord
1000
JIn
  0
XRECORD
  5
100000C3
102
{ACAD_REACTORS
330
100000C2
102
}
330
100000C2
100
AcDbXrecord
1000
KUBK
  0
XRECORD
  5
100000C4
102
{ACAD_REACTORS
330
100000C2
102
}
330
100000C2
100
AcDbXrecord
1000
JIn
  0
XRECORD
  5
100000C7
102
{ACAD_REACTORS
330
100000C6
102
}
330
100000C6
100
AcDbXrecord
1000
KVpD
  0
XRECORD
  5
100000C8
102
{ACAD_REACTORS
330
100000C6
102
}
330
100000C6
100
AcDbXrecord
1000
JIn
  0
XRECORD
  5
100000CB
102
{ACAD_REACTORS
330
100000CA
102
}
330
100000CA
100
AcDbXrecord
1000
KUdI
  0
XRECORD
  5
100000CC
102
{ACAD_REACTORS
330
100000CA
102
}
330
100000CA
100
AcDbXrecord
1000
JIn
  0
XRECORD
  5
100000CF
102
{ACAD_REACTORS
330
100000CE
102
}
330
100000CE
100
AcDbXrecord
1000
KV9C
  0
XRECORD
  5
100000D0
102
{ACAD_REACTORS
330
100000CE
102
}
330
100000CE
100
AcDbXrecord
1000
JIn
  0
XRECORD
  5
100000D3
102
{ACAD_REACTORS
330
100000D2
102
}
330
100000D2
100
AcDbXrecord
1000
KVxD
  0
XRECORD
  5
100000D4
102
{ACAD_REACTORS
330
100000D2
102
}
330
100000D2
100
AcDbXrecord
1000
JIn
  0
XRECORD
  5
100000D7
102
{ACAD_REACTORS
330
100000D6
102
}
330
100000D6
100
AcDbXrecord
1000
KWxX
  0
XRECORD
  5
100000D8
102
{ACAD_REACTORS
330
100000D6
102
}
330
100000D6
100
AcDbXrecord
1000
JIn
  0
XRECORD
  5
100000DB
102
{ACAD_REACTORS
330
100000DA
102
}
330
100000DA
100
AcDbXrecord
1000
KVdD
  0
XRECORD
  5
100000DC
102
{ACAD_REACTORS
330
100000DA
102
}
330
100000DA
100
AcDbXrecord
1000
JIn
  0
XRECORD
  5
100000DF
102
{ACAD_REACTORS
330
100000DE
102
}
330
100000DE
100
AcDbXrecord
1000
JYZ
  0
XRECORD
  5
100000E0
102
{ACAD_REACTORS
330
100000DE
102
}
330
100000DE
100
AcDbXrecord
1000
JIn
  0
XRECORD
  5
100000E3
102
{ACAD_REACTORS
330
100000E2
102
}
330
100000E2
100
AcDbXrecord
1000
KWZW
  0
XRECORD
  5
100000E4
102
{ACAD_REACTORS
330
100000E2
102
}
330
100000E2
100
AcDbXrecord
1000
JIn
  0
XRECORD
  5
100000E7
102
{ACAD_REACTORS
330
100000E6
102
}
330
100000E6
100
AcDbXrecord
1000
KWta
  0
XRECORD
  5
100000E8
102
{ACAD_REACTORS
330
100000E6
102
}
330
100000E6
100
AcDbXrecord
1000
JIn
  0
XRECORD
  5
100000EB
102
{ACAD_REACTORS
330
100000EA
102
}
330
100000EA
100
AcDbXrecord
1000
KUNI
  0
XRECORD
  5
100000EC
102
{ACAD_REACTORS
330
100000EA
102
}
330
100000EA
100
AcDbXrecord
1000
JIn
  0
XRECORD
  5
100000EF
102
{ACAD_REACTORS
330
100000EE
102
}
330
100000EE
100
AcDbXrecord
1000
KWBX
  0
XRECORD
  5
100000F0
102
{ACAD_REACTORS
330
100000EE
102
}
330
100000EE
100
AcDbXrecord
1000
JIn
  0
XRECORD
  5
100000F3
102
{ACAD_REACTORS
330
100000F2
102
}
330
100000F2
100
AcDbXrecord
1000
JYR
  0
XRECORD
  5
100000F4
102
{ACAD_REACTORS
330
100000F2
102
}
330
100000F2
100
AcDbXrecord
1000
JIn
  0
XRECORD
  5
100000F7
102
{ACAD_REACTORS
330
100000F6
102
}
330
100000F6
100
AcDbXrecord
1000
KVFD
  0
XRECORD
  5
100000F8
102
{ACAD_REACTORS
330
100000F6
102
}
330
100000F6
100
AcDbXrecord
1000
JIn
  0
XRECORD
  5
100000FB
102
{ACAD_REACTORS
330
100000FA
102
}
330
100000FA
100
AcDbXrecord
1000
KUZM
  0
XRECORD
  5
100000FC
102
{ACAD_REACTORS
330
100000FA
102
}
330
100000FA
100
AcDbXrecord
1000
JIn
  0
XRECORD
  5
100000FF
102
{ACAD_REACTORS
330
100000FE
102
}
330
100000FE
100
AcDbXrecord
1000
KWda
  0
XRECORD
  5
10000100
102
{ACAD_REACTORS
330
100000FE
102
}
330
100000FE
100
AcDbXrecord
1000
JIn
  0
XRECORD
  5
10000103
102
{ACAD_REACTORS
330
10000102
102
}
330
10000102
100
AcDbXrecord
1000
KPlE
  0
XRECORD
  5
10000104
102
{ACAD_REACTORS
330
10000102
102
}
330
10000102
100
AcDbXrecord
1000
JIn
  0
XRECORD
  5
10000107
102
{ACAD_REACTORS
330
10000106
102
}
330
10000106
100
AcDbXrecord
1000
KPlD
  0
XRECORD
  5
10000108
102
{ACAD_REACTORS
330
10000106
102
}
330
10000106
100
AcDbXrecord
1000
JIn
  0
XRECORD
  5
1000010B
102
{ACAD_REACTORS
330
1000010A
102
}
330
1000010A
100
AcDbXrecord
1000
KPlC
  0
XRECORD
  5
1000010C
102
{ACAD_REACTORS
330
1000010A
102
}
330
1000010A
100
AcDbXrecord
1000
JIn
  0
XRECORD
  5
1000010F
102
{ACAD_REACTORS
330
1000010E
102
}
330
1000010E
100
AcDbXrecord
1000
KUBL
  0
XRECORD
  5
10000110
102
{ACAD_REACTORS
330
1000010E
102
}
330
1000010E
100
AcDbXrecord
1000
JIn
  0
XRECORD
  5
10000113
102
{ACAD_REACTORS
330
10000112
102
}
330
10000112
100
AcDbXrecord
1000
KURL
  0
XRECORD
  5
10000114
102
{ACAD_REACTORS
330
10000112
102
}
330
10000112
100
AcDbXrecord
1000
JIn
  0
XRECORD
  5
10000117
102
{ACAD_REACTORS
330
10000116
102
}
330
10000116
100
AcDbXrecord
1000
KV1C
  0
XRECORD
  5
10000118
102
{ACAD_REACTORS
330
10000116
102
}
330
10000116
100
AcDbXrecord
1000
JIn
  0
XRECORD
  5
1000011B
102
{ACAD_REACTORS
330
1000011A
102
}
330
1000011A
100
AcDbXrecord
1000
KWJW
  0
XRECORD
  5
1000011C
102
{ACAD_REACTORS
330
1000011A
102
}
330
1000011A
100
AcDbXrecord
1000
JIn
  0
XRECORD
  5
1000011F
102
{ACAD_REACTORS
330
1000011E
102
}
330
1000011E
100
AcDbXrecord
1000
KUhK
  0
XRECORD
  5
10000120
102
{ACAD_REACTORS
330
1000011E
102
}
330
1000011E
100
AcDbXrecord
1000
JIn
  0
XRECORD
  5
10000123
102
{ACAD_REACTORS
330
10000122
102
}
330
10000122
100
AcDbXrecord
1000
KWVa
  0
XRECORD
  5
10000124
102
{ACAD_REACTORS
330
10000122
102
}
330
10000122
100
AcDbXrecord
1000
JIn
  0
XRECORD
  5
10000127
102
{ACAD_REACTORS
330
10000126
102
}
330
10000126
100
AcDbXrecord
1000
KWhV
  0
XRECORD
  5
10000128
102
{ACAD_REACTORS
330
10000126
102
}
330
10000126
100
AcDbXrecord
1000
JIn
  0
XRECORD
  5
1000012B
102
{ACAD_REACTORS
330
1000012A
102
}
330
1000012A
100
AcDbXrecord
1000
KU5K
  0
XRECORD
  5
1000012C
102
{ACAD_REACTORS
330
1000012A
102
}
330
1000012A
100
AcDbXrecord
1000
JIn
  0
XRECORD
  5
1000012F
102
{ACAD_REACTORS
330
1000012E
102
}
330
1000012E
100
AcDbXrecord
1000
KU5J
  0
XRECORD
  5
10000130
102
{ACAD_REACTORS
330
1000012E
102
}
330
1000012E
100
AcDbXrecord
1000
JIn
  0
XRECORD
  5
10000133
102
{ACAD_REACTORS
330
10000132
102
}
330
10000132
100
AcDbXrecord
1000
KP9C
  0
XRECORD
  5
10000134
102
{ACAD_REACTORS
330
10000132
102
}
330
10000132
100
AcDbXrecord
1000
JIn
  0
XRECORD
  5
10000137
102
{ACAD_REACTORS
330
10000136
102
}
330
10000136
100
AcDbXrecord
1000
KUZK
  0
XRECORD
  5
10000138
102
{ACAD_REACTORS
330
10000136
102
}
330
10000136
100
AcDbXrecord
1000
JIn
  0
XRECORD
  5
1000013B
102
{ACAD_REACTORS
330
1000013A
102
}
330
1000013A
100
AcDbXrecord
1000
KWVb
  0
XRECORD
  5
1000013C
102
{ACAD_REACTORS
330
1000013A
102
}
330
1000013A
100
AcDbXrecord
1000
JIn
  0
XRECORD
  5
1000013F
102
{ACAD_REACTORS
330
1000013E
102
}
330
1000013E
100
AcDbXrecord
1000
KWNV
  0
XRECORD
  5
10000140
102
{ACAD_REACTORS
330
1000013E
102
}
330
1000013E
100
AcDbXrecord
1000
JIn
  0
XRECORD
  5
10000143
102
{ACAD_REACTORS
330
10000142
102
}
330
10000142
100
AcDbXrecord
1000
KP9E
  0
XRECORD
  5
10000144
102
{ACAD_REACTORS
330
10000142
102
}
330
10000142
100
AcDbXrecord
1000
JIn
  0
XRECORD
  5
10000147
102
{ACAD_REACTORS
330
10000146
102
}
330
10000146
100
AcDbXrecord
1000
KUpK
  0
XRECORD
  5
10000148
102
{ACAD_REACTORS
330
10000146
102
}
330
10000146
100
AcDbXrecord
1000
JIn
  0
XRECORD
  5
1000014B
102
{ACAD_REACTORS
330
1000014A
102
}
330
1000014A
100
AcDbXrecord
1000
KUxK
  0
XRECORD
  5
1000014C
102
{ACAD_REACTORS
330
1000014A
102
}
330
1000014A
100
AcDbXrecord
1000
JIn
  0
XRECORD
  5
1000014F
102
{ACAD_REACTORS
330
1000014E
102
}
330
1000014E
100
AcDbXrecord
1000
KUBN
  0
XRECORD
  5
10000150
102
{ACAD_REACTORS
330
1000014E
102
}
330
1000014E
100
AcDbXrecord
1000
JIn
  0
XRECORD
  5
10000153
102
{ACAD_REACTORS
330
10000152
102
}
330
10000152
100
AcDbXrecord
1000
KWxW
  0
XRECORD
  5
10000154
102
{ACAD_REACTORS
330
10000152
102
}
330
10000152
100
AcDbXrecord
1000
JIn
  0
XRECORD
  5
10000157
102
{ACAD_REACTORS
330
10000156
102
}
330
10000156
100
AcDbXrecord
1000
KPVC
  0
XRECORD
  5
10000158
102
{ACAD_REACTORS
330
10000156
102
}
330
10000156
100
AcDbXrecord
1000
JIn
  0
XRECORD
  5
1000015B
102
{ACAD_REACTORS
330
1000015A
102
}
330
1000015A
100
AcDbXrecord
1000
KP9D
  0
XRECORD
  5
1000015C
102
{ACAD_REACTORS
330
1000015A
102
}
330
1000015A
100
AcDbXrecord
1000
JIn
  0
XRECORD
  5
1000015F
102
{ACAD_REACTORS
330
1000015E
102
}
330
1000015E
100
AcDbXrecord
1000
KWdb
  0
XRECORD
  5
10000160
102
{ACAD_REACTORS
330
1000015E
102
}
330
1000015E
100
AcDbXrecord
1000
JIn
  0
XRECORD
  5
10000163
102
{ACAD_REACTORS
330
10000162
102
}
330
10000162
100
AcDbXrecord
1000
KUZL
  0
XRECORD
  5
10000164
102
{ACAD_REACTORS
330
10000162
102
}
330
10000162
100
AcDbXrecord
1000
JIn
  0
XRECORD
  5
10000167
102
{ACAD_REACTORS
330
10000166
102
}
330
10000166
100
AcDbXrecord
1000
KW1a
  0
XRECORD
  5
10000168
102
{ACAD_REACTORS
330
10000166
102
}
330
10000166
100
AcDbXrecord
1000
JIn
  0
XRECORD
  5
1000016B
102
{ACAD_REACTORS
330
1000016A
102
}
330
1000016A
100
AcDbXrecord
1000
KUhL
  0
XRECORD
  5
1000016C
102
{ACAD_REACTORS
330
1000016A
102
}
330
1000016A
100
AcDbXrecord
1000
JIn
  0
XRECORD
  5
1000016F
102
{ACAD_REACTORS
330
1000016E
102
}
330
1000016E
100
AcDbXrecord
1000
KW5W
  0
XRECORD
  5
10000170
102
{ACAD_REACTORS
330
1000016E
102
}
330
1000016E
100
AcDbXrecord
1000
JIn
  0
XRECORD
  5
10000173
102
{ACAD_REACTORS
330
10000172
102
}
330
10000172
100
AcDbXrecord
1000
KWNN
  0
XRECORD
  5
10000174
102
{ACAD_REACTORS
330
10000172
102
}
330
10000172
100
AcDbXrecord
1000
JIn
  0
XRECORD
  5
10000177
102
{ACAD_REACTORS
330
10000176
102
}
330
10000176
100
AcDbXrecord
1000
KUpL
  0
XRECORD
  5
10000178
102
{ACAD_REACTORS
330
10000176
102
}
330
10000176
100
AcDbXrecord
1000
JIn
  0
XRECORD
  5
1000017B
102
{ACAD_REACTORS
330
1000017A
102
}
330
1000017A
100
AcDbXrecord
1000
KUpM
  0
XRECORD
  5
1000017C
102
{ACAD_REACTORS
330
1000017A
102
}
330
1000017A
100
AcDbXrecord
1000
JIn
  0
XRECORD
  5
1000017F
102
{ACAD_REACTORS
330
1000017E
102
}
330
1000017E
100
AcDbXrecord
1000
KUVI
  0
XRECORD
  5
10000180
102
{ACAD_REACTORS
330
1000017E
102
}
330
1000017E
100
AcDbXrecord
1000
JIn
  0
XRECORD
  5
10000183
102
{ACAD_REACTORS
330
10000182
102
}
330
10000182
100
AcDbXrecord
1000
JXF
  0
XRECORD
  5
10000184
102
{ACAD_REACTORS
330
10000182
102
}
330
10000182
100
AcDbXrecord
1000
JIn
  0
XRECORD
  5
10000187
102
{ACAD_REACTORS
330
10000186
102
}
330
10000186
100
AcDbXrecord
1000
KWpX
  0
XRECORD
  5
10000188
102
{ACAD_REACTORS
330
10000186
102
}
330
10000186
100
AcDbXrecord
1000
JIn
  0
XRECORD
  5
1000018B
102
{ACAD_REACTORS
330
1000018A
102
}
330
1000018A
100
AcDbXrecord
1000
KWhW
  0
XRECORD
  5
1000018C
102
{ACAD_REACTORS
330
1000018A
102
}
330
1000018A
100
AcDbXrecord
1000
JIn
  0
XRECORD
  5
1000018F
102
{ACAD_REACTORS
330
1000018E
102
}
330
1000018E
100
AcDbXrecord
1000
KW9M
  0
XRECORD
  5
10000190
102
{ACAD_REACTORS
330
1000018E
102
}
330
1000018E
100
AcDbXrecord
1000
JIn
  0
XRECORD
  5
10000193
102
{ACAD_REACTORS
330
10000192
102
}
330
10000192
100
AcDbXrecord
1000
KWBW
  0
XRECORD
  5
10000194
102
{ACAD_REACTORS
330
10000192
102
}
330
10000192
100
AcDbXrecord
1000
JIn
  0
XRECORD
  5
10000197
102
{ACAD_REACTORS
330
10000196
102
}
330
10000196
100
AcDbXrecord
1000
KW1M
  0
XRECORD
  5
10000198
102
{ACAD_REACTORS
330
10000196
102
}
330
10000196
100
AcDbXrecord
1000
JIn
  0
XRECORD
  5
1000019B
102
{ACAD_REACTORS
330
1000019A
102
}
330
1000019A
100
AcDbXrecord
1000
KWZV
  0
XRECORD
  5
1000019C
102
{ACAD_REACTORS
330
1000019A
102
}
330
1000019A
100
AcDbXrecord
1000
JIn
  0
XRECORD
  5
1000019F
102
{ACAD_REACTORS
330
1000019E
102
}
330
1000019E
100
AcDbXrecord
1000
KWNb
  0
XRECORD
  5
100001A0
102
{ACAD_REACTORS
330
1000019E
102
}
330
1000019E
100
AcDbXrecord
1000
JIn
  0
XRECORD
  5
100001A3
102
{ACAD_REACTORS
330
100001A2
102
}
330
100001A2
100
AcDbXrecord
1000
KWxV
  0
XRECORD
  5
100001A4
102
{ACAD_REACTORS
330
100001A2
102
}
330
100001A2
100
AcDbXrecord
1000
JIn
  0
XRECORD
  5
100001A7
102
{ACAD_REACTORS
330
100001A6
102
}
330
100001A6
100
AcDbXrecord
1000
KWtM
  0
XRECORD
  5
100001A8
102
{ACAD_REACTORS
330
100001A6
102
}
330
100001A6
100
AcDbXrecord
1000
JIn
  0
XRECORD
  5
100001AB
102
{ACAD_REACTORS
330
100001AA
102
}
330
100001AA
100
AcDbXrecord
1000
KWVM
  0
XRECORD
  5
100001AC
102
{ACAD_REACTORS
330
100001AA
102
}
330
100001AA
100
AcDbXrecord
1000
JIn
  0
XRECORD
  5
100001AF
102
{ACAD_REACTORS
330
100001AE
102
}
330
100001AE
100
AcDbXrecord
1000
KWRV
  0
XRECORD
  5
100001B0
102
{ACAD_REACTORS
330
100001AE
102
}
330
100001AE
100
AcDbXrecord
1000
JIn
  0
XRECORD
  5
100001B3
102
{ACAD_REACTORS
330
100001B2
102
}
330
100001B2
100
AcDbXrecord
1000
KWdU
  0
XRECORD
  5
100001B4
102
{ACAD_REACTORS
330
100001B2
102
}
330
100001B2
100
AcDbXrecord
1000
JIn
  0
XRECORD
  5
100001B7
102
{ACAD_REACTORS
330
100001B6
102
}
330
100001B6
100
AcDbXrecord
1000
KWFV
  0
XRECORD
  5
100001B8
102
{ACAD_REACTORS
330
100001B6
102
}
330
100001B6
100
AcDbXrecord
1000
JIn
  0
XRECORD
  5
100001BB
102
{ACAD_REACTORS
330
100001BA
102
}
330
100001BA
100
AcDbXrecord
1000
KVND
  0
XRECORD
  5
100001BC
102
{ACAD_REACTORS
330
100001BA
102
}
330
100001BA
100
AcDbXrecord
1000
JIn
  0
XRECORD
  5
100001BF
102
{ACAD_REACTORS
330
100001BE
102
}
330
100001BE
100
AcDbXrecord
1000
KWlU
  0
XRECORD
  5
100001C0
102
{ACAD_REACTORS
330
100001BE
102
}
330
100001BE
100
AcDbXrecord
1000
JIn
  0
XRECORD
  5
100001C3
102
{ACAD_REACTORS
330
100001C2
102
}
330
100001C2
100
AcDbXrecord
1000
KWla
  0
XRECORD
  5
100001C4
102
{ACAD_REACTORS
330
100001C2
102
}
330
100001C2
100
AcDbXrecord
1000
JIn
  0
XRECORD
  5
100001C7
102
{ACAD_REACTORS
330
100001C6
102
}
330
100001C6
100
AcDbXrecord
1000
KWFb
  0
XRECORD
  5
100001C8
102
{ACAD_REACTORS
330
100001C6
102
}
330
100001C6
100
AcDbXrecord
1000
JIn
  0
XRECORD
  5
100001CB
102
{ACAD_REACTORS
330
100001CA
102
}
330
100001CA
100
AcDbXrecord
1000
KVFC
  0
XRECORD
  5
100001CC
102
{ACAD_REACTORS
330
100001CA
102
}
330
100001CA
100
AcDbXrecord
1000
JIn
  0
XRECORD
  5
100001CF
102
{ACAD_REACTORS
330
100001CE
102
}
330
100001CE
100
AcDbXrecord
1000
KW9a
  0
XRECORD
  5
100001D0
102
{ACAD_REACTORS
330
100001CE
102
}
330
100001CE
100
AcDbXrecord
1000
JIn
  0
XRECORD
  5
100001D3
102
{ACAD_REACTORS
330
100001D2
102
}
330
100001D2
100
AcDbXrecord
1000
KU9I
  0
XRECORD
  5
100001D4
102
{ACAD_REACTORS
330
100001D2
102
}
330
100001D2
100
AcDbXrecord
1000
JIn
  0
XRECORD
  5
100001D7
102
{ACAD_REACTORS
330
100001D6
102
}
330
100001D6
100
AcDbXrecord
1000
KUJL
  0
XRECORD
  5
100001D8
102
{ACAD_REACTORS
330
100001D6
102
}
330
100001D6
100
AcDbXrecord
1000
JIn
  0
XRECORD
  5
100001DB
102
{ACAD_REACTORS
330
100001DA
102
}
330
100001DA
100
AcDbXrecord
1000
KW9Z
  0
XRECORD
  5
100001DC
102
{ACAD_REACTORS
330
100001DA
102
}
330
100001DA
100
AcDbXrecord
1000
JIn
  0
XRECORD
  5
100001DF
102
{ACAD_REACTORS
330
100001DE
102
}
330
100001DE
100
AcDbXrecord
1000
KWlZ
  0
XRECORD
  5
100001E0
102
{ACAD_REACTORS
330
100001DE
102
}
330
100001DE
100
AcDbXrecord
1000
JIn
  0
XRECORD
  5
100001E3
102
{ACAD_REACTORS
330
100001E2
102
}
330
100001E2
100
AcDbXrecord
1000
KWFa
  0
XRECORD
  5
100001E4
102
{ACAD_REACTORS
330
100001E2
102
}
330
100001E2
100
AcDbXrecord
1000
JIn
  0
XRECORD
  5
100001E7
102
{ACAD_REACTORS
330
100001E6
102
}
330
100001E6
100
AcDbXrecord
1000
KW1Z
  0
XRECORD
  5
100001E8
102
{ACAD_REACTORS
330
100001E6
102
}
330
100001E6
100
AcDbXrecord
1000
JIn
  0
XRECORD
  5
100001EB
102
{ACAD_REACTORS
330
100001EA
102
}
330
100001EA
100
AcDbXrecord
1000
KWlS
  0
XRECORD
  5
100001EC
102
{ACAD_REACTORS
330
100001EA
102
}
330
100001EA
100
AcDbXrecord
1000
JIn
  0
XRECORD
  5
100001EF
102
{ACAD_REACTORS
330
100001EE
102
}
330
100001EE
100
AcDbXrecord
1000
KWVS
  0
XRECORD
  5
100001F0
102
{ACAD_REACTORS
330
100001EE
102
}
330
100001EE
100
AcDbXrecord
1000
JIn
  0
XRECORD
  5
100001F3
102
{ACAD_REACTORS
330
100001F2
102
}
330
100001F2
100
AcDbXrecord
1000
KWVQ
  0
XRECORD
  5
100001F4
102
{ACAD_REACTORS
330
100001F2
102
}
330
100001F2
100
AcDbXrecord
1000
JIn
  0
XRECORD
  5
100001F7
102
{ACAD_REACTORS
330
100001F6
102
}
330
100001F6
100
AcDbXrecord
1000
KWVR
  0
XRECORD
  5
100001F8
102
{ACAD_REACTORS
330
100001F6
102
}
330
100001F6
100
AcDbXrecord
1000
JIn
  0
XRECORD
  5
100001FB
102
{ACAD_REACTORS
330
100001FA
102
}
330
100001FA
100
AcDbXrecord
1000
KWlR
  0
XRECORD
  5
100001FC
102
{ACAD_REACTORS
330
100001FA
102
}
330
100001FA
100
AcDbXrecord
1000
JIn
  0
XRECORD
  5
100001FF
102
{ACAD_REACTORS
330
100001FE
102
}
330
100001FE
100
AcDbXrecord
1000
KWtP
  0
XRECORD
  5
10000200
102
{ACAD_REACTORS
330
100001FE
102
}
330
100001FE
100
AcDbXrecord
1000
JIn
  0
XRECORD
  5
10000203
102
{ACAD_REACTORS
330
10000202
102
}
330
10000202
100
AcDbXrecord
1000
KWFZ
  0
XRECORD
  5
10000204
102
{ACAD_REACTORS
330
10000202
102
}
330
10000202
100
AcDbXrecord
1000
JIn
  0
XRECORD
  5
10000207
102
{ACAD_REACTORS
330
10000206
102
}
330
10000206
100
AcDbXrecord
1000
KWRT
  0
XRECORD
  5
10000208
102
{ACAD_REACTORS
330
10000206
102
}
330
10000206
100
AcDbXrecord
1000
JIn
  0
XRECORD
  5
1000020B
102
{ACAD_REACTORS
330
1000020A
102
}
330
1000020A
100
AcDbXrecord
1000
KWpY
  0
XRECORD
  5
1000020C
102
{ACAD_REACTORS
330
1000020A
102
}
330
1000020A
100
AcDbXrecord
1000
JIn
  0
XRECORD
  5
1000020F
102
{ACAD_REACTORS
330
1000020E
102
}
330
1000020E
100
AcDbXrecord
1000
KWNY
  0
XRECORD
  5
10000210
102
{ACAD_REACTORS
330
1000020E
102
}
330
1000020E
100
AcDbXrecord
1000
JIn
  0
XRECORD
  5
10000213
102
{ACAD_REACTORS
330
10000212
102
}
330
10000212
100
AcDbXrecord
1000
KW9P
  0
XRECORD
  5
10000214
102
{ACAD_REACTORS
330
10000212
102
}
330
10000212
100
AcDbXrecord
1000
JIn
  0
XRECORD
  5
10000217
102
{ACAD_REACTORS
330
10000216
102
}
330
10000216
100
AcDbXrecord
1000
KWVZ
  0
XRECORD
  5
10000218
102
{ACAD_REACTORS
330
10000216
102
}
330
10000216
100
AcDbXrecord
1000
JIn
  0
XRECORD
  5
1000021B
102
{ACAD_REACTORS
330
1000021A
102
}
330
1000021A
100
AcDbXrecord
1000
KWNa
  0
XRECORD
  5
1000021C
102
{ACAD_REACTORS
330
1000021A
102
}
330
1000021A
100
AcDbXrecord
1000
JIn
  0
XRECORD
  5
1000021F
102
{ACAD_REACTORS
330
1000021E
102
}
330
1000021E
100
AcDbXrecord
1000
KW1R
  0
XRECORD
  5
10000220
102
{ACAD_REACTORS
330
1000021E
102
}
330
1000021E
100
AcDbXrecord
1000
JIn
  0
XRECORD
  5
10000223
102
{ACAD_REACTORS
330
10000222
102
}
330
10000222
100
AcDbXrecord
1000
KWdY
  0
XRECORD
  5
10000224
102
{ACAD_REACTORS
330
10000222
102
}
330
10000222
100
AcDbXrecord
1000
JIn
  0
XRECORD
  5
10000227
102
{ACAD_REACTORS
330
10000226
102
}
330
10000226
100
AcDbXrecord
1000
KWFS
  0
XRECORD
  5
10000228
102
{ACAD_REACTORS
330
10000226
102
}
330
10000226
100
AcDbXrecord
1000
JIn
  0
XRECORD
  5
1000022B
102
{ACAD_REACTORS
330
1000022A
102
}
330
1000022A
100
AcDbXrecord
1000
KUpG
  0
XRECORD
  5
1000022C
102
{ACAD_REACTORS
330
1000022A
102
}
330
1000022A
100
AcDbXrecord
1000
JIn
  0
XRECORD
  5
1000022F
102
{ACAD_REACTORS
330
1000022E
102
}
330
1000022E
100
AcDbXrecord
1000
KUNC
  0
XRECORD
  5
10000230
102
{ACAD_REACTORS
330
1000022E
102
}
330
1000022E
100
AcDbXrecord
1000
JIn
  0
XRECORD
  5
10000233
102
{ACAD_REACTORS
330
10000232
102
}
330
10000232
100
AcDbXrecord
1000
KUtE
  0
XRECORD
  5
10000234
102
{ACAD_REACTORS
330
10000232
102
}
330
10000232
100
AcDbXrecord
1000
JIn
  0
XRECORD
  5
10000237
102
{ACAD_REACTORS
330
10000236
102
}
330
10000236
100
AcDbXrecord
1000
JUN
  0
XRECORD
  5
10000238
102
{ACAD_REACTORS
330
10000236
102
}
330
10000236
100
AcDbXrecord
1000
JIn
  0
XRECORD
  5
1000023B
102
{ACAD_REACTORS
330
1000023A
102
}
330
1000023A
100
AcDbXrecord
1000
KUZG
  0
XRECORD
  5
1000023C
102
{ACAD_REACTORS
330
1000023A
102
}
330
1000023A
100
AcDbXrecord
1000
JIn
  0
XRECORD
  5
1000023F
102
{ACAD_REACTORS
330
1000023E
102
}
330
1000023E
100
AcDbXrecord
1000
KWdP
  0
XRECORD
  5
10000240
102
{ACAD_REACTORS
330
1000023E
102
}
330
1000023E
100
AcDbXrecord
1000
JIn
  0
XRECORD
  5
10000243
102
{ACAD_REACTORS
330
10000242
102
}
330
10000242
100
AcDbXrecord
1000
KWNP
  0
XRECORD
  5
10000244
102
{ACAD_REACTORS
330
10000242
102
}
330
10000242
100
AcDbXrecord
1000
JIn
  0
XRECORD
  5
10000247
102
{ACAD_REACTORS
330
10000246
102
}
330
10000246
100
AcDbXrecord
1000
KW1S
  0
XRECORD
  5
10000248
102
{ACAD_REACTORS
330
10000246
102
}
330
10000246
100
AcDbXrecord
1000
JIn
  0
XRECORD
  5
1000024B
102
{ACAD_REACTORS
330
1000024A
102
}
330
1000024A
100
AcDbXrecord
1000
KWFT
  0
XRECORD
  5
1000024C
102
{ACAD_REACTORS
330
1000024A
102
}
330
1000024A
100
AcDbXrecord
1000
JIn
  0
XRECORD
  5
1000024F
102
{ACAD_REACTORS
330
1000024E
102
}
330
1000024E
100
AcDbXrecord
1000
KUdB
  0
XRECORD
  5
10000250
102
{ACAD_REACTORS
330
1000024E
102
}
330
1000024E
100
AcDbXrecord
1000
JIn
  0
XRECORD
  5
10000253
102
{ACAD_REACTORS
330
10000252
102
}
330
10000252
100
AcDbXrecord
1000
KW9O
  0
XRECORD
  5
10000254
102
{ACAD_REACTORS
330
10000252
102
}
330
10000252
100
AcDbXrecord
1000
JIn
  0
XRECORD
  5
10000257
102
{ACAD_REACTORS
330
10000256
102
}
330
10000256
100
AcDbXrecord
1000
KWhT
  0
XRECORD
  5
10000258
102
{ACAD_REACTORS
330
10000256
102
}
330
10000256
100
AcDbXrecord
1000
JIn
  0
XRECORD
  5
1000025B
102
{ACAD_REACTORS
330
1000025A
102
}
330
1000025A
100
AcDbXrecord
1000
KU5G
  0
XRECORD
  5
1000025C
102
{ACAD_REACTORS
330
1000025A
102
}
330
1000025A
100
AcDbXrecord
1000
JIn
  0
XRECORD
  5
1000025F
102
{ACAD_REACTORS
330
1000025E
102
}
330
1000025E
100
AcDbXrecord
1000
JYN
  0
XRECORD
  5
10000260
102
{ACAD_REACTORS
330
1000025E
102
}
330
1000025E
100
AcDbXrecord
1000
JIn
  0
XRECORD
  5
10000263
102
{ACAD_REACTORS
330
10000262
102
}
330
10000262
100
AcDbXrecord
1000
KWdO
  0
XRECORD
  5
10000264
102
{ACAD_REACTORS
330
10000262
102
}
330
10000262
100
AcDbXrecord
1000
JIn
  0
XRECORD
  5
10000267
102
{ACAD_REACTORS
330
10000266
102
}
330
10000266
100
AcDbXrecord
1000
JVl
  0
XRECORD
  5
10000268
102
{ACAD_REACTORS
330
10000266
102
}
330
10000266
100
AcDbXrecord
1000
JIn
  0
XRECORD
  5
1000026B
102
{ACAD_REACTORS
330
1000026A
102
}
330
1000026A
100
AcDbXrecord
1000
KV9B
  0
XRECORD
  5
1000026C
102
{ACAD_REACTORS
330
1000026A
102
}
330
1000026A
100
AcDbXrecord
1000
JIn
  0
XRECORD
  5
1000026F
102
{ACAD_REACTORS
330
1000026E
102
}
330
1000026E
100
AcDbXrecord
1000
KWlQ
  0
XRECORD
  5
10000270
102
{ACAD_REACTORS
330
1000026E
102
}
330
1000026E
100
AcDbXrecord
1000
JIn
  0
XRECORD
  5
10000273
102
{ACAD_REACTORS
330
10000272
102
}
330
10000272
100
AcDbXrecord
1000
KU9C
  0
XRECORD
  5
10000274
102
{ACAD_REACTORS
330
10000272
102
}
330
10000272
100
AcDbXrecord
1000
JIn
  0
XRECORD
  5
10000277
102
{ACAD_REACTORS
330
10000276
102
}
330
10000276
100
AcDbXrecord
1000
KU9B
  0
XRECORD
  5
10000278
102
{ACAD_REACTORS
330
10000276
102
}
330
10000276
100
AcDbXrecord
1000
JIn
  0
XRECORD
  5
1000027B
102
{ACAD_REACTORS
330
1000027A
102
}
330
1000027A
100
AcDbXrecord
1000
KUNF
  0
XRECORD
  5
1000027C
102
{ACAD_REACTORS
330
1000027A
102
}
330
1000027A
100
AcDbXrecord
1000
JIn
  0
XRECORD
  5
1000027F
102
{ACAD_REACTORS
330
1000027E
102
}
330
1000027E
100
AcDbXrecord
1000
JUt
  0
XRECORD
  5
10000280
102
{ACAD_REACTORS
330
1000027E
102
}
330
1000027E
100
AcDbXrecord
1000
JIn
  0
XRECORD
  5
10000283
102
{ACAD_REACTORS
330
10000282
102
}
330
10000282
100
AcDbXrecord
1000
KVVC
  0
XRECORD
  5
10000284
102
{ACAD_REACTORS
330
10000282
102
}
330
10000282
100
AcDbXrecord
1000
JIn
  0
XRECORD
  5
10000287
102
{ACAD_REACTORS
330
10000286
102
}
330
10000286
100
AcDbXrecord
1000
KVNC
  0
XRECORD
  5
10000288
102
{ACAD_REACTORS
330
10000286
102
}
330
10000286
100
AcDbXrecord
1000
JIn
  0
XRECORD
  5
1000028B
102
{ACAD_REACTORS
330
1000028A
102
}
330
1000028A
100
AcDbXrecord
1000
KWNO
  0
XRECORD
  5
1000028C
102
{ACAD_REACTORS
330
1000028A
102
}
330
1000028A
100
AcDbXrecord
1000
JIn
  0
XRECORD
  5
1000028F
102
{ACAD_REACTORS
330
1000028E
102
}
330
1000028E
100
AcDbXrecord
1000
KUtB
  0
XRECORD
  5
10000290
102
{ACAD_REACTORS
330
1000028E
102
}
330
1000028E
100
AcDbXrecord
1000
JIn
  0
XRECORD
  5
10000293
102
{ACAD_REACTORS
330
10000292
102
}
330
10000292
100
AcDbXrecord
1000
KUdE
  0
XRECORD
  5
10000294
102
{ACAD_REACTORS
330
10000292
102
}
330
10000292
100
AcDbXrecord
1000
JIn
  0
XRECORD
  5
10000297
102
{ACAD_REACTORS
330
10000296
102
}
330
10000296
100
AcDbXrecord
1000
KW9N
  0
XRECORD
  5
10000298
102
{ACAD_REACTORS
330
10000296
102
}
330
10000296
100
AcDbXrecord
1000
JIn
  0
XRECORD
  5
1000029B
102
{ACAD_REACTORS
330
1000029A
102
}
330
1000029A
100
AcDbXrecord
1000
KVtB
  0
XRECORD
  5
1000029C
102
{ACAD_REACTORS
330
1000029A
102
}
330
1000029A
100
AcDbXrecord
1000
JIn
  0
XRECORD
  5
1000029F
102
{ACAD_REACTORS
330
1000029E
102
}
330
1000029E
100
AcDbXrecord
1000
KUtF
  0
XRECORD
  5
100002A0
102
{ACAD_REACTORS
330
1000029E
102
}
330
1000029E
100
AcDbXrecord
1000
JIn
  0
XRECORD
  5
100002A3
102
{ACAD_REACTORS
330
100002A2
102
}
330
100002A2
100
AcDbXrecord
1000
KUND
  0
XRECORD
  5
100002A4
102
{ACAD_REACTORS
330
100002A2
102
}
330
100002A2
100
AcDbXrecord
1000
JIn
  0
XRECORD
  5
100002A7
102
{ACAD_REACTORS
330
100002A6
102
}
330
100002A6
100
AcDbXrecord
1000
KUdF
  0
XRECORD
  5
100002A8
102
{ACAD_REACTORS
330
100002A6
102
}
330
100002A6
100
AcDbXrecord
1000
JIn
  0
XRECORD
  5
100002AB
102
{ACAD_REACTORS
330
100002AA
102
}
330
100002AA
100
AcDbXrecord
1000
KUJH
  0
XRECORD
  5
100002AC
102
{ACAD_REACTORS
330
100002AA
102
}
330
100002AA
100
AcDbXrecord
1000
JIn
  0
XRECORD
  5
100002AF
102
{ACAD_REACTORS
330
100002AE
102
}
330
100002AE
100
AcDbXrecord
1000
KWRU
  0
XRECORD
  5
100002B0
102
{ACAD_REACTORS
330
100002AE
102
}
330
100002AE
100
AcDbXrecord
1000
JIn
  0
XRECORD
  5
100002B3
102
{ACAD_REACTORS
330
100002B2
102
}
330
100002B2
100
AcDbXrecord
1000
KW1Q
  0
XRECORD
  5
100002B4
102
{ACAD_REACTORS
330
100002B2
102
}
330
100002B2
100
AcDbXrecord
1000
JIn
  0
XRECORD
  5
100002B7
102
{ACAD_REACTORS
330
100002B6
102
}
330
100002B6
100
AcDbXrecord
1000
KUZH
  0
XRECORD
  5
100002B8
102
{ACAD_REACTORS
330
100002B6
102
}
330
100002B6
100
AcDbXrecord
1000
JIn
  0
XRECORD
  5
100002BB
102
{ACAD_REACTORS
330
100002BA
102
}
330
100002BA
100
AcDbXrecord
1000
KVNB
  0
XRECORD
  5
100002BC
102
{ACAD_REACTORS
330
100002BA
102
}
330
100002BA
100
AcDbXrecord
1000
JIn
  0
XRECORD
  5
100002BF
102
{ACAD_REACTORS
330
100002BE
102
}
330
100002BE
100
AcDbXrecord
1000
JVx
  0
XRECORD
  5
100002C0
102
{ACAD_REACTORS
330
100002BE
102
}
330
100002BE
100
AcDbXrecord
1000
JIn
  0
XRECORD
  5
100002C3
102
{ACAD_REACTORS
330
100002C2
102
}
330
100002C2
100
AcDbXrecord
1000
KU9E
  0
XRECORD
  5
100002C4
102
{ACAD_REACTORS
330
100002C2
102
}
330
100002C2
100
AcDbXrecord
1000
JIn
  0
XRECORD
  5
100002C7
102
{ACAD_REACTORS
330
100002C6
102
}
330
100002C6
100
AcDbXrecord
1000
JU9
  0
XRECORD
  5
100002C8
102
{ACAD_REACTORS
330
100002C6
102
}
330
100002C6
100
AcDbXrecord
1000
JIn
  0
XRECORD
  5
100002CB
102
{ACAD_REACTORS
330
100002CA
102
}
330
100002CA
100
AcDbXrecord
1000
KW5Y
  0
XRECORD
  5
100002CC
102
{ACAD_REACTORS
330
100002CA
102
}
330
100002CA
100
AcDbXrecord
1000
JIn
  0
XRECORD
  5
100002CF
102
{ACAD_REACTORS
330
100002CE
102
}
330
100002CE
100
AcDbXrecord
1000
KVBB
  0
XRECORD
  5
100002D0
102
{ACAD_REACTORS
330
100002CE
102
}
330
100002CE
100
AcDbXrecord
1000
JIn
  0
XRECORD
  5
100002D3
102
{ACAD_REACTORS
330
100002D2
102
}
330
100002D2
100
AcDbXrecord
1000
KWxT
  0
XRECORD
  5
100002D4
102
{ACAD_REACTORS
330
100002D2
102
}
330
100002D2
100
AcDbXrecord
1000
JIn
  0
XRECORD
  5
100002D7
102
{ACAD_REACTORS
330
100002D6
102
}
330
100002D6
100
AcDbXrecord
1000
KWFR
  0
XRECORD
  5
100002D8
102
{ACAD_REACTORS
330
100002D6
102
}
330
100002D6
100
AcDbXrecord
1000
JIn
  0
XRECORD
  5
100002DB
102
{ACAD_REACTORS
330
100002DA
102
}
330
100002DA
100
AcDbXrecord
1000
KWBU
  0
XRECORD
  5
100002DC
102
{ACAD_REACTORS
330
100002DA
102
}
330
100002DA
100
AcDbXrecord
1000
JIn
  0
XRECORD
  5
100002DF
102
{ACAD_REACTORS
330
100002DE
102
}
330
100002DE
100
AcDbXrecord
1000
JVV
  0
XRECORD
  5
100002E0
102
{ACAD_REACTORS
330
100002DE
102
}
330
100002DE
100
AcDbXrecord
1000
JIn
  0
XRECORD
  5
100002E3
102
{ACAD_REACTORS
330
100002E2
102
}
330
100002E2
100
AcDbXrecord
1000
JUd
  0
XRECORD
  5
100002E4
102
{ACAD_REACTORS
330
100002E2
102
}
330
100002E2
100
AcDbXrecord
1000
JIn
  0
XRECORD
  5
100002E7
102
{ACAD_REACTORS
330
100002E6
102
}
330
100002E6
100
AcDbXrecord
1000
KWtO
  0
XRECORD
  5
100002E8
102
{ACAD_REACTORS
330
100002E6
102
}
330
100002E6
100
AcDbXrecord
1000
JIn
  0
XRECORD
  5
100002EB
102
{ACAD_REACTORS
330
100002EA
102
}
330
100002EA
100
AcDbXrecord
1000
KU9D
  0
XRECORD
  5
100002EC
102
{ACAD_REACTORS
330
100002EA
102
}
330
100002EA
100
AcDbXrecord
1000
JIn
  0
XRECORD
  5
100002EF
102
{ACAD_REACTORS
330
100002EE
102
}
330
100002EE
100
AcDbXrecord
1000
KUNB
  0
XRECORD
  5
100002F0
102
{ACAD_REACTORS
330
100002EE
102
}
330
100002EE
100
AcDbXrecord
1000
JIn
  0
XRECORD
  5
100002F3
102
{ACAD_REACTORS
330
100002F2
102
}
330
100002F2
100
AcDbXrecord
1000
KVdB
  0
XRECORD
  5
100002F4
102
{ACAD_REACTORS
330
100002F2
102
}
330
100002F2
100
AcDbXrecord
1000
JIn
  0
XRECORD
  5
100002F7
102
{ACAD_REACTORS
330
100002F6
102
}
330
100002F6
100
AcDbXrecord
1000
KUNE
  0
XRECORD
  5
100002F8
102
{ACAD_REACTORS
330
100002F6
102
}
330
100002F6
100
AcDbXrecord
1000
JIn
  0
XRECORD
  5
100002FB
102
{ACAD_REACTORS
330
100002FA
102
}
330
100002FA
100
AcDbXrecord
1000
KU9F
  0
XRECORD
  5
100002FC
102
{ACAD_REACTORS
330
100002FA
102
}
330
100002FA
100
AcDbXrecord
1000
JIn
  0
XRECORD
  5
100002FF
102
{ACAD_REACTORS
330
100002FE
102
}
330
100002FE
100
AcDbXrecord
1000
KUNG
  0
XRECORD
  5
10000300
102
{ACAD_REACTORS
330
100002FE
102
}
330
100002FE
100
AcDbXrecord
1000
JIn
  0
MATERIAL
  5
45
102
{ACAD_REACTORS
330
43
102
}
102
{ACAD_XDICTIONARY
360
10000336
102
}
330
43
100
AcDbMaterial
  1
BYBLOCK
  0
MATERIAL
  5
44
102
{ACAD_REACTORS
330
43
102
}
102
{ACAD_XDICTIONARY
360
10000334
102
}
330
43
100
AcDbMaterial
  1
BYLAYER
  0
MATERIAL
  5
46
102
{ACAD_REACTORS
330
43
102
}
102
{ACAD_XDICTIONARY
360
10000338
102
}
330
43
100
AcDbMaterial
  1
GLOBAL
  0
ACAD_PROXY_OBJECT
  5
5C
102
{ACAD_REACTORS
330
5B
102
}
330
5B
100
AcDbProxyObject
 90
      499
 91
      505
 93
      610
310
40901902A4063FBFFFFFE0000000000000020400000000000020404214DD185B99185C990000000000000104090141901A00000000000004100000000000000041025764000000000000039000
340
14
340
0
340
11
340
0
 94
        0
1001
ACAD_MLEADERVER
1070
     2
  0
MLINESTYLE
  5
18
102
{ACAD_REACTORS
330
17
102
}
330
17
100
AcDbMlineStyle
  2
Standard
 70
     0
  3

 62
   256
 51
90.0
 52
90.0
 71
     2
 49
0.5
 62
   256
  6
BYLAYER
 49
-0.5
 62
   256
  6
BYLAYER
  0
ACAD_PROXY_OBJECT
  5
10000023
102
{ACAD_REACTORS
330
47
102
}
330
47
100
AcDbProxyObject
 90
      499
 91
      503
 93
      121
310
9053130303A310000000000001650100
  0
ACAD_PROXY_OBJECT
  5
1000001D
102
{ACAD_REACTORS
330
47
102
}
330
47
100
AcDbProxyObject
 90
      499
 91
      503
 93
      113
310
90431303A310000000000000910100
  0
ACAD_PROXY_OBJECT
  5
1000001E
102
{ACAD_REACTORS
330
47
102
}
330
47
100
AcDbProxyObject
 90
      499
 91
      503
 93
      113
310
90431323A310000000000000A10100
  0
ACAD_PROXY_OBJECT
  5
1000001F
102
{ACAD_REACTORS
330
47
102
}
330
47
100
AcDbProxyObject
 90
      499
 91
      503
 93
      113
310
90431363A310000000000000C10100
  0
ACAD_PROXY_OBJECT
  5
10000006
102
{ACAD_REACTORS
330
47
102
}
330
47
100
AcDbProxyObject
 90
      499
 91
      503
 93
       41
310
903313A31500
  0
ACAD_PROXY_OBJECT
  5
1000000D
102
{ACAD_REACTORS
330
47
102
}
330
47
100
AcDbProxyObject
 90
      499
 91
      503
 93
      113
310
904313A31304000000000000244000
  0
ACAD_PROXY_OBJECT
  5
10000016
102
{ACAD_REACTORS
330
47
102
}
330
47
100
AcDbProxyObject
 90
      499
 91
      503
 93
      121
310
905313A3130304000000000000594000
  0
ACAD_PROXY_OBJECT
  5
1000000E
102
{ACAD_REACTORS
330
47
102
}
330
47
100
AcDbProxyObject
 90
      499
 91
      503
 93
      113
310
904313A31324000000000000284000
  0
ACAD_PROXY_OBJECT
  5
1000000F
102
{ACAD_REACTORS
330
47
102
}
330
47
100
AcDbProxyObject
 90
      499
 91
      503
 93
      113
310
904313A31364000000000000304000
  0
ACAD_PROXY_OBJECT
  5
10000007
102
{ACAD_REACTORS
330
47
102
}
330
47
100
AcDbProxyObject
 90
      499
 91
      503
 93
      105
310
903313A324000000000000004000
  0
ACAD_PROXY_OBJECT
  5
10000010
102
{ACAD_REACTORS
330
47
102
}
330
47
100
AcDbProxyObject
 90
      499
 91
      503
 93
      113
310
904313A32304000000000000344000
  0
ACAD_PROXY_OBJECT
  5
10000011
102
{ACAD_REACTORS
330
47
102
}
330
47
100
AcDbProxyObject
 90
      499
 91
      503
 93
      113
310
904313A32354000000000000394000
  0
ACAD_PROXY_OBJECT
  5
10000008
102
{ACAD_REACTORS
330
47
102
}
330
47
100
AcDbProxyObject
 90
      499
 91
      503
 93
      105
310
903313A334000000000000084000
  0
ACAD_PROXY_OBJECT
  5
10000012
102
{ACAD_REACTORS
330
47
102
}
330
47
100
AcDbProxyObject
 90
      499
 91
      503
 93
      113
310
904313A33324000000000000404000
  0
ACAD_PROXY_OBJECT
  5
10000009
102
{ACAD_REACTORS
330
47
102
}
330
47
100
AcDbProxyObject
 90
      499
 91
      503
 93
      105
310
903313A344000000000000104000
  0
ACAD_PROXY_OBJECT
  5
10000013
102
{ACAD_REACTORS
330
47
102
}
330
47
100
AcDbProxyObject
 90
      499
 91
      503
 93
      113
310
904313A34304000000000000444000
  0
ACAD_PROXY_OBJECT
  5
1000000A
102
{ACAD_REACTORS
330
47
102
}
330
47
100
AcDbProxyObject
 90
      499
 91
      503
 93
      105
310
903313A354000000000000144000
  0
ACAD_PROXY_OBJECT
  5
10000014
102
{ACAD_REACTORS
330
47
102
}
330
47
100
AcDbProxyObject
 90
      499
 91
      503
 93
      113
310
904313A35304000000000000494000
  0
ACAD_PROXY_OBJECT
  5
1000000B
102
{ACAD_REACTORS
330
47
102
}
330
47
100
AcDbProxyObject
 90
      499
 91
      503
 93
      105
310
903313A364000000000000184000
  0
ACAD_PROXY_OBJECT
  5
1000000C
102
{ACAD_REACTORS
330
47
102
}
330
47
100
AcDbProxyObject
 90
      499
 91
      503
 93
      105
310
903313A384000000000000204000
  0
ACAD_PROXY_OBJECT
  5
10000015
102
{ACAD_REACTORS
330
47
102
}
330
47
100
AcDbProxyObject
 90
      499
 91
      503
 93
      113
310
904313A38304000000000000544000
  0
ACAD_PROXY_OBJECT
  5
10000020
102
{ACAD_REACTORS
330
47
102
}
330
47
100
AcDbProxyObject
 90
      499
 91
      503
 93
      113
310
90432303A310000000000000D10100
  0
ACAD_PROXY_OBJECT
  5
10000017
102
{ACAD_REACTORS
330
47
102
}
330
47
100
AcDbProxyObject
 90
      499
 91
      503
 93
      105
310
903323A310000000000000010100
  0
ACAD_PROXY_OBJECT
  5
10000021
102
{ACAD_REACTORS
330
47
102
}
330
47
100
AcDbProxyObject
 90
      499
 91
      503
 93
      113
310
90433323A310000000000001010100
  0
ACAD_PROXY_OBJECT
  5
10000018
102
{ACAD_REACTORS
330
47
102
}
330
47
100
AcDbProxyObject
 90
      499
 91
      503
 93
      105
310
903333A310000000000000210100
  0
ACAD_PROXY_OBJECT
  5
10000019
102
{ACAD_REACTORS
330
47
102
}
330
47
100
AcDbProxyObject
 90
      499
 91
      503
 93
      105
310
903343A310000000000000410100
  0
ACAD_PROXY_OBJECT
  5
10000022
102
{ACAD_REACTORS
330
47
102
}
330
47
100
AcDbProxyObject
 90
      499
 91
      503
 93
      113
310
90435303A310000000000001250100
  0
ACAD_PROXY_OBJECT
  5
1000001A
102
{ACAD_REACTORS
330
47
102
}
330
47
100
AcDbProxyObject
 90
      499
 91
      503
 93
      105
310
903353A310000000000000510100
  0
ACAD_PROXY_OBJECT
  5
1000001B
102
{ACAD_REACTORS
330
47
102
}
330
47
100
AcDbProxyObject
 90
      499
 91
      503
 93
      105
310
903363A310000000000000610100
  0
ACAD_PROXY_OBJECT
  5
1000001C
102
{ACAD_REACTORS
330
47
102
}
330
47
100
AcDbProxyObject
 90
      499
 91
      503
 93
      105
310
903383A310000000000000810100
  0
ACAD_PROXY_OBJECT
  5
2F
102
{ACAD_REACTORS
330
2A
102
}
330
2A
100
AcDbProxyObject
 90
      499
 91
      501
 93
      436
310
42CC9915DA5C99599C985B595049028333333333333E33F0000000000000F90107901411070040501600405405064090741402480A0340
1001
ACAD
1000
AcDbSavedByObjectVersion
1070
     0
  0
ACAD_PROXY_OBJECT
  5
32
102
{ACAD_REACTORS
330
2A
102
}
330
2A
100
AcDbProxyObject
 90
      499
 91
      501
 93
      388
310
4150985CDA58D07406404333333333333E33F0000000000000F90107A41107004050150841D405064090741402480A0350
1001
ACAD
1000
AcDbSavedByObjectVersion
1070
     0
  0
ACAD_PROXY_OBJECT
  5
36
102
{ACAD_REACTORS
330
2A
102
}
330
2A
100
AcDbProxyObject
 90
      499
 91
      501
 93
      428
310
42109C9A59DA1D195B90C409028333333333333E33F0000000000000F9010790141107004050150841D405064090741402480A029950
1001
ACAD
1000
AcDbSavedByObjectVersion
1070
     0
  0
ACAD_PROXY_OBJECT
  5
3A
102
{ACAD_REACTORS
330
2A
102
}
330
2A
100
AcDbProxyObject
 90
      499
 91
      501
 93
      452
310
42D0DBDB1BDC90DA185B99D95104090240C333333333333E33F0000000000000F90108901411070040501508421405064090741402480A0350
1001
ACAD
1000
AcDbSavedByObjectVersion
1070
     0
  0
ACAD_PROXY_OBJECT
  5
34
102
{ACAD_REACTORS
330
2A
102
}
330
2A
100
AcDbProxyObject
 90
      499
 91
      501
 93
      500
310
4290DBDB98D95C1D1D585B10940D028333333333333E33F0000000000000F90107902409070040501000000000018199010841D405064090740C02480A0340
1001
ACAD
1000
AcDbSavedByObjectVersion
1070
     0
  0
ACAD_PROXY_OBJECT
  5
35
102
{ACAD_REACTORS
330
2A
102
}
330
2A
100
AcDbProxyObject
 90
      499
 91
      501
 93
      412
310
40D11A5B50B409028333333333333E33F0000000000000F9010790141107004050150841D405064090741402480A02677FFFFFD0
1001
ACAD
1000
AcDbSavedByObjectVersion
1070
     0
  0
ACAD_PROXY_OBJECT
  5
3D
102
{ACAD_REACTORS
330
2A
102
}
330
2A
100
AcDbProxyObject
 90
      499
 91
      501
 93
      452
310
43115919D950DBDB1BDC93D999916409028333333333333E33F0000000000000F9010790141107004050150841D405064090741402480A0350
1001
ACAD
1000
AcDbSavedByObjectVersion
1070
     0
  0
ACAD_PROXY_OBJECT
  5
39
102
{ACAD_REACTORS
330
2A
102
}
330
2A
100
AcDbProxyObject
 90
      499
 91
      501
 93
      444
310
42D19858D95C185D1D195C9B90F409028333333333333E33F0000000000000F9010790141107004050150841D405064090741402480A0350
1001
ACAD
1000
AcDbSavedByObjectVersion
1070
     0
  0
ACAD_PROXY_OBJECT
  5
2B
102
{ACAD_REACTORS
330
2A
102
}
330
2A
100
AcDbProxyObject
 90
      499
 91
      501
 93
      380
310
41119B185D240901404333333333333E33F0000000000000F9010740A907004050150841D405064090741402480A1B50
1001
ACAD
1000
AcDbSavedByObjectVersion
1070
     0
  0
ACAD_PROXY_OBJECT
  5
2C
102
{ACAD_REACTORS
330
2A
102
}
330
2A
100
AcDbProxyObject
 90
      499
 91
      501
 93
      468
310
43519B185D15DA5D1A115919D95CD0140901404333333333333E33F0000000000000F90107409019070040501600405405064090741402480A1B50
1001
ACAD
1000
AcDbSavedByObjectVersion
1070
     0
  0
ACAD_PROXY_OBJECT
  5
2D
102
{ACAD_REACTORS
330
2A
102
}
330
2A
100
AcDbProxyObject
 90
      499
 91
      501
 93
      404
310
41D1DBDD5C985D5910240902404333333333333E33F0000000000000F9010740A9070040501641D405064090741402480A1B50
1001
ACAD
1000
AcDbSavedByObjectVersion
1070
     0
  0
ACAD_PROXY_OBJECT
  5
2E
102
{ACAD_REACTORS
330
2A
102
}
330
2A
100
AcDbProxyObject
 90
      499
 91
      501
 93
      492
310
4411DBDD5C985D5915DA5D1A115919D95CD0340902404333333333333E33F0000000000000F90107409019070040501600405405064090741402480A1B50
1001
ACAD
1000
AcDbSavedByObjectVersion
1070
     0
  0
ACAD_PROXY_OBJECT
  5
31
102
{ACAD_REACTORS
330
2A
102
}
330
2A
100
AcDbProxyObject
 90
      499
 91
      501
 93
      476
310
41921A5919195B90640502408333333333333E33F0000000000000F901079024090700405020000000000001110200405405064090740C02480A0340
1001
ACAD
1000
AcDbSavedByObjectVersion
1070
     0
  0
ACAD_PROXY_OBJECT
  5
3B
102
{ACAD_REACTORS
330
2A
102
}
330
2A
100
AcDbProxyObject
 90
      499
 91
      501
 93
      428
310
42529A5D1D195C93D999914409028333333333333E33F0000000000000F9010790141107004050150A41D405064090741402480A0350
1001
ACAD
1000
AcDbSavedByObjectVersion
1070
     0
  0
ACAD_PROXY_OBJECT
  5
38
102
{ACAD_REACTORS
330
2A
102
}
330
2A
100
AcDbProxyObject
 90
      499
 91
      501
 93
      444
310
42D31A5B995C185D1D195C9B90E409028333333333333E33F0000000000000F9010790141107004050750841D405064090741402483A0350
1001
ACAD
1000
AcDbSavedByObjectVersion
1070
     0
  0
ACAD_PROXY_OBJECT
  5
3C
102
{ACAD_REACTORS
330
2A
102
}
330
2A
100
AcDbProxyObject
 90
      499
 91
      501
 93
      444
310
42D3DD995C9A185B99D3D999915409028333333333333E33F0000000000000F9010790141107004050150941D405064090741402480A0350
1001
ACAD
1000
AcDbSavedByObjectVersion
1070
     0
  0
ACAD_PROXY_OBJECT
  5
33
102
{ACAD_REACTORS
330
2A
102
}
330
2A
100
AcDbProxyObject
 90
      499
 91
      501
 93
      428
310
425499585B1A5CDD1A58D08409038333333333333E33F0000000000000F9010740A907004050150800405405064090740C02480A1B40
1001
ACAD
1000
AcDbSavedByObjectVersion
1070
     0
  0
ACAD_PROXY_OBJECT
  5
42
102
{ACAD_REACTORS
330
2A
102
}
330
2A
100
AcDbProxyObject
 90
      499
 91
      501
 93
      420
310
4194DA1859195911B40902404333333333333E33F0000000000000F9010740A41107004050150800405405064090840C02480A0B40
1001
ACAD
1000
AcDbSavedByObjectVersion
1070
     0
  0
ACAD_PROXY_OBJECT
  5
41
102
{ACAD_REACTORS
330
2A
102
}
330
2A
100
AcDbProxyObject
 90
      499
 91
      501
 93
      516
310
4454DA18591959081DDA5D1A08195919D95CD1A40902404333333333333E33F0000000000000F901074090142907004050250800405405064090740C02480A0B40
1001
ACAD
1000
AcDbSavedByObjectVersion
1070
     0
  0
ACAD_PROXY_OBJECT
  5
3E
102
{ACAD_REACTORS
330
2A
102
}
330
2A
100
AcDbProxyObject
 90
      499
 91
      501
 93
      532
310
4394DA1859195CC81BD98811DC985E5174090240C333333333333E33F0000000000000F901079024090741D01000000000000111010841D405064090740C02480A0340
1001
ACAD
1000
AcDbSavedByObjectVersion
1070
     0
  0
ACAD_PROXY_OBJECT
  5
3F
102
{ACAD_REACTORS
330
2A
102
}
330
2A
100
AcDbProxyObject
 90
      499
 91
      501
 93
      476
310
41D4DAD95D18DA1E51840502408333333333333E33F0000000000000F901079024090741D01000000000000111010B41D405064090741802480A0340
1001
ACAD
1000
AcDbSavedByObjectVersion
1070
     0
  0
ACAD_PROXY_OBJECT
  5
37
102
{ACAD_REACTORS
330
2A
102
}
330
2A
100
AcDbProxyObject
 90
      499
 91
      501
 93
      412
310
41D51A1A58DAD95B90D409028333333333333E33F0000000000000F9010790141107004050150C41D405064090741402480A0350
1001
ACAD
1000
AcDbSavedByObjectVersion
1070
     0
  0
ACAD_PROXY_OBJECT
  5
30
102
{ACAD_REACTORS
330
2A
102
}
330
2A
100
AcDbProxyObject
 90
      499
 91
      501
 93
      420
310
4255DA5C99599C985B595059028333333333333E33F0000000000000F90107901411070040501600405405064090740C02480A0340
1001
ACAD
1000
AcDbSavedByObjectVersion
1070
     0
  0
ACAD_PROXY_OBJECT
  5
40
102
{ACAD_REACTORS
330
2A
102
}
330
2A
100
AcDbProxyObject
 90
      499
 91
      501
 93
      404
310
41560B54985E51940902404000000000000E03F0000000000000F9010740501907004050150841D405064090740C02480A1B40
1001
ACAD
1000
AcDbSavedByObjectVersion
1070
     0
  0
XRECORD
  5
1000030D
102
{ACAD_REACTORS
330
10000303
102
}
330
10000303
100
AcDbXrecord
340
0
  0
XRECORD
  5
1000030C
102
{ACAD_REACTORS
330
10000303
102
}
330
10000303
100
AcDbXrecord
 90
        0
  0
XRECORD
  5
10000323
102
{ACAD_REACTORS
330
10000303
102
}
330
10000303
100
AcDbXrecord
1000
DSTYLE
1002
{
1070
   340
340
11
1002
}
  0
XRECORD
  5
1000030E
102
{ACAD_REACTORS
330
10000303
102
}
330
10000303
100
AcDbXrecord
  1
{75656330-7675-7465-b937-71f3f478f574}
  0
XRECORD
  5
10000306
102
{ACAD_REACTORS
330
10000303
102
}
330
10000303
100
AcDbXrecord
  1

  0
XRECORD
  5
1000030B
102
{ACAD_REACTORS
330
10000303
102
}
330
10000303
100
AcDbXrecord
 90
        4
  0
XRECORD
  5
10000308
102
{ACAD_REACTORS
330
10000303
102
}
330
10000303
100
AcDbXrecord
340
1A
  0
XRECORD
  5
1000030A
102
{ACAD_REACTORS
330
10000303
102
}
330
10000303
100
AcDbXrecord
 90
    10781
  0
XRECORD
  5
10000309
102
{ACAD_REACTORS
330
10000303
102
}
330
10000303
100
AcDbXrecord
340
19
  0
XRECORD
  5
10000310
102
{ACAD_REACTORS
330
10000303
102
}
330
10000303
100
AcDbXrecord
 40
0.0
  0
XRECORD
  5
10000313
102
{ACAD_REACTORS
330
10000303
102
}
330
10000303
100
AcDbXrecord
340
0
  0
XRECORD
  5
10000319
102
{ACAD_REACTORS
330
10000303
102
}
330
10000303
100
AcDbXrecord
 10
0.0
 20
0.0
 30
0.0
  0
XRECORD
  5
10000315
102
{ACAD_REACTORS
330
10000303
102
}
330
10000303
100
AcDbXrecord
 10
0.0
 20
0.0
 30
0.0
  0
XRECORD
  5
10000318
102
{ACAD_REACTORS
330
10000303
102
}
330
10000303
100
AcDbXrecord
 10
0.0
 20
0.0
 30
0.0
  0
XRECORD
  5
10000316
102
{ACAD_REACTORS
330
10000303
102
}
330
10000303
100
AcDbXrecord
 10
0.0
 20
0.0
 30
0.0
  0
XRECORD
  5
10000317
102
{ACAD_REACTORS
330
10000303
102
}
330
10000303
100
AcDbXrecord
 10
0.0
 20
0.0
 30
0.0
  0
XRECORD
  5
10000314
102
{ACAD_REACTORS
330
10000303
102
}
330
10000303
100
AcDbXrecord
 10
0.0
 20
0.0
 30
0.0
  0
XRECORD
  5
10000311
102
{ACAD_REACTORS
330
10000303
102
}
330
10000303
100
AcDbXrecord
340
0
  0
XRECORD
  5
10000312
102
{ACAD_REACTORS
330
10000303
102
}
330
10000303
100
AcDbXrecord
 70
     0
  0
XRECORD
  5
10000307
102
{ACAD_REACTORS
330
10000303
102
}
330
10000303
100
AcDbXrecord
  1

  0
XRECORD
  5
10000304
102
{ACAD_REACTORS
330
10000303
102
}
330
10000303
100
AcDbXrecord
 90
        1
  0
XRECORD
  5
10000305
102
{ACAD_REACTORS
330
10000303
102
}
330
10000303
100
AcDbXrecord
 90
       70
  0
XRECORD
  5
1000031C
102
{ACAD_REACTORS
330
10000303
102
}
330
10000303
100
AcDbXrecord
340
0
  0
XRECORD
  5
10000322
102
{ACAD_REACTORS
330
10000303
102
}
330
10000303
100
AcDbXrecord
 10
0.0
 20
0.0
 30
0.0
  0
XRECORD
  5
1000031E
102
{ACAD_REACTORS
330
10000303
102
}
330
10000303
100
AcDbXrecord
 10
0.0
 20
0.0
 30
0.0
  0
XRECORD
  5
10000321
102
{ACAD_REACTORS
330
10000303
102
}
330
10000303
100
AcDbXrecord
 10
0.0
 20
0.0
 30
0.0
  0
XRECORD
  5
1000031F
102
{ACAD_REACTORS
330
10000303
102
}
330
10000303
100
AcDbXrecord
 10
0.0
 20
0.0
 30
0.0
  0
XRECORD
  5
10000320
102
{ACAD_REACTORS
330
10000303
102
}
330
10000303
100
AcDbXrecord
 10
0.0
 20
0.0
 30
0.0
  0
XRECORD
  5
1000031D
102
{ACAD_REACTORS
330
10000303
102
}
330
10000303
100
AcDbXrecord
 10
0.0
 20
0.0
 30
0.0
  0
XRECORD
  5
1000031A
102
{ACAD_REACTORS
330
10000303
102
}
330
10000303
100
AcDbXrecord
340
0
  0
XRECORD
  5
1000031B
102
{ACAD_REACTORS
330
10000303
102
}
330
10000303
100
AcDbXrecord
 70
     0
  0
XRECORD
  5
1000030F
102
{ACAD_REACTORS
330
10000303
102
}
330
10000303
100
AcDbXrecord
  1
{FAEB1C32-E019-11D5-929B-00C0DF256EC4}
  0
DICTIONARYVAR
  5
10000332
102
{ACAD_REACTORS
330
10000324
102
}
330
10000324
100
DictionaryVariables
280
     0
  1
1:1
  0
DICTIONARYVAR
  5
1000032B
102
{ACAD_REACTORS
330
10000324
102
}
330
10000324
100
DictionaryVariables
280
     0
  1
3.500000
  0
DICTIONARYVAR
  5
1000032C
102
{ACAD_REACTORS
330
10000324
102
}
330
10000324
100
DictionaryVariables
280
     0
  1
acadiso.lin
  0
DICTIONARYVAR
  5
10000326
102
{ACAD_REACTORS
330
10000324
102
}
330
10000324
100
DictionaryVariables
280
     0
  1
Standard
  0
DICTIONARYVAR
  5
10000325
102
{ACAD_REACTORS
330
10000324
102
}
330
10000324
100
DictionaryVariables
280
     0
  1
Standard
  0
DICTIONARYVAR
  5
1000032D
102
{ACAD_REACTORS
330
10000324
102
}
330
10000324
100
DictionaryVariables
280
     0
  1
2
  0
DICTIONARYVAR
  5
1000032E
102
{ACAD_REACTORS
330
10000324
102
}
330
10000324
100
DictionaryVariables
280
     0
  1
1
  0
DICTIONARYVAR
  5
10000333
102
{ACAD_REACTORS
330
10000324
102
}
330
10000324
100
DictionaryVariables
280
     0
  1
1
  0
DICTIONARYVAR
  5
10000328
102
{ACAD_REACTORS
330
10000324
102
}
330
10000324
100
DictionaryVariables
280
     0
  1
80.000000
  0
DICTIONARYVAR
  5
10000327
102
{ACAD_REACTORS
330
10000324
102
}
330
10000324
100
DictionaryVariables
280
     0
  1
5.000000
  0
XRECORD
  5
10000003
102
{ACAD_REACTORS
330
10000001
102
}
330
10000001
100
AcDbXrecord
 70
     4
  0
XRECORD
  5
10000002
102
{ACAD_REACTORS
330
10000001
102
}
330
10000001
100
AcDbXrecord
1040
89.0
  0
ACAD_PROXY_OBJECT
  5
10000005
102
{ACAD_REACTORS
330
10000001
102
}
330
10000001
100
AcDbProxyObject
 90
      499
 91
      509
 93
       34
310
40C8804040
  0
DICTIONARY
  5
10000336
330
45
100
AcDbDictionary
280
     1
  3
ACAD_XREC_ROUNDTRIP
360
10000337
  0
DICTIONARY
  5
10000334
330
44
100
AcDbDictionary
280
     1
  3
ACAD_XREC_ROUNDTRIP
360
10000335
  0
DICTIONARY
  5
10000338
330
46
100
AcDbDictionary
280
     1
  3
ACAD_XREC_ROUNDTRIP
360
10000339
  0
XRECORD
  5
10000337
102
{ACAD_REACTORS
330
10000336
102
}
330
10000336
100
AcDbXrecord
102
MATERIAL
148
0.0
149
0.0
149
0.0
 93
        0
 94
      127
282
     0
 72
     1
 77
     1
171
     1
175
     1
179
     1
273
     0
  0
XRECORD
  5
10000335
102
{ACAD_REACTORS
330
10000334
102
}
330
10000334
100
AcDbXrecord
102
MATERIAL
148
0.0
149
0.0
149
0.0
 93
        0
 94
      127
282
     0
 72
     1
 77
     1
171
     1
175
     1
179
     1
273
     0
  0
XRECORD
  5
10000339
102
{ACAD_REACTORS
330
10000338
102
}
330
10000338
100
AcDbXrecord
102
MATERIAL
148
0.0
149
0.0
149
0.0
 93
        0
 94
      127
282
     0
 72
     1
 77
     1
171
     1
175
     1
179
     1
273
     0
  0
ENDSEC
  0
EOF
