ISO-10303-21;
HEADER;
FILE_DESCRIPTION(('KiCad electronic assembly'),'2;1');
FILE_NAME('kicad_poc.step','2026-04-08T11:35:33',('Pcbnew'),('Kicad'),
  'Open CASCADE STEP processor 7.6','KiCad to STEP converter','Unknown'
  );
FILE_SCHEMA(('AUTOMOTIVE_DESIGN { 1 0 10303 214 1 1 1 1 }'));
ENDSEC;
DATA;
#1 = APPLICATION_PROTOCOL_DEFINITION('international standard',
  'automotive_design',2000,#2);
#2 = APPLICATION_CONTEXT(
  'core data for automotive mechanical design processes');
#3 = SHAPE_DEFINITION_REPRESENTATION(#4,#10);
#4 = PRODUCT_DEFINITION_SHAPE('','',#5);
#5 = PRODUCT_DEFINITION('design','',#6,#9);
#6 = PRODUCT_DEFINITION_FORMATION('','',#7);
#7 = PRODUCT('kicad_poc 1','kicad_poc 1','',(#8));
#8 = PRODUCT_CONTEXT('',#2,'mechanical');
#9 = PRODUCT_DEFINITION_CONTEXT('part definition',#2,'design');
#10 = SHAPE_REPRESENTATION('',(#11,#15),#19);
#11 = AXIS2_PLACEMENT_3D('',#12,#13,#14);
#12 = CARTESIAN_POINT('',(0.,0.,0.));
#13 = DIRECTION('',(0.,0.,1.));
#14 = DIRECTION('',(1.,0.,-0.));
#15 = AXIS2_PLACEMENT_3D('',#16,#17,#18);
#16 = CARTESIAN_POINT('',(0.,0.,0.));
#17 = DIRECTION('',(0.,0.,1.));
#18 = DIRECTION('',(1.,0.,-0.));
#19 = ( GEOMETRIC_REPRESENTATION_CONTEXT(3) 
GLOBAL_UNCERTAINTY_ASSIGNED_CONTEXT((#23)) GLOBAL_UNIT_ASSIGNED_CONTEXT(
(#20,#21,#22)) REPRESENTATION_CONTEXT('Context #1',
  '3D Context with UNIT and UNCERTAINTY') );
#20 = ( LENGTH_UNIT() NAMED_UNIT(*) SI_UNIT(.MILLI.,.METRE.) );
#21 = ( NAMED_UNIT(*) PLANE_ANGLE_UNIT() SI_UNIT($,.RADIAN.) );
#22 = ( NAMED_UNIT(*) SI_UNIT($,.STERADIAN.) SOLID_ANGLE_UNIT() );
#23 = UNCERTAINTY_MEASURE_WITH_UNIT(LENGTH_MEASURE(1.E-07),#20,
  'distance_accuracy_value','confusion accuracy');
#24 = PRODUCT_RELATED_PRODUCT_CATEGORY('part',$,(#7));
#25 = ADVANCED_BREP_SHAPE_REPRESENTATION('',(#11,#26),#7496);
#26 = MANIFOLD_SOLID_BREP('',#27);
#27 = CLOSED_SHELL('',(#28,#68,#99,#130,#2175,#4220,#4237,#4254,#4271,
    #4288,#4305,#4322,#4339,#4356,#4373,#4390,#4407,#4424,#4441,#4458,
    #4475,#4492,#4509,#4526,#4543,#4560,#4577,#4594,#4611,#4628,#4645,
    #4662,#4679,#4696,#4708,#4725,#4742,#4759,#4776,#4793,#4810,#4827,
    #4844,#4861,#4878,#4895,#4912,#4929,#4946,#4963,#4980,#4997,#5014,
    #5031,#5048,#5065,#5082,#5099,#5116,#5133,#5150,#5167,#5184,#5201,
    #5218,#5235,#5252,#5269,#5286,#5303,#5320,#5337,#5354,#5371,#5388,
    #5405,#5422,#5439,#5456,#5473,#5490,#5507,#5524,#5541,#5558,#5575,
    #5592,#5609,#5626,#5643,#5660,#5677,#5694,#5711,#5728,#5745,#5762,
    #5779,#5796,#5813,#5830,#5847,#5864,#5881,#5898,#5915,#5932,#5949,
    #5966,#5983,#6000,#6017,#6034,#6051,#6068,#6085,#6102,#6119,#6136,
    #6153,#6170,#6187,#6204,#6221,#6238,#6255,#6272,#6289,#6306,#6323,
    #6340,#6357,#6374,#6391,#6408,#6425,#6442,#6459,#6476,#6493,#6510,
    #6527,#6544,#6561,#6578,#6595,#6612,#6629,#6646,#6663,#6680,#6697,
    #6714,#6731,#6748,#6765,#6782,#6799,#6816,#6833,#6850,#6867,#6884,
    #6901,#6918,#6935,#6952,#6969,#6986,#7003,#7020,#7037,#7054,#7071,
    #7088,#7105,#7122,#7139,#7156,#7173,#7190,#7207,#7224,#7241,#7258,
    #7275,#7292,#7309,#7326,#7343,#7360,#7377,#7394,#7411,#7428,#7445,
    #7462,#7479));
#28 = ADVANCED_FACE('',(#29),#63,.T.);
#29 = FACE_BOUND('',#30,.T.);
#30 = EDGE_LOOP('',(#31,#41,#49,#57));
#31 = ORIENTED_EDGE('',*,*,#32,.T.);
#32 = EDGE_CURVE('',#33,#35,#37,.T.);
#33 = VERTEX_POINT('',#34);
#34 = CARTESIAN_POINT('',(277.368064,12.875539,0.));
#35 = VERTEX_POINT('',#36);
#36 = CARTESIAN_POINT('',(277.368064,12.875539,1.51));
#37 = LINE('',#38,#39);
#38 = CARTESIAN_POINT('',(277.368064,12.875539,0.));
#39 = VECTOR('',#40,1.);
#40 = DIRECTION('',(0.,0.,1.));
#41 = ORIENTED_EDGE('',*,*,#42,.T.);
#42 = EDGE_CURVE('',#35,#43,#45,.T.);
#43 = VERTEX_POINT('',#44);
#44 = CARTESIAN_POINT('',(296.01898,16.50091,1.51));
#45 = LINE('',#46,#47);
#46 = CARTESIAN_POINT('',(277.368064,12.875539,1.51));
#47 = VECTOR('',#48,1.);
#48 = DIRECTION('',(0.981627181651,0.190809004618,0.));
#49 = ORIENTED_EDGE('',*,*,#50,.F.);
#50 = EDGE_CURVE('',#51,#43,#53,.T.);
#51 = VERTEX_POINT('',#52);
#52 = CARTESIAN_POINT('',(296.01898,16.50091,0.));
#53 = LINE('',#54,#55);
#54 = CARTESIAN_POINT('',(296.01898,16.50091,0.));
#55 = VECTOR('',#56,1.);
#56 = DIRECTION('',(0.,0.,1.));
#57 = ORIENTED_EDGE('',*,*,#58,.F.);
#58 = EDGE_CURVE('',#33,#51,#59,.T.);
#59 = LINE('',#60,#61);
#60 = CARTESIAN_POINT('',(277.368064,12.875539,0.));
#61 = VECTOR('',#62,1.);
#62 = DIRECTION('',(0.981627181651,0.190809004618,0.));
#63 = PLANE('',#64);
#64 = AXIS2_PLACEMENT_3D('',#65,#66,#67);
#65 = CARTESIAN_POINT('',(277.368064,12.875539,0.));
#66 = DIRECTION('',(-0.190809004618,0.981627181651,0.));
#67 = DIRECTION('',(0.981627181651,0.190809004618,0.));
#68 = ADVANCED_FACE('',(#69),#94,.T.);
#69 = FACE_BOUND('',#70,.T.);
#70 = EDGE_LOOP('',(#71,#81,#87,#88));
#71 = ORIENTED_EDGE('',*,*,#72,.T.);
#72 = EDGE_CURVE('',#73,#75,#77,.T.);
#73 = VERTEX_POINT('',#74);
#74 = CARTESIAN_POINT('',(276.165967,19.059791,0.));
#75 = VERTEX_POINT('',#76);
#76 = CARTESIAN_POINT('',(276.165967,19.059791,1.51));
#77 = LINE('',#78,#79);
#78 = CARTESIAN_POINT('',(276.165967,19.059791,0.));
#79 = VECTOR('',#80,1.);
#80 = DIRECTION('',(0.,0.,1.));
#81 = ORIENTED_EDGE('',*,*,#82,.T.);
#82 = EDGE_CURVE('',#75,#35,#83,.T.);
#83 = LINE('',#84,#85);
#84 = CARTESIAN_POINT('',(276.165967,19.059791,1.51));
#85 = VECTOR('',#86,1.);
#86 = DIRECTION('',(0.190809023589,-0.981627177964,0.));
#87 = ORIENTED_EDGE('',*,*,#32,.F.);
#88 = ORIENTED_EDGE('',*,*,#89,.F.);
#89 = EDGE_CURVE('',#73,#33,#90,.T.);
#90 = LINE('',#91,#92);
#91 = CARTESIAN_POINT('',(276.165967,19.059791,0.));
#92 = VECTOR('',#93,1.);
#93 = DIRECTION('',(0.190809023589,-0.981627177964,0.));
#94 = PLANE('',#95);
#95 = AXIS2_PLACEMENT_3D('',#96,#97,#98);
#96 = CARTESIAN_POINT('',(276.165967,19.059791,0.));
#97 = DIRECTION('',(0.981627177964,0.190809023589,-0.));
#98 = DIRECTION('',(0.190809023589,-0.981627177964,0.));
#99 = ADVANCED_FACE('',(#100),#125,.T.);
#100 = FACE_BOUND('',#101,.T.);
#101 = EDGE_LOOP('',(#102,#103,#111,#119));
#102 = ORIENTED_EDGE('',*,*,#50,.T.);
#103 = ORIENTED_EDGE('',*,*,#104,.T.);
#104 = EDGE_CURVE('',#43,#105,#107,.T.);
#105 = VERTEX_POINT('',#106);
#106 = CARTESIAN_POINT('',(298.404093,4.23057,1.51));
#107 = LINE('',#108,#109);
#108 = CARTESIAN_POINT('',(296.01898,16.50091,1.51));
#109 = VECTOR('',#110,1.);
#110 = DIRECTION('',(0.190809035275,-0.981627175692,0.));
#111 = ORIENTED_EDGE('',*,*,#112,.F.);
#112 = EDGE_CURVE('',#113,#105,#115,.T.);
#113 = VERTEX_POINT('',#114);
#114 = CARTESIAN_POINT('',(298.404093,4.23057,0.));
#115 = LINE('',#116,#117);
#116 = CARTESIAN_POINT('',(298.404093,4.23057,0.));
#117 = VECTOR('',#118,1.);
#118 = DIRECTION('',(0.,0.,1.));
#119 = ORIENTED_EDGE('',*,*,#120,.F.);
#120 = EDGE_CURVE('',#51,#113,#121,.T.);
#121 = LINE('',#122,#123);
#122 = CARTESIAN_POINT('',(296.01898,16.50091,0.));
#123 = VECTOR('',#124,1.);
#124 = DIRECTION('',(0.190809035275,-0.981627175692,0.));
#125 = PLANE('',#126);
#126 = AXIS2_PLACEMENT_3D('',#127,#128,#129);
#127 = CARTESIAN_POINT('',(296.01898,16.50091,0.));
#128 = DIRECTION('',(0.981627175692,0.190809035275,-0.));
#129 = DIRECTION('',(0.190809035275,-0.981627175692,0.));
#130 = ADVANCED_FACE('',(#131,#366,#377,#388,#399,#410,#421,#432,#443,
    #454,#465,#476,#487,#498,#509,#520,#531,#542,#553,#564,#575,#586,
    #597,#608,#619,#630,#641,#652,#663,#674,#685,#696,#707,#718,#729,
    #740,#751,#762,#773,#784,#795,#806,#817,#828,#839,#850,#861,#872,
    #883,#894,#905,#916,#927,#938,#949,#960,#971,#982,#993,#1004,#1015,
    #1026,#1037,#1048,#1059,#1070,#1081,#1092,#1103,#1114,#1125,#1136,
    #1147,#1158,#1169,#1180,#1191,#1202,#1213,#1224,#1235,#1246,#1257,
    #1268,#1279,#1290,#1301,#1312,#1323,#1334,#1345,#1356,#1367,#1378,
    #1389,#1400,#1411,#1422,#1433,#1444,#1455,#1466,#1477,#1488,#1499,
    #1510,#1521,#1532,#1543,#1554,#1565,#1576,#1587,#1598,#1609,#1620,
    #1631,#1642,#1653,#1664,#1675,#1686,#1697,#1708,#1719,#1730,#1741,
    #1752,#1763,#1774,#1785,#1796,#1807,#1818,#1829,#1840,#1851,#1862,
    #1873,#1884,#1895,#1906,#1917,#1928,#1939,#1950,#1961,#1972,#1983,
    #1994,#2005,#2016,#2027,#2038,#2049,#2060,#2071,#2082,#2093,#2104,
    #2115,#2126,#2137,#2148,#2159),#2170,.F.);
#131 = FACE_BOUND('',#132,.F.);
#132 = EDGE_LOOP('',(#133,#134,#135,#143,#151,#159,#167,#175,#183,#191,
    #199,#207,#215,#223,#231,#239,#247,#255,#263,#271,#279,#287,#295,
    #303,#311,#319,#327,#335,#343,#351,#359,#365));
#133 = ORIENTED_EDGE('',*,*,#58,.F.);
#134 = ORIENTED_EDGE('',*,*,#89,.F.);
#135 = ORIENTED_EDGE('',*,*,#136,.F.);
#136 = EDGE_CURVE('',#137,#73,#139,.T.);
#137 = VERTEX_POINT('',#138);
#138 = CARTESIAN_POINT('',(152.480942,-4.982143,0.));
#139 = LINE('',#140,#141);
#140 = CARTESIAN_POINT('',(152.480942,-4.982143,0.));
#141 = VECTOR('',#142,1.);
#142 = DIRECTION('',(0.981627182549,0.190809000002,0.));
#143 = ORIENTED_EDGE('',*,*,#144,.F.);
#144 = EDGE_CURVE('',#145,#137,#147,.T.);
#145 = VERTEX_POINT('',#146);
#146 = CARTESIAN_POINT('',(153.873848,-12.148021,0.));
#147 = LINE('',#148,#149);
#148 = CARTESIAN_POINT('',(153.873848,-12.148021,0.));
#149 = VECTOR('',#150,1.);
#150 = DIRECTION('',(-0.1908090507,0.981627172694,0.));
#151 = ORIENTED_EDGE('',*,*,#152,.F.);
#152 = EDGE_CURVE('',#153,#145,#155,.T.);
#153 = VERTEX_POINT('',#154);
#154 = CARTESIAN_POINT('',(148.771157,-13.139884,0.));
#155 = LINE('',#156,#157);
#156 = CARTESIAN_POINT('',(148.771157,-13.139884,0.));
#157 = VECTOR('',#158,1.);
#158 = DIRECTION('',(0.981627170981,0.190809059512,0.));
#159 = ORIENTED_EDGE('',*,*,#160,.F.);
#160 = EDGE_CURVE('',#161,#153,#163,.T.);
#161 = VERTEX_POINT('',#162);
#162 = CARTESIAN_POINT('',(143.668466,-12.148021,0.));
#163 = LINE('',#164,#165);
#164 = CARTESIAN_POINT('',(143.668466,-12.148021,0.));
#165 = VECTOR('',#166,1.);
#166 = DIRECTION('',(0.981627170981,-0.190809059512,0.));
#167 = ORIENTED_EDGE('',*,*,#168,.F.);
#168 = EDGE_CURVE('',#169,#161,#171,.T.);
#169 = VERTEX_POINT('',#170);
#170 = CARTESIAN_POINT('',(145.061372,-4.982143,0.));
#171 = LINE('',#172,#173);
#172 = CARTESIAN_POINT('',(145.061372,-4.982143,0.));
#173 = VECTOR('',#174,1.);
#174 = DIRECTION('',(-0.1908090507,-0.981627172694,0.));
#175 = ORIENTED_EDGE('',*,*,#176,.F.);
#176 = EDGE_CURVE('',#177,#169,#179,.T.);
#177 = VERTEX_POINT('',#178);
#178 = CARTESIAN_POINT('',(21.376347,19.059791,0.));
#179 = LINE('',#180,#181);
#180 = CARTESIAN_POINT('',(21.376347,19.059791,0.));
#181 = VECTOR('',#182,1.);
#182 = DIRECTION('',(0.981627182549,-0.190809000002,0.));
#183 = ORIENTED_EDGE('',*,*,#184,.F.);
#184 = EDGE_CURVE('',#185,#177,#187,.T.);
#185 = VERTEX_POINT('',#186);
#186 = CARTESIAN_POINT('',(20.17425,12.875539,0.));
#187 = LINE('',#188,#189);
#188 = CARTESIAN_POINT('',(20.17425,12.875539,0.));
#189 = VECTOR('',#190,1.);
#190 = DIRECTION('',(0.190809023589,0.981627177964,0.));
#191 = ORIENTED_EDGE('',*,*,#192,.F.);
#192 = EDGE_CURVE('',#193,#185,#195,.T.);
#193 = VERTEX_POINT('',#194);
#194 = CARTESIAN_POINT('',(1.523334,16.50091,0.));
#195 = LINE('',#196,#197);
#196 = CARTESIAN_POINT('',(1.523334,16.50091,0.));
#197 = VECTOR('',#198,1.);
#198 = DIRECTION('',(0.981627181651,-0.190809004618,0.));
#199 = ORIENTED_EDGE('',*,*,#200,.F.);
#200 = EDGE_CURVE('',#201,#193,#203,.T.);
#201 = VERTEX_POINT('',#202);
#202 = CARTESIAN_POINT('',(-0.861779,4.23057,0.));
#203 = LINE('',#204,#205);
#204 = CARTESIAN_POINT('',(-0.861779,4.23057,0.));
#205 = VECTOR('',#206,1.);
#206 = DIRECTION('',(0.190809035275,0.981627175692,0.));
#207 = ORIENTED_EDGE('',*,*,#208,.F.);
#208 = EDGE_CURVE('',#209,#201,#211,.T.);
#209 = VERTEX_POINT('',#210);
#210 = CARTESIAN_POINT('',(-19.512695,7.855941,0.));
#211 = LINE('',#212,#213);
#212 = CARTESIAN_POINT('',(-19.512695,7.855941,0.));
#213 = VECTOR('',#214,1.);
#214 = DIRECTION('',(0.981627181651,-0.190809004618,0.));
#215 = ORIENTED_EDGE('',*,*,#216,.F.);
#216 = EDGE_CURVE('',#217,#209,#219,.T.);
#217 = VERTEX_POINT('',#218);
#218 = CARTESIAN_POINT('',(-47.18,-134.48,0.));
#219 = LINE('',#220,#221);
#220 = CARTESIAN_POINT('',(-47.18,-134.48,0.));
#221 = VECTOR('',#222,1.);
#222 = DIRECTION('',(0.190809000607,0.981627182431,0.));
#223 = ORIENTED_EDGE('',*,*,#224,.F.);
#224 = EDGE_CURVE('',#225,#217,#227,.T.);
#225 = VERTEX_POINT('',#226);
#226 = CARTESIAN_POINT('',(-28.529083,-138.105371,0.));
#227 = LINE('',#228,#229);
#228 = CARTESIAN_POINT('',(-28.529083,-138.105371,0.));
#229 = VECTOR('',#230,1.);
#230 = DIRECTION('',(-0.981627183568,0.19080899476,0.));
#231 = ORIENTED_EDGE('',*,*,#232,.F.);
#232 = EDGE_CURVE('',#233,#225,#235,.T.);
#233 = VERTEX_POINT('',#234);
#234 = CARTESIAN_POINT('',(-29.769342,-144.485948,0.));
#235 = LINE('',#236,#237);
#236 = CARTESIAN_POINT('',(-29.769342,-144.485948,0.));
#237 = VECTOR('',#238,1.);
#238 = DIRECTION('',(0.190809065091,0.981627169897,0.));
#239 = ORIENTED_EDGE('',*,*,#240,.F.);
#240 = EDGE_CURVE('',#241,#233,#243,.T.);
#241 = VERTEX_POINT('',#242);
#242 = CARTESIAN_POINT('',(7.532491,-151.73669,0.));
#243 = LINE('',#244,#245);
#244 = CARTESIAN_POINT('',(7.532491,-151.73669,0.));
#245 = VECTOR('',#246,1.);
#246 = DIRECTION('',(-0.981627182609,0.190808999689,0.));
#247 = ORIENTED_EDGE('',*,*,#248,.F.);
#248 = EDGE_CURVE('',#249,#241,#251,.T.);
#249 = VERTEX_POINT('',#250);
#250 = CARTESIAN_POINT('',(7.341682,-152.718317,0.));
#251 = LINE('',#252,#253);
#252 = CARTESIAN_POINT('',(7.341682,-152.718317,0.));
#253 = VECTOR('',#254,1.);
#254 = DIRECTION('',(0.190809034192,0.981627175903,0.));
#255 = ORIENTED_EDGE('',*,*,#256,.F.);
#256 = EDGE_CURVE('',#257,#249,#259,.T.);
#257 = VERTEX_POINT('',#258);
#258 = CARTESIAN_POINT('',(7.668663,-152.781875,0.));
#259 = LINE('',#260,#261);
#260 = CARTESIAN_POINT('',(7.668663,-152.781875,0.));
#261 = VECTOR('',#262,1.);
#262 = DIRECTION('',(-0.981627558986,0.190807063389,0.));
#263 = ORIENTED_EDGE('',*,*,#264,.F.);
#264 = EDGE_CURVE('',#265,#257,#267,.T.);
#265 = VERTEX_POINT('',#266);
#266 = CARTESIAN_POINT('',(5.373187,-155.719951,0.));
#267 = LINE('',#268,#269);
#268 = CARTESIAN_POINT('',(5.373187,-155.719951,0.));
#269 = VECTOR('',#270,1.);
#270 = DIRECTION('',(0.615661383995,0.788010824962,0.));
#271 = ORIENTED_EDGE('',*,*,#272,.F.);
#272 = EDGE_CURVE('',#273,#265,#275,.T.);
#273 = VERTEX_POINT('',#274);
#274 = CARTESIAN_POINT('',(104.662542,-233.293297,0.));
#275 = LINE('',#276,#277);
#276 = CARTESIAN_POINT('',(104.662542,-233.293297,0.));
#277 = VECTOR('',#278,1.);
#278 = DIRECTION('',(-0.788010753324,0.615661475687,0.));
#279 = ORIENTED_EDGE('',*,*,#280,.F.);
#280 = EDGE_CURVE('',#281,#273,#283,.T.);
#281 = VERTEX_POINT('',#282);
#282 = CARTESIAN_POINT('',(148.771157,-176.836844,0.));
#283 = LINE('',#284,#285);
#284 = CARTESIAN_POINT('',(148.771157,-176.836844,0.));
#285 = VECTOR('',#286,1.);
#286 = DIRECTION('',(-0.615661473138,-0.788010755316,0.));
#287 = ORIENTED_EDGE('',*,*,#288,.F.);
#288 = EDGE_CURVE('',#289,#281,#291,.T.);
#289 = VERTEX_POINT('',#290);
#290 = CARTESIAN_POINT('',(192.879772,-233.293297,0.));
#291 = LINE('',#292,#293);
#292 = CARTESIAN_POINT('',(192.879772,-233.293297,0.));
#293 = VECTOR('',#294,1.);
#294 = DIRECTION('',(-0.615661473138,0.788010755316,0.));
#295 = ORIENTED_EDGE('',*,*,#296,.F.);
#296 = EDGE_CURVE('',#297,#289,#299,.T.);
#297 = VERTEX_POINT('',#298);
#298 = CARTESIAN_POINT('',(292.169127,-155.719951,0.));
#299 = LINE('',#300,#301);
#300 = CARTESIAN_POINT('',(292.169127,-155.719951,0.));
#301 = VECTOR('',#302,1.);
#302 = DIRECTION('',(-0.788010753324,-0.615661475687,0.));
#303 = ORIENTED_EDGE('',*,*,#304,.F.);
#304 = EDGE_CURVE('',#305,#297,#307,.T.);
#305 = VERTEX_POINT('',#306);
#306 = CARTESIAN_POINT('',(289.873651,-152.781875,0.));
#307 = LINE('',#308,#309);
#308 = CARTESIAN_POINT('',(289.873651,-152.781875,0.));
#309 = VECTOR('',#310,1.);
#310 = DIRECTION('',(0.615661383995,-0.788010824962,0.));
#311 = ORIENTED_EDGE('',*,*,#312,.F.);
#312 = EDGE_CURVE('',#313,#305,#315,.T.);
#313 = VERTEX_POINT('',#314);
#314 = CARTESIAN_POINT('',(290.200632,-152.718317,0.));
#315 = LINE('',#316,#317);
#316 = CARTESIAN_POINT('',(290.200632,-152.718317,0.));
#317 = VECTOR('',#318,1.);
#318 = DIRECTION('',(-0.981627558986,-0.190807063389,0.));
#319 = ORIENTED_EDGE('',*,*,#320,.F.);
#320 = EDGE_CURVE('',#321,#313,#323,.T.);
#321 = VERTEX_POINT('',#322);
#322 = CARTESIAN_POINT('',(290.009823,-151.73669,0.));
#323 = LINE('',#324,#325);
#324 = CARTESIAN_POINT('',(290.009823,-151.73669,0.));
#325 = VECTOR('',#326,1.);
#326 = DIRECTION('',(0.190809034192,-0.981627175903,0.));
#327 = ORIENTED_EDGE('',*,*,#328,.F.);
#328 = EDGE_CURVE('',#329,#321,#331,.T.);
#329 = VERTEX_POINT('',#330);
#330 = CARTESIAN_POINT('',(327.311656,-144.485948,0.));
#331 = LINE('',#332,#333);
#332 = CARTESIAN_POINT('',(327.311656,-144.485948,0.));
#333 = VECTOR('',#334,1.);
#334 = DIRECTION('',(-0.981627182609,-0.190808999689,0.));
#335 = ORIENTED_EDGE('',*,*,#336,.F.);
#336 = EDGE_CURVE('',#337,#329,#339,.T.);
#337 = VERTEX_POINT('',#338);
#338 = CARTESIAN_POINT('',(326.071397,-138.105371,0.));
#339 = LINE('',#340,#341);
#340 = CARTESIAN_POINT('',(326.071397,-138.105371,0.));
#341 = VECTOR('',#342,1.);
#342 = DIRECTION('',(0.190809065091,-0.981627169897,0.));
#343 = ORIENTED_EDGE('',*,*,#344,.F.);
#344 = EDGE_CURVE('',#345,#337,#347,.T.);
#345 = VERTEX_POINT('',#346);
#346 = CARTESIAN_POINT('',(344.722314,-134.48,0.));
#347 = LINE('',#348,#349);
#348 = CARTESIAN_POINT('',(344.722314,-134.48,0.));
#349 = VECTOR('',#350,1.);
#350 = DIRECTION('',(-0.981627183568,-0.19080899476,0.));
#351 = ORIENTED_EDGE('',*,*,#352,.F.);
#352 = EDGE_CURVE('',#353,#345,#355,.T.);
#353 = VERTEX_POINT('',#354);
#354 = CARTESIAN_POINT('',(317.055009,7.855941,0.));
#355 = LINE('',#356,#357);
#356 = CARTESIAN_POINT('',(317.055009,7.855941,0.));
#357 = VECTOR('',#358,1.);
#358 = DIRECTION('',(0.190809000607,-0.981627182431,0.));
#359 = ORIENTED_EDGE('',*,*,#360,.F.);
#360 = EDGE_CURVE('',#113,#353,#361,.T.);
#361 = LINE('',#362,#363);
#362 = CARTESIAN_POINT('',(298.404093,4.23057,0.));
#363 = VECTOR('',#364,1.);
#364 = DIRECTION('',(0.981627181651,0.190809004618,0.));
#365 = ORIENTED_EDGE('',*,*,#120,.F.);
#366 = FACE_BOUND('',#367,.F.);
#367 = EDGE_LOOP('',(#368));
#368 = ORIENTED_EDGE('',*,*,#369,.T.);
#369 = EDGE_CURVE('',#370,#370,#372,.T.);
#370 = VERTEX_POINT('',#371);
#371 = CARTESIAN_POINT('',(97.807632,-148.939507,0.));
#372 = CIRCLE('',#373,0.95);
#373 = AXIS2_PLACEMENT_3D('',#374,#375,#376);
#374 = CARTESIAN_POINT('',(97.807632,-147.989507,0.));
#375 = DIRECTION('',(-0.,0.,-1.));
#376 = DIRECTION('',(-0.,-1.,0.));
#377 = FACE_BOUND('',#378,.F.);
#378 = EDGE_LOOP('',(#379));
#379 = ORIENTED_EDGE('',*,*,#380,.T.);
#380 = EDGE_CURVE('',#381,#381,#383,.T.);
#381 = VERTEX_POINT('',#382);
#382 = CARTESIAN_POINT('',(93.804537,-146.911947,0.));
#383 = CIRCLE('',#384,2.05);
#384 = AXIS2_PLACEMENT_3D('',#385,#386,#387);
#385 = CARTESIAN_POINT('',(93.804537,-144.861947,0.));
#386 = DIRECTION('',(-0.,0.,-1.));
#387 = DIRECTION('',(-0.,-1.,0.));
#388 = FACE_BOUND('',#389,.F.);
#389 = EDGE_LOOP('',(#390));
#390 = ORIENTED_EDGE('',*,*,#391,.T.);
#391 = EDGE_CURVE('',#392,#392,#394,.T.);
#392 = VERTEX_POINT('',#393);
#393 = CARTESIAN_POINT('',(89.801442,-142.684387,0.));
#394 = CIRCLE('',#395,0.95);
#395 = AXIS2_PLACEMENT_3D('',#396,#397,#398);
#396 = CARTESIAN_POINT('',(89.801442,-141.734387,0.));
#397 = DIRECTION('',(-0.,0.,-1.));
#398 = DIRECTION('',(-1.495879443705E-14,-1.,0.));
#399 = FACE_BOUND('',#400,.F.);
#400 = EDGE_LOOP('',(#401));
#401 = ORIENTED_EDGE('',*,*,#402,.T.);
#402 = EDGE_CURVE('',#403,#403,#405,.T.);
#403 = VERTEX_POINT('',#404);
#404 = CARTESIAN_POINT('',(92.365996,-142.014729,0.));
#405 = CIRCLE('',#406,1.5);
#406 = AXIS2_PLACEMENT_3D('',#407,#408,#409);
#407 = CARTESIAN_POINT('',(92.365996,-140.514729,0.));
#408 = DIRECTION('',(-0.,0.,-1.));
#409 = DIRECTION('',(-0.,-1.,0.));
#410 = FACE_BOUND('',#411,.F.);
#411 = EDGE_LOOP('',(#412));
#412 = ORIENTED_EDGE('',*,*,#413,.T.);
#413 = EDGE_CURVE('',#414,#414,#416,.T.);
#414 = VERTEX_POINT('',#415);
#415 = CARTESIAN_POINT('',(98.933645,-143.922633,0.));
#416 = CIRCLE('',#417,1.5);
#417 = AXIS2_PLACEMENT_3D('',#418,#419,#420);
#418 = CARTESIAN_POINT('',(98.933645,-142.422633,0.));
#419 = DIRECTION('',(-0.,0.,-1.));
#420 = DIRECTION('',(-0.,-1.,0.));
#421 = FACE_BOUND('',#422,.F.);
#422 = EDGE_LOOP('',(#423));
#423 = ORIENTED_EDGE('',*,*,#424,.T.);
#424 = EDGE_CURVE('',#425,#425,#427,.T.);
#425 = VERTEX_POINT('',#426);
#426 = CARTESIAN_POINT('',(76.218496,-102.877461,0.));
#427 = CIRCLE('',#428,0.95);
#428 = AXIS2_PLACEMENT_3D('',#429,#430,#431);
#429 = CARTESIAN_POINT('',(76.218496,-101.927461,0.));
#430 = DIRECTION('',(-0.,0.,-1.));
#431 = DIRECTION('',(-0.,-1.,0.));
#432 = FACE_BOUND('',#433,.F.);
#433 = EDGE_LOOP('',(#434));
#434 = ORIENTED_EDGE('',*,*,#435,.T.);
#435 = EDGE_CURVE('',#436,#436,#438,.T.);
#436 = VERTEX_POINT('',#437);
#437 = CARTESIAN_POINT('',(81.205162,-104.946771,0.));
#438 = CIRCLE('',#439,2.05);
#439 = AXIS2_PLACEMENT_3D('',#440,#441,#442);
#440 = CARTESIAN_POINT('',(81.205162,-102.896771,0.));
#441 = DIRECTION('',(-0.,0.,-1.));
#442 = DIRECTION('',(-0.,-1.,0.));
#443 = FACE_BOUND('',#444,.F.);
#444 = EDGE_LOOP('',(#445));
#445 = ORIENTED_EDGE('',*,*,#446,.T.);
#446 = EDGE_CURVE('',#447,#447,#449,.T.);
#447 = VERTEX_POINT('',#448);
#448 = CARTESIAN_POINT('',(77.949817,-101.176456,0.));
#449 = CIRCLE('',#450,1.5);
#450 = AXIS2_PLACEMENT_3D('',#451,#452,#453);
#451 = CARTESIAN_POINT('',(77.949817,-99.676456,0.));
#452 = DIRECTION('',(-0.,0.,-1.));
#453 = DIRECTION('',(-0.,-1.,0.));
#454 = FACE_BOUND('',#455,.F.);
#455 = EDGE_LOOP('',(#456));
#456 = ORIENTED_EDGE('',*,*,#457,.T.);
#457 = EDGE_CURVE('',#458,#458,#460,.T.);
#458 = VERTEX_POINT('',#459);
#459 = CARTESIAN_POINT('',(84.667805,-99.89476,0.));
#460 = CIRCLE('',#461,1.5);
#461 = AXIS2_PLACEMENT_3D('',#462,#463,#464);
#462 = CARTESIAN_POINT('',(84.667805,-98.39476,0.));
#463 = DIRECTION('',(-0.,0.,-1.));
#464 = DIRECTION('',(-0.,-1.,0.));
#465 = FACE_BOUND('',#466,.F.);
#466 = EDGE_LOOP('',(#467));
#467 = ORIENTED_EDGE('',*,*,#468,.T.);
#468 = EDGE_CURVE('',#469,#469,#471,.T.);
#469 = VERTEX_POINT('',#470);
#470 = CARTESIAN_POINT('',(141.151157,-120.607799,0.));
#471 = CIRCLE('',#472,0.5461);
#472 = AXIS2_PLACEMENT_3D('',#473,#474,#475);
#473 = CARTESIAN_POINT('',(141.151157,-120.061699,0.));
#474 = DIRECTION('',(-0.,0.,-1.));
#475 = DIRECTION('',(-0.,-1.,0.));
#476 = FACE_BOUND('',#477,.F.);
#477 = EDGE_LOOP('',(#478));
#478 = ORIENTED_EDGE('',*,*,#479,.T.);
#479 = EDGE_CURVE('',#480,#480,#482,.T.);
#480 = VERTEX_POINT('',#481);
#481 = CARTESIAN_POINT('',(141.151157,-118.067799,0.));
#482 = CIRCLE('',#483,0.5461);
#483 = AXIS2_PLACEMENT_3D('',#484,#485,#486);
#484 = CARTESIAN_POINT('',(141.151157,-117.521699,0.));
#485 = DIRECTION('',(-0.,0.,-1.));
#486 = DIRECTION('',(-0.,-1.,0.));
#487 = FACE_BOUND('',#488,.F.);
#488 = EDGE_LOOP('',(#489));
#489 = ORIENTED_EDGE('',*,*,#490,.T.);
#490 = EDGE_CURVE('',#491,#491,#493,.T.);
#491 = VERTEX_POINT('',#492);
#492 = CARTESIAN_POINT('',(141.151157,-115.527799,0.));
#493 = CIRCLE('',#494,0.5461);
#494 = AXIS2_PLACEMENT_3D('',#495,#496,#497);
#495 = CARTESIAN_POINT('',(141.151157,-114.981699,0.));
#496 = DIRECTION('',(-0.,0.,-1.));
#497 = DIRECTION('',(-0.,-1.,0.));
#498 = FACE_BOUND('',#499,.F.);
#499 = EDGE_LOOP('',(#500));
#500 = ORIENTED_EDGE('',*,*,#501,.T.);
#501 = EDGE_CURVE('',#502,#502,#504,.T.);
#502 = VERTEX_POINT('',#503);
#503 = CARTESIAN_POINT('',(141.151157,-112.987799,0.));
#504 = CIRCLE('',#505,0.5461);
#505 = AXIS2_PLACEMENT_3D('',#506,#507,#508);
#506 = CARTESIAN_POINT('',(141.151157,-112.441699,0.));
#507 = DIRECTION('',(-0.,0.,-1.));
#508 = DIRECTION('',(-0.,-1.,0.));
#509 = FACE_BOUND('',#510,.F.);
#510 = EDGE_LOOP('',(#511));
#511 = ORIENTED_EDGE('',*,*,#512,.T.);
#512 = EDGE_CURVE('',#513,#513,#515,.T.);
#513 = VERTEX_POINT('',#514);
#514 = CARTESIAN_POINT('',(86.191828,-104.816081,0.));
#515 = CIRCLE('',#516,0.95);
#516 = AXIS2_PLACEMENT_3D('',#517,#518,#519);
#517 = CARTESIAN_POINT('',(86.191828,-103.866081,0.));
#518 = DIRECTION('',(-0.,0.,-1.));
#519 = DIRECTION('',(-0.,-1.,0.));
#520 = FACE_BOUND('',#521,.F.);
#521 = EDGE_LOOP('',(#522));
#522 = ORIENTED_EDGE('',*,*,#523,.T.);
#523 = EDGE_CURVE('',#524,#524,#526,.T.);
#524 = VERTEX_POINT('',#525);
#525 = CARTESIAN_POINT('',(141.151157,-110.447799,0.));
#526 = CIRCLE('',#527,0.5461);
#527 = AXIS2_PLACEMENT_3D('',#528,#529,#530);
#528 = CARTESIAN_POINT('',(141.151157,-109.901699,0.));
#529 = DIRECTION('',(-0.,0.,-1.));
#530 = DIRECTION('',(-0.,-1.,0.));
#531 = FACE_BOUND('',#532,.F.);
#532 = EDGE_LOOP('',(#533));
#533 = ORIENTED_EDGE('',*,*,#534,.T.);
#534 = EDGE_CURVE('',#535,#535,#537,.T.);
#535 = VERTEX_POINT('',#536);
#536 = CARTESIAN_POINT('',(141.151157,-107.907799,0.));
#537 = CIRCLE('',#538,0.5461);
#538 = AXIS2_PLACEMENT_3D('',#539,#540,#541);
#539 = CARTESIAN_POINT('',(141.151157,-107.361699,0.));
#540 = DIRECTION('',(-0.,0.,-1.));
#541 = DIRECTION('',(-0.,-1.,0.));
#542 = FACE_BOUND('',#543,.F.);
#543 = EDGE_LOOP('',(#544));
#544 = ORIENTED_EDGE('',*,*,#545,.T.);
#545 = EDGE_CURVE('',#546,#546,#548,.T.);
#546 = VERTEX_POINT('',#547);
#547 = CARTESIAN_POINT('',(141.151157,-105.367799,0.));
#548 = CIRCLE('',#549,0.5461);
#549 = AXIS2_PLACEMENT_3D('',#550,#551,#552);
#550 = CARTESIAN_POINT('',(141.151157,-104.821699,0.));
#551 = DIRECTION('',(-0.,0.,-1.));
#552 = DIRECTION('',(-0.,-1.,0.));
#553 = FACE_BOUND('',#554,.F.);
#554 = EDGE_LOOP('',(#555));
#555 = ORIENTED_EDGE('',*,*,#556,.T.);
#556 = EDGE_CURVE('',#557,#557,#559,.T.);
#557 = VERTEX_POINT('',#558);
#558 = CARTESIAN_POINT('',(141.151157,-102.827799,0.));
#559 = CIRCLE('',#560,0.5461);
#560 = AXIS2_PLACEMENT_3D('',#561,#562,#563);
#561 = CARTESIAN_POINT('',(141.151157,-102.281699,0.));
#562 = DIRECTION('',(-0.,0.,-1.));
#563 = DIRECTION('',(-0.,-1.,0.));
#564 = FACE_BOUND('',#565,.F.);
#565 = EDGE_LOOP('',(#566));
#566 = ORIENTED_EDGE('',*,*,#567,.T.);
#567 = EDGE_CURVE('',#568,#568,#570,.T.);
#568 = VERTEX_POINT('',#569);
#569 = CARTESIAN_POINT('',(141.151157,-100.287799,0.));
#570 = CIRCLE('',#571,0.5461);
#571 = AXIS2_PLACEMENT_3D('',#572,#573,#574);
#572 = CARTESIAN_POINT('',(141.151157,-99.741699,0.));
#573 = DIRECTION('',(-0.,0.,-1.));
#574 = DIRECTION('',(-0.,-1.,0.));
#575 = FACE_BOUND('',#576,.F.);
#576 = EDGE_LOOP('',(#577));
#577 = ORIENTED_EDGE('',*,*,#578,.T.);
#578 = EDGE_CURVE('',#579,#579,#581,.T.);
#579 = VERTEX_POINT('',#580);
#580 = CARTESIAN_POINT('',(199.734682,-148.939507,0.));
#581 = CIRCLE('',#582,0.95);
#582 = AXIS2_PLACEMENT_3D('',#583,#584,#585);
#583 = CARTESIAN_POINT('',(199.734682,-147.989507,0.));
#584 = DIRECTION('',(-0.,0.,-1.));
#585 = DIRECTION('',(-2.991758887411E-14,-1.,0.));
#586 = FACE_BOUND('',#587,.F.);
#587 = EDGE_LOOP('',(#588));
#588 = ORIENTED_EDGE('',*,*,#589,.T.);
#589 = EDGE_CURVE('',#590,#590,#592,.T.);
#590 = VERTEX_POINT('',#591);
#591 = CARTESIAN_POINT('',(199.171676,-146.70607,0.));
#592 = CIRCLE('',#593,1.5);
#593 = AXIS2_PLACEMENT_3D('',#594,#595,#596);
#594 = CARTESIAN_POINT('',(199.171676,-145.20607,0.));
#595 = DIRECTION('',(-0.,0.,-1.));
#596 = DIRECTION('',(-0.,-1.,0.));
#597 = FACE_BOUND('',#598,.F.);
#598 = EDGE_LOOP('',(#599));
#599 = ORIENTED_EDGE('',*,*,#600,.T.);
#600 = EDGE_CURVE('',#601,#601,#603,.T.);
#601 = VERTEX_POINT('',#602);
#602 = CARTESIAN_POINT('',(203.737777,-146.911947,0.));
#603 = CIRCLE('',#604,2.05);
#604 = AXIS2_PLACEMENT_3D('',#605,#606,#607);
#605 = CARTESIAN_POINT('',(203.737777,-144.861947,0.));
#606 = DIRECTION('',(-0.,0.,-1.));
#607 = DIRECTION('',(-0.,-1.,0.));
#608 = FACE_BOUND('',#609,.F.);
#609 = EDGE_LOOP('',(#610));
#610 = ORIENTED_EDGE('',*,*,#611,.T.);
#611 = EDGE_CURVE('',#612,#612,#614,.T.);
#612 = VERTEX_POINT('',#613);
#613 = CARTESIAN_POINT('',(207.740872,-142.684387,0.));
#614 = CIRCLE('',#615,0.95);
#615 = AXIS2_PLACEMENT_3D('',#616,#617,#618);
#616 = CARTESIAN_POINT('',(207.740872,-141.734387,0.));
#617 = DIRECTION('',(-0.,0.,-1.));
#618 = DIRECTION('',(-2.991758887411E-14,-1.,0.));
#619 = FACE_BOUND('',#620,.F.);
#620 = EDGE_LOOP('',(#621));
#621 = ORIENTED_EDGE('',*,*,#622,.T.);
#622 = EDGE_CURVE('',#623,#623,#625,.T.);
#623 = VERTEX_POINT('',#624);
#624 = CARTESIAN_POINT('',(202.611764,-140.795072,0.));
#625 = CIRCLE('',#626,1.5);
#626 = AXIS2_PLACEMENT_3D('',#627,#628,#629);
#627 = CARTESIAN_POINT('',(202.611764,-139.295072,0.));
#628 = DIRECTION('',(-0.,0.,-1.));
#629 = DIRECTION('',(-0.,-1.,0.));
#630 = FACE_BOUND('',#631,.F.);
#631 = EDGE_LOOP('',(#632));
#632 = ORIENTED_EDGE('',*,*,#633,.T.);
#633 = EDGE_CURVE('',#634,#634,#636,.T.);
#634 = VERTEX_POINT('',#635);
#635 = CARTESIAN_POINT('',(156.391157,-120.607799,0.));
#636 = CIRCLE('',#637,0.5461);
#637 = AXIS2_PLACEMENT_3D('',#638,#639,#640);
#638 = CARTESIAN_POINT('',(156.391157,-120.061699,0.));
#639 = DIRECTION('',(-0.,0.,-1.));
#640 = DIRECTION('',(-0.,-1.,0.));
#641 = FACE_BOUND('',#642,.F.);
#642 = EDGE_LOOP('',(#643));
#643 = ORIENTED_EDGE('',*,*,#644,.T.);
#644 = EDGE_CURVE('',#645,#645,#647,.T.);
#645 = VERTEX_POINT('',#646);
#646 = CARTESIAN_POINT('',(156.391157,-118.067799,0.));
#647 = CIRCLE('',#648,0.5461);
#648 = AXIS2_PLACEMENT_3D('',#649,#650,#651);
#649 = CARTESIAN_POINT('',(156.391157,-117.521699,0.));
#650 = DIRECTION('',(-0.,0.,-1.));
#651 = DIRECTION('',(-0.,-1.,0.));
#652 = FACE_BOUND('',#653,.F.);
#653 = EDGE_LOOP('',(#654));
#654 = ORIENTED_EDGE('',*,*,#655,.T.);
#655 = EDGE_CURVE('',#656,#656,#658,.T.);
#656 = VERTEX_POINT('',#657);
#657 = CARTESIAN_POINT('',(156.391157,-115.527799,0.));
#658 = CIRCLE('',#659,0.5461);
#659 = AXIS2_PLACEMENT_3D('',#660,#661,#662);
#660 = CARTESIAN_POINT('',(156.391157,-114.981699,0.));
#661 = DIRECTION('',(-0.,0.,-1.));
#662 = DIRECTION('',(-0.,-1.,0.));
#663 = FACE_BOUND('',#664,.F.);
#664 = EDGE_LOOP('',(#665));
#665 = ORIENTED_EDGE('',*,*,#666,.T.);
#666 = EDGE_CURVE('',#667,#667,#669,.T.);
#667 = VERTEX_POINT('',#668);
#668 = CARTESIAN_POINT('',(156.391157,-112.987799,0.));
#669 = CIRCLE('',#670,0.5461);
#670 = AXIS2_PLACEMENT_3D('',#671,#672,#673);
#671 = CARTESIAN_POINT('',(156.391157,-112.441699,0.));
#672 = DIRECTION('',(-0.,0.,-1.));
#673 = DIRECTION('',(-0.,-1.,0.));
#674 = FACE_BOUND('',#675,.F.);
#675 = EDGE_LOOP('',(#676));
#676 = ORIENTED_EDGE('',*,*,#677,.T.);
#677 = EDGE_CURVE('',#678,#678,#680,.T.);
#678 = VERTEX_POINT('',#679);
#679 = CARTESIAN_POINT('',(156.391157,-110.447799,0.));
#680 = CIRCLE('',#681,0.5461);
#681 = AXIS2_PLACEMENT_3D('',#682,#683,#684);
#682 = CARTESIAN_POINT('',(156.391157,-109.901699,0.));
#683 = DIRECTION('',(-0.,0.,-1.));
#684 = DIRECTION('',(-0.,-1.,0.));
#685 = FACE_BOUND('',#686,.F.);
#686 = EDGE_LOOP('',(#687));
#687 = ORIENTED_EDGE('',*,*,#688,.T.);
#688 = EDGE_CURVE('',#689,#689,#691,.T.);
#689 = VERTEX_POINT('',#690);
#690 = CARTESIAN_POINT('',(156.391157,-107.907799,0.));
#691 = CIRCLE('',#692,0.5461);
#692 = AXIS2_PLACEMENT_3D('',#693,#694,#695);
#693 = CARTESIAN_POINT('',(156.391157,-107.361699,0.));
#694 = DIRECTION('',(-0.,0.,-1.));
#695 = DIRECTION('',(-0.,-1.,0.));
#696 = FACE_BOUND('',#697,.F.);
#697 = EDGE_LOOP('',(#698));
#698 = ORIENTED_EDGE('',*,*,#699,.T.);
#699 = EDGE_CURVE('',#700,#700,#702,.T.);
#700 = VERTEX_POINT('',#701);
#701 = CARTESIAN_POINT('',(156.391157,-105.367799,0.));
#702 = CIRCLE('',#703,0.5461);
#703 = AXIS2_PLACEMENT_3D('',#704,#705,#706);
#704 = CARTESIAN_POINT('',(156.391157,-104.821699,0.));
#705 = DIRECTION('',(-0.,0.,-1.));
#706 = DIRECTION('',(-0.,-1.,0.));
#707 = FACE_BOUND('',#708,.F.);
#708 = EDGE_LOOP('',(#709));
#709 = ORIENTED_EDGE('',*,*,#710,.T.);
#710 = EDGE_CURVE('',#711,#711,#713,.T.);
#711 = VERTEX_POINT('',#712);
#712 = CARTESIAN_POINT('',(156.391157,-102.827799,0.));
#713 = CIRCLE('',#714,0.5461);
#714 = AXIS2_PLACEMENT_3D('',#715,#716,#717);
#715 = CARTESIAN_POINT('',(156.391157,-102.281699,0.));
#716 = DIRECTION('',(-0.,0.,-1.));
#717 = DIRECTION('',(-0.,-1.,0.));
#718 = FACE_BOUND('',#719,.F.);
#719 = EDGE_LOOP('',(#720));
#720 = ORIENTED_EDGE('',*,*,#721,.T.);
#721 = EDGE_CURVE('',#722,#722,#724,.T.);
#722 = VERTEX_POINT('',#723);
#723 = CARTESIAN_POINT('',(156.391157,-100.287799,0.));
#724 = CIRCLE('',#725,0.5461);
#725 = AXIS2_PLACEMENT_3D('',#726,#727,#728);
#726 = CARTESIAN_POINT('',(156.391157,-99.741699,0.));
#727 = DIRECTION('',(-0.,0.,-1.));
#728 = DIRECTION('',(-0.,-1.,0.));
#729 = FACE_BOUND('',#730,.F.);
#730 = EDGE_LOOP('',(#731));
#731 = ORIENTED_EDGE('',*,*,#732,.T.);
#732 = EDGE_CURVE('',#733,#733,#735,.T.);
#733 = VERTEX_POINT('',#734);
#734 = CARTESIAN_POINT('',(211.350487,-104.816081,0.));
#735 = CIRCLE('',#736,0.95);
#736 = AXIS2_PLACEMENT_3D('',#737,#738,#739);
#737 = CARTESIAN_POINT('',(211.350487,-103.866081,0.));
#738 = DIRECTION('',(-0.,0.,-1.));
#739 = DIRECTION('',(-0.,-1.,0.));
#740 = FACE_BOUND('',#741,.F.);
#741 = EDGE_LOOP('',(#742));
#742 = ORIENTED_EDGE('',*,*,#743,.T.);
#743 = EDGE_CURVE('',#744,#744,#746,.T.);
#744 = VERTEX_POINT('',#745);
#745 = CARTESIAN_POINT('',(212.112499,-102.63042,0.));
#746 = CIRCLE('',#747,1.5);
#747 = AXIS2_PLACEMENT_3D('',#748,#749,#750);
#748 = CARTESIAN_POINT('',(212.112499,-101.13042,0.));
#749 = DIRECTION('',(-0.,0.,-1.));
#750 = DIRECTION('',(-0.,-1.,0.));
#751 = FACE_BOUND('',#752,.F.);
#752 = EDGE_LOOP('',(#753));
#753 = ORIENTED_EDGE('',*,*,#754,.T.);
#754 = EDGE_CURVE('',#755,#755,#757,.T.);
#755 = VERTEX_POINT('',#756);
#756 = CARTESIAN_POINT('',(216.337153,-104.946771,0.));
#757 = CIRCLE('',#758,2.05);
#758 = AXIS2_PLACEMENT_3D('',#759,#760,#761);
#759 = CARTESIAN_POINT('',(216.337153,-102.896771,0.));
#760 = DIRECTION('',(-0.,0.,-1.));
#761 = DIRECTION('',(-0.,-1.,0.));
#762 = FACE_BOUND('',#763,.F.);
#763 = EDGE_LOOP('',(#764));
#764 = ORIENTED_EDGE('',*,*,#765,.T.);
#765 = EDGE_CURVE('',#766,#766,#768,.T.);
#766 = VERTEX_POINT('',#767);
#767 = CARTESIAN_POINT('',(221.323819,-102.877461,0.));
#768 = CIRCLE('',#769,0.95);
#769 = AXIS2_PLACEMENT_3D('',#770,#771,#772);
#770 = CARTESIAN_POINT('',(221.323819,-101.927461,0.));
#771 = DIRECTION('',(-0.,0.,-1.));
#772 = DIRECTION('',(-2.991758887411E-14,-1.,0.));
#773 = FACE_BOUND('',#774,.F.);
#774 = EDGE_LOOP('',(#775));
#775 = ORIENTED_EDGE('',*,*,#776,.T.);
#776 = EDGE_CURVE('',#777,#777,#779,.T.);
#777 = VERTEX_POINT('',#778);
#778 = CARTESIAN_POINT('',(49.080804,-96.583712,0.));
#779 = CIRCLE('',#780,0.95);
#780 = AXIS2_PLACEMENT_3D('',#781,#782,#783);
#781 = CARTESIAN_POINT('',(49.080804,-95.633712,0.));
#782 = DIRECTION('',(-0.,0.,-1.));
#783 = DIRECTION('',(-0.,-1.,0.));
#784 = FACE_BOUND('',#785,.F.);
#785 = EDGE_LOOP('',(#786));
#786 = ORIENTED_EDGE('',*,*,#787,.T.);
#787 = EDGE_CURVE('',#788,#788,#790,.T.);
#788 = VERTEX_POINT('',#789);
#789 = CARTESIAN_POINT('',(39.107472,-94.645092,0.));
#790 = CIRCLE('',#791,0.95);
#791 = AXIS2_PLACEMENT_3D('',#792,#793,#794);
#792 = CARTESIAN_POINT('',(39.107472,-93.695092,0.));
#793 = DIRECTION('',(-0.,0.,-1.));
#794 = DIRECTION('',(-0.,-1.,0.));
#795 = FACE_BOUND('',#796,.F.);
#796 = EDGE_LOOP('',(#797));
#797 = ORIENTED_EDGE('',*,*,#798,.T.);
#798 = EDGE_CURVE('',#799,#799,#801,.T.);
#799 = VERTEX_POINT('',#800);
#800 = CARTESIAN_POINT('',(44.094138,-96.714402,0.));
#801 = CIRCLE('',#802,2.05);
#802 = AXIS2_PLACEMENT_3D('',#803,#804,#805);
#803 = CARTESIAN_POINT('',(44.094138,-94.664402,0.));
#804 = DIRECTION('',(-0.,0.,-1.));
#805 = DIRECTION('',(-0.,-1.,0.));
#806 = FACE_BOUND('',#807,.F.);
#807 = EDGE_LOOP('',(#808));
#808 = ORIENTED_EDGE('',*,*,#809,.T.);
#809 = EDGE_CURVE('',#810,#810,#812,.T.);
#810 = VERTEX_POINT('',#811);
#811 = CARTESIAN_POINT('',(40.838793,-92.944087,0.));
#812 = CIRCLE('',#813,1.5);
#813 = AXIS2_PLACEMENT_3D('',#814,#815,#816);
#814 = CARTESIAN_POINT('',(40.838793,-91.444087,0.));
#815 = DIRECTION('',(-0.,0.,-1.));
#816 = DIRECTION('',(-0.,-1.,0.));
#817 = FACE_BOUND('',#818,.F.);
#818 = EDGE_LOOP('',(#819));
#819 = ORIENTED_EDGE('',*,*,#820,.T.);
#820 = EDGE_CURVE('',#821,#821,#823,.T.);
#821 = VERTEX_POINT('',#822);
#822 = CARTESIAN_POINT('',(47.556781,-91.662391,0.));
#823 = CIRCLE('',#824,1.5);
#824 = AXIS2_PLACEMENT_3D('',#825,#826,#827);
#825 = CARTESIAN_POINT('',(47.556781,-90.162391,0.));
#826 = DIRECTION('',(-0.,0.,-1.));
#827 = DIRECTION('',(-0.,-1.,0.));
#828 = FACE_BOUND('',#829,.F.);
#829 = EDGE_LOOP('',(#830));
#830 = ORIENTED_EDGE('',*,*,#831,.T.);
#831 = EDGE_CURVE('',#832,#832,#834,.T.);
#832 = VERTEX_POINT('',#833);
#833 = CARTESIAN_POINT('',(63.947151,-94.155522,0.));
#834 = CIRCLE('',#835,2.05);
#835 = AXIS2_PLACEMENT_3D('',#836,#837,#838);
#836 = CARTESIAN_POINT('',(63.947151,-92.105522,0.));
#837 = DIRECTION('',(-0.,0.,-1.));
#838 = DIRECTION('',(-3.466062125659E-15,-1.,0.));
#839 = FACE_BOUND('',#840,.F.);
#840 = EDGE_LOOP('',(#841));
#841 = ORIENTED_EDGE('',*,*,#842,.T.);
#842 = EDGE_CURVE('',#843,#843,#845,.T.);
#843 = VERTEX_POINT('',#844);
#844 = CARTESIAN_POINT('',(68.933817,-94.024832,0.));
#845 = CIRCLE('',#846,0.95);
#846 = AXIS2_PLACEMENT_3D('',#847,#848,#849);
#847 = CARTESIAN_POINT('',(68.933817,-93.074832,0.));
#848 = DIRECTION('',(-0.,0.,-1.));
#849 = DIRECTION('',(-0.,-1.,0.));
#850 = FACE_BOUND('',#851,.F.);
#851 = EDGE_LOOP('',(#852));
#852 = ORIENTED_EDGE('',*,*,#853,.T.);
#853 = EDGE_CURVE('',#854,#854,#856,.T.);
#854 = VERTEX_POINT('',#855);
#855 = CARTESIAN_POINT('',(58.960485,-92.086212,0.));
#856 = CIRCLE('',#857,0.95);
#857 = AXIS2_PLACEMENT_3D('',#858,#859,#860);
#858 = CARTESIAN_POINT('',(58.960485,-91.136212,0.));
#859 = DIRECTION('',(-0.,0.,-1.));
#860 = DIRECTION('',(-7.479397218527E-15,-1.,0.));
#861 = FACE_BOUND('',#862,.F.);
#862 = EDGE_LOOP('',(#863));
#863 = ORIENTED_EDGE('',*,*,#864,.T.);
#864 = EDGE_CURVE('',#865,#865,#867,.T.);
#865 = VERTEX_POINT('',#866);
#866 = CARTESIAN_POINT('',(60.691806,-90.385207,0.));
#867 = CIRCLE('',#868,1.5);
#868 = AXIS2_PLACEMENT_3D('',#869,#870,#871);
#869 = CARTESIAN_POINT('',(60.691806,-88.885207,0.));
#870 = DIRECTION('',(-0.,0.,-1.));
#871 = DIRECTION('',(-0.,-1.,0.));
#872 = FACE_BOUND('',#873,.F.);
#873 = EDGE_LOOP('',(#874));
#874 = ORIENTED_EDGE('',*,*,#875,.T.);
#875 = EDGE_CURVE('',#876,#876,#878,.T.);
#876 = VERTEX_POINT('',#877);
#877 = CARTESIAN_POINT('',(67.409794,-89.103511,0.));
#878 = CIRCLE('',#879,1.5);
#879 = AXIS2_PLACEMENT_3D('',#880,#881,#882);
#880 = CARTESIAN_POINT('',(67.409794,-87.603511,0.));
#881 = DIRECTION('',(-0.,0.,-1.));
#882 = DIRECTION('',(-0.,-1.,0.));
#883 = FACE_BOUND('',#884,.F.);
#884 = EDGE_LOOP('',(#885));
#885 = ORIENTED_EDGE('',*,*,#886,.T.);
#886 = EDGE_CURVE('',#887,#887,#889,.T.);
#887 = VERTEX_POINT('',#888);
#888 = CARTESIAN_POINT('',(26.68348,-86.708454,0.));
#889 = CIRCLE('',#890,2.05);
#890 = AXIS2_PLACEMENT_3D('',#891,#892,#893);
#891 = CARTESIAN_POINT('',(26.68348,-84.658454,0.));
#892 = DIRECTION('',(-0.,0.,-1.));
#893 = DIRECTION('',(-0.,-1.,0.));
#894 = FACE_BOUND('',#895,.F.);
#895 = EDGE_LOOP('',(#896));
#896 = ORIENTED_EDGE('',*,*,#897,.T.);
#897 = EDGE_CURVE('',#898,#898,#900,.T.);
#898 = VERTEX_POINT('',#899);
#899 = CARTESIAN_POINT('',(21.696814,-84.639144,0.));
#900 = CIRCLE('',#901,0.95);
#901 = AXIS2_PLACEMENT_3D('',#902,#903,#904);
#902 = CARTESIAN_POINT('',(21.696814,-83.689144,0.));
#903 = DIRECTION('',(-0.,0.,-1.));
#904 = DIRECTION('',(-0.,-1.,0.));
#905 = FACE_BOUND('',#906,.F.);
#906 = EDGE_LOOP('',(#907));
#907 = ORIENTED_EDGE('',*,*,#908,.T.);
#908 = EDGE_CURVE('',#909,#909,#911,.T.);
#909 = VERTEX_POINT('',#910);
#910 = CARTESIAN_POINT('',(31.670146,-86.577764,0.));
#911 = CIRCLE('',#912,0.95);
#912 = AXIS2_PLACEMENT_3D('',#913,#914,#915);
#913 = CARTESIAN_POINT('',(31.670146,-85.627764,0.));
#914 = DIRECTION('',(-0.,0.,-1.));
#915 = DIRECTION('',(-0.,-1.,0.));
#916 = FACE_BOUND('',#917,.F.);
#917 = EDGE_LOOP('',(#918));
#918 = ORIENTED_EDGE('',*,*,#919,.T.);
#919 = EDGE_CURVE('',#920,#920,#922,.T.);
#920 = VERTEX_POINT('',#921);
#921 = CARTESIAN_POINT('',(23.428135,-82.938139,0.));
#922 = CIRCLE('',#923,1.5);
#923 = AXIS2_PLACEMENT_3D('',#924,#925,#926);
#924 = CARTESIAN_POINT('',(23.428135,-81.438139,0.));
#925 = DIRECTION('',(-0.,0.,-1.));
#926 = DIRECTION('',(-0.,-1.,0.));
#927 = FACE_BOUND('',#928,.F.);
#928 = EDGE_LOOP('',(#929));
#929 = ORIENTED_EDGE('',*,*,#930,.T.);
#930 = EDGE_CURVE('',#931,#931,#933,.T.);
#931 = VERTEX_POINT('',#932);
#932 = CARTESIAN_POINT('',(30.146123,-81.656443,0.));
#933 = CIRCLE('',#934,1.5);
#934 = AXIS2_PLACEMENT_3D('',#935,#936,#937);
#935 = CARTESIAN_POINT('',(30.146123,-80.156443,0.));
#936 = DIRECTION('',(-0.,0.,-1.));
#937 = DIRECTION('',(-0.,-1.,0.));
#938 = FACE_BOUND('',#939,.F.);
#939 = EDGE_LOOP('',(#940));
#940 = ORIENTED_EDGE('',*,*,#941,.T.);
#941 = EDGE_CURVE('',#942,#942,#944,.T.);
#942 = VERTEX_POINT('',#943);
#943 = CARTESIAN_POINT('',(52.706175,-77.932796,0.));
#944 = CIRCLE('',#945,0.95);
#945 = AXIS2_PLACEMENT_3D('',#946,#947,#948);
#946 = CARTESIAN_POINT('',(52.706175,-76.982796,0.));
#947 = DIRECTION('',(-0.,0.,-1.));
#948 = DIRECTION('',(-0.,-1.,0.));
#949 = FACE_BOUND('',#950,.F.);
#950 = EDGE_LOOP('',(#951));
#951 = ORIENTED_EDGE('',*,*,#952,.T.);
#952 = EDGE_CURVE('',#953,#953,#955,.T.);
#953 = VERTEX_POINT('',#954);
#954 = CARTESIAN_POINT('',(42.732843,-75.994176,0.));
#955 = CIRCLE('',#956,0.95);
#956 = AXIS2_PLACEMENT_3D('',#957,#958,#959);
#957 = CARTESIAN_POINT('',(42.732843,-75.044176,0.));
#958 = DIRECTION('',(-0.,0.,-1.));
#959 = DIRECTION('',(-0.,-1.,0.));
#960 = FACE_BOUND('',#961,.F.);
#961 = EDGE_LOOP('',(#962));
#962 = ORIENTED_EDGE('',*,*,#963,.T.);
#963 = EDGE_CURVE('',#964,#964,#966,.T.);
#964 = VERTEX_POINT('',#965);
#965 = CARTESIAN_POINT('',(47.719509,-78.063486,0.));
#966 = CIRCLE('',#967,2.05);
#967 = AXIS2_PLACEMENT_3D('',#968,#969,#970);
#968 = CARTESIAN_POINT('',(47.719509,-76.013486,0.));
#969 = DIRECTION('',(-0.,0.,-1.));
#970 = DIRECTION('',(-0.,-1.,0.));
#971 = FACE_BOUND('',#972,.F.);
#972 = EDGE_LOOP('',(#973));
#973 = ORIENTED_EDGE('',*,*,#974,.T.);
#974 = EDGE_CURVE('',#975,#975,#977,.T.);
#975 = VERTEX_POINT('',#976);
#976 = CARTESIAN_POINT('',(79.843867,-84.226545,0.));
#977 = CIRCLE('',#978,0.95);
#978 = AXIS2_PLACEMENT_3D('',#979,#980,#981);
#979 = CARTESIAN_POINT('',(79.843867,-83.276545,0.));
#980 = DIRECTION('',(-0.,0.,-1.));
#981 = DIRECTION('',(-0.,-1.,0.));
#982 = FACE_BOUND('',#983,.F.);
#983 = EDGE_LOOP('',(#984));
#984 = ORIENTED_EDGE('',*,*,#985,.T.);
#985 = EDGE_CURVE('',#986,#986,#988,.T.);
#986 = VERTEX_POINT('',#987);
#987 = CARTESIAN_POINT('',(81.575188,-82.52554,0.));
#988 = CIRCLE('',#989,1.5);
#989 = AXIS2_PLACEMENT_3D('',#990,#991,#992);
#990 = CARTESIAN_POINT('',(81.575188,-81.02554,0.));
#991 = DIRECTION('',(-0.,0.,-1.));
#992 = DIRECTION('',(-0.,-1.,0.));
#993 = FACE_BOUND('',#994,.F.);
#994 = EDGE_LOOP('',(#995));
#995 = ORIENTED_EDGE('',*,*,#996,.T.);
#996 = EDGE_CURVE('',#997,#997,#999,.T.);
#997 = VERTEX_POINT('',#998);
#998 = CARTESIAN_POINT('',(67.572522,-75.504605,0.));
#999 = CIRCLE('',#1000,2.05);
#1000 = AXIS2_PLACEMENT_3D('',#1001,#1002,#1003);
#1001 = CARTESIAN_POINT('',(67.572522,-73.454605,0.));
#1002 = DIRECTION('',(-0.,0.,-1.));
#1003 = DIRECTION('',(6.932124251318E-15,-1.,-0.));
#1004 = FACE_BOUND('',#1005,.F.);
#1005 = EDGE_LOOP('',(#1006));
#1006 = ORIENTED_EDGE('',*,*,#1007,.T.);
#1007 = EDGE_CURVE('',#1008,#1008,#1010,.T.);
#1008 = VERTEX_POINT('',#1009);
#1009 = CARTESIAN_POINT('',(72.559188,-75.373915,0.));
#1010 = CIRCLE('',#1011,0.95);
#1011 = AXIS2_PLACEMENT_3D('',#1012,#1013,#1014);
#1012 = CARTESIAN_POINT('',(72.559188,-74.423915,0.));
#1013 = DIRECTION('',(-0.,0.,-1.));
#1014 = DIRECTION('',(-0.,-1.,0.));
#1015 = FACE_BOUND('',#1016,.F.);
#1016 = EDGE_LOOP('',(#1017));
#1017 = ORIENTED_EDGE('',*,*,#1018,.T.);
#1018 = EDGE_CURVE('',#1019,#1019,#1021,.T.);
#1019 = VERTEX_POINT('',#1020);
#1020 = CARTESIAN_POINT('',(97.15912,-94.723306,0.));
#1021 = CIRCLE('',#1022,0.95);
#1022 = AXIS2_PLACEMENT_3D('',#1023,#1024,#1025);
#1023 = CARTESIAN_POINT('',(97.15912,-93.773306,0.));
#1024 = DIRECTION('',(-0.,0.,-1.));
#1025 = DIRECTION('',(-0.,-1.,0.));
#1026 = FACE_BOUND('',#1027,.F.);
#1027 = EDGE_LOOP('',(#1028));
#1028 = ORIENTED_EDGE('',*,*,#1029,.T.);
#1029 = EDGE_CURVE('',#1030,#1030,#1032,.T.);
#1030 = VERTEX_POINT('',#1031);
#1031 = CARTESIAN_POINT('',(107.132452,-96.661926,0.));
#1032 = CIRCLE('',#1033,0.95);
#1033 = AXIS2_PLACEMENT_3D('',#1034,#1035,#1036);
#1034 = CARTESIAN_POINT('',(107.132452,-95.711926,0.));
#1035 = DIRECTION('',(-0.,0.,-1.));
#1036 = DIRECTION('',(-0.,-1.,0.));
#1037 = FACE_BOUND('',#1038,.F.);
#1038 = EDGE_LOOP('',(#1039));
#1039 = ORIENTED_EDGE('',*,*,#1040,.T.);
#1040 = EDGE_CURVE('',#1041,#1041,#1043,.T.);
#1041 = VERTEX_POINT('',#1042);
#1042 = CARTESIAN_POINT('',(102.145786,-96.792616,0.));
#1043 = CIRCLE('',#1044,2.05);
#1044 = AXIS2_PLACEMENT_3D('',#1045,#1046,#1047);
#1045 = CARTESIAN_POINT('',(102.145786,-94.742616,0.));
#1046 = DIRECTION('',(-0.,0.,-1.));
#1047 = DIRECTION('',(-0.,-1.,0.));
#1048 = FACE_BOUND('',#1049,.F.);
#1049 = EDGE_LOOP('',(#1050));
#1050 = ORIENTED_EDGE('',*,*,#1051,.T.);
#1051 = EDGE_CURVE('',#1052,#1052,#1054,.T.);
#1052 = VERTEX_POINT('',#1053);
#1053 = CARTESIAN_POINT('',(98.890441,-93.022301,0.));
#1054 = CIRCLE('',#1055,1.5);
#1055 = AXIS2_PLACEMENT_3D('',#1056,#1057,#1058);
#1056 = CARTESIAN_POINT('',(98.890441,-91.522301,0.));
#1057 = DIRECTION('',(-0.,0.,-1.));
#1058 = DIRECTION('',(-0.,-1.,0.));
#1059 = FACE_BOUND('',#1060,.F.);
#1060 = EDGE_LOOP('',(#1061));
#1061 = ORIENTED_EDGE('',*,*,#1062,.T.);
#1062 = EDGE_CURVE('',#1063,#1063,#1065,.T.);
#1063 = VERTEX_POINT('',#1064);
#1064 = CARTESIAN_POINT('',(105.608429,-91.740605,0.));
#1065 = CIRCLE('',#1066,1.5);
#1066 = AXIS2_PLACEMENT_3D('',#1067,#1068,#1069);
#1067 = CARTESIAN_POINT('',(105.608429,-90.240605,0.));
#1068 = DIRECTION('',(-0.,0.,-1.));
#1069 = DIRECTION('',(-0.,-1.,0.));
#1070 = FACE_BOUND('',#1071,.F.);
#1071 = EDGE_LOOP('',(#1072));
#1072 = ORIENTED_EDGE('',*,*,#1073,.T.);
#1073 = EDGE_CURVE('',#1074,#1074,#1076,.T.);
#1074 = VERTEX_POINT('',#1075);
#1075 = CARTESIAN_POINT('',(141.151157,-97.747799,0.));
#1076 = CIRCLE('',#1077,0.5461);
#1077 = AXIS2_PLACEMENT_3D('',#1078,#1079,#1080);
#1078 = CARTESIAN_POINT('',(141.151157,-97.201699,0.));
#1079 = DIRECTION('',(-0.,0.,-1.));
#1080 = DIRECTION('',(-0.,-1.,0.));
#1081 = FACE_BOUND('',#1082,.F.);
#1082 = EDGE_LOOP('',(#1083));
#1083 = ORIENTED_EDGE('',*,*,#1084,.T.);
#1084 = EDGE_CURVE('',#1085,#1085,#1087,.T.);
#1085 = VERTEX_POINT('',#1086);
#1086 = CARTESIAN_POINT('',(141.151157,-95.207799,0.));
#1087 = CIRCLE('',#1088,0.5461);
#1088 = AXIS2_PLACEMENT_3D('',#1089,#1090,#1091);
#1089 = CARTESIAN_POINT('',(141.151157,-94.661699,0.));
#1090 = DIRECTION('',(-0.,0.,-1.));
#1091 = DIRECTION('',(-0.,-1.,0.));
#1092 = FACE_BOUND('',#1093,.F.);
#1093 = EDGE_LOOP('',(#1094));
#1094 = ORIENTED_EDGE('',*,*,#1095,.T.);
#1095 = EDGE_CURVE('',#1096,#1096,#1098,.T.);
#1096 = VERTEX_POINT('',#1097);
#1097 = CARTESIAN_POINT('',(141.151157,-92.667799,0.));
#1098 = CIRCLE('',#1099,0.5461);
#1099 = AXIS2_PLACEMENT_3D('',#1100,#1101,#1102);
#1100 = CARTESIAN_POINT('',(141.151157,-92.121699,0.));
#1101 = DIRECTION('',(-0.,0.,-1.));
#1102 = DIRECTION('',(-0.,-1.,0.));
#1103 = FACE_BOUND('',#1104,.F.);
#1104 = EDGE_LOOP('',(#1105));
#1105 = ORIENTED_EDGE('',*,*,#1106,.T.);
#1106 = EDGE_CURVE('',#1107,#1107,#1109,.T.);
#1107 = VERTEX_POINT('',#1108);
#1108 = CARTESIAN_POINT('',(84.830533,-86.295855,0.));
#1109 = CIRCLE('',#1110,2.05);
#1110 = AXIS2_PLACEMENT_3D('',#1111,#1112,#1113);
#1111 = CARTESIAN_POINT('',(84.830533,-84.245855,0.));
#1112 = DIRECTION('',(-0.,0.,-1.));
#1113 = DIRECTION('',(-0.,-1.,0.));
#1114 = FACE_BOUND('',#1115,.F.);
#1115 = EDGE_LOOP('',(#1116));
#1116 = ORIENTED_EDGE('',*,*,#1117,.T.);
#1117 = EDGE_CURVE('',#1118,#1118,#1120,.T.);
#1118 = VERTEX_POINT('',#1119);
#1119 = CARTESIAN_POINT('',(89.817199,-86.165165,0.));
#1120 = CIRCLE('',#1121,0.95);
#1121 = AXIS2_PLACEMENT_3D('',#1122,#1123,#1124);
#1122 = CARTESIAN_POINT('',(89.817199,-85.215165,0.));
#1123 = DIRECTION('',(-0.,0.,-1.));
#1124 = DIRECTION('',(-0.,-1.,0.));
#1125 = FACE_BOUND('',#1126,.F.);
#1126 = EDGE_LOOP('',(#1127));
#1127 = ORIENTED_EDGE('',*,*,#1128,.T.);
#1128 = EDGE_CURVE('',#1129,#1129,#1131,.T.);
#1129 = VERTEX_POINT('',#1130);
#1130 = CARTESIAN_POINT('',(88.293176,-81.243844,0.));
#1131 = CIRCLE('',#1132,1.5);
#1132 = AXIS2_PLACEMENT_3D('',#1133,#1134,#1135);
#1133 = CARTESIAN_POINT('',(88.293176,-79.743844,0.));
#1134 = DIRECTION('',(-0.,0.,-1.));
#1135 = DIRECTION('',(-0.,-1.,0.));
#1136 = FACE_BOUND('',#1137,.F.);
#1137 = EDGE_LOOP('',(#1138));
#1138 = ORIENTED_EDGE('',*,*,#1139,.T.);
#1139 = EDGE_CURVE('',#1140,#1140,#1142,.T.);
#1140 = VERTEX_POINT('',#1141);
#1141 = CARTESIAN_POINT('',(110.757823,-78.011009,0.));
#1142 = CIRCLE('',#1143,0.95);
#1143 = AXIS2_PLACEMENT_3D('',#1144,#1145,#1146);
#1144 = CARTESIAN_POINT('',(110.757823,-77.061009,0.));
#1145 = DIRECTION('',(-0.,0.,-1.));
#1146 = DIRECTION('',(-0.,-1.,0.));
#1147 = FACE_BOUND('',#1148,.F.);
#1148 = EDGE_LOOP('',(#1149));
#1149 = ORIENTED_EDGE('',*,*,#1150,.T.);
#1150 = EDGE_CURVE('',#1151,#1151,#1153,.T.);
#1151 = VERTEX_POINT('',#1152);
#1152 = CARTESIAN_POINT('',(100.784491,-76.072389,0.));
#1153 = CIRCLE('',#1154,0.95);
#1154 = AXIS2_PLACEMENT_3D('',#1155,#1156,#1157);
#1155 = CARTESIAN_POINT('',(100.784491,-75.122389,0.));
#1156 = DIRECTION('',(-0.,0.,-1.));
#1157 = DIRECTION('',(-0.,-1.,0.));
#1158 = FACE_BOUND('',#1159,.F.);
#1159 = EDGE_LOOP('',(#1160));
#1160 = ORIENTED_EDGE('',*,*,#1161,.T.);
#1161 = EDGE_CURVE('',#1162,#1162,#1164,.T.);
#1162 = VERTEX_POINT('',#1163);
#1163 = CARTESIAN_POINT('',(105.771157,-78.141699,0.));
#1164 = CIRCLE('',#1165,2.05);
#1165 = AXIS2_PLACEMENT_3D('',#1166,#1167,#1168);
#1166 = CARTESIAN_POINT('',(105.771157,-76.091699,0.));
#1167 = DIRECTION('',(-0.,0.,-1.));
#1168 = DIRECTION('',(-0.,-1.,0.));
#1169 = FACE_BOUND('',#1170,.F.);
#1170 = EDGE_LOOP('',(#1171));
#1171 = ORIENTED_EDGE('',*,*,#1172,.T.);
#1172 = EDGE_CURVE('',#1173,#1173,#1175,.T.);
#1173 = VERTEX_POINT('',#1174);
#1174 = CARTESIAN_POINT('',(35.295517,-67.926848,0.));
#1175 = CIRCLE('',#1176,0.95);
#1176 = AXIS2_PLACEMENT_3D('',#1177,#1178,#1179);
#1177 = CARTESIAN_POINT('',(35.295517,-66.976848,0.));
#1178 = DIRECTION('',(-0.,0.,-1.));
#1179 = DIRECTION('',(-7.479397218527E-15,-1.,0.));
#1180 = FACE_BOUND('',#1181,.F.);
#1181 = EDGE_LOOP('',(#1182));
#1182 = ORIENTED_EDGE('',*,*,#1183,.T.);
#1183 = EDGE_CURVE('',#1184,#1184,#1186,.T.);
#1184 = VERTEX_POINT('',#1185);
#1185 = CARTESIAN_POINT('',(44.464164,-74.293171,0.));
#1186 = CIRCLE('',#1187,1.5);
#1187 = AXIS2_PLACEMENT_3D('',#1188,#1189,#1190);
#1188 = CARTESIAN_POINT('',(44.464164,-72.793171,0.));
#1189 = DIRECTION('',(-0.,0.,-1.));
#1190 = DIRECTION('',(-0.,-1.,0.));
#1191 = FACE_BOUND('',#1192,.F.);
#1192 = EDGE_LOOP('',(#1193));
#1193 = ORIENTED_EDGE('',*,*,#1194,.T.);
#1194 = EDGE_CURVE('',#1195,#1195,#1197,.T.);
#1195 = VERTEX_POINT('',#1196);
#1196 = CARTESIAN_POINT('',(51.182152,-73.011475,0.));
#1197 = CIRCLE('',#1198,1.5);
#1198 = AXIS2_PLACEMENT_3D('',#1199,#1200,#1201);
#1199 = CARTESIAN_POINT('',(51.182152,-71.511475,0.));
#1200 = DIRECTION('',(-0.,0.,-1.));
#1201 = DIRECTION('',(-0.,-1.,0.));
#1202 = FACE_BOUND('',#1203,.F.);
#1203 = EDGE_LOOP('',(#1204));
#1204 = ORIENTED_EDGE('',*,*,#1205,.T.);
#1205 = EDGE_CURVE('',#1206,#1206,#1208,.T.);
#1206 = VERTEX_POINT('',#1207);
#1207 = CARTESIAN_POINT('',(25.322185,-65.988228,0.));
#1208 = CIRCLE('',#1209,0.95);
#1209 = AXIS2_PLACEMENT_3D('',#1210,#1211,#1212);
#1210 = CARTESIAN_POINT('',(25.322185,-65.038228,0.));
#1211 = DIRECTION('',(-0.,0.,-1.));
#1212 = DIRECTION('',(-0.,-1.,0.));
#1213 = FACE_BOUND('',#1214,.F.);
#1214 = EDGE_LOOP('',(#1215));
#1215 = ORIENTED_EDGE('',*,*,#1216,.T.);
#1216 = EDGE_CURVE('',#1217,#1217,#1219,.T.);
#1217 = VERTEX_POINT('',#1218);
#1218 = CARTESIAN_POINT('',(30.308851,-68.057538,0.));
#1219 = CIRCLE('',#1220,2.05);
#1220 = AXIS2_PLACEMENT_3D('',#1221,#1222,#1223);
#1221 = CARTESIAN_POINT('',(30.308851,-66.007538,0.));
#1222 = DIRECTION('',(-0.,0.,-1.));
#1223 = DIRECTION('',(-0.,-1.,0.));
#1224 = FACE_BOUND('',#1225,.F.);
#1225 = EDGE_LOOP('',(#1226));
#1226 = ORIENTED_EDGE('',*,*,#1227,.T.);
#1227 = EDGE_CURVE('',#1228,#1228,#1230,.T.);
#1228 = VERTEX_POINT('',#1229);
#1229 = CARTESIAN_POINT('',(27.053506,-64.287223,0.));
#1230 = CIRCLE('',#1231,1.5);
#1231 = AXIS2_PLACEMENT_3D('',#1232,#1233,#1234);
#1232 = CARTESIAN_POINT('',(27.053506,-62.787223,0.));
#1233 = DIRECTION('',(-0.,0.,-1.));
#1234 = DIRECTION('',(-0.,-1.,0.));
#1235 = FACE_BOUND('',#1236,.F.);
#1236 = EDGE_LOOP('',(#1237));
#1237 = ORIENTED_EDGE('',*,*,#1238,.T.);
#1238 = EDGE_CURVE('',#1239,#1239,#1241,.T.);
#1239 = VERTEX_POINT('',#1240);
#1240 = CARTESIAN_POINT('',(33.771494,-63.005527,0.));
#1241 = CIRCLE('',#1242,1.5);
#1242 = AXIS2_PLACEMENT_3D('',#1243,#1244,#1245);
#1243 = CARTESIAN_POINT('',(33.771494,-61.505527,0.));
#1244 = DIRECTION('',(-0.,0.,-1.));
#1245 = DIRECTION('',(-0.,-1.,0.));
#1246 = FACE_BOUND('',#1247,.F.);
#1247 = EDGE_LOOP('',(#1248));
#1248 = ORIENTED_EDGE('',*,*,#1249,.T.);
#1249 = EDGE_CURVE('',#1250,#1250,#1252,.T.);
#1250 = VERTEX_POINT('',#1251);
#1251 = CARTESIAN_POINT('',(62.585856,-73.435295,0.));
#1252 = CIRCLE('',#1253,0.95);
#1253 = AXIS2_PLACEMENT_3D('',#1254,#1255,#1256);
#1254 = CARTESIAN_POINT('',(62.585856,-72.485295,0.));
#1255 = DIRECTION('',(-0.,0.,-1.));
#1256 = DIRECTION('',(-0.,-1.,0.));
#1257 = FACE_BOUND('',#1258,.F.);
#1258 = EDGE_LOOP('',(#1259));
#1259 = ORIENTED_EDGE('',*,*,#1260,.T.);
#1260 = EDGE_CURVE('',#1261,#1261,#1263,.T.);
#1261 = VERTEX_POINT('',#1262);
#1262 = CARTESIAN_POINT('',(64.317177,-71.73429,0.));
#1263 = CIRCLE('',#1264,1.5);
#1264 = AXIS2_PLACEMENT_3D('',#1265,#1266,#1267);
#1265 = CARTESIAN_POINT('',(64.317177,-70.23429,0.));
#1266 = DIRECTION('',(-0.,0.,-1.));
#1267 = DIRECTION('',(-0.,-1.,0.));
#1268 = FACE_BOUND('',#1269,.F.);
#1269 = EDGE_LOOP('',(#1270));
#1270 = ORIENTED_EDGE('',*,*,#1271,.T.);
#1271 = EDGE_CURVE('',#1272,#1272,#1274,.T.);
#1272 = VERTEX_POINT('',#1273);
#1273 = CARTESIAN_POINT('',(71.035165,-70.452594,0.));
#1274 = CIRCLE('',#1275,1.5);
#1275 = AXIS2_PLACEMENT_3D('',#1276,#1277,#1278);
#1276 = CARTESIAN_POINT('',(71.035165,-68.952594,0.));
#1277 = DIRECTION('',(-0.,0.,-1.));
#1278 = DIRECTION('',(-0.,-1.,0.));
#1279 = FACE_BOUND('',#1280,.F.);
#1280 = EDGE_LOOP('',(#1281));
#1281 = ORIENTED_EDGE('',*,*,#1282,.T.);
#1282 = EDGE_CURVE('',#1283,#1283,#1285,.T.);
#1283 = VERTEX_POINT('',#1284);
#1284 = CARTESIAN_POINT('',(83.469238,-65.575628,0.));
#1285 = CIRCLE('',#1286,0.95);
#1286 = AXIS2_PLACEMENT_3D('',#1287,#1288,#1289);
#1287 = CARTESIAN_POINT('',(83.469238,-64.625628,0.));
#1288 = DIRECTION('',(-0.,0.,-1.));
#1289 = DIRECTION('',(-0.,-1.,0.));
#1290 = FACE_BOUND('',#1291,.F.);
#1291 = EDGE_LOOP('',(#1292));
#1292 = ORIENTED_EDGE('',*,*,#1293,.T.);
#1293 = EDGE_CURVE('',#1294,#1294,#1296,.T.);
#1294 = VERTEX_POINT('',#1295);
#1295 = CARTESIAN_POINT('',(51.34488,-59.412569,0.));
#1296 = CIRCLE('',#1297,2.05);
#1297 = AXIS2_PLACEMENT_3D('',#1298,#1299,#1300);
#1298 = CARTESIAN_POINT('',(51.34488,-57.362569,0.));
#1299 = DIRECTION('',(-0.,0.,-1.));
#1300 = DIRECTION('',(-0.,-1.,0.));
#1301 = FACE_BOUND('',#1302,.F.);
#1302 = EDGE_LOOP('',(#1303));
#1303 = ORIENTED_EDGE('',*,*,#1304,.T.);
#1304 = EDGE_CURVE('',#1305,#1305,#1307,.T.);
#1305 = VERTEX_POINT('',#1306);
#1306 = CARTESIAN_POINT('',(46.358214,-57.343259,0.));
#1307 = CIRCLE('',#1308,0.95);
#1308 = AXIS2_PLACEMENT_3D('',#1309,#1310,#1311);
#1309 = CARTESIAN_POINT('',(46.358214,-56.393259,0.));
#1310 = DIRECTION('',(-0.,0.,-1.));
#1311 = DIRECTION('',(-7.479397218527E-15,-1.,0.));
#1312 = FACE_BOUND('',#1313,.F.);
#1313 = EDGE_LOOP('',(#1314));
#1314 = ORIENTED_EDGE('',*,*,#1315,.T.);
#1315 = EDGE_CURVE('',#1316,#1316,#1318,.T.);
#1316 = VERTEX_POINT('',#1317);
#1317 = CARTESIAN_POINT('',(48.089535,-55.642254,0.));
#1318 = CIRCLE('',#1319,1.5);
#1319 = AXIS2_PLACEMENT_3D('',#1320,#1321,#1322);
#1320 = CARTESIAN_POINT('',(48.089535,-54.142254,0.));
#1321 = DIRECTION('',(-0.,0.,-1.));
#1322 = DIRECTION('',(-0.,-1.,0.));
#1323 = FACE_BOUND('',#1324,.F.);
#1324 = EDGE_LOOP('',(#1325));
#1325 = ORIENTED_EDGE('',*,*,#1326,.T.);
#1326 = EDGE_CURVE('',#1327,#1327,#1329,.T.);
#1327 = VERTEX_POINT('',#1328);
#1328 = CARTESIAN_POINT('',(56.331546,-59.281879,0.));
#1329 = CIRCLE('',#1330,0.95);
#1330 = AXIS2_PLACEMENT_3D('',#1331,#1332,#1333);
#1331 = CARTESIAN_POINT('',(56.331546,-58.331879,0.));
#1332 = DIRECTION('',(-0.,0.,-1.));
#1333 = DIRECTION('',(-0.,-1.,0.));
#1334 = FACE_BOUND('',#1335,.F.);
#1335 = EDGE_LOOP('',(#1336));
#1336 = ORIENTED_EDGE('',*,*,#1337,.T.);
#1337 = EDGE_CURVE('',#1338,#1338,#1340,.T.);
#1338 = VERTEX_POINT('',#1339);
#1339 = CARTESIAN_POINT('',(76.184559,-56.722999,0.));
#1340 = CIRCLE('',#1341,0.95);
#1341 = AXIS2_PLACEMENT_3D('',#1342,#1343,#1344);
#1342 = CARTESIAN_POINT('',(76.184559,-55.772999,0.));
#1343 = DIRECTION('',(-0.,0.,-1.));
#1344 = DIRECTION('',(-1.495879443705E-14,-1.,0.));
#1345 = FACE_BOUND('',#1346,.F.);
#1346 = EDGE_LOOP('',(#1347));
#1347 = ORIENTED_EDGE('',*,*,#1348,.T.);
#1348 = EDGE_CURVE('',#1349,#1349,#1351,.T.);
#1349 = VERTEX_POINT('',#1350);
#1350 = CARTESIAN_POINT('',(71.197893,-56.853689,0.));
#1351 = CIRCLE('',#1352,2.05);
#1352 = AXIS2_PLACEMENT_3D('',#1353,#1354,#1355);
#1353 = CARTESIAN_POINT('',(71.197893,-54.803689,0.));
#1354 = DIRECTION('',(-0.,0.,-1.));
#1355 = DIRECTION('',(-0.,-1.,0.));
#1356 = FACE_BOUND('',#1357,.F.);
#1357 = EDGE_LOOP('',(#1358));
#1358 = ORIENTED_EDGE('',*,*,#1359,.T.);
#1359 = EDGE_CURVE('',#1360,#1360,#1362,.T.);
#1360 = VERTEX_POINT('',#1361);
#1361 = CARTESIAN_POINT('',(54.807523,-54.360558,0.));
#1362 = CIRCLE('',#1363,1.5);
#1363 = AXIS2_PLACEMENT_3D('',#1364,#1365,#1366);
#1364 = CARTESIAN_POINT('',(54.807523,-52.860558,0.));
#1365 = DIRECTION('',(-0.,0.,-1.));
#1366 = DIRECTION('',(-0.,-1.,0.));
#1367 = FACE_BOUND('',#1368,.F.);
#1368 = EDGE_LOOP('',(#1369));
#1369 = ORIENTED_EDGE('',*,*,#1370,.T.);
#1370 = EDGE_CURVE('',#1371,#1371,#1373,.T.);
#1371 = VERTEX_POINT('',#1372);
#1372 = CARTESIAN_POINT('',(66.211227,-54.784379,0.));
#1373 = CIRCLE('',#1374,0.95);
#1374 = AXIS2_PLACEMENT_3D('',#1375,#1376,#1377);
#1375 = CARTESIAN_POINT('',(66.211227,-53.834379,0.));
#1376 = DIRECTION('',(-0.,0.,-1.));
#1377 = DIRECTION('',(-1.495879443705E-14,-1.,0.));
#1378 = FACE_BOUND('',#1379,.F.);
#1379 = EDGE_LOOP('',(#1380));
#1380 = ORIENTED_EDGE('',*,*,#1381,.T.);
#1381 = EDGE_CURVE('',#1382,#1382,#1384,.T.);
#1382 = VERTEX_POINT('',#1383);
#1383 = CARTESIAN_POINT('',(67.942548,-53.083374,0.));
#1384 = CIRCLE('',#1385,1.5);
#1385 = AXIS2_PLACEMENT_3D('',#1386,#1387,#1388);
#1386 = CARTESIAN_POINT('',(67.942548,-51.583374,0.));
#1387 = DIRECTION('',(-0.,0.,-1.));
#1388 = DIRECTION('',(-0.,-1.,0.));
#1389 = FACE_BOUND('',#1390,.F.);
#1390 = EDGE_LOOP('',(#1391));
#1391 = ORIENTED_EDGE('',*,*,#1392,.T.);
#1392 = EDGE_CURVE('',#1393,#1393,#1395,.T.);
#1393 = VERTEX_POINT('',#1394);
#1394 = CARTESIAN_POINT('',(74.660536,-51.801678,0.));
#1395 = CIRCLE('',#1396,1.5);
#1396 = AXIS2_PLACEMENT_3D('',#1397,#1398,#1399);
#1397 = CARTESIAN_POINT('',(74.660536,-50.301678,0.));
#1398 = DIRECTION('',(-0.,0.,-1.));
#1399 = DIRECTION('',(-0.,-1.,0.));
#1400 = FACE_BOUND('',#1401,.F.);
#1401 = EDGE_LOOP('',(#1402));
#1402 = ORIENTED_EDGE('',*,*,#1403,.T.);
#1403 = EDGE_CURVE('',#1404,#1404,#1406,.T.);
#1404 = VERTEX_POINT('',#1405);
#1405 = CARTESIAN_POINT('',(102.515812,-74.371384,0.));
#1406 = CIRCLE('',#1407,1.5);
#1407 = AXIS2_PLACEMENT_3D('',#1408,#1409,#1410);
#1408 = CARTESIAN_POINT('',(102.515812,-72.871384,0.));
#1409 = DIRECTION('',(-0.,0.,-1.));
#1410 = DIRECTION('',(-0.,-1.,0.));
#1411 = FACE_BOUND('',#1412,.F.);
#1412 = EDGE_LOOP('',(#1413));
#1413 = ORIENTED_EDGE('',*,*,#1414,.T.);
#1414 = EDGE_CURVE('',#1415,#1415,#1417,.T.);
#1415 = VERTEX_POINT('',#1416);
#1416 = CARTESIAN_POINT('',(109.2338,-73.089688,0.));
#1417 = CIRCLE('',#1418,1.5);
#1418 = AXIS2_PLACEMENT_3D('',#1419,#1420,#1421);
#1419 = CARTESIAN_POINT('',(109.2338,-71.589688,0.));
#1420 = DIRECTION('',(-0.,0.,-1.));
#1421 = DIRECTION('',(-0.,-1.,0.));
#1422 = FACE_BOUND('',#1423,.F.);
#1423 = EDGE_LOOP('',(#1424));
#1424 = ORIENTED_EDGE('',*,*,#1425,.T.);
#1425 = EDGE_CURVE('',#1426,#1426,#1428,.T.);
#1426 = VERTEX_POINT('',#1427);
#1427 = CARTESIAN_POINT('',(88.455904,-67.644938,0.));
#1428 = CIRCLE('',#1429,2.05);
#1429 = AXIS2_PLACEMENT_3D('',#1430,#1431,#1432);
#1430 = CARTESIAN_POINT('',(88.455904,-65.594938,0.));
#1431 = DIRECTION('',(-0.,0.,-1.));
#1432 = DIRECTION('',(-0.,-1.,0.));
#1433 = FACE_BOUND('',#1434,.F.);
#1434 = EDGE_LOOP('',(#1435));
#1435 = ORIENTED_EDGE('',*,*,#1436,.T.);
#1436 = EDGE_CURVE('',#1437,#1437,#1439,.T.);
#1437 = VERTEX_POINT('',#1438);
#1438 = CARTESIAN_POINT('',(93.44257,-67.514248,0.));
#1439 = CIRCLE('',#1440,0.95);
#1440 = AXIS2_PLACEMENT_3D('',#1441,#1442,#1443);
#1441 = CARTESIAN_POINT('',(93.44257,-66.564248,0.));
#1442 = DIRECTION('',(-0.,0.,-1.));
#1443 = DIRECTION('',(-0.,-1.,0.));
#1444 = FACE_BOUND('',#1445,.F.);
#1445 = EDGE_LOOP('',(#1446));
#1446 = ORIENTED_EDGE('',*,*,#1447,.T.);
#1447 = EDGE_CURVE('',#1448,#1448,#1450,.T.);
#1448 = VERTEX_POINT('',#1449);
#1449 = CARTESIAN_POINT('',(85.200559,-63.874623,0.));
#1450 = CIRCLE('',#1451,1.5);
#1451 = AXIS2_PLACEMENT_3D('',#1452,#1453,#1454);
#1452 = CARTESIAN_POINT('',(85.200559,-62.374623,0.));
#1453 = DIRECTION('',(-0.,0.,-1.));
#1454 = DIRECTION('',(-0.,-1.,0.));
#1455 = FACE_BOUND('',#1456,.F.);
#1456 = EDGE_LOOP('',(#1457));
#1457 = ORIENTED_EDGE('',*,*,#1458,.T.);
#1458 = EDGE_CURVE('',#1459,#1459,#1461,.T.);
#1459 = VERTEX_POINT('',#1460);
#1460 = CARTESIAN_POINT('',(91.918547,-62.592927,0.));
#1461 = CIRCLE('',#1462,1.5);
#1462 = AXIS2_PLACEMENT_3D('',#1463,#1464,#1465);
#1463 = CARTESIAN_POINT('',(91.918547,-61.092927,0.));
#1464 = DIRECTION('',(-0.,0.,-1.));
#1465 = DIRECTION('',(-0.,-1.,0.));
#1466 = FACE_BOUND('',#1467,.F.);
#1467 = EDGE_LOOP('',(#1468));
#1468 = ORIENTED_EDGE('',*,*,#1469,.T.);
#1469 = EDGE_CURVE('',#1470,#1470,#1472,.T.);
#1470 = VERTEX_POINT('',#1471);
#1471 = CARTESIAN_POINT('',(156.391157,-97.747799,0.));
#1472 = CIRCLE('',#1473,0.5461);
#1473 = AXIS2_PLACEMENT_3D('',#1474,#1475,#1476);
#1474 = CARTESIAN_POINT('',(156.391157,-97.201699,0.));
#1475 = DIRECTION('',(-0.,0.,-1.));
#1476 = DIRECTION('',(-0.,-1.,0.));
#1477 = FACE_BOUND('',#1478,.F.);
#1478 = EDGE_LOOP('',(#1479));
#1479 = ORIENTED_EDGE('',*,*,#1480,.T.);
#1480 = EDGE_CURVE('',#1481,#1481,#1483,.T.);
#1481 = VERTEX_POINT('',#1482);
#1482 = CARTESIAN_POINT('',(156.391157,-95.207799,0.));
#1483 = CIRCLE('',#1484,0.5461);
#1484 = AXIS2_PLACEMENT_3D('',#1485,#1486,#1487);
#1485 = CARTESIAN_POINT('',(156.391157,-94.661699,0.));
#1486 = DIRECTION('',(-0.,0.,-1.));
#1487 = DIRECTION('',(-0.,-1.,0.));
#1488 = FACE_BOUND('',#1489,.F.);
#1489 = EDGE_LOOP('',(#1490));
#1490 = ORIENTED_EDGE('',*,*,#1491,.T.);
#1491 = EDGE_CURVE('',#1492,#1492,#1494,.T.);
#1492 = VERTEX_POINT('',#1493);
#1493 = CARTESIAN_POINT('',(156.391157,-92.667799,0.));
#1494 = CIRCLE('',#1495,0.5461);
#1495 = AXIS2_PLACEMENT_3D('',#1496,#1497,#1498);
#1496 = CARTESIAN_POINT('',(156.391157,-92.121699,0.));
#1497 = DIRECTION('',(-0.,0.,-1.));
#1498 = DIRECTION('',(-0.,-1.,0.));
#1499 = FACE_BOUND('',#1500,.F.);
#1500 = EDGE_LOOP('',(#1501));
#1501 = ORIENTED_EDGE('',*,*,#1502,.T.);
#1502 = EDGE_CURVE('',#1503,#1503,#1505,.T.);
#1503 = VERTEX_POINT('',#1504);
#1504 = CARTESIAN_POINT('',(190.409862,-96.661926,0.));
#1505 = CIRCLE('',#1506,0.95);
#1506 = AXIS2_PLACEMENT_3D('',#1507,#1508,#1509);
#1507 = CARTESIAN_POINT('',(190.409862,-95.711926,0.));
#1508 = DIRECTION('',(-0.,0.,-1.));
#1509 = DIRECTION('',(2.991758887411E-14,-1.,-0.));
#1510 = FACE_BOUND('',#1511,.F.);
#1511 = EDGE_LOOP('',(#1512));
#1512 = ORIENTED_EDGE('',*,*,#1513,.T.);
#1513 = EDGE_CURVE('',#1514,#1514,#1516,.T.);
#1514 = VERTEX_POINT('',#1515);
#1515 = CARTESIAN_POINT('',(195.396528,-96.792616,0.));
#1516 = CIRCLE('',#1517,2.05);
#1517 = AXIS2_PLACEMENT_3D('',#1518,#1519,#1520);
#1518 = CARTESIAN_POINT('',(195.396528,-94.742616,0.));
#1519 = DIRECTION('',(-0.,0.,-1.));
#1520 = DIRECTION('',(-0.,-1.,0.));
#1521 = FACE_BOUND('',#1522,.F.);
#1522 = EDGE_LOOP('',(#1523));
#1523 = ORIENTED_EDGE('',*,*,#1524,.T.);
#1524 = EDGE_CURVE('',#1525,#1525,#1527,.T.);
#1525 = VERTEX_POINT('',#1526);
#1526 = CARTESIAN_POINT('',(191.171874,-94.476265,0.));
#1527 = CIRCLE('',#1528,1.5);
#1528 = AXIS2_PLACEMENT_3D('',#1529,#1530,#1531);
#1529 = CARTESIAN_POINT('',(191.171874,-92.976265,0.));
#1530 = DIRECTION('',(-0.,0.,-1.));
#1531 = DIRECTION('',(-0.,-1.,0.));
#1532 = FACE_BOUND('',#1533,.F.);
#1533 = EDGE_LOOP('',(#1534));
#1534 = ORIENTED_EDGE('',*,*,#1535,.T.);
#1535 = EDGE_CURVE('',#1536,#1536,#1538,.T.);
#1536 = VERTEX_POINT('',#1537);
#1537 = CARTESIAN_POINT('',(200.383194,-94.723306,0.));
#1538 = CIRCLE('',#1539,0.95);
#1539 = AXIS2_PLACEMENT_3D('',#1540,#1541,#1542);
#1540 = CARTESIAN_POINT('',(200.383194,-93.773306,0.));
#1541 = DIRECTION('',(-0.,0.,-1.));
#1542 = DIRECTION('',(-0.,-1.,0.));
#1543 = FACE_BOUND('',#1544,.F.);
#1544 = EDGE_LOOP('',(#1545));
#1545 = ORIENTED_EDGE('',*,*,#1546,.T.);
#1546 = EDGE_CURVE('',#1547,#1547,#1549,.T.);
#1547 = VERTEX_POINT('',#1548);
#1548 = CARTESIAN_POINT('',(196.920551,-90.771295,0.));
#1549 = CIRCLE('',#1550,1.5);
#1550 = AXIS2_PLACEMENT_3D('',#1551,#1552,#1553);
#1551 = CARTESIAN_POINT('',(196.920551,-89.271295,0.));
#1552 = DIRECTION('',(-0.,0.,-1.));
#1553 = DIRECTION('',(-0.,-1.,0.));
#1554 = FACE_BOUND('',#1555,.F.);
#1555 = EDGE_LOOP('',(#1556));
#1556 = ORIENTED_EDGE('',*,*,#1557,.T.);
#1557 = EDGE_CURVE('',#1558,#1558,#1560,.T.);
#1558 = VERTEX_POINT('',#1559);
#1559 = CARTESIAN_POINT('',(207.725116,-86.165165,0.));
#1560 = CIRCLE('',#1561,0.95);
#1561 = AXIS2_PLACEMENT_3D('',#1562,#1563,#1564);
#1562 = CARTESIAN_POINT('',(207.725116,-85.215165,0.));
#1563 = DIRECTION('',(-0.,0.,-1.));
#1564 = DIRECTION('',(-0.,-1.,0.));
#1565 = FACE_BOUND('',#1566,.F.);
#1566 = EDGE_LOOP('',(#1567));
#1567 = ORIENTED_EDGE('',*,*,#1568,.T.);
#1568 = EDGE_CURVE('',#1569,#1569,#1571,.T.);
#1569 = VERTEX_POINT('',#1570);
#1570 = CARTESIAN_POINT('',(212.711782,-86.295855,0.));
#1571 = CIRCLE('',#1572,2.05);
#1572 = AXIS2_PLACEMENT_3D('',#1573,#1574,#1575);
#1573 = CARTESIAN_POINT('',(212.711782,-84.245855,0.));
#1574 = DIRECTION('',(-0.,0.,-1.));
#1575 = DIRECTION('',(-0.,-1.,0.));
#1576 = FACE_BOUND('',#1577,.F.);
#1577 = EDGE_LOOP('',(#1578));
#1578 = ORIENTED_EDGE('',*,*,#1579,.T.);
#1579 = EDGE_CURVE('',#1580,#1580,#1582,.T.);
#1580 = VERTEX_POINT('',#1581);
#1581 = CARTESIAN_POINT('',(208.487128,-83.979504,0.));
#1582 = CIRCLE('',#1583,1.5);
#1583 = AXIS2_PLACEMENT_3D('',#1584,#1585,#1586);
#1584 = CARTESIAN_POINT('',(208.487128,-82.479504,0.));
#1585 = DIRECTION('',(-0.,0.,-1.));
#1586 = DIRECTION('',(-0.,-1.,0.));
#1587 = FACE_BOUND('',#1588,.F.);
#1588 = EDGE_LOOP('',(#1589));
#1589 = ORIENTED_EDGE('',*,*,#1590,.T.);
#1590 = EDGE_CURVE('',#1591,#1591,#1593,.T.);
#1591 = VERTEX_POINT('',#1592);
#1592 = CARTESIAN_POINT('',(186.784491,-78.011009,0.));
#1593 = CIRCLE('',#1594,0.95);
#1594 = AXIS2_PLACEMENT_3D('',#1595,#1596,#1597);
#1595 = CARTESIAN_POINT('',(186.784491,-77.061009,0.));
#1596 = DIRECTION('',(-0.,0.,-1.));
#1597 = DIRECTION('',(-0.,-1.,0.));
#1598 = FACE_BOUND('',#1599,.F.);
#1599 = EDGE_LOOP('',(#1600));
#1600 = ORIENTED_EDGE('',*,*,#1601,.T.);
#1601 = EDGE_CURVE('',#1602,#1602,#1604,.T.);
#1602 = VERTEX_POINT('',#1603);
#1603 = CARTESIAN_POINT('',(187.546503,-75.825348,0.));
#1604 = CIRCLE('',#1605,1.5);
#1605 = AXIS2_PLACEMENT_3D('',#1606,#1607,#1608);
#1606 = CARTESIAN_POINT('',(187.546503,-74.325348,0.));
#1607 = DIRECTION('',(-0.,0.,-1.));
#1608 = DIRECTION('',(-0.,-1.,0.));
#1609 = FACE_BOUND('',#1610,.F.);
#1610 = EDGE_LOOP('',(#1611));
#1611 = ORIENTED_EDGE('',*,*,#1612,.T.);
#1612 = EDGE_CURVE('',#1613,#1613,#1615,.T.);
#1613 = VERTEX_POINT('',#1614);
#1614 = CARTESIAN_POINT('',(191.771157,-78.141699,0.));
#1615 = CIRCLE('',#1616,2.05);
#1616 = AXIS2_PLACEMENT_3D('',#1617,#1618,#1619);
#1617 = CARTESIAN_POINT('',(191.771157,-76.091699,0.));
#1618 = DIRECTION('',(-0.,0.,-1.));
#1619 = DIRECTION('',(-1.386424850264E-14,-1.,0.));
#1620 = FACE_BOUND('',#1621,.F.);
#1621 = EDGE_LOOP('',(#1622));
#1622 = ORIENTED_EDGE('',*,*,#1623,.T.);
#1623 = EDGE_CURVE('',#1624,#1624,#1626,.T.);
#1624 = VERTEX_POINT('',#1625);
#1625 = CARTESIAN_POINT('',(196.757823,-76.072389,0.));
#1626 = CIRCLE('',#1627,0.95);
#1627 = AXIS2_PLACEMENT_3D('',#1628,#1629,#1630);
#1628 = CARTESIAN_POINT('',(196.757823,-75.122389,0.));
#1629 = DIRECTION('',(-0.,0.,-1.));
#1630 = DIRECTION('',(-0.,-1.,0.));
#1631 = FACE_BOUND('',#1632,.F.);
#1632 = EDGE_LOOP('',(#1633));
#1633 = ORIENTED_EDGE('',*,*,#1634,.T.);
#1634 = EDGE_CURVE('',#1635,#1635,#1637,.T.);
#1635 = VERTEX_POINT('',#1636);
#1636 = CARTESIAN_POINT('',(217.861176,-98.92545,0.));
#1637 = CIRCLE('',#1638,1.5);
#1638 = AXIS2_PLACEMENT_3D('',#1639,#1640,#1641);
#1639 = CARTESIAN_POINT('',(217.861176,-97.42545,0.));
#1640 = DIRECTION('',(-0.,0.,-1.));
#1641 = DIRECTION('',(-0.,-1.,0.));
#1642 = FACE_BOUND('',#1643,.F.);
#1643 = EDGE_LOOP('',(#1644));
#1644 = ORIENTED_EDGE('',*,*,#1645,.T.);
#1645 = EDGE_CURVE('',#1646,#1646,#1648,.T.);
#1646 = VERTEX_POINT('',#1647);
#1647 = CARTESIAN_POINT('',(228.608497,-94.024832,0.));
#1648 = CIRCLE('',#1649,0.95);
#1649 = AXIS2_PLACEMENT_3D('',#1650,#1651,#1652);
#1650 = CARTESIAN_POINT('',(228.608497,-93.074832,0.));
#1651 = DIRECTION('',(-0.,0.,-1.));
#1652 = DIRECTION('',(-0.,-1.,0.));
#1653 = FACE_BOUND('',#1654,.F.);
#1654 = EDGE_LOOP('',(#1655));
#1655 = ORIENTED_EDGE('',*,*,#1656,.T.);
#1656 = EDGE_CURVE('',#1657,#1657,#1659,.T.);
#1657 = VERTEX_POINT('',#1658);
#1658 = CARTESIAN_POINT('',(233.595163,-94.155522,0.));
#1659 = CIRCLE('',#1660,2.05);
#1660 = AXIS2_PLACEMENT_3D('',#1661,#1662,#1663);
#1661 = CARTESIAN_POINT('',(233.595163,-92.105522,0.));
#1662 = DIRECTION('',(-0.,0.,-1.));
#1663 = DIRECTION('',(-0.,-1.,0.));
#1664 = FACE_BOUND('',#1665,.F.);
#1665 = EDGE_LOOP('',(#1666));
#1666 = ORIENTED_EDGE('',*,*,#1667,.T.);
#1667 = EDGE_CURVE('',#1668,#1668,#1670,.T.);
#1668 = VERTEX_POINT('',#1669);
#1669 = CARTESIAN_POINT('',(229.370509,-91.839171,0.));
#1670 = CIRCLE('',#1671,1.5);
#1671 = AXIS2_PLACEMENT_3D('',#1672,#1673,#1674);
#1672 = CARTESIAN_POINT('',(229.370509,-90.339171,0.));
#1673 = DIRECTION('',(-0.,0.,-1.));
#1674 = DIRECTION('',(-0.,-1.,0.));
#1675 = FACE_BOUND('',#1676,.F.);
#1676 = EDGE_LOOP('',(#1677));
#1677 = ORIENTED_EDGE('',*,*,#1678,.T.);
#1678 = EDGE_CURVE('',#1679,#1679,#1681,.T.);
#1679 = VERTEX_POINT('',#1680);
#1680 = CARTESIAN_POINT('',(238.581829,-92.086212,0.));
#1681 = CIRCLE('',#1682,0.95);
#1682 = AXIS2_PLACEMENT_3D('',#1683,#1684,#1685);
#1683 = CARTESIAN_POINT('',(238.581829,-91.136212,0.));
#1684 = DIRECTION('',(-0.,0.,-1.));
#1685 = DIRECTION('',(-0.,-1.,0.));
#1686 = FACE_BOUND('',#1687,.F.);
#1687 = EDGE_LOOP('',(#1688));
#1688 = ORIENTED_EDGE('',*,*,#1689,.T.);
#1689 = EDGE_CURVE('',#1690,#1690,#1692,.T.);
#1690 = VERTEX_POINT('',#1691);
#1691 = CARTESIAN_POINT('',(235.119186,-88.134201,0.));
#1692 = CIRCLE('',#1693,1.5);
#1693 = AXIS2_PLACEMENT_3D('',#1694,#1695,#1696);
#1694 = CARTESIAN_POINT('',(235.119186,-86.634201,0.));
#1695 = DIRECTION('',(-0.,0.,-1.));
#1696 = DIRECTION('',(-0.,-1.,0.));
#1697 = FACE_BOUND('',#1698,.F.);
#1698 = EDGE_LOOP('',(#1699));
#1699 = ORIENTED_EDGE('',*,*,#1700,.T.);
#1700 = EDGE_CURVE('',#1701,#1701,#1703,.T.);
#1701 = VERTEX_POINT('',#1702);
#1702 = CARTESIAN_POINT('',(248.461511,-96.583712,0.));
#1703 = CIRCLE('',#1704,0.95);
#1704 = AXIS2_PLACEMENT_3D('',#1705,#1706,#1707);
#1705 = CARTESIAN_POINT('',(248.461511,-95.633712,0.));
#1706 = DIRECTION('',(-0.,0.,-1.));
#1707 = DIRECTION('',(-0.,-1.,0.));
#1708 = FACE_BOUND('',#1709,.F.);
#1709 = EDGE_LOOP('',(#1710));
#1710 = ORIENTED_EDGE('',*,*,#1711,.T.);
#1711 = EDGE_CURVE('',#1712,#1712,#1714,.T.);
#1712 = VERTEX_POINT('',#1713);
#1713 = CARTESIAN_POINT('',(249.223523,-94.398051,0.));
#1714 = CIRCLE('',#1715,1.5);
#1715 = AXIS2_PLACEMENT_3D('',#1716,#1717,#1718);
#1716 = CARTESIAN_POINT('',(249.223523,-92.898051,0.));
#1717 = DIRECTION('',(-0.,0.,-1.));
#1718 = DIRECTION('',(-0.,-1.,0.));
#1719 = FACE_BOUND('',#1720,.F.);
#1720 = EDGE_LOOP('',(#1721));
#1721 = ORIENTED_EDGE('',*,*,#1722,.T.);
#1722 = EDGE_CURVE('',#1723,#1723,#1725,.T.);
#1723 = VERTEX_POINT('',#1724);
#1724 = CARTESIAN_POINT('',(253.448177,-96.714402,0.));
#1725 = CIRCLE('',#1726,2.05);
#1726 = AXIS2_PLACEMENT_3D('',#1727,#1728,#1729);
#1727 = CARTESIAN_POINT('',(253.448177,-94.664402,0.));
#1728 = DIRECTION('',(-0.,0.,-1.));
#1729 = DIRECTION('',(-0.,-1.,0.));
#1730 = FACE_BOUND('',#1731,.F.);
#1731 = EDGE_LOOP('',(#1732));
#1732 = ORIENTED_EDGE('',*,*,#1733,.T.);
#1733 = EDGE_CURVE('',#1734,#1734,#1736,.T.);
#1734 = VERTEX_POINT('',#1735);
#1735 = CARTESIAN_POINT('',(258.434843,-94.645092,0.));
#1736 = CIRCLE('',#1737,0.95);
#1737 = AXIS2_PLACEMENT_3D('',#1738,#1739,#1740);
#1738 = CARTESIAN_POINT('',(258.434843,-93.695092,0.));
#1739 = DIRECTION('',(-0.,0.,-1.));
#1740 = DIRECTION('',(-0.,-1.,0.));
#1741 = FACE_BOUND('',#1742,.F.);
#1742 = EDGE_LOOP('',(#1743));
#1743 = ORIENTED_EDGE('',*,*,#1744,.T.);
#1744 = EDGE_CURVE('',#1745,#1745,#1747,.T.);
#1745 = VERTEX_POINT('',#1746);
#1746 = CARTESIAN_POINT('',(254.9722,-90.693081,0.));
#1747 = CIRCLE('',#1748,1.5);
#1748 = AXIS2_PLACEMENT_3D('',#1749,#1750,#1751);
#1749 = CARTESIAN_POINT('',(254.9722,-89.193081,0.));
#1750 = DIRECTION('',(-0.,0.,-1.));
#1751 = DIRECTION('',(-0.,-1.,0.));
#1752 = FACE_BOUND('',#1753,.F.);
#1753 = EDGE_LOOP('',(#1754));
#1754 = ORIENTED_EDGE('',*,*,#1755,.T.);
#1755 = EDGE_CURVE('',#1756,#1756,#1758,.T.);
#1756 = VERTEX_POINT('',#1757);
#1757 = CARTESIAN_POINT('',(217.698448,-84.226545,0.));
#1758 = CIRCLE('',#1759,0.95);
#1759 = AXIS2_PLACEMENT_3D('',#1760,#1761,#1762);
#1760 = CARTESIAN_POINT('',(217.698448,-83.276545,0.));
#1761 = DIRECTION('',(-0.,0.,-1.));
#1762 = DIRECTION('',(2.991758887411E-14,-1.,-0.));
#1763 = FACE_BOUND('',#1764,.F.);
#1764 = EDGE_LOOP('',(#1765));
#1765 = ORIENTED_EDGE('',*,*,#1766,.T.);
#1766 = EDGE_CURVE('',#1767,#1767,#1769,.T.);
#1767 = VERTEX_POINT('',#1768);
#1768 = CARTESIAN_POINT('',(214.235805,-80.274534,0.));
#1769 = CIRCLE('',#1770,1.5);
#1770 = AXIS2_PLACEMENT_3D('',#1771,#1772,#1773);
#1771 = CARTESIAN_POINT('',(214.235805,-78.774534,0.));
#1772 = DIRECTION('',(-0.,0.,-1.));
#1773 = DIRECTION('',(-0.,-1.,0.));
#1774 = FACE_BOUND('',#1775,.F.);
#1775 = EDGE_LOOP('',(#1776));
#1776 = ORIENTED_EDGE('',*,*,#1777,.T.);
#1777 = EDGE_CURVE('',#1778,#1778,#1780,.T.);
#1778 = VERTEX_POINT('',#1779);
#1779 = CARTESIAN_POINT('',(224.983126,-75.373915,0.));
#1780 = CIRCLE('',#1781,0.95);
#1781 = AXIS2_PLACEMENT_3D('',#1782,#1783,#1784);
#1782 = CARTESIAN_POINT('',(224.983126,-74.423915,0.));
#1783 = DIRECTION('',(-0.,0.,-1.));
#1784 = DIRECTION('',(-0.,-1.,0.));
#1785 = FACE_BOUND('',#1786,.F.);
#1786 = EDGE_LOOP('',(#1787));
#1787 = ORIENTED_EDGE('',*,*,#1788,.T.);
#1788 = EDGE_CURVE('',#1789,#1789,#1791,.T.);
#1789 = VERTEX_POINT('',#1790);
#1790 = CARTESIAN_POINT('',(229.969792,-75.504605,0.));
#1791 = CIRCLE('',#1792,2.05);
#1792 = AXIS2_PLACEMENT_3D('',#1793,#1794,#1795);
#1793 = CARTESIAN_POINT('',(229.969792,-73.454605,0.));
#1794 = DIRECTION('',(-0.,0.,-1.));
#1795 = DIRECTION('',(1.386424850264E-14,-1.,-0.));
#1796 = FACE_BOUND('',#1797,.F.);
#1797 = EDGE_LOOP('',(#1798));
#1798 = ORIENTED_EDGE('',*,*,#1799,.T.);
#1799 = EDGE_CURVE('',#1800,#1800,#1802,.T.);
#1800 = VERTEX_POINT('',#1801);
#1801 = CARTESIAN_POINT('',(265.872169,-86.577764,0.));
#1802 = CIRCLE('',#1803,0.95);
#1803 = AXIS2_PLACEMENT_3D('',#1804,#1805,#1806);
#1804 = CARTESIAN_POINT('',(265.872169,-85.627764,0.));
#1805 = DIRECTION('',(-0.,0.,-1.));
#1806 = DIRECTION('',(-0.,-1.,0.));
#1807 = FACE_BOUND('',#1808,.F.);
#1808 = EDGE_LOOP('',(#1809));
#1809 = ORIENTED_EDGE('',*,*,#1810,.T.);
#1810 = EDGE_CURVE('',#1811,#1811,#1813,.T.);
#1811 = VERTEX_POINT('',#1812);
#1812 = CARTESIAN_POINT('',(266.634181,-84.392103,0.));
#1813 = CIRCLE('',#1814,1.5);
#1814 = AXIS2_PLACEMENT_3D('',#1815,#1816,#1817);
#1815 = CARTESIAN_POINT('',(266.634181,-82.892103,0.));
#1816 = DIRECTION('',(-0.,0.,-1.));
#1817 = DIRECTION('',(-0.,-1.,0.));
#1818 = FACE_BOUND('',#1819,.F.);
#1819 = EDGE_LOOP('',(#1820));
#1820 = ORIENTED_EDGE('',*,*,#1821,.T.);
#1821 = EDGE_CURVE('',#1822,#1822,#1824,.T.);
#1822 = VERTEX_POINT('',#1823);
#1823 = CARTESIAN_POINT('',(270.858835,-86.708454,0.));
#1824 = CIRCLE('',#1825,2.05);
#1825 = AXIS2_PLACEMENT_3D('',#1826,#1827,#1828);
#1826 = CARTESIAN_POINT('',(270.858835,-84.658454,0.));
#1827 = DIRECTION('',(-0.,0.,-1.));
#1828 = DIRECTION('',(-0.,-1.,0.));
#1829 = FACE_BOUND('',#1830,.F.);
#1830 = EDGE_LOOP('',(#1831));
#1831 = ORIENTED_EDGE('',*,*,#1832,.T.);
#1832 = EDGE_CURVE('',#1833,#1833,#1835,.T.);
#1833 = VERTEX_POINT('',#1834);
#1834 = CARTESIAN_POINT('',(275.845501,-84.639144,0.));
#1835 = CIRCLE('',#1836,0.95);
#1836 = AXIS2_PLACEMENT_3D('',#1837,#1838,#1839);
#1837 = CARTESIAN_POINT('',(275.845501,-83.689144,0.));
#1838 = DIRECTION('',(-0.,0.,-1.));
#1839 = DIRECTION('',(-0.,-1.,0.));
#1840 = FACE_BOUND('',#1841,.F.);
#1841 = EDGE_LOOP('',(#1842));
#1842 = ORIENTED_EDGE('',*,*,#1843,.T.);
#1843 = EDGE_CURVE('',#1844,#1844,#1846,.T.);
#1844 = VERTEX_POINT('',#1845);
#1845 = CARTESIAN_POINT('',(244.83614,-77.932796,0.));
#1846 = CIRCLE('',#1847,0.95);
#1847 = AXIS2_PLACEMENT_3D('',#1848,#1849,#1850);
#1848 = CARTESIAN_POINT('',(244.83614,-76.982796,0.));
#1849 = DIRECTION('',(-0.,0.,-1.));
#1850 = DIRECTION('',(-0.,-1.,0.));
#1851 = FACE_BOUND('',#1852,.F.);
#1852 = EDGE_LOOP('',(#1853));
#1853 = ORIENTED_EDGE('',*,*,#1854,.T.);
#1854 = EDGE_CURVE('',#1855,#1855,#1857,.T.);
#1855 = VERTEX_POINT('',#1856);
#1856 = CARTESIAN_POINT('',(249.822806,-78.063486,0.));
#1857 = CIRCLE('',#1858,2.05);
#1858 = AXIS2_PLACEMENT_3D('',#1859,#1860,#1861);
#1859 = CARTESIAN_POINT('',(249.822806,-76.013486,0.));
#1860 = DIRECTION('',(-0.,0.,-1.));
#1861 = DIRECTION('',(-0.,-1.,0.));
#1862 = FACE_BOUND('',#1863,.F.);
#1863 = EDGE_LOOP('',(#1864));
#1864 = ORIENTED_EDGE('',*,*,#1865,.T.);
#1865 = EDGE_CURVE('',#1866,#1866,#1868,.T.);
#1866 = VERTEX_POINT('',#1867);
#1867 = CARTESIAN_POINT('',(245.598152,-75.747135,0.));
#1868 = CIRCLE('',#1869,1.5);
#1869 = AXIS2_PLACEMENT_3D('',#1870,#1871,#1872);
#1870 = CARTESIAN_POINT('',(245.598152,-74.247135,0.));
#1871 = DIRECTION('',(-0.,0.,-1.));
#1872 = DIRECTION('',(-0.,-1.,0.));
#1873 = FACE_BOUND('',#1874,.F.);
#1874 = EDGE_LOOP('',(#1875));
#1875 = ORIENTED_EDGE('',*,*,#1876,.T.);
#1876 = EDGE_CURVE('',#1877,#1877,#1879,.T.);
#1877 = VERTEX_POINT('',#1878);
#1878 = CARTESIAN_POINT('',(254.809472,-75.994176,0.));
#1879 = CIRCLE('',#1880,0.95);
#1880 = AXIS2_PLACEMENT_3D('',#1881,#1882,#1883);
#1881 = CARTESIAN_POINT('',(254.809472,-75.044176,0.));
#1882 = DIRECTION('',(-0.,0.,-1.));
#1883 = DIRECTION('',(-0.,-1.,0.));
#1884 = FACE_BOUND('',#1885,.F.);
#1885 = EDGE_LOOP('',(#1886));
#1886 = ORIENTED_EDGE('',*,*,#1887,.T.);
#1887 = EDGE_CURVE('',#1888,#1888,#1890,.T.);
#1888 = VERTEX_POINT('',#1889);
#1889 = CARTESIAN_POINT('',(272.382858,-80.687133,0.));
#1890 = CIRCLE('',#1891,1.5);
#1891 = AXIS2_PLACEMENT_3D('',#1892,#1893,#1894);
#1892 = CARTESIAN_POINT('',(272.382858,-79.187133,0.));
#1893 = DIRECTION('',(-0.,0.,-1.));
#1894 = DIRECTION('',(-0.,-1.,0.));
#1895 = FACE_BOUND('',#1896,.F.);
#1896 = EDGE_LOOP('',(#1897));
#1897 = ORIENTED_EDGE('',*,*,#1898,.T.);
#1898 = EDGE_CURVE('',#1899,#1899,#1901,.T.);
#1899 = VERTEX_POINT('',#1900);
#1900 = CARTESIAN_POINT('',(193.29518,-72.120378,0.));
#1901 = CIRCLE('',#1902,1.5);
#1902 = AXIS2_PLACEMENT_3D('',#1903,#1904,#1905);
#1903 = CARTESIAN_POINT('',(193.29518,-70.620378,0.));
#1904 = DIRECTION('',(-0.,0.,-1.));
#1905 = DIRECTION('',(-0.,-1.,0.));
#1906 = FACE_BOUND('',#1907,.F.);
#1907 = EDGE_LOOP('',(#1908));
#1908 = ORIENTED_EDGE('',*,*,#1909,.T.);
#1909 = EDGE_CURVE('',#1910,#1910,#1912,.T.);
#1910 = VERTEX_POINT('',#1911);
#1911 = CARTESIAN_POINT('',(204.099745,-67.514248,0.));
#1912 = CIRCLE('',#1913,0.95);
#1913 = AXIS2_PLACEMENT_3D('',#1914,#1915,#1916);
#1914 = CARTESIAN_POINT('',(204.099745,-66.564248,0.));
#1915 = DIRECTION('',(-0.,0.,-1.));
#1916 = DIRECTION('',(2.991758887411E-14,-1.,-0.));
#1917 = FACE_BOUND('',#1918,.F.);
#1918 = EDGE_LOOP('',(#1919));
#1919 = ORIENTED_EDGE('',*,*,#1920,.T.);
#1920 = EDGE_CURVE('',#1921,#1921,#1923,.T.);
#1921 = VERTEX_POINT('',#1922);
#1922 = CARTESIAN_POINT('',(209.086411,-67.644938,0.));
#1923 = CIRCLE('',#1924,2.05);
#1924 = AXIS2_PLACEMENT_3D('',#1925,#1926,#1927);
#1925 = CARTESIAN_POINT('',(209.086411,-65.594938,0.));
#1926 = DIRECTION('',(-0.,0.,-1.));
#1927 = DIRECTION('',(-0.,-1.,0.));
#1928 = FACE_BOUND('',#1929,.F.);
#1929 = EDGE_LOOP('',(#1930));
#1930 = ORIENTED_EDGE('',*,*,#1931,.T.);
#1931 = EDGE_CURVE('',#1932,#1932,#1934,.T.);
#1932 = VERTEX_POINT('',#1933);
#1933 = CARTESIAN_POINT('',(204.861757,-65.328587,0.));
#1934 = CIRCLE('',#1935,1.5);
#1935 = AXIS2_PLACEMENT_3D('',#1936,#1937,#1938);
#1936 = CARTESIAN_POINT('',(204.861757,-63.828587,0.));
#1937 = DIRECTION('',(-0.,0.,-1.));
#1938 = DIRECTION('',(-0.,-1.,0.));
#1939 = FACE_BOUND('',#1940,.F.);
#1940 = EDGE_LOOP('',(#1941));
#1941 = ORIENTED_EDGE('',*,*,#1942,.T.);
#1942 = EDGE_CURVE('',#1943,#1943,#1945,.T.);
#1943 = VERTEX_POINT('',#1944);
#1944 = CARTESIAN_POINT('',(210.610434,-61.623617,0.));
#1945 = CIRCLE('',#1946,1.5);
#1946 = AXIS2_PLACEMENT_3D('',#1947,#1948,#1949);
#1947 = CARTESIAN_POINT('',(210.610434,-60.123617,0.));
#1948 = DIRECTION('',(-0.,0.,-1.));
#1949 = DIRECTION('',(-0.,-1.,0.));
#1950 = FACE_BOUND('',#1951,.F.);
#1951 = EDGE_LOOP('',(#1952));
#1952 = ORIENTED_EDGE('',*,*,#1953,.T.);
#1953 = EDGE_CURVE('',#1954,#1954,#1956,.T.);
#1954 = VERTEX_POINT('',#1955);
#1955 = CARTESIAN_POINT('',(225.745138,-73.188254,0.));
#1956 = CIRCLE('',#1957,1.5);
#1957 = AXIS2_PLACEMENT_3D('',#1958,#1959,#1960);
#1958 = CARTESIAN_POINT('',(225.745138,-71.688254,0.));
#1959 = DIRECTION('',(-0.,0.,-1.));
#1960 = DIRECTION('',(-0.,-1.,0.));
#1961 = FACE_BOUND('',#1962,.F.);
#1962 = EDGE_LOOP('',(#1963));
#1963 = ORIENTED_EDGE('',*,*,#1964,.T.);
#1964 = EDGE_CURVE('',#1965,#1965,#1967,.T.);
#1965 = VERTEX_POINT('',#1966);
#1966 = CARTESIAN_POINT('',(234.956458,-73.435295,0.));
#1967 = CIRCLE('',#1968,0.95);
#1968 = AXIS2_PLACEMENT_3D('',#1969,#1970,#1971);
#1969 = CARTESIAN_POINT('',(234.956458,-72.485295,0.));
#1970 = DIRECTION('',(-0.,0.,-1.));
#1971 = DIRECTION('',(-0.,-1.,0.));
#1972 = FACE_BOUND('',#1973,.F.);
#1973 = EDGE_LOOP('',(#1974));
#1974 = ORIENTED_EDGE('',*,*,#1975,.T.);
#1975 = EDGE_CURVE('',#1976,#1976,#1978,.T.);
#1976 = VERTEX_POINT('',#1977);
#1977 = CARTESIAN_POINT('',(231.493815,-69.483284,0.));
#1978 = CIRCLE('',#1979,1.5);
#1979 = AXIS2_PLACEMENT_3D('',#1980,#1981,#1982);
#1980 = CARTESIAN_POINT('',(231.493815,-67.983284,0.));
#1981 = DIRECTION('',(-0.,0.,-1.));
#1982 = DIRECTION('',(-0.,-1.,0.));
#1983 = FACE_BOUND('',#1984,.F.);
#1984 = EDGE_LOOP('',(#1985));
#1985 = ORIENTED_EDGE('',*,*,#1986,.T.);
#1986 = EDGE_CURVE('',#1987,#1987,#1989,.T.);
#1987 = VERTEX_POINT('',#1988);
#1988 = CARTESIAN_POINT('',(214.073077,-65.575628,0.));
#1989 = CIRCLE('',#1990,0.95);
#1990 = AXIS2_PLACEMENT_3D('',#1991,#1992,#1993);
#1991 = CARTESIAN_POINT('',(214.073077,-64.625628,0.));
#1992 = DIRECTION('',(-0.,0.,-1.));
#1993 = DIRECTION('',(-0.,-1.,0.));
#1994 = FACE_BOUND('',#1995,.F.);
#1995 = EDGE_LOOP('',(#1996));
#1996 = ORIENTED_EDGE('',*,*,#1997,.T.);
#1997 = EDGE_CURVE('',#1998,#1998,#2000,.T.);
#1998 = VERTEX_POINT('',#1999);
#1999 = CARTESIAN_POINT('',(251.346829,-72.042165,0.));
#2000 = CIRCLE('',#2001,1.5);
#2001 = AXIS2_PLACEMENT_3D('',#2002,#2003,#2004);
#2002 = CARTESIAN_POINT('',(251.346829,-70.542165,0.));
#2003 = DIRECTION('',(-0.,0.,-1.));
#2004 = DIRECTION('',(-0.,-1.,0.));
#2005 = FACE_BOUND('',#2006,.F.);
#2006 = EDGE_LOOP('',(#2007));
#2007 = ORIENTED_EDGE('',*,*,#2008,.T.);
#2008 = EDGE_CURVE('',#2009,#2009,#2011,.T.);
#2009 = VERTEX_POINT('',#2010);
#2010 = CARTESIAN_POINT('',(262.246798,-67.926848,0.));
#2011 = CIRCLE('',#2012,0.95);
#2012 = AXIS2_PLACEMENT_3D('',#2013,#2014,#2015);
#2013 = CARTESIAN_POINT('',(262.246798,-66.976848,0.));
#2014 = DIRECTION('',(-0.,0.,-1.));
#2015 = DIRECTION('',(-0.,-1.,0.));
#2016 = FACE_BOUND('',#2017,.F.);
#2017 = EDGE_LOOP('',(#2018));
#2018 = ORIENTED_EDGE('',*,*,#2019,.T.);
#2019 = EDGE_CURVE('',#2020,#2020,#2022,.T.);
#2020 = VERTEX_POINT('',#2021);
#2021 = CARTESIAN_POINT('',(267.233464,-68.057538,0.));
#2022 = CIRCLE('',#2023,2.05);
#2023 = AXIS2_PLACEMENT_3D('',#2024,#2025,#2026);
#2024 = CARTESIAN_POINT('',(267.233464,-66.007538,0.));
#2025 = DIRECTION('',(-0.,0.,-1.));
#2026 = DIRECTION('',(-0.,-1.,0.));
#2027 = FACE_BOUND('',#2028,.F.);
#2028 = EDGE_LOOP('',(#2029));
#2029 = ORIENTED_EDGE('',*,*,#2030,.T.);
#2030 = EDGE_CURVE('',#2031,#2031,#2033,.T.);
#2031 = VERTEX_POINT('',#2032);
#2032 = CARTESIAN_POINT('',(263.00881,-65.741187,0.));
#2033 = CIRCLE('',#2034,1.5);
#2034 = AXIS2_PLACEMENT_3D('',#2035,#2036,#2037);
#2035 = CARTESIAN_POINT('',(263.00881,-64.241187,0.));
#2036 = DIRECTION('',(-0.,0.,-1.));
#2037 = DIRECTION('',(-0.,-1.,0.));
#2038 = FACE_BOUND('',#2039,.F.);
#2039 = EDGE_LOOP('',(#2040));
#2040 = ORIENTED_EDGE('',*,*,#2041,.T.);
#2041 = EDGE_CURVE('',#2042,#2042,#2044,.T.);
#2042 = VERTEX_POINT('',#2043);
#2043 = CARTESIAN_POINT('',(272.22013,-65.988228,0.));
#2044 = CIRCLE('',#2045,0.95);
#2045 = AXIS2_PLACEMENT_3D('',#2046,#2047,#2048);
#2046 = CARTESIAN_POINT('',(272.22013,-65.038228,0.));
#2047 = DIRECTION('',(-0.,0.,-1.));
#2048 = DIRECTION('',(-0.,-1.,0.));
#2049 = FACE_BOUND('',#2050,.F.);
#2050 = EDGE_LOOP('',(#2051));
#2051 = ORIENTED_EDGE('',*,*,#2052,.T.);
#2052 = EDGE_CURVE('',#2053,#2053,#2055,.T.);
#2053 = VERTEX_POINT('',#2054);
#2054 = CARTESIAN_POINT('',(268.757487,-62.036217,0.));
#2055 = CIRCLE('',#2056,1.5);
#2056 = AXIS2_PLACEMENT_3D('',#2057,#2058,#2059);
#2057 = CARTESIAN_POINT('',(268.757487,-60.536217,0.));
#2058 = DIRECTION('',(-0.,0.,-1.));
#2059 = DIRECTION('',(-0.,-1.,0.));
#2060 = FACE_BOUND('',#2061,.F.);
#2061 = EDGE_LOOP('',(#2062));
#2062 = ORIENTED_EDGE('',*,*,#2063,.T.);
#2063 = EDGE_CURVE('',#2064,#2064,#2066,.T.);
#2064 = VERTEX_POINT('',#2065);
#2065 = CARTESIAN_POINT('',(221.357756,-56.722999,0.));
#2066 = CIRCLE('',#2067,0.95);
#2067 = AXIS2_PLACEMENT_3D('',#2068,#2069,#2070);
#2068 = CARTESIAN_POINT('',(221.357756,-55.772999,0.));
#2069 = DIRECTION('',(-0.,0.,-1.));
#2070 = DIRECTION('',(-0.,-1.,0.));
#2071 = FACE_BOUND('',#2072,.F.);
#2072 = EDGE_LOOP('',(#2073));
#2073 = ORIENTED_EDGE('',*,*,#2074,.T.);
#2074 = EDGE_CURVE('',#2075,#2075,#2077,.T.);
#2075 = VERTEX_POINT('',#2076);
#2076 = CARTESIAN_POINT('',(226.344422,-56.853689,0.));
#2077 = CIRCLE('',#2078,2.05);
#2078 = AXIS2_PLACEMENT_3D('',#2079,#2080,#2081);
#2079 = CARTESIAN_POINT('',(226.344422,-54.803689,0.));
#2080 = DIRECTION('',(-0.,0.,-1.));
#2081 = DIRECTION('',(-0.,-1.,0.));
#2082 = FACE_BOUND('',#2083,.F.);
#2083 = EDGE_LOOP('',(#2084));
#2084 = ORIENTED_EDGE('',*,*,#2085,.T.);
#2085 = EDGE_CURVE('',#2086,#2086,#2088,.T.);
#2086 = VERTEX_POINT('',#2087);
#2087 = CARTESIAN_POINT('',(241.210769,-59.281879,0.));
#2088 = CIRCLE('',#2089,0.95);
#2089 = AXIS2_PLACEMENT_3D('',#2090,#2091,#2092);
#2090 = CARTESIAN_POINT('',(241.210769,-58.331879,0.));
#2091 = DIRECTION('',(-0.,0.,-1.));
#2092 = DIRECTION('',(-0.,-1.,0.));
#2093 = FACE_BOUND('',#2094,.F.);
#2094 = EDGE_LOOP('',(#2095));
#2095 = ORIENTED_EDGE('',*,*,#2096,.T.);
#2096 = EDGE_CURVE('',#2097,#2097,#2099,.T.);
#2097 = VERTEX_POINT('',#2098);
#2098 = CARTESIAN_POINT('',(241.972781,-57.096218,0.));
#2099 = CIRCLE('',#2100,1.5);
#2100 = AXIS2_PLACEMENT_3D('',#2101,#2102,#2103);
#2101 = CARTESIAN_POINT('',(241.972781,-55.596218,0.));
#2102 = DIRECTION('',(-0.,0.,-1.));
#2103 = DIRECTION('',(-0.,-1.,0.));
#2104 = FACE_BOUND('',#2105,.F.);
#2105 = EDGE_LOOP('',(#2106));
#2106 = ORIENTED_EDGE('',*,*,#2107,.T.);
#2107 = EDGE_CURVE('',#2108,#2108,#2110,.T.);
#2108 = VERTEX_POINT('',#2109);
#2109 = CARTESIAN_POINT('',(222.119768,-54.537338,0.));
#2110 = CIRCLE('',#2111,1.5);
#2111 = AXIS2_PLACEMENT_3D('',#2112,#2113,#2114);
#2112 = CARTESIAN_POINT('',(222.119768,-53.037338,0.));
#2113 = DIRECTION('',(-0.,0.,-1.));
#2114 = DIRECTION('',(-0.,-1.,0.));
#2115 = FACE_BOUND('',#2116,.F.);
#2116 = EDGE_LOOP('',(#2117));
#2117 = ORIENTED_EDGE('',*,*,#2118,.T.);
#2118 = EDGE_CURVE('',#2119,#2119,#2121,.T.);
#2119 = VERTEX_POINT('',#2120);
#2120 = CARTESIAN_POINT('',(227.868445,-50.832368,0.));
#2121 = CIRCLE('',#2122,1.5);
#2122 = AXIS2_PLACEMENT_3D('',#2123,#2124,#2125);
#2123 = CARTESIAN_POINT('',(227.868445,-49.332368,0.));
#2124 = DIRECTION('',(-0.,0.,-1.));
#2125 = DIRECTION('',(-0.,-1.,0.));
#2126 = FACE_BOUND('',#2127,.F.);
#2127 = EDGE_LOOP('',(#2128));
#2128 = ORIENTED_EDGE('',*,*,#2129,.T.);
#2129 = EDGE_CURVE('',#2130,#2130,#2132,.T.);
#2130 = VERTEX_POINT('',#2131);
#2131 = CARTESIAN_POINT('',(231.331088,-54.784379,0.));
#2132 = CIRCLE('',#2133,0.95);
#2133 = AXIS2_PLACEMENT_3D('',#2134,#2135,#2136);
#2134 = CARTESIAN_POINT('',(231.331088,-53.834379,0.));
#2135 = DIRECTION('',(-0.,0.,-1.));
#2136 = DIRECTION('',(-2.991758887411E-14,-1.,0.));
#2137 = FACE_BOUND('',#2138,.F.);
#2138 = EDGE_LOOP('',(#2139));
#2139 = ORIENTED_EDGE('',*,*,#2140,.T.);
#2140 = EDGE_CURVE('',#2141,#2141,#2143,.T.);
#2141 = VERTEX_POINT('',#2142);
#2142 = CARTESIAN_POINT('',(246.197435,-59.412569,0.));
#2143 = CIRCLE('',#2144,2.05);
#2144 = AXIS2_PLACEMENT_3D('',#2145,#2146,#2147);
#2145 = CARTESIAN_POINT('',(246.197435,-57.362569,0.));
#2146 = DIRECTION('',(-0.,0.,-1.));
#2147 = DIRECTION('',(1.386424850264E-14,-1.,-0.));
#2148 = FACE_BOUND('',#2149,.F.);
#2149 = EDGE_LOOP('',(#2150));
#2150 = ORIENTED_EDGE('',*,*,#2151,.T.);
#2151 = EDGE_CURVE('',#2152,#2152,#2154,.T.);
#2152 = VERTEX_POINT('',#2153);
#2153 = CARTESIAN_POINT('',(251.184101,-57.343259,0.));
#2154 = CIRCLE('',#2155,0.95);
#2155 = AXIS2_PLACEMENT_3D('',#2156,#2157,#2158);
#2156 = CARTESIAN_POINT('',(251.184101,-56.393259,0.));
#2157 = DIRECTION('',(-0.,0.,-1.));
#2158 = DIRECTION('',(-0.,-1.,0.));
#2159 = FACE_BOUND('',#2160,.F.);
#2160 = EDGE_LOOP('',(#2161));
#2161 = ORIENTED_EDGE('',*,*,#2162,.T.);
#2162 = EDGE_CURVE('',#2163,#2163,#2165,.T.);
#2163 = VERTEX_POINT('',#2164);
#2164 = CARTESIAN_POINT('',(247.721458,-53.391248,0.));
#2165 = CIRCLE('',#2166,1.5);
#2166 = AXIS2_PLACEMENT_3D('',#2167,#2168,#2169);
#2167 = CARTESIAN_POINT('',(247.721458,-51.891248,0.));
#2168 = DIRECTION('',(-0.,0.,-1.));
#2169 = DIRECTION('',(-0.,-1.,0.));
#2170 = PLANE('',#2171);
#2171 = AXIS2_PLACEMENT_3D('',#2172,#2173,#2174);
#2172 = CARTESIAN_POINT('',(0.,0.,0.));
#2173 = DIRECTION('',(0.,0.,1.));
#2174 = DIRECTION('',(1.,0.,-0.));
#2175 = ADVANCED_FACE('',(#2176,#2411,#2422,#2433,#2444,#2455,#2466,
    #2477,#2488,#2499,#2510,#2521,#2532,#2543,#2554,#2565,#2576,#2587,
    #2598,#2609,#2620,#2631,#2642,#2653,#2664,#2675,#2686,#2697,#2708,
    #2719,#2730,#2741,#2752,#2763,#2774,#2785,#2796,#2807,#2818,#2829,
    #2840,#2851,#2862,#2873,#2884,#2895,#2906,#2917,#2928,#2939,#2950,
    #2961,#2972,#2983,#2994,#3005,#3016,#3027,#3038,#3049,#3060,#3071,
    #3082,#3093,#3104,#3115,#3126,#3137,#3148,#3159,#3170,#3181,#3192,
    #3203,#3214,#3225,#3236,#3247,#3258,#3269,#3280,#3291,#3302,#3313,
    #3324,#3335,#3346,#3357,#3368,#3379,#3390,#3401,#3412,#3423,#3434,
    #3445,#3456,#3467,#3478,#3489,#3500,#3511,#3522,#3533,#3544,#3555,
    #3566,#3577,#3588,#3599,#3610,#3621,#3632,#3643,#3654,#3665,#3676,
    #3687,#3698,#3709,#3720,#3731,#3742,#3753,#3764,#3775,#3786,#3797,
    #3808,#3819,#3830,#3841,#3852,#3863,#3874,#3885,#3896,#3907,#3918,
    #3929,#3940,#3951,#3962,#3973,#3984,#3995,#4006,#4017,#4028,#4039,
    #4050,#4061,#4072,#4083,#4094,#4105,#4116,#4127,#4138,#4149,#4160,
    #4171,#4182,#4193,#4204),#4215,.T.);
#2176 = FACE_BOUND('',#2177,.T.);
#2177 = EDGE_LOOP('',(#2178,#2179,#2180,#2188,#2196,#2204,#2212,#2220,
    #2228,#2236,#2244,#2252,#2260,#2268,#2276,#2284,#2292,#2300,#2308,
    #2316,#2324,#2332,#2340,#2348,#2356,#2364,#2372,#2380,#2388,#2396,
    #2404,#2410));
#2178 = ORIENTED_EDGE('',*,*,#42,.F.);
#2179 = ORIENTED_EDGE('',*,*,#82,.F.);
#2180 = ORIENTED_EDGE('',*,*,#2181,.F.);
#2181 = EDGE_CURVE('',#2182,#75,#2184,.T.);
#2182 = VERTEX_POINT('',#2183);
#2183 = CARTESIAN_POINT('',(152.480942,-4.982143,1.51));
#2184 = LINE('',#2185,#2186);
#2185 = CARTESIAN_POINT('',(152.480942,-4.982143,1.51));
#2186 = VECTOR('',#2187,1.);
#2187 = DIRECTION('',(0.981627182549,0.190809000002,0.));
#2188 = ORIENTED_EDGE('',*,*,#2189,.F.);
#2189 = EDGE_CURVE('',#2190,#2182,#2192,.T.);
#2190 = VERTEX_POINT('',#2191);
#2191 = CARTESIAN_POINT('',(153.873848,-12.148021,1.51));
#2192 = LINE('',#2193,#2194);
#2193 = CARTESIAN_POINT('',(153.873848,-12.148021,1.51));
#2194 = VECTOR('',#2195,1.);
#2195 = DIRECTION('',(-0.1908090507,0.981627172694,0.));
#2196 = ORIENTED_EDGE('',*,*,#2197,.F.);
#2197 = EDGE_CURVE('',#2198,#2190,#2200,.T.);
#2198 = VERTEX_POINT('',#2199);
#2199 = CARTESIAN_POINT('',(148.771157,-13.139884,1.51));
#2200 = LINE('',#2201,#2202);
#2201 = CARTESIAN_POINT('',(148.771157,-13.139884,1.51));
#2202 = VECTOR('',#2203,1.);
#2203 = DIRECTION('',(0.981627170981,0.190809059512,0.));
#2204 = ORIENTED_EDGE('',*,*,#2205,.F.);
#2205 = EDGE_CURVE('',#2206,#2198,#2208,.T.);
#2206 = VERTEX_POINT('',#2207);
#2207 = CARTESIAN_POINT('',(143.668466,-12.148021,1.51));
#2208 = LINE('',#2209,#2210);
#2209 = CARTESIAN_POINT('',(143.668466,-12.148021,1.51));
#2210 = VECTOR('',#2211,1.);
#2211 = DIRECTION('',(0.981627170981,-0.190809059512,0.));
#2212 = ORIENTED_EDGE('',*,*,#2213,.F.);
#2213 = EDGE_CURVE('',#2214,#2206,#2216,.T.);
#2214 = VERTEX_POINT('',#2215);
#2215 = CARTESIAN_POINT('',(145.061372,-4.982143,1.51));
#2216 = LINE('',#2217,#2218);
#2217 = CARTESIAN_POINT('',(145.061372,-4.982143,1.51));
#2218 = VECTOR('',#2219,1.);
#2219 = DIRECTION('',(-0.1908090507,-0.981627172694,0.));
#2220 = ORIENTED_EDGE('',*,*,#2221,.F.);
#2221 = EDGE_CURVE('',#2222,#2214,#2224,.T.);
#2222 = VERTEX_POINT('',#2223);
#2223 = CARTESIAN_POINT('',(21.376347,19.059791,1.51));
#2224 = LINE('',#2225,#2226);
#2225 = CARTESIAN_POINT('',(21.376347,19.059791,1.51));
#2226 = VECTOR('',#2227,1.);
#2227 = DIRECTION('',(0.981627182549,-0.190809000002,0.));
#2228 = ORIENTED_EDGE('',*,*,#2229,.F.);
#2229 = EDGE_CURVE('',#2230,#2222,#2232,.T.);
#2230 = VERTEX_POINT('',#2231);
#2231 = CARTESIAN_POINT('',(20.17425,12.875539,1.51));
#2232 = LINE('',#2233,#2234);
#2233 = CARTESIAN_POINT('',(20.17425,12.875539,1.51));
#2234 = VECTOR('',#2235,1.);
#2235 = DIRECTION('',(0.190809023589,0.981627177964,0.));
#2236 = ORIENTED_EDGE('',*,*,#2237,.F.);
#2237 = EDGE_CURVE('',#2238,#2230,#2240,.T.);
#2238 = VERTEX_POINT('',#2239);
#2239 = CARTESIAN_POINT('',(1.523334,16.50091,1.51));
#2240 = LINE('',#2241,#2242);
#2241 = CARTESIAN_POINT('',(1.523334,16.50091,1.51));
#2242 = VECTOR('',#2243,1.);
#2243 = DIRECTION('',(0.981627181651,-0.190809004618,0.));
#2244 = ORIENTED_EDGE('',*,*,#2245,.F.);
#2245 = EDGE_CURVE('',#2246,#2238,#2248,.T.);
#2246 = VERTEX_POINT('',#2247);
#2247 = CARTESIAN_POINT('',(-0.861779,4.23057,1.51));
#2248 = LINE('',#2249,#2250);
#2249 = CARTESIAN_POINT('',(-0.861779,4.23057,1.51));
#2250 = VECTOR('',#2251,1.);
#2251 = DIRECTION('',(0.190809035275,0.981627175692,0.));
#2252 = ORIENTED_EDGE('',*,*,#2253,.F.);
#2253 = EDGE_CURVE('',#2254,#2246,#2256,.T.);
#2254 = VERTEX_POINT('',#2255);
#2255 = CARTESIAN_POINT('',(-19.512695,7.855941,1.51));
#2256 = LINE('',#2257,#2258);
#2257 = CARTESIAN_POINT('',(-19.512695,7.855941,1.51));
#2258 = VECTOR('',#2259,1.);
#2259 = DIRECTION('',(0.981627181651,-0.190809004618,0.));
#2260 = ORIENTED_EDGE('',*,*,#2261,.F.);
#2261 = EDGE_CURVE('',#2262,#2254,#2264,.T.);
#2262 = VERTEX_POINT('',#2263);
#2263 = CARTESIAN_POINT('',(-47.18,-134.48,1.51));
#2264 = LINE('',#2265,#2266);
#2265 = CARTESIAN_POINT('',(-47.18,-134.48,1.51));
#2266 = VECTOR('',#2267,1.);
#2267 = DIRECTION('',(0.190809000607,0.981627182431,0.));
#2268 = ORIENTED_EDGE('',*,*,#2269,.F.);
#2269 = EDGE_CURVE('',#2270,#2262,#2272,.T.);
#2270 = VERTEX_POINT('',#2271);
#2271 = CARTESIAN_POINT('',(-28.529083,-138.105371,1.51));
#2272 = LINE('',#2273,#2274);
#2273 = CARTESIAN_POINT('',(-28.529083,-138.105371,1.51));
#2274 = VECTOR('',#2275,1.);
#2275 = DIRECTION('',(-0.981627183568,0.19080899476,0.));
#2276 = ORIENTED_EDGE('',*,*,#2277,.F.);
#2277 = EDGE_CURVE('',#2278,#2270,#2280,.T.);
#2278 = VERTEX_POINT('',#2279);
#2279 = CARTESIAN_POINT('',(-29.769342,-144.485948,1.51));
#2280 = LINE('',#2281,#2282);
#2281 = CARTESIAN_POINT('',(-29.769342,-144.485948,1.51));
#2282 = VECTOR('',#2283,1.);
#2283 = DIRECTION('',(0.190809065091,0.981627169897,0.));
#2284 = ORIENTED_EDGE('',*,*,#2285,.F.);
#2285 = EDGE_CURVE('',#2286,#2278,#2288,.T.);
#2286 = VERTEX_POINT('',#2287);
#2287 = CARTESIAN_POINT('',(7.532491,-151.73669,1.51));
#2288 = LINE('',#2289,#2290);
#2289 = CARTESIAN_POINT('',(7.532491,-151.73669,1.51));
#2290 = VECTOR('',#2291,1.);
#2291 = DIRECTION('',(-0.981627182609,0.190808999689,0.));
#2292 = ORIENTED_EDGE('',*,*,#2293,.F.);
#2293 = EDGE_CURVE('',#2294,#2286,#2296,.T.);
#2294 = VERTEX_POINT('',#2295);
#2295 = CARTESIAN_POINT('',(7.341682,-152.718317,1.51));
#2296 = LINE('',#2297,#2298);
#2297 = CARTESIAN_POINT('',(7.341682,-152.718317,1.51));
#2298 = VECTOR('',#2299,1.);
#2299 = DIRECTION('',(0.190809034192,0.981627175903,0.));
#2300 = ORIENTED_EDGE('',*,*,#2301,.F.);
#2301 = EDGE_CURVE('',#2302,#2294,#2304,.T.);
#2302 = VERTEX_POINT('',#2303);
#2303 = CARTESIAN_POINT('',(7.668663,-152.781875,1.51));
#2304 = LINE('',#2305,#2306);
#2305 = CARTESIAN_POINT('',(7.668663,-152.781875,1.51));
#2306 = VECTOR('',#2307,1.);
#2307 = DIRECTION('',(-0.981627558986,0.190807063389,0.));
#2308 = ORIENTED_EDGE('',*,*,#2309,.F.);
#2309 = EDGE_CURVE('',#2310,#2302,#2312,.T.);
#2310 = VERTEX_POINT('',#2311);
#2311 = CARTESIAN_POINT('',(5.373187,-155.719951,1.51));
#2312 = LINE('',#2313,#2314);
#2313 = CARTESIAN_POINT('',(5.373187,-155.719951,1.51));
#2314 = VECTOR('',#2315,1.);
#2315 = DIRECTION('',(0.615661383995,0.788010824962,0.));
#2316 = ORIENTED_EDGE('',*,*,#2317,.F.);
#2317 = EDGE_CURVE('',#2318,#2310,#2320,.T.);
#2318 = VERTEX_POINT('',#2319);
#2319 = CARTESIAN_POINT('',(104.662542,-233.293297,1.51));
#2320 = LINE('',#2321,#2322);
#2321 = CARTESIAN_POINT('',(104.662542,-233.293297,1.51));
#2322 = VECTOR('',#2323,1.);
#2323 = DIRECTION('',(-0.788010753324,0.615661475687,0.));
#2324 = ORIENTED_EDGE('',*,*,#2325,.F.);
#2325 = EDGE_CURVE('',#2326,#2318,#2328,.T.);
#2326 = VERTEX_POINT('',#2327);
#2327 = CARTESIAN_POINT('',(148.771157,-176.836844,1.51));
#2328 = LINE('',#2329,#2330);
#2329 = CARTESIAN_POINT('',(148.771157,-176.836844,1.51));
#2330 = VECTOR('',#2331,1.);
#2331 = DIRECTION('',(-0.615661473138,-0.788010755316,0.));
#2332 = ORIENTED_EDGE('',*,*,#2333,.F.);
#2333 = EDGE_CURVE('',#2334,#2326,#2336,.T.);
#2334 = VERTEX_POINT('',#2335);
#2335 = CARTESIAN_POINT('',(192.879772,-233.293297,1.51));
#2336 = LINE('',#2337,#2338);
#2337 = CARTESIAN_POINT('',(192.879772,-233.293297,1.51));
#2338 = VECTOR('',#2339,1.);
#2339 = DIRECTION('',(-0.615661473138,0.788010755316,0.));
#2340 = ORIENTED_EDGE('',*,*,#2341,.F.);
#2341 = EDGE_CURVE('',#2342,#2334,#2344,.T.);
#2342 = VERTEX_POINT('',#2343);
#2343 = CARTESIAN_POINT('',(292.169127,-155.719951,1.51));
#2344 = LINE('',#2345,#2346);
#2345 = CARTESIAN_POINT('',(292.169127,-155.719951,1.51));
#2346 = VECTOR('',#2347,1.);
#2347 = DIRECTION('',(-0.788010753324,-0.615661475687,0.));
#2348 = ORIENTED_EDGE('',*,*,#2349,.F.);
#2349 = EDGE_CURVE('',#2350,#2342,#2352,.T.);
#2350 = VERTEX_POINT('',#2351);
#2351 = CARTESIAN_POINT('',(289.873651,-152.781875,1.51));
#2352 = LINE('',#2353,#2354);
#2353 = CARTESIAN_POINT('',(289.873651,-152.781875,1.51));
#2354 = VECTOR('',#2355,1.);
#2355 = DIRECTION('',(0.615661383995,-0.788010824962,0.));
#2356 = ORIENTED_EDGE('',*,*,#2357,.F.);
#2357 = EDGE_CURVE('',#2358,#2350,#2360,.T.);
#2358 = VERTEX_POINT('',#2359);
#2359 = CARTESIAN_POINT('',(290.200632,-152.718317,1.51));
#2360 = LINE('',#2361,#2362);
#2361 = CARTESIAN_POINT('',(290.200632,-152.718317,1.51));
#2362 = VECTOR('',#2363,1.);
#2363 = DIRECTION('',(-0.981627558986,-0.190807063389,0.));
#2364 = ORIENTED_EDGE('',*,*,#2365,.F.);
#2365 = EDGE_CURVE('',#2366,#2358,#2368,.T.);
#2366 = VERTEX_POINT('',#2367);
#2367 = CARTESIAN_POINT('',(290.009823,-151.73669,1.51));
#2368 = LINE('',#2369,#2370);
#2369 = CARTESIAN_POINT('',(290.009823,-151.73669,1.51));
#2370 = VECTOR('',#2371,1.);
#2371 = DIRECTION('',(0.190809034192,-0.981627175903,0.));
#2372 = ORIENTED_EDGE('',*,*,#2373,.F.);
#2373 = EDGE_CURVE('',#2374,#2366,#2376,.T.);
#2374 = VERTEX_POINT('',#2375);
#2375 = CARTESIAN_POINT('',(327.311656,-144.485948,1.51));
#2376 = LINE('',#2377,#2378);
#2377 = CARTESIAN_POINT('',(327.311656,-144.485948,1.51));
#2378 = VECTOR('',#2379,1.);
#2379 = DIRECTION('',(-0.981627182609,-0.190808999689,0.));
#2380 = ORIENTED_EDGE('',*,*,#2381,.F.);
#2381 = EDGE_CURVE('',#2382,#2374,#2384,.T.);
#2382 = VERTEX_POINT('',#2383);
#2383 = CARTESIAN_POINT('',(326.071397,-138.105371,1.51));
#2384 = LINE('',#2385,#2386);
#2385 = CARTESIAN_POINT('',(326.071397,-138.105371,1.51));
#2386 = VECTOR('',#2387,1.);
#2387 = DIRECTION('',(0.190809065091,-0.981627169897,0.));
#2388 = ORIENTED_EDGE('',*,*,#2389,.F.);
#2389 = EDGE_CURVE('',#2390,#2382,#2392,.T.);
#2390 = VERTEX_POINT('',#2391);
#2391 = CARTESIAN_POINT('',(344.722314,-134.48,1.51));
#2392 = LINE('',#2393,#2394);
#2393 = CARTESIAN_POINT('',(344.722314,-134.48,1.51));
#2394 = VECTOR('',#2395,1.);
#2395 = DIRECTION('',(-0.981627183568,-0.19080899476,0.));
#2396 = ORIENTED_EDGE('',*,*,#2397,.F.);
#2397 = EDGE_CURVE('',#2398,#2390,#2400,.T.);
#2398 = VERTEX_POINT('',#2399);
#2399 = CARTESIAN_POINT('',(317.055009,7.855941,1.51));
#2400 = LINE('',#2401,#2402);
#2401 = CARTESIAN_POINT('',(317.055009,7.855941,1.51));
#2402 = VECTOR('',#2403,1.);
#2403 = DIRECTION('',(0.190809000607,-0.981627182431,0.));
#2404 = ORIENTED_EDGE('',*,*,#2405,.F.);
#2405 = EDGE_CURVE('',#105,#2398,#2406,.T.);
#2406 = LINE('',#2407,#2408);
#2407 = CARTESIAN_POINT('',(298.404093,4.23057,1.51));
#2408 = VECTOR('',#2409,1.);
#2409 = DIRECTION('',(0.981627181651,0.190809004618,0.));
#2410 = ORIENTED_EDGE('',*,*,#104,.F.);
#2411 = FACE_BOUND('',#2412,.T.);
#2412 = EDGE_LOOP('',(#2413));
#2413 = ORIENTED_EDGE('',*,*,#2414,.T.);
#2414 = EDGE_CURVE('',#2415,#2415,#2417,.T.);
#2415 = VERTEX_POINT('',#2416);
#2416 = CARTESIAN_POINT('',(97.807632,-148.939507,1.51));
#2417 = CIRCLE('',#2418,0.95);
#2418 = AXIS2_PLACEMENT_3D('',#2419,#2420,#2421);
#2419 = CARTESIAN_POINT('',(97.807632,-147.989507,1.51));
#2420 = DIRECTION('',(-0.,0.,-1.));
#2421 = DIRECTION('',(-0.,-1.,0.));
#2422 = FACE_BOUND('',#2423,.T.);
#2423 = EDGE_LOOP('',(#2424));
#2424 = ORIENTED_EDGE('',*,*,#2425,.T.);
#2425 = EDGE_CURVE('',#2426,#2426,#2428,.T.);
#2426 = VERTEX_POINT('',#2427);
#2427 = CARTESIAN_POINT('',(93.804537,-146.911947,1.51));
#2428 = CIRCLE('',#2429,2.05);
#2429 = AXIS2_PLACEMENT_3D('',#2430,#2431,#2432);
#2430 = CARTESIAN_POINT('',(93.804537,-144.861947,1.51));
#2431 = DIRECTION('',(-0.,0.,-1.));
#2432 = DIRECTION('',(-0.,-1.,0.));
#2433 = FACE_BOUND('',#2434,.T.);
#2434 = EDGE_LOOP('',(#2435));
#2435 = ORIENTED_EDGE('',*,*,#2436,.T.);
#2436 = EDGE_CURVE('',#2437,#2437,#2439,.T.);
#2437 = VERTEX_POINT('',#2438);
#2438 = CARTESIAN_POINT('',(89.801442,-142.684387,1.51));
#2439 = CIRCLE('',#2440,0.95);
#2440 = AXIS2_PLACEMENT_3D('',#2441,#2442,#2443);
#2441 = CARTESIAN_POINT('',(89.801442,-141.734387,1.51));
#2442 = DIRECTION('',(-0.,0.,-1.));
#2443 = DIRECTION('',(-1.495879443705E-14,-1.,0.));
#2444 = FACE_BOUND('',#2445,.T.);
#2445 = EDGE_LOOP('',(#2446));
#2446 = ORIENTED_EDGE('',*,*,#2447,.T.);
#2447 = EDGE_CURVE('',#2448,#2448,#2450,.T.);
#2448 = VERTEX_POINT('',#2449);
#2449 = CARTESIAN_POINT('',(92.365996,-142.014729,1.51));
#2450 = CIRCLE('',#2451,1.5);
#2451 = AXIS2_PLACEMENT_3D('',#2452,#2453,#2454);
#2452 = CARTESIAN_POINT('',(92.365996,-140.514729,1.51));
#2453 = DIRECTION('',(-0.,0.,-1.));
#2454 = DIRECTION('',(-0.,-1.,0.));
#2455 = FACE_BOUND('',#2456,.T.);
#2456 = EDGE_LOOP('',(#2457));
#2457 = ORIENTED_EDGE('',*,*,#2458,.T.);
#2458 = EDGE_CURVE('',#2459,#2459,#2461,.T.);
#2459 = VERTEX_POINT('',#2460);
#2460 = CARTESIAN_POINT('',(98.933645,-143.922633,1.51));
#2461 = CIRCLE('',#2462,1.5);
#2462 = AXIS2_PLACEMENT_3D('',#2463,#2464,#2465);
#2463 = CARTESIAN_POINT('',(98.933645,-142.422633,1.51));
#2464 = DIRECTION('',(-0.,0.,-1.));
#2465 = DIRECTION('',(-0.,-1.,0.));
#2466 = FACE_BOUND('',#2467,.T.);
#2467 = EDGE_LOOP('',(#2468));
#2468 = ORIENTED_EDGE('',*,*,#2469,.T.);
#2469 = EDGE_CURVE('',#2470,#2470,#2472,.T.);
#2470 = VERTEX_POINT('',#2471);
#2471 = CARTESIAN_POINT('',(76.218496,-102.877461,1.51));
#2472 = CIRCLE('',#2473,0.95);
#2473 = AXIS2_PLACEMENT_3D('',#2474,#2475,#2476);
#2474 = CARTESIAN_POINT('',(76.218496,-101.927461,1.51));
#2475 = DIRECTION('',(-0.,0.,-1.));
#2476 = DIRECTION('',(-0.,-1.,0.));
#2477 = FACE_BOUND('',#2478,.T.);
#2478 = EDGE_LOOP('',(#2479));
#2479 = ORIENTED_EDGE('',*,*,#2480,.T.);
#2480 = EDGE_CURVE('',#2481,#2481,#2483,.T.);
#2481 = VERTEX_POINT('',#2482);
#2482 = CARTESIAN_POINT('',(81.205162,-104.946771,1.51));
#2483 = CIRCLE('',#2484,2.05);
#2484 = AXIS2_PLACEMENT_3D('',#2485,#2486,#2487);
#2485 = CARTESIAN_POINT('',(81.205162,-102.896771,1.51));
#2486 = DIRECTION('',(-0.,0.,-1.));
#2487 = DIRECTION('',(-0.,-1.,0.));
#2488 = FACE_BOUND('',#2489,.T.);
#2489 = EDGE_LOOP('',(#2490));
#2490 = ORIENTED_EDGE('',*,*,#2491,.T.);
#2491 = EDGE_CURVE('',#2492,#2492,#2494,.T.);
#2492 = VERTEX_POINT('',#2493);
#2493 = CARTESIAN_POINT('',(77.949817,-101.176456,1.51));
#2494 = CIRCLE('',#2495,1.5);
#2495 = AXIS2_PLACEMENT_3D('',#2496,#2497,#2498);
#2496 = CARTESIAN_POINT('',(77.949817,-99.676456,1.51));
#2497 = DIRECTION('',(-0.,0.,-1.));
#2498 = DIRECTION('',(-0.,-1.,0.));
#2499 = FACE_BOUND('',#2500,.T.);
#2500 = EDGE_LOOP('',(#2501));
#2501 = ORIENTED_EDGE('',*,*,#2502,.T.);
#2502 = EDGE_CURVE('',#2503,#2503,#2505,.T.);
#2503 = VERTEX_POINT('',#2504);
#2504 = CARTESIAN_POINT('',(84.667805,-99.89476,1.51));
#2505 = CIRCLE('',#2506,1.5);
#2506 = AXIS2_PLACEMENT_3D('',#2507,#2508,#2509);
#2507 = CARTESIAN_POINT('',(84.667805,-98.39476,1.51));
#2508 = DIRECTION('',(-0.,0.,-1.));
#2509 = DIRECTION('',(-0.,-1.,0.));
#2510 = FACE_BOUND('',#2511,.T.);
#2511 = EDGE_LOOP('',(#2512));
#2512 = ORIENTED_EDGE('',*,*,#2513,.T.);
#2513 = EDGE_CURVE('',#2514,#2514,#2516,.T.);
#2514 = VERTEX_POINT('',#2515);
#2515 = CARTESIAN_POINT('',(141.151157,-120.607799,1.51));
#2516 = CIRCLE('',#2517,0.5461);
#2517 = AXIS2_PLACEMENT_3D('',#2518,#2519,#2520);
#2518 = CARTESIAN_POINT('',(141.151157,-120.061699,1.51));
#2519 = DIRECTION('',(-0.,0.,-1.));
#2520 = DIRECTION('',(-0.,-1.,0.));
#2521 = FACE_BOUND('',#2522,.T.);
#2522 = EDGE_LOOP('',(#2523));
#2523 = ORIENTED_EDGE('',*,*,#2524,.T.);
#2524 = EDGE_CURVE('',#2525,#2525,#2527,.T.);
#2525 = VERTEX_POINT('',#2526);
#2526 = CARTESIAN_POINT('',(141.151157,-118.067799,1.51));
#2527 = CIRCLE('',#2528,0.5461);
#2528 = AXIS2_PLACEMENT_3D('',#2529,#2530,#2531);
#2529 = CARTESIAN_POINT('',(141.151157,-117.521699,1.51));
#2530 = DIRECTION('',(-0.,0.,-1.));
#2531 = DIRECTION('',(-0.,-1.,0.));
#2532 = FACE_BOUND('',#2533,.T.);
#2533 = EDGE_LOOP('',(#2534));
#2534 = ORIENTED_EDGE('',*,*,#2535,.T.);
#2535 = EDGE_CURVE('',#2536,#2536,#2538,.T.);
#2536 = VERTEX_POINT('',#2537);
#2537 = CARTESIAN_POINT('',(141.151157,-115.527799,1.51));
#2538 = CIRCLE('',#2539,0.5461);
#2539 = AXIS2_PLACEMENT_3D('',#2540,#2541,#2542);
#2540 = CARTESIAN_POINT('',(141.151157,-114.981699,1.51));
#2541 = DIRECTION('',(-0.,0.,-1.));
#2542 = DIRECTION('',(-0.,-1.,0.));
#2543 = FACE_BOUND('',#2544,.T.);
#2544 = EDGE_LOOP('',(#2545));
#2545 = ORIENTED_EDGE('',*,*,#2546,.T.);
#2546 = EDGE_CURVE('',#2547,#2547,#2549,.T.);
#2547 = VERTEX_POINT('',#2548);
#2548 = CARTESIAN_POINT('',(141.151157,-112.987799,1.51));
#2549 = CIRCLE('',#2550,0.5461);
#2550 = AXIS2_PLACEMENT_3D('',#2551,#2552,#2553);
#2551 = CARTESIAN_POINT('',(141.151157,-112.441699,1.51));
#2552 = DIRECTION('',(-0.,0.,-1.));
#2553 = DIRECTION('',(-0.,-1.,0.));
#2554 = FACE_BOUND('',#2555,.T.);
#2555 = EDGE_LOOP('',(#2556));
#2556 = ORIENTED_EDGE('',*,*,#2557,.T.);
#2557 = EDGE_CURVE('',#2558,#2558,#2560,.T.);
#2558 = VERTEX_POINT('',#2559);
#2559 = CARTESIAN_POINT('',(86.191828,-104.816081,1.51));
#2560 = CIRCLE('',#2561,0.95);
#2561 = AXIS2_PLACEMENT_3D('',#2562,#2563,#2564);
#2562 = CARTESIAN_POINT('',(86.191828,-103.866081,1.51));
#2563 = DIRECTION('',(-0.,0.,-1.));
#2564 = DIRECTION('',(-0.,-1.,0.));
#2565 = FACE_BOUND('',#2566,.T.);
#2566 = EDGE_LOOP('',(#2567));
#2567 = ORIENTED_EDGE('',*,*,#2568,.T.);
#2568 = EDGE_CURVE('',#2569,#2569,#2571,.T.);
#2569 = VERTEX_POINT('',#2570);
#2570 = CARTESIAN_POINT('',(141.151157,-110.447799,1.51));
#2571 = CIRCLE('',#2572,0.5461);
#2572 = AXIS2_PLACEMENT_3D('',#2573,#2574,#2575);
#2573 = CARTESIAN_POINT('',(141.151157,-109.901699,1.51));
#2574 = DIRECTION('',(-0.,0.,-1.));
#2575 = DIRECTION('',(-0.,-1.,0.));
#2576 = FACE_BOUND('',#2577,.T.);
#2577 = EDGE_LOOP('',(#2578));
#2578 = ORIENTED_EDGE('',*,*,#2579,.T.);
#2579 = EDGE_CURVE('',#2580,#2580,#2582,.T.);
#2580 = VERTEX_POINT('',#2581);
#2581 = CARTESIAN_POINT('',(141.151157,-107.907799,1.51));
#2582 = CIRCLE('',#2583,0.5461);
#2583 = AXIS2_PLACEMENT_3D('',#2584,#2585,#2586);
#2584 = CARTESIAN_POINT('',(141.151157,-107.361699,1.51));
#2585 = DIRECTION('',(-0.,0.,-1.));
#2586 = DIRECTION('',(-0.,-1.,0.));
#2587 = FACE_BOUND('',#2588,.T.);
#2588 = EDGE_LOOP('',(#2589));
#2589 = ORIENTED_EDGE('',*,*,#2590,.T.);
#2590 = EDGE_CURVE('',#2591,#2591,#2593,.T.);
#2591 = VERTEX_POINT('',#2592);
#2592 = CARTESIAN_POINT('',(141.151157,-105.367799,1.51));
#2593 = CIRCLE('',#2594,0.5461);
#2594 = AXIS2_PLACEMENT_3D('',#2595,#2596,#2597);
#2595 = CARTESIAN_POINT('',(141.151157,-104.821699,1.51));
#2596 = DIRECTION('',(-0.,0.,-1.));
#2597 = DIRECTION('',(-0.,-1.,0.));
#2598 = FACE_BOUND('',#2599,.T.);
#2599 = EDGE_LOOP('',(#2600));
#2600 = ORIENTED_EDGE('',*,*,#2601,.T.);
#2601 = EDGE_CURVE('',#2602,#2602,#2604,.T.);
#2602 = VERTEX_POINT('',#2603);
#2603 = CARTESIAN_POINT('',(141.151157,-102.827799,1.51));
#2604 = CIRCLE('',#2605,0.5461);
#2605 = AXIS2_PLACEMENT_3D('',#2606,#2607,#2608);
#2606 = CARTESIAN_POINT('',(141.151157,-102.281699,1.51));
#2607 = DIRECTION('',(-0.,0.,-1.));
#2608 = DIRECTION('',(-0.,-1.,0.));
#2609 = FACE_BOUND('',#2610,.T.);
#2610 = EDGE_LOOP('',(#2611));
#2611 = ORIENTED_EDGE('',*,*,#2612,.T.);
#2612 = EDGE_CURVE('',#2613,#2613,#2615,.T.);
#2613 = VERTEX_POINT('',#2614);
#2614 = CARTESIAN_POINT('',(141.151157,-100.287799,1.51));
#2615 = CIRCLE('',#2616,0.5461);
#2616 = AXIS2_PLACEMENT_3D('',#2617,#2618,#2619);
#2617 = CARTESIAN_POINT('',(141.151157,-99.741699,1.51));
#2618 = DIRECTION('',(-0.,0.,-1.));
#2619 = DIRECTION('',(-0.,-1.,0.));
#2620 = FACE_BOUND('',#2621,.T.);
#2621 = EDGE_LOOP('',(#2622));
#2622 = ORIENTED_EDGE('',*,*,#2623,.T.);
#2623 = EDGE_CURVE('',#2624,#2624,#2626,.T.);
#2624 = VERTEX_POINT('',#2625);
#2625 = CARTESIAN_POINT('',(199.734682,-148.939507,1.51));
#2626 = CIRCLE('',#2627,0.95);
#2627 = AXIS2_PLACEMENT_3D('',#2628,#2629,#2630);
#2628 = CARTESIAN_POINT('',(199.734682,-147.989507,1.51));
#2629 = DIRECTION('',(-0.,0.,-1.));
#2630 = DIRECTION('',(-2.991758887411E-14,-1.,0.));
#2631 = FACE_BOUND('',#2632,.T.);
#2632 = EDGE_LOOP('',(#2633));
#2633 = ORIENTED_EDGE('',*,*,#2634,.T.);
#2634 = EDGE_CURVE('',#2635,#2635,#2637,.T.);
#2635 = VERTEX_POINT('',#2636);
#2636 = CARTESIAN_POINT('',(199.171676,-146.70607,1.51));
#2637 = CIRCLE('',#2638,1.5);
#2638 = AXIS2_PLACEMENT_3D('',#2639,#2640,#2641);
#2639 = CARTESIAN_POINT('',(199.171676,-145.20607,1.51));
#2640 = DIRECTION('',(-0.,0.,-1.));
#2641 = DIRECTION('',(-0.,-1.,0.));
#2642 = FACE_BOUND('',#2643,.T.);
#2643 = EDGE_LOOP('',(#2644));
#2644 = ORIENTED_EDGE('',*,*,#2645,.T.);
#2645 = EDGE_CURVE('',#2646,#2646,#2648,.T.);
#2646 = VERTEX_POINT('',#2647);
#2647 = CARTESIAN_POINT('',(203.737777,-146.911947,1.51));
#2648 = CIRCLE('',#2649,2.05);
#2649 = AXIS2_PLACEMENT_3D('',#2650,#2651,#2652);
#2650 = CARTESIAN_POINT('',(203.737777,-144.861947,1.51));
#2651 = DIRECTION('',(-0.,0.,-1.));
#2652 = DIRECTION('',(-0.,-1.,0.));
#2653 = FACE_BOUND('',#2654,.T.);
#2654 = EDGE_LOOP('',(#2655));
#2655 = ORIENTED_EDGE('',*,*,#2656,.T.);
#2656 = EDGE_CURVE('',#2657,#2657,#2659,.T.);
#2657 = VERTEX_POINT('',#2658);
#2658 = CARTESIAN_POINT('',(207.740872,-142.684387,1.51));
#2659 = CIRCLE('',#2660,0.95);
#2660 = AXIS2_PLACEMENT_3D('',#2661,#2662,#2663);
#2661 = CARTESIAN_POINT('',(207.740872,-141.734387,1.51));
#2662 = DIRECTION('',(-0.,0.,-1.));
#2663 = DIRECTION('',(-2.991758887411E-14,-1.,0.));
#2664 = FACE_BOUND('',#2665,.T.);
#2665 = EDGE_LOOP('',(#2666));
#2666 = ORIENTED_EDGE('',*,*,#2667,.T.);
#2667 = EDGE_CURVE('',#2668,#2668,#2670,.T.);
#2668 = VERTEX_POINT('',#2669);
#2669 = CARTESIAN_POINT('',(202.611764,-140.795072,1.51));
#2670 = CIRCLE('',#2671,1.5);
#2671 = AXIS2_PLACEMENT_3D('',#2672,#2673,#2674);
#2672 = CARTESIAN_POINT('',(202.611764,-139.295072,1.51));
#2673 = DIRECTION('',(-0.,0.,-1.));
#2674 = DIRECTION('',(-0.,-1.,0.));
#2675 = FACE_BOUND('',#2676,.T.);
#2676 = EDGE_LOOP('',(#2677));
#2677 = ORIENTED_EDGE('',*,*,#2678,.T.);
#2678 = EDGE_CURVE('',#2679,#2679,#2681,.T.);
#2679 = VERTEX_POINT('',#2680);
#2680 = CARTESIAN_POINT('',(156.391157,-120.607799,1.51));
#2681 = CIRCLE('',#2682,0.5461);
#2682 = AXIS2_PLACEMENT_3D('',#2683,#2684,#2685);
#2683 = CARTESIAN_POINT('',(156.391157,-120.061699,1.51));
#2684 = DIRECTION('',(-0.,0.,-1.));
#2685 = DIRECTION('',(-0.,-1.,0.));
#2686 = FACE_BOUND('',#2687,.T.);
#2687 = EDGE_LOOP('',(#2688));
#2688 = ORIENTED_EDGE('',*,*,#2689,.T.);
#2689 = EDGE_CURVE('',#2690,#2690,#2692,.T.);
#2690 = VERTEX_POINT('',#2691);
#2691 = CARTESIAN_POINT('',(156.391157,-118.067799,1.51));
#2692 = CIRCLE('',#2693,0.5461);
#2693 = AXIS2_PLACEMENT_3D('',#2694,#2695,#2696);
#2694 = CARTESIAN_POINT('',(156.391157,-117.521699,1.51));
#2695 = DIRECTION('',(-0.,0.,-1.));
#2696 = DIRECTION('',(-0.,-1.,0.));
#2697 = FACE_BOUND('',#2698,.T.);
#2698 = EDGE_LOOP('',(#2699));
#2699 = ORIENTED_EDGE('',*,*,#2700,.T.);
#2700 = EDGE_CURVE('',#2701,#2701,#2703,.T.);
#2701 = VERTEX_POINT('',#2702);
#2702 = CARTESIAN_POINT('',(156.391157,-115.527799,1.51));
#2703 = CIRCLE('',#2704,0.5461);
#2704 = AXIS2_PLACEMENT_3D('',#2705,#2706,#2707);
#2705 = CARTESIAN_POINT('',(156.391157,-114.981699,1.51));
#2706 = DIRECTION('',(-0.,0.,-1.));
#2707 = DIRECTION('',(-0.,-1.,0.));
#2708 = FACE_BOUND('',#2709,.T.);
#2709 = EDGE_LOOP('',(#2710));
#2710 = ORIENTED_EDGE('',*,*,#2711,.T.);
#2711 = EDGE_CURVE('',#2712,#2712,#2714,.T.);
#2712 = VERTEX_POINT('',#2713);
#2713 = CARTESIAN_POINT('',(156.391157,-112.987799,1.51));
#2714 = CIRCLE('',#2715,0.5461);
#2715 = AXIS2_PLACEMENT_3D('',#2716,#2717,#2718);
#2716 = CARTESIAN_POINT('',(156.391157,-112.441699,1.51));
#2717 = DIRECTION('',(-0.,0.,-1.));
#2718 = DIRECTION('',(-0.,-1.,0.));
#2719 = FACE_BOUND('',#2720,.T.);
#2720 = EDGE_LOOP('',(#2721));
#2721 = ORIENTED_EDGE('',*,*,#2722,.T.);
#2722 = EDGE_CURVE('',#2723,#2723,#2725,.T.);
#2723 = VERTEX_POINT('',#2724);
#2724 = CARTESIAN_POINT('',(156.391157,-110.447799,1.51));
#2725 = CIRCLE('',#2726,0.5461);
#2726 = AXIS2_PLACEMENT_3D('',#2727,#2728,#2729);
#2727 = CARTESIAN_POINT('',(156.391157,-109.901699,1.51));
#2728 = DIRECTION('',(-0.,0.,-1.));
#2729 = DIRECTION('',(-0.,-1.,0.));
#2730 = FACE_BOUND('',#2731,.T.);
#2731 = EDGE_LOOP('',(#2732));
#2732 = ORIENTED_EDGE('',*,*,#2733,.T.);
#2733 = EDGE_CURVE('',#2734,#2734,#2736,.T.);
#2734 = VERTEX_POINT('',#2735);
#2735 = CARTESIAN_POINT('',(156.391157,-107.907799,1.51));
#2736 = CIRCLE('',#2737,0.5461);
#2737 = AXIS2_PLACEMENT_3D('',#2738,#2739,#2740);
#2738 = CARTESIAN_POINT('',(156.391157,-107.361699,1.51));
#2739 = DIRECTION('',(-0.,0.,-1.));
#2740 = DIRECTION('',(-0.,-1.,0.));
#2741 = FACE_BOUND('',#2742,.T.);
#2742 = EDGE_LOOP('',(#2743));
#2743 = ORIENTED_EDGE('',*,*,#2744,.T.);
#2744 = EDGE_CURVE('',#2745,#2745,#2747,.T.);
#2745 = VERTEX_POINT('',#2746);
#2746 = CARTESIAN_POINT('',(156.391157,-105.367799,1.51));
#2747 = CIRCLE('',#2748,0.5461);
#2748 = AXIS2_PLACEMENT_3D('',#2749,#2750,#2751);
#2749 = CARTESIAN_POINT('',(156.391157,-104.821699,1.51));
#2750 = DIRECTION('',(-0.,0.,-1.));
#2751 = DIRECTION('',(-0.,-1.,0.));
#2752 = FACE_BOUND('',#2753,.T.);
#2753 = EDGE_LOOP('',(#2754));
#2754 = ORIENTED_EDGE('',*,*,#2755,.T.);
#2755 = EDGE_CURVE('',#2756,#2756,#2758,.T.);
#2756 = VERTEX_POINT('',#2757);
#2757 = CARTESIAN_POINT('',(156.391157,-102.827799,1.51));
#2758 = CIRCLE('',#2759,0.5461);
#2759 = AXIS2_PLACEMENT_3D('',#2760,#2761,#2762);
#2760 = CARTESIAN_POINT('',(156.391157,-102.281699,1.51));
#2761 = DIRECTION('',(-0.,0.,-1.));
#2762 = DIRECTION('',(-0.,-1.,0.));
#2763 = FACE_BOUND('',#2764,.T.);
#2764 = EDGE_LOOP('',(#2765));
#2765 = ORIENTED_EDGE('',*,*,#2766,.T.);
#2766 = EDGE_CURVE('',#2767,#2767,#2769,.T.);
#2767 = VERTEX_POINT('',#2768);
#2768 = CARTESIAN_POINT('',(156.391157,-100.287799,1.51));
#2769 = CIRCLE('',#2770,0.5461);
#2770 = AXIS2_PLACEMENT_3D('',#2771,#2772,#2773);
#2771 = CARTESIAN_POINT('',(156.391157,-99.741699,1.51));
#2772 = DIRECTION('',(-0.,0.,-1.));
#2773 = DIRECTION('',(-0.,-1.,0.));
#2774 = FACE_BOUND('',#2775,.T.);
#2775 = EDGE_LOOP('',(#2776));
#2776 = ORIENTED_EDGE('',*,*,#2777,.T.);
#2777 = EDGE_CURVE('',#2778,#2778,#2780,.T.);
#2778 = VERTEX_POINT('',#2779);
#2779 = CARTESIAN_POINT('',(211.350487,-104.816081,1.51));
#2780 = CIRCLE('',#2781,0.95);
#2781 = AXIS2_PLACEMENT_3D('',#2782,#2783,#2784);
#2782 = CARTESIAN_POINT('',(211.350487,-103.866081,1.51));
#2783 = DIRECTION('',(-0.,0.,-1.));
#2784 = DIRECTION('',(-0.,-1.,0.));
#2785 = FACE_BOUND('',#2786,.T.);
#2786 = EDGE_LOOP('',(#2787));
#2787 = ORIENTED_EDGE('',*,*,#2788,.T.);
#2788 = EDGE_CURVE('',#2789,#2789,#2791,.T.);
#2789 = VERTEX_POINT('',#2790);
#2790 = CARTESIAN_POINT('',(212.112499,-102.63042,1.51));
#2791 = CIRCLE('',#2792,1.5);
#2792 = AXIS2_PLACEMENT_3D('',#2793,#2794,#2795);
#2793 = CARTESIAN_POINT('',(212.112499,-101.13042,1.51));
#2794 = DIRECTION('',(-0.,0.,-1.));
#2795 = DIRECTION('',(-0.,-1.,0.));
#2796 = FACE_BOUND('',#2797,.T.);
#2797 = EDGE_LOOP('',(#2798));
#2798 = ORIENTED_EDGE('',*,*,#2799,.T.);
#2799 = EDGE_CURVE('',#2800,#2800,#2802,.T.);
#2800 = VERTEX_POINT('',#2801);
#2801 = CARTESIAN_POINT('',(216.337153,-104.946771,1.51));
#2802 = CIRCLE('',#2803,2.05);
#2803 = AXIS2_PLACEMENT_3D('',#2804,#2805,#2806);
#2804 = CARTESIAN_POINT('',(216.337153,-102.896771,1.51));
#2805 = DIRECTION('',(-0.,0.,-1.));
#2806 = DIRECTION('',(-0.,-1.,0.));
#2807 = FACE_BOUND('',#2808,.T.);
#2808 = EDGE_LOOP('',(#2809));
#2809 = ORIENTED_EDGE('',*,*,#2810,.T.);
#2810 = EDGE_CURVE('',#2811,#2811,#2813,.T.);
#2811 = VERTEX_POINT('',#2812);
#2812 = CARTESIAN_POINT('',(221.323819,-102.877461,1.51));
#2813 = CIRCLE('',#2814,0.95);
#2814 = AXIS2_PLACEMENT_3D('',#2815,#2816,#2817);
#2815 = CARTESIAN_POINT('',(221.323819,-101.927461,1.51));
#2816 = DIRECTION('',(-0.,0.,-1.));
#2817 = DIRECTION('',(-2.991758887411E-14,-1.,0.));
#2818 = FACE_BOUND('',#2819,.T.);
#2819 = EDGE_LOOP('',(#2820));
#2820 = ORIENTED_EDGE('',*,*,#2821,.T.);
#2821 = EDGE_CURVE('',#2822,#2822,#2824,.T.);
#2822 = VERTEX_POINT('',#2823);
#2823 = CARTESIAN_POINT('',(49.080804,-96.583712,1.51));
#2824 = CIRCLE('',#2825,0.95);
#2825 = AXIS2_PLACEMENT_3D('',#2826,#2827,#2828);
#2826 = CARTESIAN_POINT('',(49.080804,-95.633712,1.51));
#2827 = DIRECTION('',(-0.,0.,-1.));
#2828 = DIRECTION('',(-0.,-1.,0.));
#2829 = FACE_BOUND('',#2830,.T.);
#2830 = EDGE_LOOP('',(#2831));
#2831 = ORIENTED_EDGE('',*,*,#2832,.T.);
#2832 = EDGE_CURVE('',#2833,#2833,#2835,.T.);
#2833 = VERTEX_POINT('',#2834);
#2834 = CARTESIAN_POINT('',(39.107472,-94.645092,1.51));
#2835 = CIRCLE('',#2836,0.95);
#2836 = AXIS2_PLACEMENT_3D('',#2837,#2838,#2839);
#2837 = CARTESIAN_POINT('',(39.107472,-93.695092,1.51));
#2838 = DIRECTION('',(-0.,0.,-1.));
#2839 = DIRECTION('',(-0.,-1.,0.));
#2840 = FACE_BOUND('',#2841,.T.);
#2841 = EDGE_LOOP('',(#2842));
#2842 = ORIENTED_EDGE('',*,*,#2843,.T.);
#2843 = EDGE_CURVE('',#2844,#2844,#2846,.T.);
#2844 = VERTEX_POINT('',#2845);
#2845 = CARTESIAN_POINT('',(44.094138,-96.714402,1.51));
#2846 = CIRCLE('',#2847,2.05);
#2847 = AXIS2_PLACEMENT_3D('',#2848,#2849,#2850);
#2848 = CARTESIAN_POINT('',(44.094138,-94.664402,1.51));
#2849 = DIRECTION('',(-0.,0.,-1.));
#2850 = DIRECTION('',(-0.,-1.,0.));
#2851 = FACE_BOUND('',#2852,.T.);
#2852 = EDGE_LOOP('',(#2853));
#2853 = ORIENTED_EDGE('',*,*,#2854,.T.);
#2854 = EDGE_CURVE('',#2855,#2855,#2857,.T.);
#2855 = VERTEX_POINT('',#2856);
#2856 = CARTESIAN_POINT('',(40.838793,-92.944087,1.51));
#2857 = CIRCLE('',#2858,1.5);
#2858 = AXIS2_PLACEMENT_3D('',#2859,#2860,#2861);
#2859 = CARTESIAN_POINT('',(40.838793,-91.444087,1.51));
#2860 = DIRECTION('',(-0.,0.,-1.));
#2861 = DIRECTION('',(-0.,-1.,0.));
#2862 = FACE_BOUND('',#2863,.T.);
#2863 = EDGE_LOOP('',(#2864));
#2864 = ORIENTED_EDGE('',*,*,#2865,.T.);
#2865 = EDGE_CURVE('',#2866,#2866,#2868,.T.);
#2866 = VERTEX_POINT('',#2867);
#2867 = CARTESIAN_POINT('',(47.556781,-91.662391,1.51));
#2868 = CIRCLE('',#2869,1.5);
#2869 = AXIS2_PLACEMENT_3D('',#2870,#2871,#2872);
#2870 = CARTESIAN_POINT('',(47.556781,-90.162391,1.51));
#2871 = DIRECTION('',(-0.,0.,-1.));
#2872 = DIRECTION('',(-0.,-1.,0.));
#2873 = FACE_BOUND('',#2874,.T.);
#2874 = EDGE_LOOP('',(#2875));
#2875 = ORIENTED_EDGE('',*,*,#2876,.T.);
#2876 = EDGE_CURVE('',#2877,#2877,#2879,.T.);
#2877 = VERTEX_POINT('',#2878);
#2878 = CARTESIAN_POINT('',(63.947151,-94.155522,1.51));
#2879 = CIRCLE('',#2880,2.05);
#2880 = AXIS2_PLACEMENT_3D('',#2881,#2882,#2883);
#2881 = CARTESIAN_POINT('',(63.947151,-92.105522,1.51));
#2882 = DIRECTION('',(-0.,0.,-1.));
#2883 = DIRECTION('',(-3.466062125659E-15,-1.,0.));
#2884 = FACE_BOUND('',#2885,.T.);
#2885 = EDGE_LOOP('',(#2886));
#2886 = ORIENTED_EDGE('',*,*,#2887,.T.);
#2887 = EDGE_CURVE('',#2888,#2888,#2890,.T.);
#2888 = VERTEX_POINT('',#2889);
#2889 = CARTESIAN_POINT('',(68.933817,-94.024832,1.51));
#2890 = CIRCLE('',#2891,0.95);
#2891 = AXIS2_PLACEMENT_3D('',#2892,#2893,#2894);
#2892 = CARTESIAN_POINT('',(68.933817,-93.074832,1.51));
#2893 = DIRECTION('',(-0.,0.,-1.));
#2894 = DIRECTION('',(-0.,-1.,0.));
#2895 = FACE_BOUND('',#2896,.T.);
#2896 = EDGE_LOOP('',(#2897));
#2897 = ORIENTED_EDGE('',*,*,#2898,.T.);
#2898 = EDGE_CURVE('',#2899,#2899,#2901,.T.);
#2899 = VERTEX_POINT('',#2900);
#2900 = CARTESIAN_POINT('',(58.960485,-92.086212,1.51));
#2901 = CIRCLE('',#2902,0.95);
#2902 = AXIS2_PLACEMENT_3D('',#2903,#2904,#2905);
#2903 = CARTESIAN_POINT('',(58.960485,-91.136212,1.51));
#2904 = DIRECTION('',(-0.,0.,-1.));
#2905 = DIRECTION('',(-7.479397218527E-15,-1.,0.));
#2906 = FACE_BOUND('',#2907,.T.);
#2907 = EDGE_LOOP('',(#2908));
#2908 = ORIENTED_EDGE('',*,*,#2909,.T.);
#2909 = EDGE_CURVE('',#2910,#2910,#2912,.T.);
#2910 = VERTEX_POINT('',#2911);
#2911 = CARTESIAN_POINT('',(60.691806,-90.385207,1.51));
#2912 = CIRCLE('',#2913,1.5);
#2913 = AXIS2_PLACEMENT_3D('',#2914,#2915,#2916);
#2914 = CARTESIAN_POINT('',(60.691806,-88.885207,1.51));
#2915 = DIRECTION('',(-0.,0.,-1.));
#2916 = DIRECTION('',(-0.,-1.,0.));
#2917 = FACE_BOUND('',#2918,.T.);
#2918 = EDGE_LOOP('',(#2919));
#2919 = ORIENTED_EDGE('',*,*,#2920,.T.);
#2920 = EDGE_CURVE('',#2921,#2921,#2923,.T.);
#2921 = VERTEX_POINT('',#2922);
#2922 = CARTESIAN_POINT('',(67.409794,-89.103511,1.51));
#2923 = CIRCLE('',#2924,1.5);
#2924 = AXIS2_PLACEMENT_3D('',#2925,#2926,#2927);
#2925 = CARTESIAN_POINT('',(67.409794,-87.603511,1.51));
#2926 = DIRECTION('',(-0.,0.,-1.));
#2927 = DIRECTION('',(-0.,-1.,0.));
#2928 = FACE_BOUND('',#2929,.T.);
#2929 = EDGE_LOOP('',(#2930));
#2930 = ORIENTED_EDGE('',*,*,#2931,.T.);
#2931 = EDGE_CURVE('',#2932,#2932,#2934,.T.);
#2932 = VERTEX_POINT('',#2933);
#2933 = CARTESIAN_POINT('',(26.68348,-86.708454,1.51));
#2934 = CIRCLE('',#2935,2.05);
#2935 = AXIS2_PLACEMENT_3D('',#2936,#2937,#2938);
#2936 = CARTESIAN_POINT('',(26.68348,-84.658454,1.51));
#2937 = DIRECTION('',(-0.,0.,-1.));
#2938 = DIRECTION('',(-0.,-1.,0.));
#2939 = FACE_BOUND('',#2940,.T.);
#2940 = EDGE_LOOP('',(#2941));
#2941 = ORIENTED_EDGE('',*,*,#2942,.T.);
#2942 = EDGE_CURVE('',#2943,#2943,#2945,.T.);
#2943 = VERTEX_POINT('',#2944);
#2944 = CARTESIAN_POINT('',(21.696814,-84.639144,1.51));
#2945 = CIRCLE('',#2946,0.95);
#2946 = AXIS2_PLACEMENT_3D('',#2947,#2948,#2949);
#2947 = CARTESIAN_POINT('',(21.696814,-83.689144,1.51));
#2948 = DIRECTION('',(-0.,0.,-1.));
#2949 = DIRECTION('',(-0.,-1.,0.));
#2950 = FACE_BOUND('',#2951,.T.);
#2951 = EDGE_LOOP('',(#2952));
#2952 = ORIENTED_EDGE('',*,*,#2953,.T.);
#2953 = EDGE_CURVE('',#2954,#2954,#2956,.T.);
#2954 = VERTEX_POINT('',#2955);
#2955 = CARTESIAN_POINT('',(31.670146,-86.577764,1.51));
#2956 = CIRCLE('',#2957,0.95);
#2957 = AXIS2_PLACEMENT_3D('',#2958,#2959,#2960);
#2958 = CARTESIAN_POINT('',(31.670146,-85.627764,1.51));
#2959 = DIRECTION('',(-0.,0.,-1.));
#2960 = DIRECTION('',(-0.,-1.,0.));
#2961 = FACE_BOUND('',#2962,.T.);
#2962 = EDGE_LOOP('',(#2963));
#2963 = ORIENTED_EDGE('',*,*,#2964,.T.);
#2964 = EDGE_CURVE('',#2965,#2965,#2967,.T.);
#2965 = VERTEX_POINT('',#2966);
#2966 = CARTESIAN_POINT('',(23.428135,-82.938139,1.51));
#2967 = CIRCLE('',#2968,1.5);
#2968 = AXIS2_PLACEMENT_3D('',#2969,#2970,#2971);
#2969 = CARTESIAN_POINT('',(23.428135,-81.438139,1.51));
#2970 = DIRECTION('',(-0.,0.,-1.));
#2971 = DIRECTION('',(-0.,-1.,0.));
#2972 = FACE_BOUND('',#2973,.T.);
#2973 = EDGE_LOOP('',(#2974));
#2974 = ORIENTED_EDGE('',*,*,#2975,.T.);
#2975 = EDGE_CURVE('',#2976,#2976,#2978,.T.);
#2976 = VERTEX_POINT('',#2977);
#2977 = CARTESIAN_POINT('',(30.146123,-81.656443,1.51));
#2978 = CIRCLE('',#2979,1.5);
#2979 = AXIS2_PLACEMENT_3D('',#2980,#2981,#2982);
#2980 = CARTESIAN_POINT('',(30.146123,-80.156443,1.51));
#2981 = DIRECTION('',(-0.,0.,-1.));
#2982 = DIRECTION('',(-0.,-1.,0.));
#2983 = FACE_BOUND('',#2984,.T.);
#2984 = EDGE_LOOP('',(#2985));
#2985 = ORIENTED_EDGE('',*,*,#2986,.T.);
#2986 = EDGE_CURVE('',#2987,#2987,#2989,.T.);
#2987 = VERTEX_POINT('',#2988);
#2988 = CARTESIAN_POINT('',(52.706175,-77.932796,1.51));
#2989 = CIRCLE('',#2990,0.95);
#2990 = AXIS2_PLACEMENT_3D('',#2991,#2992,#2993);
#2991 = CARTESIAN_POINT('',(52.706175,-76.982796,1.51));
#2992 = DIRECTION('',(-0.,0.,-1.));
#2993 = DIRECTION('',(-0.,-1.,0.));
#2994 = FACE_BOUND('',#2995,.T.);
#2995 = EDGE_LOOP('',(#2996));
#2996 = ORIENTED_EDGE('',*,*,#2997,.T.);
#2997 = EDGE_CURVE('',#2998,#2998,#3000,.T.);
#2998 = VERTEX_POINT('',#2999);
#2999 = CARTESIAN_POINT('',(42.732843,-75.994176,1.51));
#3000 = CIRCLE('',#3001,0.95);
#3001 = AXIS2_PLACEMENT_3D('',#3002,#3003,#3004);
#3002 = CARTESIAN_POINT('',(42.732843,-75.044176,1.51));
#3003 = DIRECTION('',(-0.,0.,-1.));
#3004 = DIRECTION('',(-0.,-1.,0.));
#3005 = FACE_BOUND('',#3006,.T.);
#3006 = EDGE_LOOP('',(#3007));
#3007 = ORIENTED_EDGE('',*,*,#3008,.T.);
#3008 = EDGE_CURVE('',#3009,#3009,#3011,.T.);
#3009 = VERTEX_POINT('',#3010);
#3010 = CARTESIAN_POINT('',(47.719509,-78.063486,1.51));
#3011 = CIRCLE('',#3012,2.05);
#3012 = AXIS2_PLACEMENT_3D('',#3013,#3014,#3015);
#3013 = CARTESIAN_POINT('',(47.719509,-76.013486,1.51));
#3014 = DIRECTION('',(-0.,0.,-1.));
#3015 = DIRECTION('',(-0.,-1.,0.));
#3016 = FACE_BOUND('',#3017,.T.);
#3017 = EDGE_LOOP('',(#3018));
#3018 = ORIENTED_EDGE('',*,*,#3019,.T.);
#3019 = EDGE_CURVE('',#3020,#3020,#3022,.T.);
#3020 = VERTEX_POINT('',#3021);
#3021 = CARTESIAN_POINT('',(79.843867,-84.226545,1.51));
#3022 = CIRCLE('',#3023,0.95);
#3023 = AXIS2_PLACEMENT_3D('',#3024,#3025,#3026);
#3024 = CARTESIAN_POINT('',(79.843867,-83.276545,1.51));
#3025 = DIRECTION('',(-0.,0.,-1.));
#3026 = DIRECTION('',(-0.,-1.,0.));
#3027 = FACE_BOUND('',#3028,.T.);
#3028 = EDGE_LOOP('',(#3029));
#3029 = ORIENTED_EDGE('',*,*,#3030,.T.);
#3030 = EDGE_CURVE('',#3031,#3031,#3033,.T.);
#3031 = VERTEX_POINT('',#3032);
#3032 = CARTESIAN_POINT('',(81.575188,-82.52554,1.51));
#3033 = CIRCLE('',#3034,1.5);
#3034 = AXIS2_PLACEMENT_3D('',#3035,#3036,#3037);
#3035 = CARTESIAN_POINT('',(81.575188,-81.02554,1.51));
#3036 = DIRECTION('',(-0.,0.,-1.));
#3037 = DIRECTION('',(-0.,-1.,0.));
#3038 = FACE_BOUND('',#3039,.T.);
#3039 = EDGE_LOOP('',(#3040));
#3040 = ORIENTED_EDGE('',*,*,#3041,.T.);
#3041 = EDGE_CURVE('',#3042,#3042,#3044,.T.);
#3042 = VERTEX_POINT('',#3043);
#3043 = CARTESIAN_POINT('',(67.572522,-75.504605,1.51));
#3044 = CIRCLE('',#3045,2.05);
#3045 = AXIS2_PLACEMENT_3D('',#3046,#3047,#3048);
#3046 = CARTESIAN_POINT('',(67.572522,-73.454605,1.51));
#3047 = DIRECTION('',(-0.,0.,-1.));
#3048 = DIRECTION('',(6.932124251318E-15,-1.,-0.));
#3049 = FACE_BOUND('',#3050,.T.);
#3050 = EDGE_LOOP('',(#3051));
#3051 = ORIENTED_EDGE('',*,*,#3052,.T.);
#3052 = EDGE_CURVE('',#3053,#3053,#3055,.T.);
#3053 = VERTEX_POINT('',#3054);
#3054 = CARTESIAN_POINT('',(72.559188,-75.373915,1.51));
#3055 = CIRCLE('',#3056,0.95);
#3056 = AXIS2_PLACEMENT_3D('',#3057,#3058,#3059);
#3057 = CARTESIAN_POINT('',(72.559188,-74.423915,1.51));
#3058 = DIRECTION('',(-0.,0.,-1.));
#3059 = DIRECTION('',(-0.,-1.,0.));
#3060 = FACE_BOUND('',#3061,.T.);
#3061 = EDGE_LOOP('',(#3062));
#3062 = ORIENTED_EDGE('',*,*,#3063,.T.);
#3063 = EDGE_CURVE('',#3064,#3064,#3066,.T.);
#3064 = VERTEX_POINT('',#3065);
#3065 = CARTESIAN_POINT('',(97.15912,-94.723306,1.51));
#3066 = CIRCLE('',#3067,0.95);
#3067 = AXIS2_PLACEMENT_3D('',#3068,#3069,#3070);
#3068 = CARTESIAN_POINT('',(97.15912,-93.773306,1.51));
#3069 = DIRECTION('',(-0.,0.,-1.));
#3070 = DIRECTION('',(-0.,-1.,0.));
#3071 = FACE_BOUND('',#3072,.T.);
#3072 = EDGE_LOOP('',(#3073));
#3073 = ORIENTED_EDGE('',*,*,#3074,.T.);
#3074 = EDGE_CURVE('',#3075,#3075,#3077,.T.);
#3075 = VERTEX_POINT('',#3076);
#3076 = CARTESIAN_POINT('',(107.132452,-96.661926,1.51));
#3077 = CIRCLE('',#3078,0.95);
#3078 = AXIS2_PLACEMENT_3D('',#3079,#3080,#3081);
#3079 = CARTESIAN_POINT('',(107.132452,-95.711926,1.51));
#3080 = DIRECTION('',(-0.,0.,-1.));
#3081 = DIRECTION('',(-0.,-1.,0.));
#3082 = FACE_BOUND('',#3083,.T.);
#3083 = EDGE_LOOP('',(#3084));
#3084 = ORIENTED_EDGE('',*,*,#3085,.T.);
#3085 = EDGE_CURVE('',#3086,#3086,#3088,.T.);
#3086 = VERTEX_POINT('',#3087);
#3087 = CARTESIAN_POINT('',(102.145786,-96.792616,1.51));
#3088 = CIRCLE('',#3089,2.05);
#3089 = AXIS2_PLACEMENT_3D('',#3090,#3091,#3092);
#3090 = CARTESIAN_POINT('',(102.145786,-94.742616,1.51));
#3091 = DIRECTION('',(-0.,0.,-1.));
#3092 = DIRECTION('',(-0.,-1.,0.));
#3093 = FACE_BOUND('',#3094,.T.);
#3094 = EDGE_LOOP('',(#3095));
#3095 = ORIENTED_EDGE('',*,*,#3096,.T.);
#3096 = EDGE_CURVE('',#3097,#3097,#3099,.T.);
#3097 = VERTEX_POINT('',#3098);
#3098 = CARTESIAN_POINT('',(98.890441,-93.022301,1.51));
#3099 = CIRCLE('',#3100,1.5);
#3100 = AXIS2_PLACEMENT_3D('',#3101,#3102,#3103);
#3101 = CARTESIAN_POINT('',(98.890441,-91.522301,1.51));
#3102 = DIRECTION('',(-0.,0.,-1.));
#3103 = DIRECTION('',(-0.,-1.,0.));
#3104 = FACE_BOUND('',#3105,.T.);
#3105 = EDGE_LOOP('',(#3106));
#3106 = ORIENTED_EDGE('',*,*,#3107,.T.);
#3107 = EDGE_CURVE('',#3108,#3108,#3110,.T.);
#3108 = VERTEX_POINT('',#3109);
#3109 = CARTESIAN_POINT('',(105.608429,-91.740605,1.51));
#3110 = CIRCLE('',#3111,1.5);
#3111 = AXIS2_PLACEMENT_3D('',#3112,#3113,#3114);
#3112 = CARTESIAN_POINT('',(105.608429,-90.240605,1.51));
#3113 = DIRECTION('',(-0.,0.,-1.));
#3114 = DIRECTION('',(-0.,-1.,0.));
#3115 = FACE_BOUND('',#3116,.T.);
#3116 = EDGE_LOOP('',(#3117));
#3117 = ORIENTED_EDGE('',*,*,#3118,.T.);
#3118 = EDGE_CURVE('',#3119,#3119,#3121,.T.);
#3119 = VERTEX_POINT('',#3120);
#3120 = CARTESIAN_POINT('',(141.151157,-97.747799,1.51));
#3121 = CIRCLE('',#3122,0.5461);
#3122 = AXIS2_PLACEMENT_3D('',#3123,#3124,#3125);
#3123 = CARTESIAN_POINT('',(141.151157,-97.201699,1.51));
#3124 = DIRECTION('',(-0.,0.,-1.));
#3125 = DIRECTION('',(-0.,-1.,0.));
#3126 = FACE_BOUND('',#3127,.T.);
#3127 = EDGE_LOOP('',(#3128));
#3128 = ORIENTED_EDGE('',*,*,#3129,.T.);
#3129 = EDGE_CURVE('',#3130,#3130,#3132,.T.);
#3130 = VERTEX_POINT('',#3131);
#3131 = CARTESIAN_POINT('',(141.151157,-95.207799,1.51));
#3132 = CIRCLE('',#3133,0.5461);
#3133 = AXIS2_PLACEMENT_3D('',#3134,#3135,#3136);
#3134 = CARTESIAN_POINT('',(141.151157,-94.661699,1.51));
#3135 = DIRECTION('',(-0.,0.,-1.));
#3136 = DIRECTION('',(-0.,-1.,0.));
#3137 = FACE_BOUND('',#3138,.T.);
#3138 = EDGE_LOOP('',(#3139));
#3139 = ORIENTED_EDGE('',*,*,#3140,.T.);
#3140 = EDGE_CURVE('',#3141,#3141,#3143,.T.);
#3141 = VERTEX_POINT('',#3142);
#3142 = CARTESIAN_POINT('',(141.151157,-92.667799,1.51));
#3143 = CIRCLE('',#3144,0.5461);
#3144 = AXIS2_PLACEMENT_3D('',#3145,#3146,#3147);
#3145 = CARTESIAN_POINT('',(141.151157,-92.121699,1.51));
#3146 = DIRECTION('',(-0.,0.,-1.));
#3147 = DIRECTION('',(-0.,-1.,0.));
#3148 = FACE_BOUND('',#3149,.T.);
#3149 = EDGE_LOOP('',(#3150));
#3150 = ORIENTED_EDGE('',*,*,#3151,.T.);
#3151 = EDGE_CURVE('',#3152,#3152,#3154,.T.);
#3152 = VERTEX_POINT('',#3153);
#3153 = CARTESIAN_POINT('',(84.830533,-86.295855,1.51));
#3154 = CIRCLE('',#3155,2.05);
#3155 = AXIS2_PLACEMENT_3D('',#3156,#3157,#3158);
#3156 = CARTESIAN_POINT('',(84.830533,-84.245855,1.51));
#3157 = DIRECTION('',(-0.,0.,-1.));
#3158 = DIRECTION('',(-0.,-1.,0.));
#3159 = FACE_BOUND('',#3160,.T.);
#3160 = EDGE_LOOP('',(#3161));
#3161 = ORIENTED_EDGE('',*,*,#3162,.T.);
#3162 = EDGE_CURVE('',#3163,#3163,#3165,.T.);
#3163 = VERTEX_POINT('',#3164);
#3164 = CARTESIAN_POINT('',(89.817199,-86.165165,1.51));
#3165 = CIRCLE('',#3166,0.95);
#3166 = AXIS2_PLACEMENT_3D('',#3167,#3168,#3169);
#3167 = CARTESIAN_POINT('',(89.817199,-85.215165,1.51));
#3168 = DIRECTION('',(-0.,0.,-1.));
#3169 = DIRECTION('',(-0.,-1.,0.));
#3170 = FACE_BOUND('',#3171,.T.);
#3171 = EDGE_LOOP('',(#3172));
#3172 = ORIENTED_EDGE('',*,*,#3173,.T.);
#3173 = EDGE_CURVE('',#3174,#3174,#3176,.T.);
#3174 = VERTEX_POINT('',#3175);
#3175 = CARTESIAN_POINT('',(88.293176,-81.243844,1.51));
#3176 = CIRCLE('',#3177,1.5);
#3177 = AXIS2_PLACEMENT_3D('',#3178,#3179,#3180);
#3178 = CARTESIAN_POINT('',(88.293176,-79.743844,1.51));
#3179 = DIRECTION('',(-0.,0.,-1.));
#3180 = DIRECTION('',(-0.,-1.,0.));
#3181 = FACE_BOUND('',#3182,.T.);
#3182 = EDGE_LOOP('',(#3183));
#3183 = ORIENTED_EDGE('',*,*,#3184,.T.);
#3184 = EDGE_CURVE('',#3185,#3185,#3187,.T.);
#3185 = VERTEX_POINT('',#3186);
#3186 = CARTESIAN_POINT('',(110.757823,-78.011009,1.51));
#3187 = CIRCLE('',#3188,0.95);
#3188 = AXIS2_PLACEMENT_3D('',#3189,#3190,#3191);
#3189 = CARTESIAN_POINT('',(110.757823,-77.061009,1.51));
#3190 = DIRECTION('',(-0.,0.,-1.));
#3191 = DIRECTION('',(-0.,-1.,0.));
#3192 = FACE_BOUND('',#3193,.T.);
#3193 = EDGE_LOOP('',(#3194));
#3194 = ORIENTED_EDGE('',*,*,#3195,.T.);
#3195 = EDGE_CURVE('',#3196,#3196,#3198,.T.);
#3196 = VERTEX_POINT('',#3197);
#3197 = CARTESIAN_POINT('',(100.784491,-76.072389,1.51));
#3198 = CIRCLE('',#3199,0.95);
#3199 = AXIS2_PLACEMENT_3D('',#3200,#3201,#3202);
#3200 = CARTESIAN_POINT('',(100.784491,-75.122389,1.51));
#3201 = DIRECTION('',(-0.,0.,-1.));
#3202 = DIRECTION('',(-0.,-1.,0.));
#3203 = FACE_BOUND('',#3204,.T.);
#3204 = EDGE_LOOP('',(#3205));
#3205 = ORIENTED_EDGE('',*,*,#3206,.T.);
#3206 = EDGE_CURVE('',#3207,#3207,#3209,.T.);
#3207 = VERTEX_POINT('',#3208);
#3208 = CARTESIAN_POINT('',(105.771157,-78.141699,1.51));
#3209 = CIRCLE('',#3210,2.05);
#3210 = AXIS2_PLACEMENT_3D('',#3211,#3212,#3213);
#3211 = CARTESIAN_POINT('',(105.771157,-76.091699,1.51));
#3212 = DIRECTION('',(-0.,0.,-1.));
#3213 = DIRECTION('',(-0.,-1.,0.));
#3214 = FACE_BOUND('',#3215,.T.);
#3215 = EDGE_LOOP('',(#3216));
#3216 = ORIENTED_EDGE('',*,*,#3217,.T.);
#3217 = EDGE_CURVE('',#3218,#3218,#3220,.T.);
#3218 = VERTEX_POINT('',#3219);
#3219 = CARTESIAN_POINT('',(35.295517,-67.926848,1.51));
#3220 = CIRCLE('',#3221,0.95);
#3221 = AXIS2_PLACEMENT_3D('',#3222,#3223,#3224);
#3222 = CARTESIAN_POINT('',(35.295517,-66.976848,1.51));
#3223 = DIRECTION('',(-0.,0.,-1.));
#3224 = DIRECTION('',(-7.479397218527E-15,-1.,0.));
#3225 = FACE_BOUND('',#3226,.T.);
#3226 = EDGE_LOOP('',(#3227));
#3227 = ORIENTED_EDGE('',*,*,#3228,.T.);
#3228 = EDGE_CURVE('',#3229,#3229,#3231,.T.);
#3229 = VERTEX_POINT('',#3230);
#3230 = CARTESIAN_POINT('',(44.464164,-74.293171,1.51));
#3231 = CIRCLE('',#3232,1.5);
#3232 = AXIS2_PLACEMENT_3D('',#3233,#3234,#3235);
#3233 = CARTESIAN_POINT('',(44.464164,-72.793171,1.51));
#3234 = DIRECTION('',(-0.,0.,-1.));
#3235 = DIRECTION('',(-0.,-1.,0.));
#3236 = FACE_BOUND('',#3237,.T.);
#3237 = EDGE_LOOP('',(#3238));
#3238 = ORIENTED_EDGE('',*,*,#3239,.T.);
#3239 = EDGE_CURVE('',#3240,#3240,#3242,.T.);
#3240 = VERTEX_POINT('',#3241);
#3241 = CARTESIAN_POINT('',(51.182152,-73.011475,1.51));
#3242 = CIRCLE('',#3243,1.5);
#3243 = AXIS2_PLACEMENT_3D('',#3244,#3245,#3246);
#3244 = CARTESIAN_POINT('',(51.182152,-71.511475,1.51));
#3245 = DIRECTION('',(-0.,0.,-1.));
#3246 = DIRECTION('',(-0.,-1.,0.));
#3247 = FACE_BOUND('',#3248,.T.);
#3248 = EDGE_LOOP('',(#3249));
#3249 = ORIENTED_EDGE('',*,*,#3250,.T.);
#3250 = EDGE_CURVE('',#3251,#3251,#3253,.T.);
#3251 = VERTEX_POINT('',#3252);
#3252 = CARTESIAN_POINT('',(25.322185,-65.988228,1.51));
#3253 = CIRCLE('',#3254,0.95);
#3254 = AXIS2_PLACEMENT_3D('',#3255,#3256,#3257);
#3255 = CARTESIAN_POINT('',(25.322185,-65.038228,1.51));
#3256 = DIRECTION('',(-0.,0.,-1.));
#3257 = DIRECTION('',(-0.,-1.,0.));
#3258 = FACE_BOUND('',#3259,.T.);
#3259 = EDGE_LOOP('',(#3260));
#3260 = ORIENTED_EDGE('',*,*,#3261,.T.);
#3261 = EDGE_CURVE('',#3262,#3262,#3264,.T.);
#3262 = VERTEX_POINT('',#3263);
#3263 = CARTESIAN_POINT('',(30.308851,-68.057538,1.51));
#3264 = CIRCLE('',#3265,2.05);
#3265 = AXIS2_PLACEMENT_3D('',#3266,#3267,#3268);
#3266 = CARTESIAN_POINT('',(30.308851,-66.007538,1.51));
#3267 = DIRECTION('',(-0.,0.,-1.));
#3268 = DIRECTION('',(-0.,-1.,0.));
#3269 = FACE_BOUND('',#3270,.T.);
#3270 = EDGE_LOOP('',(#3271));
#3271 = ORIENTED_EDGE('',*,*,#3272,.T.);
#3272 = EDGE_CURVE('',#3273,#3273,#3275,.T.);
#3273 = VERTEX_POINT('',#3274);
#3274 = CARTESIAN_POINT('',(27.053506,-64.287223,1.51));
#3275 = CIRCLE('',#3276,1.5);
#3276 = AXIS2_PLACEMENT_3D('',#3277,#3278,#3279);
#3277 = CARTESIAN_POINT('',(27.053506,-62.787223,1.51));
#3278 = DIRECTION('',(-0.,0.,-1.));
#3279 = DIRECTION('',(-0.,-1.,0.));
#3280 = FACE_BOUND('',#3281,.T.);
#3281 = EDGE_LOOP('',(#3282));
#3282 = ORIENTED_EDGE('',*,*,#3283,.T.);
#3283 = EDGE_CURVE('',#3284,#3284,#3286,.T.);
#3284 = VERTEX_POINT('',#3285);
#3285 = CARTESIAN_POINT('',(33.771494,-63.005527,1.51));
#3286 = CIRCLE('',#3287,1.5);
#3287 = AXIS2_PLACEMENT_3D('',#3288,#3289,#3290);
#3288 = CARTESIAN_POINT('',(33.771494,-61.505527,1.51));
#3289 = DIRECTION('',(-0.,0.,-1.));
#3290 = DIRECTION('',(-0.,-1.,0.));
#3291 = FACE_BOUND('',#3292,.T.);
#3292 = EDGE_LOOP('',(#3293));
#3293 = ORIENTED_EDGE('',*,*,#3294,.T.);
#3294 = EDGE_CURVE('',#3295,#3295,#3297,.T.);
#3295 = VERTEX_POINT('',#3296);
#3296 = CARTESIAN_POINT('',(62.585856,-73.435295,1.51));
#3297 = CIRCLE('',#3298,0.95);
#3298 = AXIS2_PLACEMENT_3D('',#3299,#3300,#3301);
#3299 = CARTESIAN_POINT('',(62.585856,-72.485295,1.51));
#3300 = DIRECTION('',(-0.,0.,-1.));
#3301 = DIRECTION('',(-0.,-1.,0.));
#3302 = FACE_BOUND('',#3303,.T.);
#3303 = EDGE_LOOP('',(#3304));
#3304 = ORIENTED_EDGE('',*,*,#3305,.T.);
#3305 = EDGE_CURVE('',#3306,#3306,#3308,.T.);
#3306 = VERTEX_POINT('',#3307);
#3307 = CARTESIAN_POINT('',(64.317177,-71.73429,1.51));
#3308 = CIRCLE('',#3309,1.5);
#3309 = AXIS2_PLACEMENT_3D('',#3310,#3311,#3312);
#3310 = CARTESIAN_POINT('',(64.317177,-70.23429,1.51));
#3311 = DIRECTION('',(-0.,0.,-1.));
#3312 = DIRECTION('',(-0.,-1.,0.));
#3313 = FACE_BOUND('',#3314,.T.);
#3314 = EDGE_LOOP('',(#3315));
#3315 = ORIENTED_EDGE('',*,*,#3316,.T.);
#3316 = EDGE_CURVE('',#3317,#3317,#3319,.T.);
#3317 = VERTEX_POINT('',#3318);
#3318 = CARTESIAN_POINT('',(71.035165,-70.452594,1.51));
#3319 = CIRCLE('',#3320,1.5);
#3320 = AXIS2_PLACEMENT_3D('',#3321,#3322,#3323);
#3321 = CARTESIAN_POINT('',(71.035165,-68.952594,1.51));
#3322 = DIRECTION('',(-0.,0.,-1.));
#3323 = DIRECTION('',(-0.,-1.,0.));
#3324 = FACE_BOUND('',#3325,.T.);
#3325 = EDGE_LOOP('',(#3326));
#3326 = ORIENTED_EDGE('',*,*,#3327,.T.);
#3327 = EDGE_CURVE('',#3328,#3328,#3330,.T.);
#3328 = VERTEX_POINT('',#3329);
#3329 = CARTESIAN_POINT('',(83.469238,-65.575628,1.51));
#3330 = CIRCLE('',#3331,0.95);
#3331 = AXIS2_PLACEMENT_3D('',#3332,#3333,#3334);
#3332 = CARTESIAN_POINT('',(83.469238,-64.625628,1.51));
#3333 = DIRECTION('',(-0.,0.,-1.));
#3334 = DIRECTION('',(-0.,-1.,0.));
#3335 = FACE_BOUND('',#3336,.T.);
#3336 = EDGE_LOOP('',(#3337));
#3337 = ORIENTED_EDGE('',*,*,#3338,.T.);
#3338 = EDGE_CURVE('',#3339,#3339,#3341,.T.);
#3339 = VERTEX_POINT('',#3340);
#3340 = CARTESIAN_POINT('',(51.34488,-59.412569,1.51));
#3341 = CIRCLE('',#3342,2.05);
#3342 = AXIS2_PLACEMENT_3D('',#3343,#3344,#3345);
#3343 = CARTESIAN_POINT('',(51.34488,-57.362569,1.51));
#3344 = DIRECTION('',(-0.,0.,-1.));
#3345 = DIRECTION('',(-0.,-1.,0.));
#3346 = FACE_BOUND('',#3347,.T.);
#3347 = EDGE_LOOP('',(#3348));
#3348 = ORIENTED_EDGE('',*,*,#3349,.T.);
#3349 = EDGE_CURVE('',#3350,#3350,#3352,.T.);
#3350 = VERTEX_POINT('',#3351);
#3351 = CARTESIAN_POINT('',(46.358214,-57.343259,1.51));
#3352 = CIRCLE('',#3353,0.95);
#3353 = AXIS2_PLACEMENT_3D('',#3354,#3355,#3356);
#3354 = CARTESIAN_POINT('',(46.358214,-56.393259,1.51));
#3355 = DIRECTION('',(-0.,0.,-1.));
#3356 = DIRECTION('',(-7.479397218527E-15,-1.,0.));
#3357 = FACE_BOUND('',#3358,.T.);
#3358 = EDGE_LOOP('',(#3359));
#3359 = ORIENTED_EDGE('',*,*,#3360,.T.);
#3360 = EDGE_CURVE('',#3361,#3361,#3363,.T.);
#3361 = VERTEX_POINT('',#3362);
#3362 = CARTESIAN_POINT('',(48.089535,-55.642254,1.51));
#3363 = CIRCLE('',#3364,1.5);
#3364 = AXIS2_PLACEMENT_3D('',#3365,#3366,#3367);
#3365 = CARTESIAN_POINT('',(48.089535,-54.142254,1.51));
#3366 = DIRECTION('',(-0.,0.,-1.));
#3367 = DIRECTION('',(-0.,-1.,0.));
#3368 = FACE_BOUND('',#3369,.T.);
#3369 = EDGE_LOOP('',(#3370));
#3370 = ORIENTED_EDGE('',*,*,#3371,.T.);
#3371 = EDGE_CURVE('',#3372,#3372,#3374,.T.);
#3372 = VERTEX_POINT('',#3373);
#3373 = CARTESIAN_POINT('',(56.331546,-59.281879,1.51));
#3374 = CIRCLE('',#3375,0.95);
#3375 = AXIS2_PLACEMENT_3D('',#3376,#3377,#3378);
#3376 = CARTESIAN_POINT('',(56.331546,-58.331879,1.51));
#3377 = DIRECTION('',(-0.,0.,-1.));
#3378 = DIRECTION('',(-0.,-1.,0.));
#3379 = FACE_BOUND('',#3380,.T.);
#3380 = EDGE_LOOP('',(#3381));
#3381 = ORIENTED_EDGE('',*,*,#3382,.T.);
#3382 = EDGE_CURVE('',#3383,#3383,#3385,.T.);
#3383 = VERTEX_POINT('',#3384);
#3384 = CARTESIAN_POINT('',(76.184559,-56.722999,1.51));
#3385 = CIRCLE('',#3386,0.95);
#3386 = AXIS2_PLACEMENT_3D('',#3387,#3388,#3389);
#3387 = CARTESIAN_POINT('',(76.184559,-55.772999,1.51));
#3388 = DIRECTION('',(-0.,0.,-1.));
#3389 = DIRECTION('',(-1.495879443705E-14,-1.,0.));
#3390 = FACE_BOUND('',#3391,.T.);
#3391 = EDGE_LOOP('',(#3392));
#3392 = ORIENTED_EDGE('',*,*,#3393,.T.);
#3393 = EDGE_CURVE('',#3394,#3394,#3396,.T.);
#3394 = VERTEX_POINT('',#3395);
#3395 = CARTESIAN_POINT('',(71.197893,-56.853689,1.51));
#3396 = CIRCLE('',#3397,2.05);
#3397 = AXIS2_PLACEMENT_3D('',#3398,#3399,#3400);
#3398 = CARTESIAN_POINT('',(71.197893,-54.803689,1.51));
#3399 = DIRECTION('',(-0.,0.,-1.));
#3400 = DIRECTION('',(-0.,-1.,0.));
#3401 = FACE_BOUND('',#3402,.T.);
#3402 = EDGE_LOOP('',(#3403));
#3403 = ORIENTED_EDGE('',*,*,#3404,.T.);
#3404 = EDGE_CURVE('',#3405,#3405,#3407,.T.);
#3405 = VERTEX_POINT('',#3406);
#3406 = CARTESIAN_POINT('',(54.807523,-54.360558,1.51));
#3407 = CIRCLE('',#3408,1.5);
#3408 = AXIS2_PLACEMENT_3D('',#3409,#3410,#3411);
#3409 = CARTESIAN_POINT('',(54.807523,-52.860558,1.51));
#3410 = DIRECTION('',(-0.,0.,-1.));
#3411 = DIRECTION('',(-0.,-1.,0.));
#3412 = FACE_BOUND('',#3413,.T.);
#3413 = EDGE_LOOP('',(#3414));
#3414 = ORIENTED_EDGE('',*,*,#3415,.T.);
#3415 = EDGE_CURVE('',#3416,#3416,#3418,.T.);
#3416 = VERTEX_POINT('',#3417);
#3417 = CARTESIAN_POINT('',(66.211227,-54.784379,1.51));
#3418 = CIRCLE('',#3419,0.95);
#3419 = AXIS2_PLACEMENT_3D('',#3420,#3421,#3422);
#3420 = CARTESIAN_POINT('',(66.211227,-53.834379,1.51));
#3421 = DIRECTION('',(-0.,0.,-1.));
#3422 = DIRECTION('',(-1.495879443705E-14,-1.,0.));
#3423 = FACE_BOUND('',#3424,.T.);
#3424 = EDGE_LOOP('',(#3425));
#3425 = ORIENTED_EDGE('',*,*,#3426,.T.);
#3426 = EDGE_CURVE('',#3427,#3427,#3429,.T.);
#3427 = VERTEX_POINT('',#3428);
#3428 = CARTESIAN_POINT('',(67.942548,-53.083374,1.51));
#3429 = CIRCLE('',#3430,1.5);
#3430 = AXIS2_PLACEMENT_3D('',#3431,#3432,#3433);
#3431 = CARTESIAN_POINT('',(67.942548,-51.583374,1.51));
#3432 = DIRECTION('',(-0.,0.,-1.));
#3433 = DIRECTION('',(-0.,-1.,0.));
#3434 = FACE_BOUND('',#3435,.T.);
#3435 = EDGE_LOOP('',(#3436));
#3436 = ORIENTED_EDGE('',*,*,#3437,.T.);
#3437 = EDGE_CURVE('',#3438,#3438,#3440,.T.);
#3438 = VERTEX_POINT('',#3439);
#3439 = CARTESIAN_POINT('',(74.660536,-51.801678,1.51));
#3440 = CIRCLE('',#3441,1.5);
#3441 = AXIS2_PLACEMENT_3D('',#3442,#3443,#3444);
#3442 = CARTESIAN_POINT('',(74.660536,-50.301678,1.51));
#3443 = DIRECTION('',(-0.,0.,-1.));
#3444 = DIRECTION('',(-0.,-1.,0.));
#3445 = FACE_BOUND('',#3446,.T.);
#3446 = EDGE_LOOP('',(#3447));
#3447 = ORIENTED_EDGE('',*,*,#3448,.T.);
#3448 = EDGE_CURVE('',#3449,#3449,#3451,.T.);
#3449 = VERTEX_POINT('',#3450);
#3450 = CARTESIAN_POINT('',(102.515812,-74.371384,1.51));
#3451 = CIRCLE('',#3452,1.5);
#3452 = AXIS2_PLACEMENT_3D('',#3453,#3454,#3455);
#3453 = CARTESIAN_POINT('',(102.515812,-72.871384,1.51));
#3454 = DIRECTION('',(-0.,0.,-1.));
#3455 = DIRECTION('',(-0.,-1.,0.));
#3456 = FACE_BOUND('',#3457,.T.);
#3457 = EDGE_LOOP('',(#3458));
#3458 = ORIENTED_EDGE('',*,*,#3459,.T.);
#3459 = EDGE_CURVE('',#3460,#3460,#3462,.T.);
#3460 = VERTEX_POINT('',#3461);
#3461 = CARTESIAN_POINT('',(109.2338,-73.089688,1.51));
#3462 = CIRCLE('',#3463,1.5);
#3463 = AXIS2_PLACEMENT_3D('',#3464,#3465,#3466);
#3464 = CARTESIAN_POINT('',(109.2338,-71.589688,1.51));
#3465 = DIRECTION('',(-0.,0.,-1.));
#3466 = DIRECTION('',(-0.,-1.,0.));
#3467 = FACE_BOUND('',#3468,.T.);
#3468 = EDGE_LOOP('',(#3469));
#3469 = ORIENTED_EDGE('',*,*,#3470,.T.);
#3470 = EDGE_CURVE('',#3471,#3471,#3473,.T.);
#3471 = VERTEX_POINT('',#3472);
#3472 = CARTESIAN_POINT('',(88.455904,-67.644938,1.51));
#3473 = CIRCLE('',#3474,2.05);
#3474 = AXIS2_PLACEMENT_3D('',#3475,#3476,#3477);
#3475 = CARTESIAN_POINT('',(88.455904,-65.594938,1.51));
#3476 = DIRECTION('',(-0.,0.,-1.));
#3477 = DIRECTION('',(-0.,-1.,0.));
#3478 = FACE_BOUND('',#3479,.T.);
#3479 = EDGE_LOOP('',(#3480));
#3480 = ORIENTED_EDGE('',*,*,#3481,.T.);
#3481 = EDGE_CURVE('',#3482,#3482,#3484,.T.);
#3482 = VERTEX_POINT('',#3483);
#3483 = CARTESIAN_POINT('',(93.44257,-67.514248,1.51));
#3484 = CIRCLE('',#3485,0.95);
#3485 = AXIS2_PLACEMENT_3D('',#3486,#3487,#3488);
#3486 = CARTESIAN_POINT('',(93.44257,-66.564248,1.51));
#3487 = DIRECTION('',(-0.,0.,-1.));
#3488 = DIRECTION('',(-0.,-1.,0.));
#3489 = FACE_BOUND('',#3490,.T.);
#3490 = EDGE_LOOP('',(#3491));
#3491 = ORIENTED_EDGE('',*,*,#3492,.T.);
#3492 = EDGE_CURVE('',#3493,#3493,#3495,.T.);
#3493 = VERTEX_POINT('',#3494);
#3494 = CARTESIAN_POINT('',(85.200559,-63.874623,1.51));
#3495 = CIRCLE('',#3496,1.5);
#3496 = AXIS2_PLACEMENT_3D('',#3497,#3498,#3499);
#3497 = CARTESIAN_POINT('',(85.200559,-62.374623,1.51));
#3498 = DIRECTION('',(-0.,0.,-1.));
#3499 = DIRECTION('',(-0.,-1.,0.));
#3500 = FACE_BOUND('',#3501,.T.);
#3501 = EDGE_LOOP('',(#3502));
#3502 = ORIENTED_EDGE('',*,*,#3503,.T.);
#3503 = EDGE_CURVE('',#3504,#3504,#3506,.T.);
#3504 = VERTEX_POINT('',#3505);
#3505 = CARTESIAN_POINT('',(91.918547,-62.592927,1.51));
#3506 = CIRCLE('',#3507,1.5);
#3507 = AXIS2_PLACEMENT_3D('',#3508,#3509,#3510);
#3508 = CARTESIAN_POINT('',(91.918547,-61.092927,1.51));
#3509 = DIRECTION('',(-0.,0.,-1.));
#3510 = DIRECTION('',(-0.,-1.,0.));
#3511 = FACE_BOUND('',#3512,.T.);
#3512 = EDGE_LOOP('',(#3513));
#3513 = ORIENTED_EDGE('',*,*,#3514,.T.);
#3514 = EDGE_CURVE('',#3515,#3515,#3517,.T.);
#3515 = VERTEX_POINT('',#3516);
#3516 = CARTESIAN_POINT('',(156.391157,-97.747799,1.51));
#3517 = CIRCLE('',#3518,0.5461);
#3518 = AXIS2_PLACEMENT_3D('',#3519,#3520,#3521);
#3519 = CARTESIAN_POINT('',(156.391157,-97.201699,1.51));
#3520 = DIRECTION('',(-0.,0.,-1.));
#3521 = DIRECTION('',(-0.,-1.,0.));
#3522 = FACE_BOUND('',#3523,.T.);
#3523 = EDGE_LOOP('',(#3524));
#3524 = ORIENTED_EDGE('',*,*,#3525,.T.);
#3525 = EDGE_CURVE('',#3526,#3526,#3528,.T.);
#3526 = VERTEX_POINT('',#3527);
#3527 = CARTESIAN_POINT('',(156.391157,-95.207799,1.51));
#3528 = CIRCLE('',#3529,0.5461);
#3529 = AXIS2_PLACEMENT_3D('',#3530,#3531,#3532);
#3530 = CARTESIAN_POINT('',(156.391157,-94.661699,1.51));
#3531 = DIRECTION('',(-0.,0.,-1.));
#3532 = DIRECTION('',(-0.,-1.,0.));
#3533 = FACE_BOUND('',#3534,.T.);
#3534 = EDGE_LOOP('',(#3535));
#3535 = ORIENTED_EDGE('',*,*,#3536,.T.);
#3536 = EDGE_CURVE('',#3537,#3537,#3539,.T.);
#3537 = VERTEX_POINT('',#3538);
#3538 = CARTESIAN_POINT('',(156.391157,-92.667799,1.51));
#3539 = CIRCLE('',#3540,0.5461);
#3540 = AXIS2_PLACEMENT_3D('',#3541,#3542,#3543);
#3541 = CARTESIAN_POINT('',(156.391157,-92.121699,1.51));
#3542 = DIRECTION('',(-0.,0.,-1.));
#3543 = DIRECTION('',(-0.,-1.,0.));
#3544 = FACE_BOUND('',#3545,.T.);
#3545 = EDGE_LOOP('',(#3546));
#3546 = ORIENTED_EDGE('',*,*,#3547,.T.);
#3547 = EDGE_CURVE('',#3548,#3548,#3550,.T.);
#3548 = VERTEX_POINT('',#3549);
#3549 = CARTESIAN_POINT('',(190.409862,-96.661926,1.51));
#3550 = CIRCLE('',#3551,0.95);
#3551 = AXIS2_PLACEMENT_3D('',#3552,#3553,#3554);
#3552 = CARTESIAN_POINT('',(190.409862,-95.711926,1.51));
#3553 = DIRECTION('',(-0.,0.,-1.));
#3554 = DIRECTION('',(2.991758887411E-14,-1.,-0.));
#3555 = FACE_BOUND('',#3556,.T.);
#3556 = EDGE_LOOP('',(#3557));
#3557 = ORIENTED_EDGE('',*,*,#3558,.T.);
#3558 = EDGE_CURVE('',#3559,#3559,#3561,.T.);
#3559 = VERTEX_POINT('',#3560);
#3560 = CARTESIAN_POINT('',(195.396528,-96.792616,1.51));
#3561 = CIRCLE('',#3562,2.05);
#3562 = AXIS2_PLACEMENT_3D('',#3563,#3564,#3565);
#3563 = CARTESIAN_POINT('',(195.396528,-94.742616,1.51));
#3564 = DIRECTION('',(-0.,0.,-1.));
#3565 = DIRECTION('',(-0.,-1.,0.));
#3566 = FACE_BOUND('',#3567,.T.);
#3567 = EDGE_LOOP('',(#3568));
#3568 = ORIENTED_EDGE('',*,*,#3569,.T.);
#3569 = EDGE_CURVE('',#3570,#3570,#3572,.T.);
#3570 = VERTEX_POINT('',#3571);
#3571 = CARTESIAN_POINT('',(191.171874,-94.476265,1.51));
#3572 = CIRCLE('',#3573,1.5);
#3573 = AXIS2_PLACEMENT_3D('',#3574,#3575,#3576);
#3574 = CARTESIAN_POINT('',(191.171874,-92.976265,1.51));
#3575 = DIRECTION('',(-0.,0.,-1.));
#3576 = DIRECTION('',(-0.,-1.,0.));
#3577 = FACE_BOUND('',#3578,.T.);
#3578 = EDGE_LOOP('',(#3579));
#3579 = ORIENTED_EDGE('',*,*,#3580,.T.);
#3580 = EDGE_CURVE('',#3581,#3581,#3583,.T.);
#3581 = VERTEX_POINT('',#3582);
#3582 = CARTESIAN_POINT('',(200.383194,-94.723306,1.51));
#3583 = CIRCLE('',#3584,0.95);
#3584 = AXIS2_PLACEMENT_3D('',#3585,#3586,#3587);
#3585 = CARTESIAN_POINT('',(200.383194,-93.773306,1.51));
#3586 = DIRECTION('',(-0.,0.,-1.));
#3587 = DIRECTION('',(-0.,-1.,0.));
#3588 = FACE_BOUND('',#3589,.T.);
#3589 = EDGE_LOOP('',(#3590));
#3590 = ORIENTED_EDGE('',*,*,#3591,.T.);
#3591 = EDGE_CURVE('',#3592,#3592,#3594,.T.);
#3592 = VERTEX_POINT('',#3593);
#3593 = CARTESIAN_POINT('',(196.920551,-90.771295,1.51));
#3594 = CIRCLE('',#3595,1.5);
#3595 = AXIS2_PLACEMENT_3D('',#3596,#3597,#3598);
#3596 = CARTESIAN_POINT('',(196.920551,-89.271295,1.51));
#3597 = DIRECTION('',(-0.,0.,-1.));
#3598 = DIRECTION('',(-0.,-1.,0.));
#3599 = FACE_BOUND('',#3600,.T.);
#3600 = EDGE_LOOP('',(#3601));
#3601 = ORIENTED_EDGE('',*,*,#3602,.T.);
#3602 = EDGE_CURVE('',#3603,#3603,#3605,.T.);
#3603 = VERTEX_POINT('',#3604);
#3604 = CARTESIAN_POINT('',(207.725116,-86.165165,1.51));
#3605 = CIRCLE('',#3606,0.95);
#3606 = AXIS2_PLACEMENT_3D('',#3607,#3608,#3609);
#3607 = CARTESIAN_POINT('',(207.725116,-85.215165,1.51));
#3608 = DIRECTION('',(-0.,0.,-1.));
#3609 = DIRECTION('',(-0.,-1.,0.));
#3610 = FACE_BOUND('',#3611,.T.);
#3611 = EDGE_LOOP('',(#3612));
#3612 = ORIENTED_EDGE('',*,*,#3613,.T.);
#3613 = EDGE_CURVE('',#3614,#3614,#3616,.T.);
#3614 = VERTEX_POINT('',#3615);
#3615 = CARTESIAN_POINT('',(212.711782,-86.295855,1.51));
#3616 = CIRCLE('',#3617,2.05);
#3617 = AXIS2_PLACEMENT_3D('',#3618,#3619,#3620);
#3618 = CARTESIAN_POINT('',(212.711782,-84.245855,1.51));
#3619 = DIRECTION('',(-0.,0.,-1.));
#3620 = DIRECTION('',(-0.,-1.,0.));
#3621 = FACE_BOUND('',#3622,.T.);
#3622 = EDGE_LOOP('',(#3623));
#3623 = ORIENTED_EDGE('',*,*,#3624,.T.);
#3624 = EDGE_CURVE('',#3625,#3625,#3627,.T.);
#3625 = VERTEX_POINT('',#3626);
#3626 = CARTESIAN_POINT('',(208.487128,-83.979504,1.51));
#3627 = CIRCLE('',#3628,1.5);
#3628 = AXIS2_PLACEMENT_3D('',#3629,#3630,#3631);
#3629 = CARTESIAN_POINT('',(208.487128,-82.479504,1.51));
#3630 = DIRECTION('',(-0.,0.,-1.));
#3631 = DIRECTION('',(-0.,-1.,0.));
#3632 = FACE_BOUND('',#3633,.T.);
#3633 = EDGE_LOOP('',(#3634));
#3634 = ORIENTED_EDGE('',*,*,#3635,.T.);
#3635 = EDGE_CURVE('',#3636,#3636,#3638,.T.);
#3636 = VERTEX_POINT('',#3637);
#3637 = CARTESIAN_POINT('',(186.784491,-78.011009,1.51));
#3638 = CIRCLE('',#3639,0.95);
#3639 = AXIS2_PLACEMENT_3D('',#3640,#3641,#3642);
#3640 = CARTESIAN_POINT('',(186.784491,-77.061009,1.51));
#3641 = DIRECTION('',(-0.,0.,-1.));
#3642 = DIRECTION('',(-0.,-1.,0.));
#3643 = FACE_BOUND('',#3644,.T.);
#3644 = EDGE_LOOP('',(#3645));
#3645 = ORIENTED_EDGE('',*,*,#3646,.T.);
#3646 = EDGE_CURVE('',#3647,#3647,#3649,.T.);
#3647 = VERTEX_POINT('',#3648);
#3648 = CARTESIAN_POINT('',(187.546503,-75.825348,1.51));
#3649 = CIRCLE('',#3650,1.5);
#3650 = AXIS2_PLACEMENT_3D('',#3651,#3652,#3653);
#3651 = CARTESIAN_POINT('',(187.546503,-74.325348,1.51));
#3652 = DIRECTION('',(-0.,0.,-1.));
#3653 = DIRECTION('',(-0.,-1.,0.));
#3654 = FACE_BOUND('',#3655,.T.);
#3655 = EDGE_LOOP('',(#3656));
#3656 = ORIENTED_EDGE('',*,*,#3657,.T.);
#3657 = EDGE_CURVE('',#3658,#3658,#3660,.T.);
#3658 = VERTEX_POINT('',#3659);
#3659 = CARTESIAN_POINT('',(191.771157,-78.141699,1.51));
#3660 = CIRCLE('',#3661,2.05);
#3661 = AXIS2_PLACEMENT_3D('',#3662,#3663,#3664);
#3662 = CARTESIAN_POINT('',(191.771157,-76.091699,1.51));
#3663 = DIRECTION('',(-0.,0.,-1.));
#3664 = DIRECTION('',(-1.386424850264E-14,-1.,0.));
#3665 = FACE_BOUND('',#3666,.T.);
#3666 = EDGE_LOOP('',(#3667));
#3667 = ORIENTED_EDGE('',*,*,#3668,.T.);
#3668 = EDGE_CURVE('',#3669,#3669,#3671,.T.);
#3669 = VERTEX_POINT('',#3670);
#3670 = CARTESIAN_POINT('',(196.757823,-76.072389,1.51));
#3671 = CIRCLE('',#3672,0.95);
#3672 = AXIS2_PLACEMENT_3D('',#3673,#3674,#3675);
#3673 = CARTESIAN_POINT('',(196.757823,-75.122389,1.51));
#3674 = DIRECTION('',(-0.,0.,-1.));
#3675 = DIRECTION('',(-0.,-1.,0.));
#3676 = FACE_BOUND('',#3677,.T.);
#3677 = EDGE_LOOP('',(#3678));
#3678 = ORIENTED_EDGE('',*,*,#3679,.T.);
#3679 = EDGE_CURVE('',#3680,#3680,#3682,.T.);
#3680 = VERTEX_POINT('',#3681);
#3681 = CARTESIAN_POINT('',(217.861176,-98.92545,1.51));
#3682 = CIRCLE('',#3683,1.5);
#3683 = AXIS2_PLACEMENT_3D('',#3684,#3685,#3686);
#3684 = CARTESIAN_POINT('',(217.861176,-97.42545,1.51));
#3685 = DIRECTION('',(-0.,0.,-1.));
#3686 = DIRECTION('',(-0.,-1.,0.));
#3687 = FACE_BOUND('',#3688,.T.);
#3688 = EDGE_LOOP('',(#3689));
#3689 = ORIENTED_EDGE('',*,*,#3690,.T.);
#3690 = EDGE_CURVE('',#3691,#3691,#3693,.T.);
#3691 = VERTEX_POINT('',#3692);
#3692 = CARTESIAN_POINT('',(228.608497,-94.024832,1.51));
#3693 = CIRCLE('',#3694,0.95);
#3694 = AXIS2_PLACEMENT_3D('',#3695,#3696,#3697);
#3695 = CARTESIAN_POINT('',(228.608497,-93.074832,1.51));
#3696 = DIRECTION('',(-0.,0.,-1.));
#3697 = DIRECTION('',(-0.,-1.,0.));
#3698 = FACE_BOUND('',#3699,.T.);
#3699 = EDGE_LOOP('',(#3700));
#3700 = ORIENTED_EDGE('',*,*,#3701,.T.);
#3701 = EDGE_CURVE('',#3702,#3702,#3704,.T.);
#3702 = VERTEX_POINT('',#3703);
#3703 = CARTESIAN_POINT('',(233.595163,-94.155522,1.51));
#3704 = CIRCLE('',#3705,2.05);
#3705 = AXIS2_PLACEMENT_3D('',#3706,#3707,#3708);
#3706 = CARTESIAN_POINT('',(233.595163,-92.105522,1.51));
#3707 = DIRECTION('',(-0.,0.,-1.));
#3708 = DIRECTION('',(-0.,-1.,0.));
#3709 = FACE_BOUND('',#3710,.T.);
#3710 = EDGE_LOOP('',(#3711));
#3711 = ORIENTED_EDGE('',*,*,#3712,.T.);
#3712 = EDGE_CURVE('',#3713,#3713,#3715,.T.);
#3713 = VERTEX_POINT('',#3714);
#3714 = CARTESIAN_POINT('',(229.370509,-91.839171,1.51));
#3715 = CIRCLE('',#3716,1.5);
#3716 = AXIS2_PLACEMENT_3D('',#3717,#3718,#3719);
#3717 = CARTESIAN_POINT('',(229.370509,-90.339171,1.51));
#3718 = DIRECTION('',(-0.,0.,-1.));
#3719 = DIRECTION('',(-0.,-1.,0.));
#3720 = FACE_BOUND('',#3721,.T.);
#3721 = EDGE_LOOP('',(#3722));
#3722 = ORIENTED_EDGE('',*,*,#3723,.T.);
#3723 = EDGE_CURVE('',#3724,#3724,#3726,.T.);
#3724 = VERTEX_POINT('',#3725);
#3725 = CARTESIAN_POINT('',(238.581829,-92.086212,1.51));
#3726 = CIRCLE('',#3727,0.95);
#3727 = AXIS2_PLACEMENT_3D('',#3728,#3729,#3730);
#3728 = CARTESIAN_POINT('',(238.581829,-91.136212,1.51));
#3729 = DIRECTION('',(-0.,0.,-1.));
#3730 = DIRECTION('',(-0.,-1.,0.));
#3731 = FACE_BOUND('',#3732,.T.);
#3732 = EDGE_LOOP('',(#3733));
#3733 = ORIENTED_EDGE('',*,*,#3734,.T.);
#3734 = EDGE_CURVE('',#3735,#3735,#3737,.T.);
#3735 = VERTEX_POINT('',#3736);
#3736 = CARTESIAN_POINT('',(235.119186,-88.134201,1.51));
#3737 = CIRCLE('',#3738,1.5);
#3738 = AXIS2_PLACEMENT_3D('',#3739,#3740,#3741);
#3739 = CARTESIAN_POINT('',(235.119186,-86.634201,1.51));
#3740 = DIRECTION('',(-0.,0.,-1.));
#3741 = DIRECTION('',(-0.,-1.,0.));
#3742 = FACE_BOUND('',#3743,.T.);
#3743 = EDGE_LOOP('',(#3744));
#3744 = ORIENTED_EDGE('',*,*,#3745,.T.);
#3745 = EDGE_CURVE('',#3746,#3746,#3748,.T.);
#3746 = VERTEX_POINT('',#3747);
#3747 = CARTESIAN_POINT('',(248.461511,-96.583712,1.51));
#3748 = CIRCLE('',#3749,0.95);
#3749 = AXIS2_PLACEMENT_3D('',#3750,#3751,#3752);
#3750 = CARTESIAN_POINT('',(248.461511,-95.633712,1.51));
#3751 = DIRECTION('',(-0.,0.,-1.));
#3752 = DIRECTION('',(-0.,-1.,0.));
#3753 = FACE_BOUND('',#3754,.T.);
#3754 = EDGE_LOOP('',(#3755));
#3755 = ORIENTED_EDGE('',*,*,#3756,.T.);
#3756 = EDGE_CURVE('',#3757,#3757,#3759,.T.);
#3757 = VERTEX_POINT('',#3758);
#3758 = CARTESIAN_POINT('',(249.223523,-94.398051,1.51));
#3759 = CIRCLE('',#3760,1.5);
#3760 = AXIS2_PLACEMENT_3D('',#3761,#3762,#3763);
#3761 = CARTESIAN_POINT('',(249.223523,-92.898051,1.51));
#3762 = DIRECTION('',(-0.,0.,-1.));
#3763 = DIRECTION('',(-0.,-1.,0.));
#3764 = FACE_BOUND('',#3765,.T.);
#3765 = EDGE_LOOP('',(#3766));
#3766 = ORIENTED_EDGE('',*,*,#3767,.T.);
#3767 = EDGE_CURVE('',#3768,#3768,#3770,.T.);
#3768 = VERTEX_POINT('',#3769);
#3769 = CARTESIAN_POINT('',(253.448177,-96.714402,1.51));
#3770 = CIRCLE('',#3771,2.05);
#3771 = AXIS2_PLACEMENT_3D('',#3772,#3773,#3774);
#3772 = CARTESIAN_POINT('',(253.448177,-94.664402,1.51));
#3773 = DIRECTION('',(-0.,0.,-1.));
#3774 = DIRECTION('',(-0.,-1.,0.));
#3775 = FACE_BOUND('',#3776,.T.);
#3776 = EDGE_LOOP('',(#3777));
#3777 = ORIENTED_EDGE('',*,*,#3778,.T.);
#3778 = EDGE_CURVE('',#3779,#3779,#3781,.T.);
#3779 = VERTEX_POINT('',#3780);
#3780 = CARTESIAN_POINT('',(258.434843,-94.645092,1.51));
#3781 = CIRCLE('',#3782,0.95);
#3782 = AXIS2_PLACEMENT_3D('',#3783,#3784,#3785);
#3783 = CARTESIAN_POINT('',(258.434843,-93.695092,1.51));
#3784 = DIRECTION('',(-0.,0.,-1.));
#3785 = DIRECTION('',(-0.,-1.,0.));
#3786 = FACE_BOUND('',#3787,.T.);
#3787 = EDGE_LOOP('',(#3788));
#3788 = ORIENTED_EDGE('',*,*,#3789,.T.);
#3789 = EDGE_CURVE('',#3790,#3790,#3792,.T.);
#3790 = VERTEX_POINT('',#3791);
#3791 = CARTESIAN_POINT('',(254.9722,-90.693081,1.51));
#3792 = CIRCLE('',#3793,1.5);
#3793 = AXIS2_PLACEMENT_3D('',#3794,#3795,#3796);
#3794 = CARTESIAN_POINT('',(254.9722,-89.193081,1.51));
#3795 = DIRECTION('',(-0.,0.,-1.));
#3796 = DIRECTION('',(-0.,-1.,0.));
#3797 = FACE_BOUND('',#3798,.T.);
#3798 = EDGE_LOOP('',(#3799));
#3799 = ORIENTED_EDGE('',*,*,#3800,.T.);
#3800 = EDGE_CURVE('',#3801,#3801,#3803,.T.);
#3801 = VERTEX_POINT('',#3802);
#3802 = CARTESIAN_POINT('',(217.698448,-84.226545,1.51));
#3803 = CIRCLE('',#3804,0.95);
#3804 = AXIS2_PLACEMENT_3D('',#3805,#3806,#3807);
#3805 = CARTESIAN_POINT('',(217.698448,-83.276545,1.51));
#3806 = DIRECTION('',(-0.,0.,-1.));
#3807 = DIRECTION('',(2.991758887411E-14,-1.,-0.));
#3808 = FACE_BOUND('',#3809,.T.);
#3809 = EDGE_LOOP('',(#3810));
#3810 = ORIENTED_EDGE('',*,*,#3811,.T.);
#3811 = EDGE_CURVE('',#3812,#3812,#3814,.T.);
#3812 = VERTEX_POINT('',#3813);
#3813 = CARTESIAN_POINT('',(214.235805,-80.274534,1.51));
#3814 = CIRCLE('',#3815,1.5);
#3815 = AXIS2_PLACEMENT_3D('',#3816,#3817,#3818);
#3816 = CARTESIAN_POINT('',(214.235805,-78.774534,1.51));
#3817 = DIRECTION('',(-0.,0.,-1.));
#3818 = DIRECTION('',(-0.,-1.,0.));
#3819 = FACE_BOUND('',#3820,.T.);
#3820 = EDGE_LOOP('',(#3821));
#3821 = ORIENTED_EDGE('',*,*,#3822,.T.);
#3822 = EDGE_CURVE('',#3823,#3823,#3825,.T.);
#3823 = VERTEX_POINT('',#3824);
#3824 = CARTESIAN_POINT('',(224.983126,-75.373915,1.51));
#3825 = CIRCLE('',#3826,0.95);
#3826 = AXIS2_PLACEMENT_3D('',#3827,#3828,#3829);
#3827 = CARTESIAN_POINT('',(224.983126,-74.423915,1.51));
#3828 = DIRECTION('',(-0.,0.,-1.));
#3829 = DIRECTION('',(-0.,-1.,0.));
#3830 = FACE_BOUND('',#3831,.T.);
#3831 = EDGE_LOOP('',(#3832));
#3832 = ORIENTED_EDGE('',*,*,#3833,.T.);
#3833 = EDGE_CURVE('',#3834,#3834,#3836,.T.);
#3834 = VERTEX_POINT('',#3835);
#3835 = CARTESIAN_POINT('',(229.969792,-75.504605,1.51));
#3836 = CIRCLE('',#3837,2.05);
#3837 = AXIS2_PLACEMENT_3D('',#3838,#3839,#3840);
#3838 = CARTESIAN_POINT('',(229.969792,-73.454605,1.51));
#3839 = DIRECTION('',(-0.,0.,-1.));
#3840 = DIRECTION('',(1.386424850264E-14,-1.,-0.));
#3841 = FACE_BOUND('',#3842,.T.);
#3842 = EDGE_LOOP('',(#3843));
#3843 = ORIENTED_EDGE('',*,*,#3844,.T.);
#3844 = EDGE_CURVE('',#3845,#3845,#3847,.T.);
#3845 = VERTEX_POINT('',#3846);
#3846 = CARTESIAN_POINT('',(265.872169,-86.577764,1.51));
#3847 = CIRCLE('',#3848,0.95);
#3848 = AXIS2_PLACEMENT_3D('',#3849,#3850,#3851);
#3849 = CARTESIAN_POINT('',(265.872169,-85.627764,1.51));
#3850 = DIRECTION('',(-0.,0.,-1.));
#3851 = DIRECTION('',(-0.,-1.,0.));
#3852 = FACE_BOUND('',#3853,.T.);
#3853 = EDGE_LOOP('',(#3854));
#3854 = ORIENTED_EDGE('',*,*,#3855,.T.);
#3855 = EDGE_CURVE('',#3856,#3856,#3858,.T.);
#3856 = VERTEX_POINT('',#3857);
#3857 = CARTESIAN_POINT('',(266.634181,-84.392103,1.51));
#3858 = CIRCLE('',#3859,1.5);
#3859 = AXIS2_PLACEMENT_3D('',#3860,#3861,#3862);
#3860 = CARTESIAN_POINT('',(266.634181,-82.892103,1.51));
#3861 = DIRECTION('',(-0.,0.,-1.));
#3862 = DIRECTION('',(-0.,-1.,0.));
#3863 = FACE_BOUND('',#3864,.T.);
#3864 = EDGE_LOOP('',(#3865));
#3865 = ORIENTED_EDGE('',*,*,#3866,.T.);
#3866 = EDGE_CURVE('',#3867,#3867,#3869,.T.);
#3867 = VERTEX_POINT('',#3868);
#3868 = CARTESIAN_POINT('',(270.858835,-86.708454,1.51));
#3869 = CIRCLE('',#3870,2.05);
#3870 = AXIS2_PLACEMENT_3D('',#3871,#3872,#3873);
#3871 = CARTESIAN_POINT('',(270.858835,-84.658454,1.51));
#3872 = DIRECTION('',(-0.,0.,-1.));
#3873 = DIRECTION('',(-0.,-1.,0.));
#3874 = FACE_BOUND('',#3875,.T.);
#3875 = EDGE_LOOP('',(#3876));
#3876 = ORIENTED_EDGE('',*,*,#3877,.T.);
#3877 = EDGE_CURVE('',#3878,#3878,#3880,.T.);
#3878 = VERTEX_POINT('',#3879);
#3879 = CARTESIAN_POINT('',(275.845501,-84.639144,1.51));
#3880 = CIRCLE('',#3881,0.95);
#3881 = AXIS2_PLACEMENT_3D('',#3882,#3883,#3884);
#3882 = CARTESIAN_POINT('',(275.845501,-83.689144,1.51));
#3883 = DIRECTION('',(-0.,0.,-1.));
#3884 = DIRECTION('',(-0.,-1.,0.));
#3885 = FACE_BOUND('',#3886,.T.);
#3886 = EDGE_LOOP('',(#3887));
#3887 = ORIENTED_EDGE('',*,*,#3888,.T.);
#3888 = EDGE_CURVE('',#3889,#3889,#3891,.T.);
#3889 = VERTEX_POINT('',#3890);
#3890 = CARTESIAN_POINT('',(244.83614,-77.932796,1.51));
#3891 = CIRCLE('',#3892,0.95);
#3892 = AXIS2_PLACEMENT_3D('',#3893,#3894,#3895);
#3893 = CARTESIAN_POINT('',(244.83614,-76.982796,1.51));
#3894 = DIRECTION('',(-0.,0.,-1.));
#3895 = DIRECTION('',(-0.,-1.,0.));
#3896 = FACE_BOUND('',#3897,.T.);
#3897 = EDGE_LOOP('',(#3898));
#3898 = ORIENTED_EDGE('',*,*,#3899,.T.);
#3899 = EDGE_CURVE('',#3900,#3900,#3902,.T.);
#3900 = VERTEX_POINT('',#3901);
#3901 = CARTESIAN_POINT('',(249.822806,-78.063486,1.51));
#3902 = CIRCLE('',#3903,2.05);
#3903 = AXIS2_PLACEMENT_3D('',#3904,#3905,#3906);
#3904 = CARTESIAN_POINT('',(249.822806,-76.013486,1.51));
#3905 = DIRECTION('',(-0.,0.,-1.));
#3906 = DIRECTION('',(-0.,-1.,0.));
#3907 = FACE_BOUND('',#3908,.T.);
#3908 = EDGE_LOOP('',(#3909));
#3909 = ORIENTED_EDGE('',*,*,#3910,.T.);
#3910 = EDGE_CURVE('',#3911,#3911,#3913,.T.);
#3911 = VERTEX_POINT('',#3912);
#3912 = CARTESIAN_POINT('',(245.598152,-75.747135,1.51));
#3913 = CIRCLE('',#3914,1.5);
#3914 = AXIS2_PLACEMENT_3D('',#3915,#3916,#3917);
#3915 = CARTESIAN_POINT('',(245.598152,-74.247135,1.51));
#3916 = DIRECTION('',(-0.,0.,-1.));
#3917 = DIRECTION('',(-0.,-1.,0.));
#3918 = FACE_BOUND('',#3919,.T.);
#3919 = EDGE_LOOP('',(#3920));
#3920 = ORIENTED_EDGE('',*,*,#3921,.T.);
#3921 = EDGE_CURVE('',#3922,#3922,#3924,.T.);
#3922 = VERTEX_POINT('',#3923);
#3923 = CARTESIAN_POINT('',(254.809472,-75.994176,1.51));
#3924 = CIRCLE('',#3925,0.95);
#3925 = AXIS2_PLACEMENT_3D('',#3926,#3927,#3928);
#3926 = CARTESIAN_POINT('',(254.809472,-75.044176,1.51));
#3927 = DIRECTION('',(-0.,0.,-1.));
#3928 = DIRECTION('',(-0.,-1.,0.));
#3929 = FACE_BOUND('',#3930,.T.);
#3930 = EDGE_LOOP('',(#3931));
#3931 = ORIENTED_EDGE('',*,*,#3932,.T.);
#3932 = EDGE_CURVE('',#3933,#3933,#3935,.T.);
#3933 = VERTEX_POINT('',#3934);
#3934 = CARTESIAN_POINT('',(272.382858,-80.687133,1.51));
#3935 = CIRCLE('',#3936,1.5);
#3936 = AXIS2_PLACEMENT_3D('',#3937,#3938,#3939);
#3937 = CARTESIAN_POINT('',(272.382858,-79.187133,1.51));
#3938 = DIRECTION('',(-0.,0.,-1.));
#3939 = DIRECTION('',(-0.,-1.,0.));
#3940 = FACE_BOUND('',#3941,.T.);
#3941 = EDGE_LOOP('',(#3942));
#3942 = ORIENTED_EDGE('',*,*,#3943,.T.);
#3943 = EDGE_CURVE('',#3944,#3944,#3946,.T.);
#3944 = VERTEX_POINT('',#3945);
#3945 = CARTESIAN_POINT('',(193.29518,-72.120378,1.51));
#3946 = CIRCLE('',#3947,1.5);
#3947 = AXIS2_PLACEMENT_3D('',#3948,#3949,#3950);
#3948 = CARTESIAN_POINT('',(193.29518,-70.620378,1.51));
#3949 = DIRECTION('',(-0.,0.,-1.));
#3950 = DIRECTION('',(-0.,-1.,0.));
#3951 = FACE_BOUND('',#3952,.T.);
#3952 = EDGE_LOOP('',(#3953));
#3953 = ORIENTED_EDGE('',*,*,#3954,.T.);
#3954 = EDGE_CURVE('',#3955,#3955,#3957,.T.);
#3955 = VERTEX_POINT('',#3956);
#3956 = CARTESIAN_POINT('',(204.099745,-67.514248,1.51));
#3957 = CIRCLE('',#3958,0.95);
#3958 = AXIS2_PLACEMENT_3D('',#3959,#3960,#3961);
#3959 = CARTESIAN_POINT('',(204.099745,-66.564248,1.51));
#3960 = DIRECTION('',(-0.,0.,-1.));
#3961 = DIRECTION('',(2.991758887411E-14,-1.,-0.));
#3962 = FACE_BOUND('',#3963,.T.);
#3963 = EDGE_LOOP('',(#3964));
#3964 = ORIENTED_EDGE('',*,*,#3965,.T.);
#3965 = EDGE_CURVE('',#3966,#3966,#3968,.T.);
#3966 = VERTEX_POINT('',#3967);
#3967 = CARTESIAN_POINT('',(209.086411,-67.644938,1.51));
#3968 = CIRCLE('',#3969,2.05);
#3969 = AXIS2_PLACEMENT_3D('',#3970,#3971,#3972);
#3970 = CARTESIAN_POINT('',(209.086411,-65.594938,1.51));
#3971 = DIRECTION('',(-0.,0.,-1.));
#3972 = DIRECTION('',(-0.,-1.,0.));
#3973 = FACE_BOUND('',#3974,.T.);
#3974 = EDGE_LOOP('',(#3975));
#3975 = ORIENTED_EDGE('',*,*,#3976,.T.);
#3976 = EDGE_CURVE('',#3977,#3977,#3979,.T.);
#3977 = VERTEX_POINT('',#3978);
#3978 = CARTESIAN_POINT('',(204.861757,-65.328587,1.51));
#3979 = CIRCLE('',#3980,1.5);
#3980 = AXIS2_PLACEMENT_3D('',#3981,#3982,#3983);
#3981 = CARTESIAN_POINT('',(204.861757,-63.828587,1.51));
#3982 = DIRECTION('',(-0.,0.,-1.));
#3983 = DIRECTION('',(-0.,-1.,0.));
#3984 = FACE_BOUND('',#3985,.T.);
#3985 = EDGE_LOOP('',(#3986));
#3986 = ORIENTED_EDGE('',*,*,#3987,.T.);
#3987 = EDGE_CURVE('',#3988,#3988,#3990,.T.);
#3988 = VERTEX_POINT('',#3989);
#3989 = CARTESIAN_POINT('',(210.610434,-61.623617,1.51));
#3990 = CIRCLE('',#3991,1.5);
#3991 = AXIS2_PLACEMENT_3D('',#3992,#3993,#3994);
#3992 = CARTESIAN_POINT('',(210.610434,-60.123617,1.51));
#3993 = DIRECTION('',(-0.,0.,-1.));
#3994 = DIRECTION('',(-0.,-1.,0.));
#3995 = FACE_BOUND('',#3996,.T.);
#3996 = EDGE_LOOP('',(#3997));
#3997 = ORIENTED_EDGE('',*,*,#3998,.T.);
#3998 = EDGE_CURVE('',#3999,#3999,#4001,.T.);
#3999 = VERTEX_POINT('',#4000);
#4000 = CARTESIAN_POINT('',(225.745138,-73.188254,1.51));
#4001 = CIRCLE('',#4002,1.5);
#4002 = AXIS2_PLACEMENT_3D('',#4003,#4004,#4005);
#4003 = CARTESIAN_POINT('',(225.745138,-71.688254,1.51));
#4004 = DIRECTION('',(-0.,0.,-1.));
#4005 = DIRECTION('',(-0.,-1.,0.));
#4006 = FACE_BOUND('',#4007,.T.);
#4007 = EDGE_LOOP('',(#4008));
#4008 = ORIENTED_EDGE('',*,*,#4009,.T.);
#4009 = EDGE_CURVE('',#4010,#4010,#4012,.T.);
#4010 = VERTEX_POINT('',#4011);
#4011 = CARTESIAN_POINT('',(234.956458,-73.435295,1.51));
#4012 = CIRCLE('',#4013,0.95);
#4013 = AXIS2_PLACEMENT_3D('',#4014,#4015,#4016);
#4014 = CARTESIAN_POINT('',(234.956458,-72.485295,1.51));
#4015 = DIRECTION('',(-0.,0.,-1.));
#4016 = DIRECTION('',(-0.,-1.,0.));
#4017 = FACE_BOUND('',#4018,.T.);
#4018 = EDGE_LOOP('',(#4019));
#4019 = ORIENTED_EDGE('',*,*,#4020,.T.);
#4020 = EDGE_CURVE('',#4021,#4021,#4023,.T.);
#4021 = VERTEX_POINT('',#4022);
#4022 = CARTESIAN_POINT('',(231.493815,-69.483284,1.51));
#4023 = CIRCLE('',#4024,1.5);
#4024 = AXIS2_PLACEMENT_3D('',#4025,#4026,#4027);
#4025 = CARTESIAN_POINT('',(231.493815,-67.983284,1.51));
#4026 = DIRECTION('',(-0.,0.,-1.));
#4027 = DIRECTION('',(-0.,-1.,0.));
#4028 = FACE_BOUND('',#4029,.T.);
#4029 = EDGE_LOOP('',(#4030));
#4030 = ORIENTED_EDGE('',*,*,#4031,.T.);
#4031 = EDGE_CURVE('',#4032,#4032,#4034,.T.);
#4032 = VERTEX_POINT('',#4033);
#4033 = CARTESIAN_POINT('',(214.073077,-65.575628,1.51));
#4034 = CIRCLE('',#4035,0.95);
#4035 = AXIS2_PLACEMENT_3D('',#4036,#4037,#4038);
#4036 = CARTESIAN_POINT('',(214.073077,-64.625628,1.51));
#4037 = DIRECTION('',(-0.,0.,-1.));
#4038 = DIRECTION('',(-0.,-1.,0.));
#4039 = FACE_BOUND('',#4040,.T.);
#4040 = EDGE_LOOP('',(#4041));
#4041 = ORIENTED_EDGE('',*,*,#4042,.T.);
#4042 = EDGE_CURVE('',#4043,#4043,#4045,.T.);
#4043 = VERTEX_POINT('',#4044);
#4044 = CARTESIAN_POINT('',(251.346829,-72.042165,1.51));
#4045 = CIRCLE('',#4046,1.5);
#4046 = AXIS2_PLACEMENT_3D('',#4047,#4048,#4049);
#4047 = CARTESIAN_POINT('',(251.346829,-70.542165,1.51));
#4048 = DIRECTION('',(-0.,0.,-1.));
#4049 = DIRECTION('',(-0.,-1.,0.));
#4050 = FACE_BOUND('',#4051,.T.);
#4051 = EDGE_LOOP('',(#4052));
#4052 = ORIENTED_EDGE('',*,*,#4053,.T.);
#4053 = EDGE_CURVE('',#4054,#4054,#4056,.T.);
#4054 = VERTEX_POINT('',#4055);
#4055 = CARTESIAN_POINT('',(262.246798,-67.926848,1.51));
#4056 = CIRCLE('',#4057,0.95);
#4057 = AXIS2_PLACEMENT_3D('',#4058,#4059,#4060);
#4058 = CARTESIAN_POINT('',(262.246798,-66.976848,1.51));
#4059 = DIRECTION('',(-0.,0.,-1.));
#4060 = DIRECTION('',(-0.,-1.,0.));
#4061 = FACE_BOUND('',#4062,.T.);
#4062 = EDGE_LOOP('',(#4063));
#4063 = ORIENTED_EDGE('',*,*,#4064,.T.);
#4064 = EDGE_CURVE('',#4065,#4065,#4067,.T.);
#4065 = VERTEX_POINT('',#4066);
#4066 = CARTESIAN_POINT('',(267.233464,-68.057538,1.51));
#4067 = CIRCLE('',#4068,2.05);
#4068 = AXIS2_PLACEMENT_3D('',#4069,#4070,#4071);
#4069 = CARTESIAN_POINT('',(267.233464,-66.007538,1.51));
#4070 = DIRECTION('',(-0.,0.,-1.));
#4071 = DIRECTION('',(-0.,-1.,0.));
#4072 = FACE_BOUND('',#4073,.T.);
#4073 = EDGE_LOOP('',(#4074));
#4074 = ORIENTED_EDGE('',*,*,#4075,.T.);
#4075 = EDGE_CURVE('',#4076,#4076,#4078,.T.);
#4076 = VERTEX_POINT('',#4077);
#4077 = CARTESIAN_POINT('',(263.00881,-65.741187,1.51));
#4078 = CIRCLE('',#4079,1.5);
#4079 = AXIS2_PLACEMENT_3D('',#4080,#4081,#4082);
#4080 = CARTESIAN_POINT('',(263.00881,-64.241187,1.51));
#4081 = DIRECTION('',(-0.,0.,-1.));
#4082 = DIRECTION('',(-0.,-1.,0.));
#4083 = FACE_BOUND('',#4084,.T.);
#4084 = EDGE_LOOP('',(#4085));
#4085 = ORIENTED_EDGE('',*,*,#4086,.T.);
#4086 = EDGE_CURVE('',#4087,#4087,#4089,.T.);
#4087 = VERTEX_POINT('',#4088);
#4088 = CARTESIAN_POINT('',(272.22013,-65.988228,1.51));
#4089 = CIRCLE('',#4090,0.95);
#4090 = AXIS2_PLACEMENT_3D('',#4091,#4092,#4093);
#4091 = CARTESIAN_POINT('',(272.22013,-65.038228,1.51));
#4092 = DIRECTION('',(-0.,0.,-1.));
#4093 = DIRECTION('',(-0.,-1.,0.));
#4094 = FACE_BOUND('',#4095,.T.);
#4095 = EDGE_LOOP('',(#4096));
#4096 = ORIENTED_EDGE('',*,*,#4097,.T.);
#4097 = EDGE_CURVE('',#4098,#4098,#4100,.T.);
#4098 = VERTEX_POINT('',#4099);
#4099 = CARTESIAN_POINT('',(268.757487,-62.036217,1.51));
#4100 = CIRCLE('',#4101,1.5);
#4101 = AXIS2_PLACEMENT_3D('',#4102,#4103,#4104);
#4102 = CARTESIAN_POINT('',(268.757487,-60.536217,1.51));
#4103 = DIRECTION('',(-0.,0.,-1.));
#4104 = DIRECTION('',(-0.,-1.,0.));
#4105 = FACE_BOUND('',#4106,.T.);
#4106 = EDGE_LOOP('',(#4107));
#4107 = ORIENTED_EDGE('',*,*,#4108,.T.);
#4108 = EDGE_CURVE('',#4109,#4109,#4111,.T.);
#4109 = VERTEX_POINT('',#4110);
#4110 = CARTESIAN_POINT('',(221.357756,-56.722999,1.51));
#4111 = CIRCLE('',#4112,0.95);
#4112 = AXIS2_PLACEMENT_3D('',#4113,#4114,#4115);
#4113 = CARTESIAN_POINT('',(221.357756,-55.772999,1.51));
#4114 = DIRECTION('',(-0.,0.,-1.));
#4115 = DIRECTION('',(-0.,-1.,0.));
#4116 = FACE_BOUND('',#4117,.T.);
#4117 = EDGE_LOOP('',(#4118));
#4118 = ORIENTED_EDGE('',*,*,#4119,.T.);
#4119 = EDGE_CURVE('',#4120,#4120,#4122,.T.);
#4120 = VERTEX_POINT('',#4121);
#4121 = CARTESIAN_POINT('',(226.344422,-56.853689,1.51));
#4122 = CIRCLE('',#4123,2.05);
#4123 = AXIS2_PLACEMENT_3D('',#4124,#4125,#4126);
#4124 = CARTESIAN_POINT('',(226.344422,-54.803689,1.51));
#4125 = DIRECTION('',(-0.,0.,-1.));
#4126 = DIRECTION('',(-0.,-1.,0.));
#4127 = FACE_BOUND('',#4128,.T.);
#4128 = EDGE_LOOP('',(#4129));
#4129 = ORIENTED_EDGE('',*,*,#4130,.T.);
#4130 = EDGE_CURVE('',#4131,#4131,#4133,.T.);
#4131 = VERTEX_POINT('',#4132);
#4132 = CARTESIAN_POINT('',(241.210769,-59.281879,1.51));
#4133 = CIRCLE('',#4134,0.95);
#4134 = AXIS2_PLACEMENT_3D('',#4135,#4136,#4137);
#4135 = CARTESIAN_POINT('',(241.210769,-58.331879,1.51));
#4136 = DIRECTION('',(-0.,0.,-1.));
#4137 = DIRECTION('',(-0.,-1.,0.));
#4138 = FACE_BOUND('',#4139,.T.);
#4139 = EDGE_LOOP('',(#4140));
#4140 = ORIENTED_EDGE('',*,*,#4141,.T.);
#4141 = EDGE_CURVE('',#4142,#4142,#4144,.T.);
#4142 = VERTEX_POINT('',#4143);
#4143 = CARTESIAN_POINT('',(241.972781,-57.096218,1.51));
#4144 = CIRCLE('',#4145,1.5);
#4145 = AXIS2_PLACEMENT_3D('',#4146,#4147,#4148);
#4146 = CARTESIAN_POINT('',(241.972781,-55.596218,1.51));
#4147 = DIRECTION('',(-0.,0.,-1.));
#4148 = DIRECTION('',(-0.,-1.,0.));
#4149 = FACE_BOUND('',#4150,.T.);
#4150 = EDGE_LOOP('',(#4151));
#4151 = ORIENTED_EDGE('',*,*,#4152,.T.);
#4152 = EDGE_CURVE('',#4153,#4153,#4155,.T.);
#4153 = VERTEX_POINT('',#4154);
#4154 = CARTESIAN_POINT('',(222.119768,-54.537338,1.51));
#4155 = CIRCLE('',#4156,1.5);
#4156 = AXIS2_PLACEMENT_3D('',#4157,#4158,#4159);
#4157 = CARTESIAN_POINT('',(222.119768,-53.037338,1.51));
#4158 = DIRECTION('',(-0.,0.,-1.));
#4159 = DIRECTION('',(-0.,-1.,0.));
#4160 = FACE_BOUND('',#4161,.T.);
#4161 = EDGE_LOOP('',(#4162));
#4162 = ORIENTED_EDGE('',*,*,#4163,.T.);
#4163 = EDGE_CURVE('',#4164,#4164,#4166,.T.);
#4164 = VERTEX_POINT('',#4165);
#4165 = CARTESIAN_POINT('',(227.868445,-50.832368,1.51));
#4166 = CIRCLE('',#4167,1.5);
#4167 = AXIS2_PLACEMENT_3D('',#4168,#4169,#4170);
#4168 = CARTESIAN_POINT('',(227.868445,-49.332368,1.51));
#4169 = DIRECTION('',(-0.,0.,-1.));
#4170 = DIRECTION('',(-0.,-1.,0.));
#4171 = FACE_BOUND('',#4172,.T.);
#4172 = EDGE_LOOP('',(#4173));
#4173 = ORIENTED_EDGE('',*,*,#4174,.T.);
#4174 = EDGE_CURVE('',#4175,#4175,#4177,.T.);
#4175 = VERTEX_POINT('',#4176);
#4176 = CARTESIAN_POINT('',(231.331088,-54.784379,1.51));
#4177 = CIRCLE('',#4178,0.95);
#4178 = AXIS2_PLACEMENT_3D('',#4179,#4180,#4181);
#4179 = CARTESIAN_POINT('',(231.331088,-53.834379,1.51));
#4180 = DIRECTION('',(-0.,0.,-1.));
#4181 = DIRECTION('',(-2.991758887411E-14,-1.,0.));
#4182 = FACE_BOUND('',#4183,.T.);
#4183 = EDGE_LOOP('',(#4184));
#4184 = ORIENTED_EDGE('',*,*,#4185,.T.);
#4185 = EDGE_CURVE('',#4186,#4186,#4188,.T.);
#4186 = VERTEX_POINT('',#4187);
#4187 = CARTESIAN_POINT('',(246.197435,-59.412569,1.51));
#4188 = CIRCLE('',#4189,2.05);
#4189 = AXIS2_PLACEMENT_3D('',#4190,#4191,#4192);
#4190 = CARTESIAN_POINT('',(246.197435,-57.362569,1.51));
#4191 = DIRECTION('',(-0.,0.,-1.));
#4192 = DIRECTION('',(1.386424850264E-14,-1.,-0.));
#4193 = FACE_BOUND('',#4194,.T.);
#4194 = EDGE_LOOP('',(#4195));
#4195 = ORIENTED_EDGE('',*,*,#4196,.T.);
#4196 = EDGE_CURVE('',#4197,#4197,#4199,.T.);
#4197 = VERTEX_POINT('',#4198);
#4198 = CARTESIAN_POINT('',(251.184101,-57.343259,1.51));
#4199 = CIRCLE('',#4200,0.95);
#4200 = AXIS2_PLACEMENT_3D('',#4201,#4202,#4203);
#4201 = CARTESIAN_POINT('',(251.184101,-56.393259,1.51));
#4202 = DIRECTION('',(-0.,0.,-1.));
#4203 = DIRECTION('',(-0.,-1.,0.));
#4204 = FACE_BOUND('',#4205,.T.);
#4205 = EDGE_LOOP('',(#4206));
#4206 = ORIENTED_EDGE('',*,*,#4207,.T.);
#4207 = EDGE_CURVE('',#4208,#4208,#4210,.T.);
#4208 = VERTEX_POINT('',#4209);
#4209 = CARTESIAN_POINT('',(247.721458,-53.391248,1.51));
#4210 = CIRCLE('',#4211,1.5);
#4211 = AXIS2_PLACEMENT_3D('',#4212,#4213,#4214);
#4212 = CARTESIAN_POINT('',(247.721458,-51.891248,1.51));
#4213 = DIRECTION('',(-0.,0.,-1.));
#4214 = DIRECTION('',(-0.,-1.,0.));
#4215 = PLANE('',#4216);
#4216 = AXIS2_PLACEMENT_3D('',#4217,#4218,#4219);
#4217 = CARTESIAN_POINT('',(0.,0.,1.51));
#4218 = DIRECTION('',(0.,0.,1.));
#4219 = DIRECTION('',(1.,0.,-0.));
#4220 = ADVANCED_FACE('',(#4221),#4232,.T.);
#4221 = FACE_BOUND('',#4222,.T.);
#4222 = EDGE_LOOP('',(#4223,#4229,#4230,#4231));
#4223 = ORIENTED_EDGE('',*,*,#4224,.T.);
#4224 = EDGE_CURVE('',#137,#2182,#4225,.T.);
#4225 = LINE('',#4226,#4227);
#4226 = CARTESIAN_POINT('',(152.480942,-4.982143,0.));
#4227 = VECTOR('',#4228,1.);
#4228 = DIRECTION('',(0.,0.,1.));
#4229 = ORIENTED_EDGE('',*,*,#2181,.T.);
#4230 = ORIENTED_EDGE('',*,*,#72,.F.);
#4231 = ORIENTED_EDGE('',*,*,#136,.F.);
#4232 = PLANE('',#4233);
#4233 = AXIS2_PLACEMENT_3D('',#4234,#4235,#4236);
#4234 = CARTESIAN_POINT('',(152.480942,-4.982143,0.));
#4235 = DIRECTION('',(-0.190809000002,0.981627182549,0.));
#4236 = DIRECTION('',(0.981627182549,0.190809000002,0.));
#4237 = ADVANCED_FACE('',(#4238),#4249,.T.);
#4238 = FACE_BOUND('',#4239,.T.);
#4239 = EDGE_LOOP('',(#4240,#4241,#4242,#4248));
#4240 = ORIENTED_EDGE('',*,*,#112,.T.);
#4241 = ORIENTED_EDGE('',*,*,#2405,.T.);
#4242 = ORIENTED_EDGE('',*,*,#4243,.F.);
#4243 = EDGE_CURVE('',#353,#2398,#4244,.T.);
#4244 = LINE('',#4245,#4246);
#4245 = CARTESIAN_POINT('',(317.055009,7.855941,0.));
#4246 = VECTOR('',#4247,1.);
#4247 = DIRECTION('',(0.,0.,1.));
#4248 = ORIENTED_EDGE('',*,*,#360,.F.);
#4249 = PLANE('',#4250);
#4250 = AXIS2_PLACEMENT_3D('',#4251,#4252,#4253);
#4251 = CARTESIAN_POINT('',(298.404093,4.23057,0.));
#4252 = DIRECTION('',(-0.190809004618,0.981627181651,0.));
#4253 = DIRECTION('',(0.981627181651,0.190809004618,0.));
#4254 = ADVANCED_FACE('',(#4255),#4266,.T.);
#4255 = FACE_BOUND('',#4256,.T.);
#4256 = EDGE_LOOP('',(#4257,#4263,#4264,#4265));
#4257 = ORIENTED_EDGE('',*,*,#4258,.T.);
#4258 = EDGE_CURVE('',#145,#2190,#4259,.T.);
#4259 = LINE('',#4260,#4261);
#4260 = CARTESIAN_POINT('',(153.873848,-12.148021,0.));
#4261 = VECTOR('',#4262,1.);
#4262 = DIRECTION('',(0.,0.,1.));
#4263 = ORIENTED_EDGE('',*,*,#2189,.T.);
#4264 = ORIENTED_EDGE('',*,*,#4224,.F.);
#4265 = ORIENTED_EDGE('',*,*,#144,.F.);
#4266 = PLANE('',#4267);
#4267 = AXIS2_PLACEMENT_3D('',#4268,#4269,#4270);
#4268 = CARTESIAN_POINT('',(153.873848,-12.148021,0.));
#4269 = DIRECTION('',(-0.981627172694,-0.1908090507,0.));
#4270 = DIRECTION('',(-0.1908090507,0.981627172694,0.));
#4271 = ADVANCED_FACE('',(#4272),#4283,.T.);
#4272 = FACE_BOUND('',#4273,.T.);
#4273 = EDGE_LOOP('',(#4274,#4275,#4276,#4282));
#4274 = ORIENTED_EDGE('',*,*,#4243,.T.);
#4275 = ORIENTED_EDGE('',*,*,#2397,.T.);
#4276 = ORIENTED_EDGE('',*,*,#4277,.F.);
#4277 = EDGE_CURVE('',#345,#2390,#4278,.T.);
#4278 = LINE('',#4279,#4280);
#4279 = CARTESIAN_POINT('',(344.722314,-134.48,0.));
#4280 = VECTOR('',#4281,1.);
#4281 = DIRECTION('',(0.,0.,1.));
#4282 = ORIENTED_EDGE('',*,*,#352,.F.);
#4283 = PLANE('',#4284);
#4284 = AXIS2_PLACEMENT_3D('',#4285,#4286,#4287);
#4285 = CARTESIAN_POINT('',(317.055009,7.855941,0.));
#4286 = DIRECTION('',(0.981627182431,0.190809000607,-0.));
#4287 = DIRECTION('',(0.190809000607,-0.981627182431,0.));
#4288 = ADVANCED_FACE('',(#4289),#4300,.T.);
#4289 = FACE_BOUND('',#4290,.T.);
#4290 = EDGE_LOOP('',(#4291,#4297,#4298,#4299));
#4291 = ORIENTED_EDGE('',*,*,#4292,.T.);
#4292 = EDGE_CURVE('',#153,#2198,#4293,.T.);
#4293 = LINE('',#4294,#4295);
#4294 = CARTESIAN_POINT('',(148.771157,-13.139884,0.));
#4295 = VECTOR('',#4296,1.);
#4296 = DIRECTION('',(0.,0.,1.));
#4297 = ORIENTED_EDGE('',*,*,#2197,.T.);
#4298 = ORIENTED_EDGE('',*,*,#4258,.F.);
#4299 = ORIENTED_EDGE('',*,*,#152,.F.);
#4300 = PLANE('',#4301);
#4301 = AXIS2_PLACEMENT_3D('',#4302,#4303,#4304);
#4302 = CARTESIAN_POINT('',(148.771157,-13.139884,0.));
#4303 = DIRECTION('',(-0.190809059512,0.981627170981,0.));
#4304 = DIRECTION('',(0.981627170981,0.190809059512,0.));
#4305 = ADVANCED_FACE('',(#4306),#4317,.T.);
#4306 = FACE_BOUND('',#4307,.T.);
#4307 = EDGE_LOOP('',(#4308,#4309,#4310,#4316));
#4308 = ORIENTED_EDGE('',*,*,#4277,.T.);
#4309 = ORIENTED_EDGE('',*,*,#2389,.T.);
#4310 = ORIENTED_EDGE('',*,*,#4311,.F.);
#4311 = EDGE_CURVE('',#337,#2382,#4312,.T.);
#4312 = LINE('',#4313,#4314);
#4313 = CARTESIAN_POINT('',(326.071397,-138.105371,0.));
#4314 = VECTOR('',#4315,1.);
#4315 = DIRECTION('',(0.,0.,1.));
#4316 = ORIENTED_EDGE('',*,*,#344,.F.);
#4317 = PLANE('',#4318);
#4318 = AXIS2_PLACEMENT_3D('',#4319,#4320,#4321);
#4319 = CARTESIAN_POINT('',(344.722314,-134.48,0.));
#4320 = DIRECTION('',(0.19080899476,-0.981627183568,0.));
#4321 = DIRECTION('',(-0.981627183568,-0.19080899476,0.));
#4322 = ADVANCED_FACE('',(#4323),#4334,.T.);
#4323 = FACE_BOUND('',#4324,.T.);
#4324 = EDGE_LOOP('',(#4325,#4331,#4332,#4333));
#4325 = ORIENTED_EDGE('',*,*,#4326,.T.);
#4326 = EDGE_CURVE('',#161,#2206,#4327,.T.);
#4327 = LINE('',#4328,#4329);
#4328 = CARTESIAN_POINT('',(143.668466,-12.148021,0.));
#4329 = VECTOR('',#4330,1.);
#4330 = DIRECTION('',(0.,0.,1.));
#4331 = ORIENTED_EDGE('',*,*,#2205,.T.);
#4332 = ORIENTED_EDGE('',*,*,#4292,.F.);
#4333 = ORIENTED_EDGE('',*,*,#160,.F.);
#4334 = PLANE('',#4335);
#4335 = AXIS2_PLACEMENT_3D('',#4336,#4337,#4338);
#4336 = CARTESIAN_POINT('',(143.668466,-12.148021,0.));
#4337 = DIRECTION('',(0.190809059512,0.981627170981,-0.));
#4338 = DIRECTION('',(0.981627170981,-0.190809059512,0.));
#4339 = ADVANCED_FACE('',(#4340),#4351,.T.);
#4340 = FACE_BOUND('',#4341,.T.);
#4341 = EDGE_LOOP('',(#4342,#4343,#4344,#4350));
#4342 = ORIENTED_EDGE('',*,*,#4311,.T.);
#4343 = ORIENTED_EDGE('',*,*,#2381,.T.);
#4344 = ORIENTED_EDGE('',*,*,#4345,.F.);
#4345 = EDGE_CURVE('',#329,#2374,#4346,.T.);
#4346 = LINE('',#4347,#4348);
#4347 = CARTESIAN_POINT('',(327.311656,-144.485948,0.));
#4348 = VECTOR('',#4349,1.);
#4349 = DIRECTION('',(0.,0.,1.));
#4350 = ORIENTED_EDGE('',*,*,#336,.F.);
#4351 = PLANE('',#4352);
#4352 = AXIS2_PLACEMENT_3D('',#4353,#4354,#4355);
#4353 = CARTESIAN_POINT('',(326.071397,-138.105371,0.));
#4354 = DIRECTION('',(0.981627169897,0.190809065091,-0.));
#4355 = DIRECTION('',(0.190809065091,-0.981627169897,0.));
#4356 = ADVANCED_FACE('',(#4357),#4368,.T.);
#4357 = FACE_BOUND('',#4358,.T.);
#4358 = EDGE_LOOP('',(#4359,#4365,#4366,#4367));
#4359 = ORIENTED_EDGE('',*,*,#4360,.T.);
#4360 = EDGE_CURVE('',#169,#2214,#4361,.T.);
#4361 = LINE('',#4362,#4363);
#4362 = CARTESIAN_POINT('',(145.061372,-4.982143,0.));
#4363 = VECTOR('',#4364,1.);
#4364 = DIRECTION('',(0.,0.,1.));
#4365 = ORIENTED_EDGE('',*,*,#2213,.T.);
#4366 = ORIENTED_EDGE('',*,*,#4326,.F.);
#4367 = ORIENTED_EDGE('',*,*,#168,.F.);
#4368 = PLANE('',#4369);
#4369 = AXIS2_PLACEMENT_3D('',#4370,#4371,#4372);
#4370 = CARTESIAN_POINT('',(145.061372,-4.982143,0.));
#4371 = DIRECTION('',(0.981627172694,-0.1908090507,0.));
#4372 = DIRECTION('',(-0.1908090507,-0.981627172694,0.));
#4373 = ADVANCED_FACE('',(#4374),#4385,.T.);
#4374 = FACE_BOUND('',#4375,.T.);
#4375 = EDGE_LOOP('',(#4376,#4377,#4378,#4384));
#4376 = ORIENTED_EDGE('',*,*,#4345,.T.);
#4377 = ORIENTED_EDGE('',*,*,#2373,.T.);
#4378 = ORIENTED_EDGE('',*,*,#4379,.F.);
#4379 = EDGE_CURVE('',#321,#2366,#4380,.T.);
#4380 = LINE('',#4381,#4382);
#4381 = CARTESIAN_POINT('',(290.009823,-151.73669,0.));
#4382 = VECTOR('',#4383,1.);
#4383 = DIRECTION('',(0.,0.,1.));
#4384 = ORIENTED_EDGE('',*,*,#328,.F.);
#4385 = PLANE('',#4386);
#4386 = AXIS2_PLACEMENT_3D('',#4387,#4388,#4389);
#4387 = CARTESIAN_POINT('',(327.311656,-144.485948,0.));
#4388 = DIRECTION('',(0.190808999689,-0.981627182609,0.));
#4389 = DIRECTION('',(-0.981627182609,-0.190808999689,0.));
#4390 = ADVANCED_FACE('',(#4391),#4402,.T.);
#4391 = FACE_BOUND('',#4392,.T.);
#4392 = EDGE_LOOP('',(#4393,#4399,#4400,#4401));
#4393 = ORIENTED_EDGE('',*,*,#4394,.T.);
#4394 = EDGE_CURVE('',#177,#2222,#4395,.T.);
#4395 = LINE('',#4396,#4397);
#4396 = CARTESIAN_POINT('',(21.376347,19.059791,0.));
#4397 = VECTOR('',#4398,1.);
#4398 = DIRECTION('',(0.,0.,1.));
#4399 = ORIENTED_EDGE('',*,*,#2221,.T.);
#4400 = ORIENTED_EDGE('',*,*,#4360,.F.);
#4401 = ORIENTED_EDGE('',*,*,#176,.F.);
#4402 = PLANE('',#4403);
#4403 = AXIS2_PLACEMENT_3D('',#4404,#4405,#4406);
#4404 = CARTESIAN_POINT('',(21.376347,19.059791,0.));
#4405 = DIRECTION('',(0.190809000002,0.981627182549,-0.));
#4406 = DIRECTION('',(0.981627182549,-0.190809000002,0.));
#4407 = ADVANCED_FACE('',(#4408),#4419,.T.);
#4408 = FACE_BOUND('',#4409,.T.);
#4409 = EDGE_LOOP('',(#4410,#4411,#4412,#4418));
#4410 = ORIENTED_EDGE('',*,*,#4379,.T.);
#4411 = ORIENTED_EDGE('',*,*,#2365,.T.);
#4412 = ORIENTED_EDGE('',*,*,#4413,.F.);
#4413 = EDGE_CURVE('',#313,#2358,#4414,.T.);
#4414 = LINE('',#4415,#4416);
#4415 = CARTESIAN_POINT('',(290.200632,-152.718317,0.));
#4416 = VECTOR('',#4417,1.);
#4417 = DIRECTION('',(0.,0.,1.));
#4418 = ORIENTED_EDGE('',*,*,#320,.F.);
#4419 = PLANE('',#4420);
#4420 = AXIS2_PLACEMENT_3D('',#4421,#4422,#4423);
#4421 = CARTESIAN_POINT('',(290.009823,-151.73669,0.));
#4422 = DIRECTION('',(0.981627175903,0.190809034192,-0.));
#4423 = DIRECTION('',(0.190809034192,-0.981627175903,0.));
#4424 = ADVANCED_FACE('',(#4425),#4436,.T.);
#4425 = FACE_BOUND('',#4426,.T.);
#4426 = EDGE_LOOP('',(#4427,#4433,#4434,#4435));
#4427 = ORIENTED_EDGE('',*,*,#4428,.T.);
#4428 = EDGE_CURVE('',#185,#2230,#4429,.T.);
#4429 = LINE('',#4430,#4431);
#4430 = CARTESIAN_POINT('',(20.17425,12.875539,0.));
#4431 = VECTOR('',#4432,1.);
#4432 = DIRECTION('',(0.,0.,1.));
#4433 = ORIENTED_EDGE('',*,*,#2229,.T.);
#4434 = ORIENTED_EDGE('',*,*,#4394,.F.);
#4435 = ORIENTED_EDGE('',*,*,#184,.F.);
#4436 = PLANE('',#4437);
#4437 = AXIS2_PLACEMENT_3D('',#4438,#4439,#4440);
#4438 = CARTESIAN_POINT('',(20.17425,12.875539,0.));
#4439 = DIRECTION('',(-0.981627177964,0.190809023589,0.));
#4440 = DIRECTION('',(0.190809023589,0.981627177964,0.));
#4441 = ADVANCED_FACE('',(#4442),#4453,.T.);
#4442 = FACE_BOUND('',#4443,.T.);
#4443 = EDGE_LOOP('',(#4444,#4445,#4446,#4452));
#4444 = ORIENTED_EDGE('',*,*,#4413,.T.);
#4445 = ORIENTED_EDGE('',*,*,#2357,.T.);
#4446 = ORIENTED_EDGE('',*,*,#4447,.F.);
#4447 = EDGE_CURVE('',#305,#2350,#4448,.T.);
#4448 = LINE('',#4449,#4450);
#4449 = CARTESIAN_POINT('',(289.873651,-152.781875,0.));
#4450 = VECTOR('',#4451,1.);
#4451 = DIRECTION('',(0.,0.,1.));
#4452 = ORIENTED_EDGE('',*,*,#312,.F.);
#4453 = PLANE('',#4454);
#4454 = AXIS2_PLACEMENT_3D('',#4455,#4456,#4457);
#4455 = CARTESIAN_POINT('',(290.200632,-152.718317,0.));
#4456 = DIRECTION('',(0.190807063389,-0.981627558986,0.));
#4457 = DIRECTION('',(-0.981627558986,-0.190807063389,0.));
#4458 = ADVANCED_FACE('',(#4459),#4470,.T.);
#4459 = FACE_BOUND('',#4460,.T.);
#4460 = EDGE_LOOP('',(#4461,#4467,#4468,#4469));
#4461 = ORIENTED_EDGE('',*,*,#4462,.T.);
#4462 = EDGE_CURVE('',#193,#2238,#4463,.T.);
#4463 = LINE('',#4464,#4465);
#4464 = CARTESIAN_POINT('',(1.523334,16.50091,0.));
#4465 = VECTOR('',#4466,1.);
#4466 = DIRECTION('',(0.,0.,1.));
#4467 = ORIENTED_EDGE('',*,*,#2237,.T.);
#4468 = ORIENTED_EDGE('',*,*,#4428,.F.);
#4469 = ORIENTED_EDGE('',*,*,#192,.F.);
#4470 = PLANE('',#4471);
#4471 = AXIS2_PLACEMENT_3D('',#4472,#4473,#4474);
#4472 = CARTESIAN_POINT('',(1.523334,16.50091,0.));
#4473 = DIRECTION('',(0.190809004618,0.981627181651,-0.));
#4474 = DIRECTION('',(0.981627181651,-0.190809004618,0.));
#4475 = ADVANCED_FACE('',(#4476),#4487,.T.);
#4476 = FACE_BOUND('',#4477,.T.);
#4477 = EDGE_LOOP('',(#4478,#4479,#4480,#4486));
#4478 = ORIENTED_EDGE('',*,*,#4447,.T.);
#4479 = ORIENTED_EDGE('',*,*,#2349,.T.);
#4480 = ORIENTED_EDGE('',*,*,#4481,.F.);
#4481 = EDGE_CURVE('',#297,#2342,#4482,.T.);
#4482 = LINE('',#4483,#4484);
#4483 = CARTESIAN_POINT('',(292.169127,-155.719951,0.));
#4484 = VECTOR('',#4485,1.);
#4485 = DIRECTION('',(0.,0.,1.));
#4486 = ORIENTED_EDGE('',*,*,#304,.F.);
#4487 = PLANE('',#4488);
#4488 = AXIS2_PLACEMENT_3D('',#4489,#4490,#4491);
#4489 = CARTESIAN_POINT('',(289.873651,-152.781875,0.));
#4490 = DIRECTION('',(0.788010824962,0.615661383995,-0.));
#4491 = DIRECTION('',(0.615661383995,-0.788010824962,0.));
#4492 = ADVANCED_FACE('',(#4493),#4504,.T.);
#4493 = FACE_BOUND('',#4494,.T.);
#4494 = EDGE_LOOP('',(#4495,#4501,#4502,#4503));
#4495 = ORIENTED_EDGE('',*,*,#4496,.T.);
#4496 = EDGE_CURVE('',#201,#2246,#4497,.T.);
#4497 = LINE('',#4498,#4499);
#4498 = CARTESIAN_POINT('',(-0.861779,4.23057,0.));
#4499 = VECTOR('',#4500,1.);
#4500 = DIRECTION('',(0.,0.,1.));
#4501 = ORIENTED_EDGE('',*,*,#2245,.T.);
#4502 = ORIENTED_EDGE('',*,*,#4462,.F.);
#4503 = ORIENTED_EDGE('',*,*,#200,.F.);
#4504 = PLANE('',#4505);
#4505 = AXIS2_PLACEMENT_3D('',#4506,#4507,#4508);
#4506 = CARTESIAN_POINT('',(-0.861779,4.23057,0.));
#4507 = DIRECTION('',(-0.981627175692,0.190809035275,0.));
#4508 = DIRECTION('',(0.190809035275,0.981627175692,0.));
#4509 = ADVANCED_FACE('',(#4510),#4521,.T.);
#4510 = FACE_BOUND('',#4511,.T.);
#4511 = EDGE_LOOP('',(#4512,#4513,#4514,#4520));
#4512 = ORIENTED_EDGE('',*,*,#4481,.T.);
#4513 = ORIENTED_EDGE('',*,*,#2341,.T.);
#4514 = ORIENTED_EDGE('',*,*,#4515,.F.);
#4515 = EDGE_CURVE('',#289,#2334,#4516,.T.);
#4516 = LINE('',#4517,#4518);
#4517 = CARTESIAN_POINT('',(192.879772,-233.293297,0.));
#4518 = VECTOR('',#4519,1.);
#4519 = DIRECTION('',(0.,0.,1.));
#4520 = ORIENTED_EDGE('',*,*,#296,.F.);
#4521 = PLANE('',#4522);
#4522 = AXIS2_PLACEMENT_3D('',#4523,#4524,#4525);
#4523 = CARTESIAN_POINT('',(292.169127,-155.719951,0.));
#4524 = DIRECTION('',(0.615661475687,-0.788010753324,0.));
#4525 = DIRECTION('',(-0.788010753324,-0.615661475687,0.));
#4526 = ADVANCED_FACE('',(#4527),#4538,.T.);
#4527 = FACE_BOUND('',#4528,.T.);
#4528 = EDGE_LOOP('',(#4529,#4535,#4536,#4537));
#4529 = ORIENTED_EDGE('',*,*,#4530,.T.);
#4530 = EDGE_CURVE('',#209,#2254,#4531,.T.);
#4531 = LINE('',#4532,#4533);
#4532 = CARTESIAN_POINT('',(-19.512695,7.855941,0.));
#4533 = VECTOR('',#4534,1.);
#4534 = DIRECTION('',(0.,0.,1.));
#4535 = ORIENTED_EDGE('',*,*,#2253,.T.);
#4536 = ORIENTED_EDGE('',*,*,#4496,.F.);
#4537 = ORIENTED_EDGE('',*,*,#208,.F.);
#4538 = PLANE('',#4539);
#4539 = AXIS2_PLACEMENT_3D('',#4540,#4541,#4542);
#4540 = CARTESIAN_POINT('',(-19.512695,7.855941,0.));
#4541 = DIRECTION('',(0.190809004618,0.981627181651,-0.));
#4542 = DIRECTION('',(0.981627181651,-0.190809004618,0.));
#4543 = ADVANCED_FACE('',(#4544),#4555,.T.);
#4544 = FACE_BOUND('',#4545,.T.);
#4545 = EDGE_LOOP('',(#4546,#4547,#4548,#4554));
#4546 = ORIENTED_EDGE('',*,*,#4515,.T.);
#4547 = ORIENTED_EDGE('',*,*,#2333,.T.);
#4548 = ORIENTED_EDGE('',*,*,#4549,.F.);
#4549 = EDGE_CURVE('',#281,#2326,#4550,.T.);
#4550 = LINE('',#4551,#4552);
#4551 = CARTESIAN_POINT('',(148.771157,-176.836844,0.));
#4552 = VECTOR('',#4553,1.);
#4553 = DIRECTION('',(0.,0.,1.));
#4554 = ORIENTED_EDGE('',*,*,#288,.F.);
#4555 = PLANE('',#4556);
#4556 = AXIS2_PLACEMENT_3D('',#4557,#4558,#4559);
#4557 = CARTESIAN_POINT('',(192.879772,-233.293297,0.));
#4558 = DIRECTION('',(-0.788010755316,-0.615661473138,0.));
#4559 = DIRECTION('',(-0.615661473138,0.788010755316,0.));
#4560 = ADVANCED_FACE('',(#4561),#4572,.T.);
#4561 = FACE_BOUND('',#4562,.T.);
#4562 = EDGE_LOOP('',(#4563,#4569,#4570,#4571));
#4563 = ORIENTED_EDGE('',*,*,#4564,.T.);
#4564 = EDGE_CURVE('',#217,#2262,#4565,.T.);
#4565 = LINE('',#4566,#4567);
#4566 = CARTESIAN_POINT('',(-47.18,-134.48,0.));
#4567 = VECTOR('',#4568,1.);
#4568 = DIRECTION('',(0.,0.,1.));
#4569 = ORIENTED_EDGE('',*,*,#2261,.T.);
#4570 = ORIENTED_EDGE('',*,*,#4530,.F.);
#4571 = ORIENTED_EDGE('',*,*,#216,.F.);
#4572 = PLANE('',#4573);
#4573 = AXIS2_PLACEMENT_3D('',#4574,#4575,#4576);
#4574 = CARTESIAN_POINT('',(-47.18,-134.48,0.));
#4575 = DIRECTION('',(-0.981627182431,0.190809000607,0.));
#4576 = DIRECTION('',(0.190809000607,0.981627182431,0.));
#4577 = ADVANCED_FACE('',(#4578),#4589,.T.);
#4578 = FACE_BOUND('',#4579,.T.);
#4579 = EDGE_LOOP('',(#4580,#4581,#4582,#4588));
#4580 = ORIENTED_EDGE('',*,*,#4549,.T.);
#4581 = ORIENTED_EDGE('',*,*,#2325,.T.);
#4582 = ORIENTED_EDGE('',*,*,#4583,.F.);
#4583 = EDGE_CURVE('',#273,#2318,#4584,.T.);
#4584 = LINE('',#4585,#4586);
#4585 = CARTESIAN_POINT('',(104.662542,-233.293297,0.));
#4586 = VECTOR('',#4587,1.);
#4587 = DIRECTION('',(0.,0.,1.));
#4588 = ORIENTED_EDGE('',*,*,#280,.F.);
#4589 = PLANE('',#4590);
#4590 = AXIS2_PLACEMENT_3D('',#4591,#4592,#4593);
#4591 = CARTESIAN_POINT('',(148.771157,-176.836844,0.));
#4592 = DIRECTION('',(0.788010755316,-0.615661473138,0.));
#4593 = DIRECTION('',(-0.615661473138,-0.788010755316,0.));
#4594 = ADVANCED_FACE('',(#4595),#4606,.T.);
#4595 = FACE_BOUND('',#4596,.T.);
#4596 = EDGE_LOOP('',(#4597,#4603,#4604,#4605));
#4597 = ORIENTED_EDGE('',*,*,#4598,.T.);
#4598 = EDGE_CURVE('',#225,#2270,#4599,.T.);
#4599 = LINE('',#4600,#4601);
#4600 = CARTESIAN_POINT('',(-28.529083,-138.105371,0.));
#4601 = VECTOR('',#4602,1.);
#4602 = DIRECTION('',(0.,0.,1.));
#4603 = ORIENTED_EDGE('',*,*,#2269,.T.);
#4604 = ORIENTED_EDGE('',*,*,#4564,.F.);
#4605 = ORIENTED_EDGE('',*,*,#224,.F.);
#4606 = PLANE('',#4607);
#4607 = AXIS2_PLACEMENT_3D('',#4608,#4609,#4610);
#4608 = CARTESIAN_POINT('',(-28.529083,-138.105371,0.));
#4609 = DIRECTION('',(-0.19080899476,-0.981627183568,0.));
#4610 = DIRECTION('',(-0.981627183568,0.19080899476,0.));
#4611 = ADVANCED_FACE('',(#4612),#4623,.T.);
#4612 = FACE_BOUND('',#4613,.T.);
#4613 = EDGE_LOOP('',(#4614,#4615,#4616,#4622));
#4614 = ORIENTED_EDGE('',*,*,#4583,.T.);
#4615 = ORIENTED_EDGE('',*,*,#2317,.T.);
#4616 = ORIENTED_EDGE('',*,*,#4617,.F.);
#4617 = EDGE_CURVE('',#265,#2310,#4618,.T.);
#4618 = LINE('',#4619,#4620);
#4619 = CARTESIAN_POINT('',(5.373187,-155.719951,0.));
#4620 = VECTOR('',#4621,1.);
#4621 = DIRECTION('',(0.,0.,1.));
#4622 = ORIENTED_EDGE('',*,*,#272,.F.);
#4623 = PLANE('',#4624);
#4624 = AXIS2_PLACEMENT_3D('',#4625,#4626,#4627);
#4625 = CARTESIAN_POINT('',(104.662542,-233.293297,0.));
#4626 = DIRECTION('',(-0.615661475687,-0.788010753324,0.));
#4627 = DIRECTION('',(-0.788010753324,0.615661475687,0.));
#4628 = ADVANCED_FACE('',(#4629),#4640,.T.);
#4629 = FACE_BOUND('',#4630,.T.);
#4630 = EDGE_LOOP('',(#4631,#4637,#4638,#4639));
#4631 = ORIENTED_EDGE('',*,*,#4632,.T.);
#4632 = EDGE_CURVE('',#233,#2278,#4633,.T.);
#4633 = LINE('',#4634,#4635);
#4634 = CARTESIAN_POINT('',(-29.769342,-144.485948,0.));
#4635 = VECTOR('',#4636,1.);
#4636 = DIRECTION('',(0.,0.,1.));
#4637 = ORIENTED_EDGE('',*,*,#2277,.T.);
#4638 = ORIENTED_EDGE('',*,*,#4598,.F.);
#4639 = ORIENTED_EDGE('',*,*,#232,.F.);
#4640 = PLANE('',#4641);
#4641 = AXIS2_PLACEMENT_3D('',#4642,#4643,#4644);
#4642 = CARTESIAN_POINT('',(-29.769342,-144.485948,0.));
#4643 = DIRECTION('',(-0.981627169897,0.190809065091,0.));
#4644 = DIRECTION('',(0.190809065091,0.981627169897,0.));
#4645 = ADVANCED_FACE('',(#4646),#4657,.T.);
#4646 = FACE_BOUND('',#4647,.T.);
#4647 = EDGE_LOOP('',(#4648,#4649,#4650,#4656));
#4648 = ORIENTED_EDGE('',*,*,#4617,.T.);
#4649 = ORIENTED_EDGE('',*,*,#2309,.T.);
#4650 = ORIENTED_EDGE('',*,*,#4651,.F.);
#4651 = EDGE_CURVE('',#257,#2302,#4652,.T.);
#4652 = LINE('',#4653,#4654);
#4653 = CARTESIAN_POINT('',(7.668663,-152.781875,0.));
#4654 = VECTOR('',#4655,1.);
#4655 = DIRECTION('',(0.,0.,1.));
#4656 = ORIENTED_EDGE('',*,*,#264,.F.);
#4657 = PLANE('',#4658);
#4658 = AXIS2_PLACEMENT_3D('',#4659,#4660,#4661);
#4659 = CARTESIAN_POINT('',(5.373187,-155.719951,0.));
#4660 = DIRECTION('',(-0.788010824962,0.615661383995,0.));
#4661 = DIRECTION('',(0.615661383995,0.788010824962,0.));
#4662 = ADVANCED_FACE('',(#4663),#4674,.T.);
#4663 = FACE_BOUND('',#4664,.T.);
#4664 = EDGE_LOOP('',(#4665,#4671,#4672,#4673));
#4665 = ORIENTED_EDGE('',*,*,#4666,.T.);
#4666 = EDGE_CURVE('',#241,#2286,#4667,.T.);
#4667 = LINE('',#4668,#4669);
#4668 = CARTESIAN_POINT('',(7.532491,-151.73669,0.));
#4669 = VECTOR('',#4670,1.);
#4670 = DIRECTION('',(0.,0.,1.));
#4671 = ORIENTED_EDGE('',*,*,#2285,.T.);
#4672 = ORIENTED_EDGE('',*,*,#4632,.F.);
#4673 = ORIENTED_EDGE('',*,*,#240,.F.);
#4674 = PLANE('',#4675);
#4675 = AXIS2_PLACEMENT_3D('',#4676,#4677,#4678);
#4676 = CARTESIAN_POINT('',(7.532491,-151.73669,0.));
#4677 = DIRECTION('',(-0.190808999689,-0.981627182609,0.));
#4678 = DIRECTION('',(-0.981627182609,0.190808999689,0.));
#4679 = ADVANCED_FACE('',(#4680),#4691,.T.);
#4680 = FACE_BOUND('',#4681,.T.);
#4681 = EDGE_LOOP('',(#4682,#4683,#4684,#4690));
#4682 = ORIENTED_EDGE('',*,*,#4651,.T.);
#4683 = ORIENTED_EDGE('',*,*,#2301,.T.);
#4684 = ORIENTED_EDGE('',*,*,#4685,.F.);
#4685 = EDGE_CURVE('',#249,#2294,#4686,.T.);
#4686 = LINE('',#4687,#4688);
#4687 = CARTESIAN_POINT('',(7.341682,-152.718317,0.));
#4688 = VECTOR('',#4689,1.);
#4689 = DIRECTION('',(0.,0.,1.));
#4690 = ORIENTED_EDGE('',*,*,#256,.F.);
#4691 = PLANE('',#4692);
#4692 = AXIS2_PLACEMENT_3D('',#4693,#4694,#4695);
#4693 = CARTESIAN_POINT('',(7.668663,-152.781875,0.));
#4694 = DIRECTION('',(-0.190807063389,-0.981627558986,0.));
#4695 = DIRECTION('',(-0.981627558986,0.190807063389,0.));
#4696 = ADVANCED_FACE('',(#4697),#4703,.T.);
#4697 = FACE_BOUND('',#4698,.T.);
#4698 = EDGE_LOOP('',(#4699,#4700,#4701,#4702));
#4699 = ORIENTED_EDGE('',*,*,#4685,.T.);
#4700 = ORIENTED_EDGE('',*,*,#2293,.T.);
#4701 = ORIENTED_EDGE('',*,*,#4666,.F.);
#4702 = ORIENTED_EDGE('',*,*,#248,.F.);
#4703 = PLANE('',#4704);
#4704 = AXIS2_PLACEMENT_3D('',#4705,#4706,#4707);
#4705 = CARTESIAN_POINT('',(7.341682,-152.718317,0.));
#4706 = DIRECTION('',(-0.981627175903,0.190809034192,0.));
#4707 = DIRECTION('',(0.190809034192,0.981627175903,0.));
#4708 = ADVANCED_FACE('',(#4709),#4720,.F.);
#4709 = FACE_BOUND('',#4710,.T.);
#4710 = EDGE_LOOP('',(#4711,#4712,#4718,#4719));
#4711 = ORIENTED_EDGE('',*,*,#369,.T.);
#4712 = ORIENTED_EDGE('',*,*,#4713,.T.);
#4713 = EDGE_CURVE('',#370,#2415,#4714,.T.);
#4714 = LINE('',#4715,#4716);
#4715 = CARTESIAN_POINT('',(97.807632,-148.939507,-4.6E-02));
#4716 = VECTOR('',#4717,1.);
#4717 = DIRECTION('',(0.,0.,1.));
#4718 = ORIENTED_EDGE('',*,*,#2414,.F.);
#4719 = ORIENTED_EDGE('',*,*,#4713,.F.);
#4720 = CYLINDRICAL_SURFACE('',#4721,0.95);
#4721 = AXIS2_PLACEMENT_3D('',#4722,#4723,#4724);
#4722 = CARTESIAN_POINT('',(97.807632,-147.989507,-4.6E-02));
#4723 = DIRECTION('',(-0.,-0.,-1.));
#4724 = DIRECTION('',(-0.,-1.,0.));
#4725 = ADVANCED_FACE('',(#4726),#4737,.F.);
#4726 = FACE_BOUND('',#4727,.T.);
#4727 = EDGE_LOOP('',(#4728,#4729,#4735,#4736));
#4728 = ORIENTED_EDGE('',*,*,#380,.T.);
#4729 = ORIENTED_EDGE('',*,*,#4730,.T.);
#4730 = EDGE_CURVE('',#381,#2426,#4731,.T.);
#4731 = LINE('',#4732,#4733);
#4732 = CARTESIAN_POINT('',(93.804537,-146.911947,-4.6E-02));
#4733 = VECTOR('',#4734,1.);
#4734 = DIRECTION('',(0.,0.,1.));
#4735 = ORIENTED_EDGE('',*,*,#2425,.F.);
#4736 = ORIENTED_EDGE('',*,*,#4730,.F.);
#4737 = CYLINDRICAL_SURFACE('',#4738,2.05);
#4738 = AXIS2_PLACEMENT_3D('',#4739,#4740,#4741);
#4739 = CARTESIAN_POINT('',(93.804537,-144.861947,-4.6E-02));
#4740 = DIRECTION('',(-0.,-0.,-1.));
#4741 = DIRECTION('',(-0.,-1.,0.));
#4742 = ADVANCED_FACE('',(#4743),#4754,.F.);
#4743 = FACE_BOUND('',#4744,.T.);
#4744 = EDGE_LOOP('',(#4745,#4746,#4752,#4753));
#4745 = ORIENTED_EDGE('',*,*,#391,.T.);
#4746 = ORIENTED_EDGE('',*,*,#4747,.T.);
#4747 = EDGE_CURVE('',#392,#2437,#4748,.T.);
#4748 = LINE('',#4749,#4750);
#4749 = CARTESIAN_POINT('',(89.801442,-142.684387,-4.6E-02));
#4750 = VECTOR('',#4751,1.);
#4751 = DIRECTION('',(0.,0.,1.));
#4752 = ORIENTED_EDGE('',*,*,#2436,.F.);
#4753 = ORIENTED_EDGE('',*,*,#4747,.F.);
#4754 = CYLINDRICAL_SURFACE('',#4755,0.95);
#4755 = AXIS2_PLACEMENT_3D('',#4756,#4757,#4758);
#4756 = CARTESIAN_POINT('',(89.801442,-141.734387,-4.6E-02));
#4757 = DIRECTION('',(-0.,-0.,-1.));
#4758 = DIRECTION('',(-1.495879443705E-14,-1.,0.));
#4759 = ADVANCED_FACE('',(#4760),#4771,.F.);
#4760 = FACE_BOUND('',#4761,.T.);
#4761 = EDGE_LOOP('',(#4762,#4763,#4769,#4770));
#4762 = ORIENTED_EDGE('',*,*,#402,.T.);
#4763 = ORIENTED_EDGE('',*,*,#4764,.T.);
#4764 = EDGE_CURVE('',#403,#2448,#4765,.T.);
#4765 = LINE('',#4766,#4767);
#4766 = CARTESIAN_POINT('',(92.365996,-142.014729,-4.6E-02));
#4767 = VECTOR('',#4768,1.);
#4768 = DIRECTION('',(0.,0.,1.));
#4769 = ORIENTED_EDGE('',*,*,#2447,.F.);
#4770 = ORIENTED_EDGE('',*,*,#4764,.F.);
#4771 = CYLINDRICAL_SURFACE('',#4772,1.5);
#4772 = AXIS2_PLACEMENT_3D('',#4773,#4774,#4775);
#4773 = CARTESIAN_POINT('',(92.365996,-140.514729,-4.6E-02));
#4774 = DIRECTION('',(-0.,-0.,-1.));
#4775 = DIRECTION('',(-0.,-1.,0.));
#4776 = ADVANCED_FACE('',(#4777),#4788,.F.);
#4777 = FACE_BOUND('',#4778,.T.);
#4778 = EDGE_LOOP('',(#4779,#4780,#4786,#4787));
#4779 = ORIENTED_EDGE('',*,*,#413,.T.);
#4780 = ORIENTED_EDGE('',*,*,#4781,.T.);
#4781 = EDGE_CURVE('',#414,#2459,#4782,.T.);
#4782 = LINE('',#4783,#4784);
#4783 = CARTESIAN_POINT('',(98.933645,-143.922633,-4.6E-02));
#4784 = VECTOR('',#4785,1.);
#4785 = DIRECTION('',(0.,0.,1.));
#4786 = ORIENTED_EDGE('',*,*,#2458,.F.);
#4787 = ORIENTED_EDGE('',*,*,#4781,.F.);
#4788 = CYLINDRICAL_SURFACE('',#4789,1.5);
#4789 = AXIS2_PLACEMENT_3D('',#4790,#4791,#4792);
#4790 = CARTESIAN_POINT('',(98.933645,-142.422633,-4.6E-02));
#4791 = DIRECTION('',(-0.,-0.,-1.));
#4792 = DIRECTION('',(-0.,-1.,0.));
#4793 = ADVANCED_FACE('',(#4794),#4805,.F.);
#4794 = FACE_BOUND('',#4795,.T.);
#4795 = EDGE_LOOP('',(#4796,#4797,#4803,#4804));
#4796 = ORIENTED_EDGE('',*,*,#424,.T.);
#4797 = ORIENTED_EDGE('',*,*,#4798,.T.);
#4798 = EDGE_CURVE('',#425,#2470,#4799,.T.);
#4799 = LINE('',#4800,#4801);
#4800 = CARTESIAN_POINT('',(76.218496,-102.877461,-4.6E-02));
#4801 = VECTOR('',#4802,1.);
#4802 = DIRECTION('',(0.,0.,1.));
#4803 = ORIENTED_EDGE('',*,*,#2469,.F.);
#4804 = ORIENTED_EDGE('',*,*,#4798,.F.);
#4805 = CYLINDRICAL_SURFACE('',#4806,0.95);
#4806 = AXIS2_PLACEMENT_3D('',#4807,#4808,#4809);
#4807 = CARTESIAN_POINT('',(76.218496,-101.927461,-4.6E-02));
#4808 = DIRECTION('',(-0.,-0.,-1.));
#4809 = DIRECTION('',(-0.,-1.,0.));
#4810 = ADVANCED_FACE('',(#4811),#4822,.F.);
#4811 = FACE_BOUND('',#4812,.T.);
#4812 = EDGE_LOOP('',(#4813,#4814,#4820,#4821));
#4813 = ORIENTED_EDGE('',*,*,#435,.T.);
#4814 = ORIENTED_EDGE('',*,*,#4815,.T.);
#4815 = EDGE_CURVE('',#436,#2481,#4816,.T.);
#4816 = LINE('',#4817,#4818);
#4817 = CARTESIAN_POINT('',(81.205162,-104.946771,-4.6E-02));
#4818 = VECTOR('',#4819,1.);
#4819 = DIRECTION('',(0.,0.,1.));
#4820 = ORIENTED_EDGE('',*,*,#2480,.F.);
#4821 = ORIENTED_EDGE('',*,*,#4815,.F.);
#4822 = CYLINDRICAL_SURFACE('',#4823,2.05);
#4823 = AXIS2_PLACEMENT_3D('',#4824,#4825,#4826);
#4824 = CARTESIAN_POINT('',(81.205162,-102.896771,-4.6E-02));
#4825 = DIRECTION('',(-0.,-0.,-1.));
#4826 = DIRECTION('',(-0.,-1.,0.));
#4827 = ADVANCED_FACE('',(#4828),#4839,.F.);
#4828 = FACE_BOUND('',#4829,.T.);
#4829 = EDGE_LOOP('',(#4830,#4831,#4837,#4838));
#4830 = ORIENTED_EDGE('',*,*,#446,.T.);
#4831 = ORIENTED_EDGE('',*,*,#4832,.T.);
#4832 = EDGE_CURVE('',#447,#2492,#4833,.T.);
#4833 = LINE('',#4834,#4835);
#4834 = CARTESIAN_POINT('',(77.949817,-101.176456,-4.6E-02));
#4835 = VECTOR('',#4836,1.);
#4836 = DIRECTION('',(0.,0.,1.));
#4837 = ORIENTED_EDGE('',*,*,#2491,.F.);
#4838 = ORIENTED_EDGE('',*,*,#4832,.F.);
#4839 = CYLINDRICAL_SURFACE('',#4840,1.5);
#4840 = AXIS2_PLACEMENT_3D('',#4841,#4842,#4843);
#4841 = CARTESIAN_POINT('',(77.949817,-99.676456,-4.6E-02));
#4842 = DIRECTION('',(-0.,-0.,-1.));
#4843 = DIRECTION('',(-0.,-1.,0.));
#4844 = ADVANCED_FACE('',(#4845),#4856,.F.);
#4845 = FACE_BOUND('',#4846,.T.);
#4846 = EDGE_LOOP('',(#4847,#4848,#4854,#4855));
#4847 = ORIENTED_EDGE('',*,*,#457,.T.);
#4848 = ORIENTED_EDGE('',*,*,#4849,.T.);
#4849 = EDGE_CURVE('',#458,#2503,#4850,.T.);
#4850 = LINE('',#4851,#4852);
#4851 = CARTESIAN_POINT('',(84.667805,-99.89476,-4.6E-02));
#4852 = VECTOR('',#4853,1.);
#4853 = DIRECTION('',(0.,0.,1.));
#4854 = ORIENTED_EDGE('',*,*,#2502,.F.);
#4855 = ORIENTED_EDGE('',*,*,#4849,.F.);
#4856 = CYLINDRICAL_SURFACE('',#4857,1.5);
#4857 = AXIS2_PLACEMENT_3D('',#4858,#4859,#4860);
#4858 = CARTESIAN_POINT('',(84.667805,-98.39476,-4.6E-02));
#4859 = DIRECTION('',(-0.,-0.,-1.));
#4860 = DIRECTION('',(-0.,-1.,0.));
#4861 = ADVANCED_FACE('',(#4862),#4873,.F.);
#4862 = FACE_BOUND('',#4863,.T.);
#4863 = EDGE_LOOP('',(#4864,#4865,#4871,#4872));
#4864 = ORIENTED_EDGE('',*,*,#468,.T.);
#4865 = ORIENTED_EDGE('',*,*,#4866,.T.);
#4866 = EDGE_CURVE('',#469,#2514,#4867,.T.);
#4867 = LINE('',#4868,#4869);
#4868 = CARTESIAN_POINT('',(141.151157,-120.607799,-4.6E-02));
#4869 = VECTOR('',#4870,1.);
#4870 = DIRECTION('',(0.,0.,1.));
#4871 = ORIENTED_EDGE('',*,*,#2513,.F.);
#4872 = ORIENTED_EDGE('',*,*,#4866,.F.);
#4873 = CYLINDRICAL_SURFACE('',#4874,0.5461);
#4874 = AXIS2_PLACEMENT_3D('',#4875,#4876,#4877);
#4875 = CARTESIAN_POINT('',(141.151157,-120.061699,-4.6E-02));
#4876 = DIRECTION('',(-0.,-0.,-1.));
#4877 = DIRECTION('',(-0.,-1.,0.));
#4878 = ADVANCED_FACE('',(#4879),#4890,.F.);
#4879 = FACE_BOUND('',#4880,.T.);
#4880 = EDGE_LOOP('',(#4881,#4882,#4888,#4889));
#4881 = ORIENTED_EDGE('',*,*,#479,.T.);
#4882 = ORIENTED_EDGE('',*,*,#4883,.T.);
#4883 = EDGE_CURVE('',#480,#2525,#4884,.T.);
#4884 = LINE('',#4885,#4886);
#4885 = CARTESIAN_POINT('',(141.151157,-118.067799,-4.6E-02));
#4886 = VECTOR('',#4887,1.);
#4887 = DIRECTION('',(0.,0.,1.));
#4888 = ORIENTED_EDGE('',*,*,#2524,.F.);
#4889 = ORIENTED_EDGE('',*,*,#4883,.F.);
#4890 = CYLINDRICAL_SURFACE('',#4891,0.5461);
#4891 = AXIS2_PLACEMENT_3D('',#4892,#4893,#4894);
#4892 = CARTESIAN_POINT('',(141.151157,-117.521699,-4.6E-02));
#4893 = DIRECTION('',(-0.,-0.,-1.));
#4894 = DIRECTION('',(-0.,-1.,0.));
#4895 = ADVANCED_FACE('',(#4896),#4907,.F.);
#4896 = FACE_BOUND('',#4897,.T.);
#4897 = EDGE_LOOP('',(#4898,#4899,#4905,#4906));
#4898 = ORIENTED_EDGE('',*,*,#490,.T.);
#4899 = ORIENTED_EDGE('',*,*,#4900,.T.);
#4900 = EDGE_CURVE('',#491,#2536,#4901,.T.);
#4901 = LINE('',#4902,#4903);
#4902 = CARTESIAN_POINT('',(141.151157,-115.527799,-4.6E-02));
#4903 = VECTOR('',#4904,1.);
#4904 = DIRECTION('',(0.,0.,1.));
#4905 = ORIENTED_EDGE('',*,*,#2535,.F.);
#4906 = ORIENTED_EDGE('',*,*,#4900,.F.);
#4907 = CYLINDRICAL_SURFACE('',#4908,0.5461);
#4908 = AXIS2_PLACEMENT_3D('',#4909,#4910,#4911);
#4909 = CARTESIAN_POINT('',(141.151157,-114.981699,-4.6E-02));
#4910 = DIRECTION('',(-0.,-0.,-1.));
#4911 = DIRECTION('',(-0.,-1.,0.));
#4912 = ADVANCED_FACE('',(#4913),#4924,.F.);
#4913 = FACE_BOUND('',#4914,.T.);
#4914 = EDGE_LOOP('',(#4915,#4916,#4922,#4923));
#4915 = ORIENTED_EDGE('',*,*,#501,.T.);
#4916 = ORIENTED_EDGE('',*,*,#4917,.T.);
#4917 = EDGE_CURVE('',#502,#2547,#4918,.T.);
#4918 = LINE('',#4919,#4920);
#4919 = CARTESIAN_POINT('',(141.151157,-112.987799,-4.6E-02));
#4920 = VECTOR('',#4921,1.);
#4921 = DIRECTION('',(0.,0.,1.));
#4922 = ORIENTED_EDGE('',*,*,#2546,.F.);
#4923 = ORIENTED_EDGE('',*,*,#4917,.F.);
#4924 = CYLINDRICAL_SURFACE('',#4925,0.5461);
#4925 = AXIS2_PLACEMENT_3D('',#4926,#4927,#4928);
#4926 = CARTESIAN_POINT('',(141.151157,-112.441699,-4.6E-02));
#4927 = DIRECTION('',(-0.,-0.,-1.));
#4928 = DIRECTION('',(-0.,-1.,0.));
#4929 = ADVANCED_FACE('',(#4930),#4941,.F.);
#4930 = FACE_BOUND('',#4931,.T.);
#4931 = EDGE_LOOP('',(#4932,#4933,#4939,#4940));
#4932 = ORIENTED_EDGE('',*,*,#512,.T.);
#4933 = ORIENTED_EDGE('',*,*,#4934,.T.);
#4934 = EDGE_CURVE('',#513,#2558,#4935,.T.);
#4935 = LINE('',#4936,#4937);
#4936 = CARTESIAN_POINT('',(86.191828,-104.816081,-4.6E-02));
#4937 = VECTOR('',#4938,1.);
#4938 = DIRECTION('',(0.,0.,1.));
#4939 = ORIENTED_EDGE('',*,*,#2557,.F.);
#4940 = ORIENTED_EDGE('',*,*,#4934,.F.);
#4941 = CYLINDRICAL_SURFACE('',#4942,0.95);
#4942 = AXIS2_PLACEMENT_3D('',#4943,#4944,#4945);
#4943 = CARTESIAN_POINT('',(86.191828,-103.866081,-4.6E-02));
#4944 = DIRECTION('',(-0.,-0.,-1.));
#4945 = DIRECTION('',(-0.,-1.,0.));
#4946 = ADVANCED_FACE('',(#4947),#4958,.F.);
#4947 = FACE_BOUND('',#4948,.T.);
#4948 = EDGE_LOOP('',(#4949,#4950,#4956,#4957));
#4949 = ORIENTED_EDGE('',*,*,#523,.T.);
#4950 = ORIENTED_EDGE('',*,*,#4951,.T.);
#4951 = EDGE_CURVE('',#524,#2569,#4952,.T.);
#4952 = LINE('',#4953,#4954);
#4953 = CARTESIAN_POINT('',(141.151157,-110.447799,-4.6E-02));
#4954 = VECTOR('',#4955,1.);
#4955 = DIRECTION('',(0.,0.,1.));
#4956 = ORIENTED_EDGE('',*,*,#2568,.F.);
#4957 = ORIENTED_EDGE('',*,*,#4951,.F.);
#4958 = CYLINDRICAL_SURFACE('',#4959,0.5461);
#4959 = AXIS2_PLACEMENT_3D('',#4960,#4961,#4962);
#4960 = CARTESIAN_POINT('',(141.151157,-109.901699,-4.6E-02));
#4961 = DIRECTION('',(-0.,-0.,-1.));
#4962 = DIRECTION('',(-0.,-1.,0.));
#4963 = ADVANCED_FACE('',(#4964),#4975,.F.);
#4964 = FACE_BOUND('',#4965,.T.);
#4965 = EDGE_LOOP('',(#4966,#4967,#4973,#4974));
#4966 = ORIENTED_EDGE('',*,*,#534,.T.);
#4967 = ORIENTED_EDGE('',*,*,#4968,.T.);
#4968 = EDGE_CURVE('',#535,#2580,#4969,.T.);
#4969 = LINE('',#4970,#4971);
#4970 = CARTESIAN_POINT('',(141.151157,-107.907799,-4.6E-02));
#4971 = VECTOR('',#4972,1.);
#4972 = DIRECTION('',(0.,0.,1.));
#4973 = ORIENTED_EDGE('',*,*,#2579,.F.);
#4974 = ORIENTED_EDGE('',*,*,#4968,.F.);
#4975 = CYLINDRICAL_SURFACE('',#4976,0.5461);
#4976 = AXIS2_PLACEMENT_3D('',#4977,#4978,#4979);
#4977 = CARTESIAN_POINT('',(141.151157,-107.361699,-4.6E-02));
#4978 = DIRECTION('',(-0.,-0.,-1.));
#4979 = DIRECTION('',(-0.,-1.,0.));
#4980 = ADVANCED_FACE('',(#4981),#4992,.F.);
#4981 = FACE_BOUND('',#4982,.T.);
#4982 = EDGE_LOOP('',(#4983,#4984,#4990,#4991));
#4983 = ORIENTED_EDGE('',*,*,#545,.T.);
#4984 = ORIENTED_EDGE('',*,*,#4985,.T.);
#4985 = EDGE_CURVE('',#546,#2591,#4986,.T.);
#4986 = LINE('',#4987,#4988);
#4987 = CARTESIAN_POINT('',(141.151157,-105.367799,-4.6E-02));
#4988 = VECTOR('',#4989,1.);
#4989 = DIRECTION('',(0.,0.,1.));
#4990 = ORIENTED_EDGE('',*,*,#2590,.F.);
#4991 = ORIENTED_EDGE('',*,*,#4985,.F.);
#4992 = CYLINDRICAL_SURFACE('',#4993,0.5461);
#4993 = AXIS2_PLACEMENT_3D('',#4994,#4995,#4996);
#4994 = CARTESIAN_POINT('',(141.151157,-104.821699,-4.6E-02));
#4995 = DIRECTION('',(-0.,-0.,-1.));
#4996 = DIRECTION('',(-0.,-1.,0.));
#4997 = ADVANCED_FACE('',(#4998),#5009,.F.);
#4998 = FACE_BOUND('',#4999,.T.);
#4999 = EDGE_LOOP('',(#5000,#5001,#5007,#5008));
#5000 = ORIENTED_EDGE('',*,*,#556,.T.);
#5001 = ORIENTED_EDGE('',*,*,#5002,.T.);
#5002 = EDGE_CURVE('',#557,#2602,#5003,.T.);
#5003 = LINE('',#5004,#5005);
#5004 = CARTESIAN_POINT('',(141.151157,-102.827799,-4.6E-02));
#5005 = VECTOR('',#5006,1.);
#5006 = DIRECTION('',(0.,0.,1.));
#5007 = ORIENTED_EDGE('',*,*,#2601,.F.);
#5008 = ORIENTED_EDGE('',*,*,#5002,.F.);
#5009 = CYLINDRICAL_SURFACE('',#5010,0.5461);
#5010 = AXIS2_PLACEMENT_3D('',#5011,#5012,#5013);
#5011 = CARTESIAN_POINT('',(141.151157,-102.281699,-4.6E-02));
#5012 = DIRECTION('',(-0.,-0.,-1.));
#5013 = DIRECTION('',(-0.,-1.,0.));
#5014 = ADVANCED_FACE('',(#5015),#5026,.F.);
#5015 = FACE_BOUND('',#5016,.T.);
#5016 = EDGE_LOOP('',(#5017,#5018,#5024,#5025));
#5017 = ORIENTED_EDGE('',*,*,#567,.T.);
#5018 = ORIENTED_EDGE('',*,*,#5019,.T.);
#5019 = EDGE_CURVE('',#568,#2613,#5020,.T.);
#5020 = LINE('',#5021,#5022);
#5021 = CARTESIAN_POINT('',(141.151157,-100.287799,-4.6E-02));
#5022 = VECTOR('',#5023,1.);
#5023 = DIRECTION('',(0.,0.,1.));
#5024 = ORIENTED_EDGE('',*,*,#2612,.F.);
#5025 = ORIENTED_EDGE('',*,*,#5019,.F.);
#5026 = CYLINDRICAL_SURFACE('',#5027,0.5461);
#5027 = AXIS2_PLACEMENT_3D('',#5028,#5029,#5030);
#5028 = CARTESIAN_POINT('',(141.151157,-99.741699,-4.6E-02));
#5029 = DIRECTION('',(-0.,-0.,-1.));
#5030 = DIRECTION('',(-0.,-1.,0.));
#5031 = ADVANCED_FACE('',(#5032),#5043,.F.);
#5032 = FACE_BOUND('',#5033,.T.);
#5033 = EDGE_LOOP('',(#5034,#5035,#5041,#5042));
#5034 = ORIENTED_EDGE('',*,*,#578,.T.);
#5035 = ORIENTED_EDGE('',*,*,#5036,.T.);
#5036 = EDGE_CURVE('',#579,#2624,#5037,.T.);
#5037 = LINE('',#5038,#5039);
#5038 = CARTESIAN_POINT('',(199.734682,-148.939507,-4.6E-02));
#5039 = VECTOR('',#5040,1.);
#5040 = DIRECTION('',(0.,0.,1.));
#5041 = ORIENTED_EDGE('',*,*,#2623,.F.);
#5042 = ORIENTED_EDGE('',*,*,#5036,.F.);
#5043 = CYLINDRICAL_SURFACE('',#5044,0.95);
#5044 = AXIS2_PLACEMENT_3D('',#5045,#5046,#5047);
#5045 = CARTESIAN_POINT('',(199.734682,-147.989507,-4.6E-02));
#5046 = DIRECTION('',(-0.,-0.,-1.));
#5047 = DIRECTION('',(-2.991758887411E-14,-1.,0.));
#5048 = ADVANCED_FACE('',(#5049),#5060,.F.);
#5049 = FACE_BOUND('',#5050,.T.);
#5050 = EDGE_LOOP('',(#5051,#5052,#5058,#5059));
#5051 = ORIENTED_EDGE('',*,*,#589,.T.);
#5052 = ORIENTED_EDGE('',*,*,#5053,.T.);
#5053 = EDGE_CURVE('',#590,#2635,#5054,.T.);
#5054 = LINE('',#5055,#5056);
#5055 = CARTESIAN_POINT('',(199.171676,-146.70607,-4.6E-02));
#5056 = VECTOR('',#5057,1.);
#5057 = DIRECTION('',(0.,0.,1.));
#5058 = ORIENTED_EDGE('',*,*,#2634,.F.);
#5059 = ORIENTED_EDGE('',*,*,#5053,.F.);
#5060 = CYLINDRICAL_SURFACE('',#5061,1.5);
#5061 = AXIS2_PLACEMENT_3D('',#5062,#5063,#5064);
#5062 = CARTESIAN_POINT('',(199.171676,-145.20607,-4.6E-02));
#5063 = DIRECTION('',(-0.,-0.,-1.));
#5064 = DIRECTION('',(-0.,-1.,0.));
#5065 = ADVANCED_FACE('',(#5066),#5077,.F.);
#5066 = FACE_BOUND('',#5067,.T.);
#5067 = EDGE_LOOP('',(#5068,#5069,#5075,#5076));
#5068 = ORIENTED_EDGE('',*,*,#600,.T.);
#5069 = ORIENTED_EDGE('',*,*,#5070,.T.);
#5070 = EDGE_CURVE('',#601,#2646,#5071,.T.);
#5071 = LINE('',#5072,#5073);
#5072 = CARTESIAN_POINT('',(203.737777,-146.911947,-4.6E-02));
#5073 = VECTOR('',#5074,1.);
#5074 = DIRECTION('',(0.,0.,1.));
#5075 = ORIENTED_EDGE('',*,*,#2645,.F.);
#5076 = ORIENTED_EDGE('',*,*,#5070,.F.);
#5077 = CYLINDRICAL_SURFACE('',#5078,2.05);
#5078 = AXIS2_PLACEMENT_3D('',#5079,#5080,#5081);
#5079 = CARTESIAN_POINT('',(203.737777,-144.861947,-4.6E-02));
#5080 = DIRECTION('',(-0.,-0.,-1.));
#5081 = DIRECTION('',(-0.,-1.,0.));
#5082 = ADVANCED_FACE('',(#5083),#5094,.F.);
#5083 = FACE_BOUND('',#5084,.T.);
#5084 = EDGE_LOOP('',(#5085,#5086,#5092,#5093));
#5085 = ORIENTED_EDGE('',*,*,#611,.T.);
#5086 = ORIENTED_EDGE('',*,*,#5087,.T.);
#5087 = EDGE_CURVE('',#612,#2657,#5088,.T.);
#5088 = LINE('',#5089,#5090);
#5089 = CARTESIAN_POINT('',(207.740872,-142.684387,-4.6E-02));
#5090 = VECTOR('',#5091,1.);
#5091 = DIRECTION('',(0.,0.,1.));
#5092 = ORIENTED_EDGE('',*,*,#2656,.F.);
#5093 = ORIENTED_EDGE('',*,*,#5087,.F.);
#5094 = CYLINDRICAL_SURFACE('',#5095,0.95);
#5095 = AXIS2_PLACEMENT_3D('',#5096,#5097,#5098);
#5096 = CARTESIAN_POINT('',(207.740872,-141.734387,-4.6E-02));
#5097 = DIRECTION('',(-0.,-0.,-1.));
#5098 = DIRECTION('',(-2.991758887411E-14,-1.,0.));
#5099 = ADVANCED_FACE('',(#5100),#5111,.F.);
#5100 = FACE_BOUND('',#5101,.T.);
#5101 = EDGE_LOOP('',(#5102,#5103,#5109,#5110));
#5102 = ORIENTED_EDGE('',*,*,#622,.T.);
#5103 = ORIENTED_EDGE('',*,*,#5104,.T.);
#5104 = EDGE_CURVE('',#623,#2668,#5105,.T.);
#5105 = LINE('',#5106,#5107);
#5106 = CARTESIAN_POINT('',(202.611764,-140.795072,-4.6E-02));
#5107 = VECTOR('',#5108,1.);
#5108 = DIRECTION('',(0.,0.,1.));
#5109 = ORIENTED_EDGE('',*,*,#2667,.F.);
#5110 = ORIENTED_EDGE('',*,*,#5104,.F.);
#5111 = CYLINDRICAL_SURFACE('',#5112,1.5);
#5112 = AXIS2_PLACEMENT_3D('',#5113,#5114,#5115);
#5113 = CARTESIAN_POINT('',(202.611764,-139.295072,-4.6E-02));
#5114 = DIRECTION('',(-0.,-0.,-1.));
#5115 = DIRECTION('',(-0.,-1.,0.));
#5116 = ADVANCED_FACE('',(#5117),#5128,.F.);
#5117 = FACE_BOUND('',#5118,.T.);
#5118 = EDGE_LOOP('',(#5119,#5120,#5126,#5127));
#5119 = ORIENTED_EDGE('',*,*,#633,.T.);
#5120 = ORIENTED_EDGE('',*,*,#5121,.T.);
#5121 = EDGE_CURVE('',#634,#2679,#5122,.T.);
#5122 = LINE('',#5123,#5124);
#5123 = CARTESIAN_POINT('',(156.391157,-120.607799,-4.6E-02));
#5124 = VECTOR('',#5125,1.);
#5125 = DIRECTION('',(0.,0.,1.));
#5126 = ORIENTED_EDGE('',*,*,#2678,.F.);
#5127 = ORIENTED_EDGE('',*,*,#5121,.F.);
#5128 = CYLINDRICAL_SURFACE('',#5129,0.5461);
#5129 = AXIS2_PLACEMENT_3D('',#5130,#5131,#5132);
#5130 = CARTESIAN_POINT('',(156.391157,-120.061699,-4.6E-02));
#5131 = DIRECTION('',(-0.,-0.,-1.));
#5132 = DIRECTION('',(-0.,-1.,0.));
#5133 = ADVANCED_FACE('',(#5134),#5145,.F.);
#5134 = FACE_BOUND('',#5135,.T.);
#5135 = EDGE_LOOP('',(#5136,#5137,#5143,#5144));
#5136 = ORIENTED_EDGE('',*,*,#644,.T.);
#5137 = ORIENTED_EDGE('',*,*,#5138,.T.);
#5138 = EDGE_CURVE('',#645,#2690,#5139,.T.);
#5139 = LINE('',#5140,#5141);
#5140 = CARTESIAN_POINT('',(156.391157,-118.067799,-4.6E-02));
#5141 = VECTOR('',#5142,1.);
#5142 = DIRECTION('',(0.,0.,1.));
#5143 = ORIENTED_EDGE('',*,*,#2689,.F.);
#5144 = ORIENTED_EDGE('',*,*,#5138,.F.);
#5145 = CYLINDRICAL_SURFACE('',#5146,0.5461);
#5146 = AXIS2_PLACEMENT_3D('',#5147,#5148,#5149);
#5147 = CARTESIAN_POINT('',(156.391157,-117.521699,-4.6E-02));
#5148 = DIRECTION('',(-0.,-0.,-1.));
#5149 = DIRECTION('',(-0.,-1.,0.));
#5150 = ADVANCED_FACE('',(#5151),#5162,.F.);
#5151 = FACE_BOUND('',#5152,.T.);
#5152 = EDGE_LOOP('',(#5153,#5154,#5160,#5161));
#5153 = ORIENTED_EDGE('',*,*,#655,.T.);
#5154 = ORIENTED_EDGE('',*,*,#5155,.T.);
#5155 = EDGE_CURVE('',#656,#2701,#5156,.T.);
#5156 = LINE('',#5157,#5158);
#5157 = CARTESIAN_POINT('',(156.391157,-115.527799,-4.6E-02));
#5158 = VECTOR('',#5159,1.);
#5159 = DIRECTION('',(0.,0.,1.));
#5160 = ORIENTED_EDGE('',*,*,#2700,.F.);
#5161 = ORIENTED_EDGE('',*,*,#5155,.F.);
#5162 = CYLINDRICAL_SURFACE('',#5163,0.5461);
#5163 = AXIS2_PLACEMENT_3D('',#5164,#5165,#5166);
#5164 = CARTESIAN_POINT('',(156.391157,-114.981699,-4.6E-02));
#5165 = DIRECTION('',(-0.,-0.,-1.));
#5166 = DIRECTION('',(-0.,-1.,0.));
#5167 = ADVANCED_FACE('',(#5168),#5179,.F.);
#5168 = FACE_BOUND('',#5169,.T.);
#5169 = EDGE_LOOP('',(#5170,#5171,#5177,#5178));
#5170 = ORIENTED_EDGE('',*,*,#666,.T.);
#5171 = ORIENTED_EDGE('',*,*,#5172,.T.);
#5172 = EDGE_CURVE('',#667,#2712,#5173,.T.);
#5173 = LINE('',#5174,#5175);
#5174 = CARTESIAN_POINT('',(156.391157,-112.987799,-4.6E-02));
#5175 = VECTOR('',#5176,1.);
#5176 = DIRECTION('',(0.,0.,1.));
#5177 = ORIENTED_EDGE('',*,*,#2711,.F.);
#5178 = ORIENTED_EDGE('',*,*,#5172,.F.);
#5179 = CYLINDRICAL_SURFACE('',#5180,0.5461);
#5180 = AXIS2_PLACEMENT_3D('',#5181,#5182,#5183);
#5181 = CARTESIAN_POINT('',(156.391157,-112.441699,-4.6E-02));
#5182 = DIRECTION('',(-0.,-0.,-1.));
#5183 = DIRECTION('',(-0.,-1.,0.));
#5184 = ADVANCED_FACE('',(#5185),#5196,.F.);
#5185 = FACE_BOUND('',#5186,.T.);
#5186 = EDGE_LOOP('',(#5187,#5188,#5194,#5195));
#5187 = ORIENTED_EDGE('',*,*,#677,.T.);
#5188 = ORIENTED_EDGE('',*,*,#5189,.T.);
#5189 = EDGE_CURVE('',#678,#2723,#5190,.T.);
#5190 = LINE('',#5191,#5192);
#5191 = CARTESIAN_POINT('',(156.391157,-110.447799,-4.6E-02));
#5192 = VECTOR('',#5193,1.);
#5193 = DIRECTION('',(0.,0.,1.));
#5194 = ORIENTED_EDGE('',*,*,#2722,.F.);
#5195 = ORIENTED_EDGE('',*,*,#5189,.F.);
#5196 = CYLINDRICAL_SURFACE('',#5197,0.5461);
#5197 = AXIS2_PLACEMENT_3D('',#5198,#5199,#5200);
#5198 = CARTESIAN_POINT('',(156.391157,-109.901699,-4.6E-02));
#5199 = DIRECTION('',(-0.,-0.,-1.));
#5200 = DIRECTION('',(-0.,-1.,0.));
#5201 = ADVANCED_FACE('',(#5202),#5213,.F.);
#5202 = FACE_BOUND('',#5203,.T.);
#5203 = EDGE_LOOP('',(#5204,#5205,#5211,#5212));
#5204 = ORIENTED_EDGE('',*,*,#688,.T.);
#5205 = ORIENTED_EDGE('',*,*,#5206,.T.);
#5206 = EDGE_CURVE('',#689,#2734,#5207,.T.);
#5207 = LINE('',#5208,#5209);
#5208 = CARTESIAN_POINT('',(156.391157,-107.907799,-4.6E-02));
#5209 = VECTOR('',#5210,1.);
#5210 = DIRECTION('',(0.,0.,1.));
#5211 = ORIENTED_EDGE('',*,*,#2733,.F.);
#5212 = ORIENTED_EDGE('',*,*,#5206,.F.);
#5213 = CYLINDRICAL_SURFACE('',#5214,0.5461);
#5214 = AXIS2_PLACEMENT_3D('',#5215,#5216,#5217);
#5215 = CARTESIAN_POINT('',(156.391157,-107.361699,-4.6E-02));
#5216 = DIRECTION('',(-0.,-0.,-1.));
#5217 = DIRECTION('',(-0.,-1.,0.));
#5218 = ADVANCED_FACE('',(#5219),#5230,.F.);
#5219 = FACE_BOUND('',#5220,.T.);
#5220 = EDGE_LOOP('',(#5221,#5222,#5228,#5229));
#5221 = ORIENTED_EDGE('',*,*,#699,.T.);
#5222 = ORIENTED_EDGE('',*,*,#5223,.T.);
#5223 = EDGE_CURVE('',#700,#2745,#5224,.T.);
#5224 = LINE('',#5225,#5226);
#5225 = CARTESIAN_POINT('',(156.391157,-105.367799,-4.6E-02));
#5226 = VECTOR('',#5227,1.);
#5227 = DIRECTION('',(0.,0.,1.));
#5228 = ORIENTED_EDGE('',*,*,#2744,.F.);
#5229 = ORIENTED_EDGE('',*,*,#5223,.F.);
#5230 = CYLINDRICAL_SURFACE('',#5231,0.5461);
#5231 = AXIS2_PLACEMENT_3D('',#5232,#5233,#5234);
#5232 = CARTESIAN_POINT('',(156.391157,-104.821699,-4.6E-02));
#5233 = DIRECTION('',(-0.,-0.,-1.));
#5234 = DIRECTION('',(-0.,-1.,0.));
#5235 = ADVANCED_FACE('',(#5236),#5247,.F.);
#5236 = FACE_BOUND('',#5237,.T.);
#5237 = EDGE_LOOP('',(#5238,#5239,#5245,#5246));
#5238 = ORIENTED_EDGE('',*,*,#710,.T.);
#5239 = ORIENTED_EDGE('',*,*,#5240,.T.);
#5240 = EDGE_CURVE('',#711,#2756,#5241,.T.);
#5241 = LINE('',#5242,#5243);
#5242 = CARTESIAN_POINT('',(156.391157,-102.827799,-4.6E-02));
#5243 = VECTOR('',#5244,1.);
#5244 = DIRECTION('',(0.,0.,1.));
#5245 = ORIENTED_EDGE('',*,*,#2755,.F.);
#5246 = ORIENTED_EDGE('',*,*,#5240,.F.);
#5247 = CYLINDRICAL_SURFACE('',#5248,0.5461);
#5248 = AXIS2_PLACEMENT_3D('',#5249,#5250,#5251);
#5249 = CARTESIAN_POINT('',(156.391157,-102.281699,-4.6E-02));
#5250 = DIRECTION('',(-0.,-0.,-1.));
#5251 = DIRECTION('',(-0.,-1.,0.));
#5252 = ADVANCED_FACE('',(#5253),#5264,.F.);
#5253 = FACE_BOUND('',#5254,.T.);
#5254 = EDGE_LOOP('',(#5255,#5256,#5262,#5263));
#5255 = ORIENTED_EDGE('',*,*,#721,.T.);
#5256 = ORIENTED_EDGE('',*,*,#5257,.T.);
#5257 = EDGE_CURVE('',#722,#2767,#5258,.T.);
#5258 = LINE('',#5259,#5260);
#5259 = CARTESIAN_POINT('',(156.391157,-100.287799,-4.6E-02));
#5260 = VECTOR('',#5261,1.);
#5261 = DIRECTION('',(0.,0.,1.));
#5262 = ORIENTED_EDGE('',*,*,#2766,.F.);
#5263 = ORIENTED_EDGE('',*,*,#5257,.F.);
#5264 = CYLINDRICAL_SURFACE('',#5265,0.5461);
#5265 = AXIS2_PLACEMENT_3D('',#5266,#5267,#5268);
#5266 = CARTESIAN_POINT('',(156.391157,-99.741699,-4.6E-02));
#5267 = DIRECTION('',(-0.,-0.,-1.));
#5268 = DIRECTION('',(-0.,-1.,0.));
#5269 = ADVANCED_FACE('',(#5270),#5281,.F.);
#5270 = FACE_BOUND('',#5271,.T.);
#5271 = EDGE_LOOP('',(#5272,#5273,#5279,#5280));
#5272 = ORIENTED_EDGE('',*,*,#732,.T.);
#5273 = ORIENTED_EDGE('',*,*,#5274,.T.);
#5274 = EDGE_CURVE('',#733,#2778,#5275,.T.);
#5275 = LINE('',#5276,#5277);
#5276 = CARTESIAN_POINT('',(211.350487,-104.816081,-4.6E-02));
#5277 = VECTOR('',#5278,1.);
#5278 = DIRECTION('',(0.,0.,1.));
#5279 = ORIENTED_EDGE('',*,*,#2777,.F.);
#5280 = ORIENTED_EDGE('',*,*,#5274,.F.);
#5281 = CYLINDRICAL_SURFACE('',#5282,0.95);
#5282 = AXIS2_PLACEMENT_3D('',#5283,#5284,#5285);
#5283 = CARTESIAN_POINT('',(211.350487,-103.866081,-4.6E-02));
#5284 = DIRECTION('',(-0.,-0.,-1.));
#5285 = DIRECTION('',(-0.,-1.,0.));
#5286 = ADVANCED_FACE('',(#5287),#5298,.F.);
#5287 = FACE_BOUND('',#5288,.T.);
#5288 = EDGE_LOOP('',(#5289,#5290,#5296,#5297));
#5289 = ORIENTED_EDGE('',*,*,#743,.T.);
#5290 = ORIENTED_EDGE('',*,*,#5291,.T.);
#5291 = EDGE_CURVE('',#744,#2789,#5292,.T.);
#5292 = LINE('',#5293,#5294);
#5293 = CARTESIAN_POINT('',(212.112499,-102.63042,-4.6E-02));
#5294 = VECTOR('',#5295,1.);
#5295 = DIRECTION('',(0.,0.,1.));
#5296 = ORIENTED_EDGE('',*,*,#2788,.F.);
#5297 = ORIENTED_EDGE('',*,*,#5291,.F.);
#5298 = CYLINDRICAL_SURFACE('',#5299,1.5);
#5299 = AXIS2_PLACEMENT_3D('',#5300,#5301,#5302);
#5300 = CARTESIAN_POINT('',(212.112499,-101.13042,-4.6E-02));
#5301 = DIRECTION('',(-0.,-0.,-1.));
#5302 = DIRECTION('',(-0.,-1.,0.));
#5303 = ADVANCED_FACE('',(#5304),#5315,.F.);
#5304 = FACE_BOUND('',#5305,.T.);
#5305 = EDGE_LOOP('',(#5306,#5307,#5313,#5314));
#5306 = ORIENTED_EDGE('',*,*,#754,.T.);
#5307 = ORIENTED_EDGE('',*,*,#5308,.T.);
#5308 = EDGE_CURVE('',#755,#2800,#5309,.T.);
#5309 = LINE('',#5310,#5311);
#5310 = CARTESIAN_POINT('',(216.337153,-104.946771,-4.6E-02));
#5311 = VECTOR('',#5312,1.);
#5312 = DIRECTION('',(0.,0.,1.));
#5313 = ORIENTED_EDGE('',*,*,#2799,.F.);
#5314 = ORIENTED_EDGE('',*,*,#5308,.F.);
#5315 = CYLINDRICAL_SURFACE('',#5316,2.05);
#5316 = AXIS2_PLACEMENT_3D('',#5317,#5318,#5319);
#5317 = CARTESIAN_POINT('',(216.337153,-102.896771,-4.6E-02));
#5318 = DIRECTION('',(-0.,-0.,-1.));
#5319 = DIRECTION('',(-0.,-1.,0.));
#5320 = ADVANCED_FACE('',(#5321),#5332,.F.);
#5321 = FACE_BOUND('',#5322,.T.);
#5322 = EDGE_LOOP('',(#5323,#5324,#5330,#5331));
#5323 = ORIENTED_EDGE('',*,*,#765,.T.);
#5324 = ORIENTED_EDGE('',*,*,#5325,.T.);
#5325 = EDGE_CURVE('',#766,#2811,#5326,.T.);
#5326 = LINE('',#5327,#5328);
#5327 = CARTESIAN_POINT('',(221.323819,-102.877461,-4.6E-02));
#5328 = VECTOR('',#5329,1.);
#5329 = DIRECTION('',(0.,0.,1.));
#5330 = ORIENTED_EDGE('',*,*,#2810,.F.);
#5331 = ORIENTED_EDGE('',*,*,#5325,.F.);
#5332 = CYLINDRICAL_SURFACE('',#5333,0.95);
#5333 = AXIS2_PLACEMENT_3D('',#5334,#5335,#5336);
#5334 = CARTESIAN_POINT('',(221.323819,-101.927461,-4.6E-02));
#5335 = DIRECTION('',(-0.,-0.,-1.));
#5336 = DIRECTION('',(-2.991758887411E-14,-1.,0.));
#5337 = ADVANCED_FACE('',(#5338),#5349,.F.);
#5338 = FACE_BOUND('',#5339,.T.);
#5339 = EDGE_LOOP('',(#5340,#5341,#5347,#5348));
#5340 = ORIENTED_EDGE('',*,*,#776,.T.);
#5341 = ORIENTED_EDGE('',*,*,#5342,.T.);
#5342 = EDGE_CURVE('',#777,#2822,#5343,.T.);
#5343 = LINE('',#5344,#5345);
#5344 = CARTESIAN_POINT('',(49.080804,-96.583712,-4.6E-02));
#5345 = VECTOR('',#5346,1.);
#5346 = DIRECTION('',(0.,0.,1.));
#5347 = ORIENTED_EDGE('',*,*,#2821,.F.);
#5348 = ORIENTED_EDGE('',*,*,#5342,.F.);
#5349 = CYLINDRICAL_SURFACE('',#5350,0.95);
#5350 = AXIS2_PLACEMENT_3D('',#5351,#5352,#5353);
#5351 = CARTESIAN_POINT('',(49.080804,-95.633712,-4.6E-02));
#5352 = DIRECTION('',(-0.,-0.,-1.));
#5353 = DIRECTION('',(-0.,-1.,0.));
#5354 = ADVANCED_FACE('',(#5355),#5366,.F.);
#5355 = FACE_BOUND('',#5356,.T.);
#5356 = EDGE_LOOP('',(#5357,#5358,#5364,#5365));
#5357 = ORIENTED_EDGE('',*,*,#787,.T.);
#5358 = ORIENTED_EDGE('',*,*,#5359,.T.);
#5359 = EDGE_CURVE('',#788,#2833,#5360,.T.);
#5360 = LINE('',#5361,#5362);
#5361 = CARTESIAN_POINT('',(39.107472,-94.645092,-4.6E-02));
#5362 = VECTOR('',#5363,1.);
#5363 = DIRECTION('',(0.,0.,1.));
#5364 = ORIENTED_EDGE('',*,*,#2832,.F.);
#5365 = ORIENTED_EDGE('',*,*,#5359,.F.);
#5366 = CYLINDRICAL_SURFACE('',#5367,0.95);
#5367 = AXIS2_PLACEMENT_3D('',#5368,#5369,#5370);
#5368 = CARTESIAN_POINT('',(39.107472,-93.695092,-4.6E-02));
#5369 = DIRECTION('',(-0.,-0.,-1.));
#5370 = DIRECTION('',(-0.,-1.,0.));
#5371 = ADVANCED_FACE('',(#5372),#5383,.F.);
#5372 = FACE_BOUND('',#5373,.T.);
#5373 = EDGE_LOOP('',(#5374,#5375,#5381,#5382));
#5374 = ORIENTED_EDGE('',*,*,#798,.T.);
#5375 = ORIENTED_EDGE('',*,*,#5376,.T.);
#5376 = EDGE_CURVE('',#799,#2844,#5377,.T.);
#5377 = LINE('',#5378,#5379);
#5378 = CARTESIAN_POINT('',(44.094138,-96.714402,-4.6E-02));
#5379 = VECTOR('',#5380,1.);
#5380 = DIRECTION('',(0.,0.,1.));
#5381 = ORIENTED_EDGE('',*,*,#2843,.F.);
#5382 = ORIENTED_EDGE('',*,*,#5376,.F.);
#5383 = CYLINDRICAL_SURFACE('',#5384,2.05);
#5384 = AXIS2_PLACEMENT_3D('',#5385,#5386,#5387);
#5385 = CARTESIAN_POINT('',(44.094138,-94.664402,-4.6E-02));
#5386 = DIRECTION('',(-0.,-0.,-1.));
#5387 = DIRECTION('',(-0.,-1.,0.));
#5388 = ADVANCED_FACE('',(#5389),#5400,.F.);
#5389 = FACE_BOUND('',#5390,.T.);
#5390 = EDGE_LOOP('',(#5391,#5392,#5398,#5399));
#5391 = ORIENTED_EDGE('',*,*,#809,.T.);
#5392 = ORIENTED_EDGE('',*,*,#5393,.T.);
#5393 = EDGE_CURVE('',#810,#2855,#5394,.T.);
#5394 = LINE('',#5395,#5396);
#5395 = CARTESIAN_POINT('',(40.838793,-92.944087,-4.6E-02));
#5396 = VECTOR('',#5397,1.);
#5397 = DIRECTION('',(0.,0.,1.));
#5398 = ORIENTED_EDGE('',*,*,#2854,.F.);
#5399 = ORIENTED_EDGE('',*,*,#5393,.F.);
#5400 = CYLINDRICAL_SURFACE('',#5401,1.5);
#5401 = AXIS2_PLACEMENT_3D('',#5402,#5403,#5404);
#5402 = CARTESIAN_POINT('',(40.838793,-91.444087,-4.6E-02));
#5403 = DIRECTION('',(-0.,-0.,-1.));
#5404 = DIRECTION('',(-0.,-1.,0.));
#5405 = ADVANCED_FACE('',(#5406),#5417,.F.);
#5406 = FACE_BOUND('',#5407,.T.);
#5407 = EDGE_LOOP('',(#5408,#5409,#5415,#5416));
#5408 = ORIENTED_EDGE('',*,*,#820,.T.);
#5409 = ORIENTED_EDGE('',*,*,#5410,.T.);
#5410 = EDGE_CURVE('',#821,#2866,#5411,.T.);
#5411 = LINE('',#5412,#5413);
#5412 = CARTESIAN_POINT('',(47.556781,-91.662391,-4.6E-02));
#5413 = VECTOR('',#5414,1.);
#5414 = DIRECTION('',(0.,0.,1.));
#5415 = ORIENTED_EDGE('',*,*,#2865,.F.);
#5416 = ORIENTED_EDGE('',*,*,#5410,.F.);
#5417 = CYLINDRICAL_SURFACE('',#5418,1.5);
#5418 = AXIS2_PLACEMENT_3D('',#5419,#5420,#5421);
#5419 = CARTESIAN_POINT('',(47.556781,-90.162391,-4.6E-02));
#5420 = DIRECTION('',(-0.,-0.,-1.));
#5421 = DIRECTION('',(-0.,-1.,0.));
#5422 = ADVANCED_FACE('',(#5423),#5434,.F.);
#5423 = FACE_BOUND('',#5424,.T.);
#5424 = EDGE_LOOP('',(#5425,#5426,#5432,#5433));
#5425 = ORIENTED_EDGE('',*,*,#831,.T.);
#5426 = ORIENTED_EDGE('',*,*,#5427,.T.);
#5427 = EDGE_CURVE('',#832,#2877,#5428,.T.);
#5428 = LINE('',#5429,#5430);
#5429 = CARTESIAN_POINT('',(63.947151,-94.155522,-4.6E-02));
#5430 = VECTOR('',#5431,1.);
#5431 = DIRECTION('',(0.,0.,1.));
#5432 = ORIENTED_EDGE('',*,*,#2876,.F.);
#5433 = ORIENTED_EDGE('',*,*,#5427,.F.);
#5434 = CYLINDRICAL_SURFACE('',#5435,2.05);
#5435 = AXIS2_PLACEMENT_3D('',#5436,#5437,#5438);
#5436 = CARTESIAN_POINT('',(63.947151,-92.105522,-4.6E-02));
#5437 = DIRECTION('',(-0.,-0.,-1.));
#5438 = DIRECTION('',(-3.466062125659E-15,-1.,0.));
#5439 = ADVANCED_FACE('',(#5440),#5451,.F.);
#5440 = FACE_BOUND('',#5441,.T.);
#5441 = EDGE_LOOP('',(#5442,#5443,#5449,#5450));
#5442 = ORIENTED_EDGE('',*,*,#842,.T.);
#5443 = ORIENTED_EDGE('',*,*,#5444,.T.);
#5444 = EDGE_CURVE('',#843,#2888,#5445,.T.);
#5445 = LINE('',#5446,#5447);
#5446 = CARTESIAN_POINT('',(68.933817,-94.024832,-4.6E-02));
#5447 = VECTOR('',#5448,1.);
#5448 = DIRECTION('',(0.,0.,1.));
#5449 = ORIENTED_EDGE('',*,*,#2887,.F.);
#5450 = ORIENTED_EDGE('',*,*,#5444,.F.);
#5451 = CYLINDRICAL_SURFACE('',#5452,0.95);
#5452 = AXIS2_PLACEMENT_3D('',#5453,#5454,#5455);
#5453 = CARTESIAN_POINT('',(68.933817,-93.074832,-4.6E-02));
#5454 = DIRECTION('',(-0.,-0.,-1.));
#5455 = DIRECTION('',(-0.,-1.,0.));
#5456 = ADVANCED_FACE('',(#5457),#5468,.F.);
#5457 = FACE_BOUND('',#5458,.T.);
#5458 = EDGE_LOOP('',(#5459,#5460,#5466,#5467));
#5459 = ORIENTED_EDGE('',*,*,#853,.T.);
#5460 = ORIENTED_EDGE('',*,*,#5461,.T.);
#5461 = EDGE_CURVE('',#854,#2899,#5462,.T.);
#5462 = LINE('',#5463,#5464);
#5463 = CARTESIAN_POINT('',(58.960485,-92.086212,-4.6E-02));
#5464 = VECTOR('',#5465,1.);
#5465 = DIRECTION('',(0.,0.,1.));
#5466 = ORIENTED_EDGE('',*,*,#2898,.F.);
#5467 = ORIENTED_EDGE('',*,*,#5461,.F.);
#5468 = CYLINDRICAL_SURFACE('',#5469,0.95);
#5469 = AXIS2_PLACEMENT_3D('',#5470,#5471,#5472);
#5470 = CARTESIAN_POINT('',(58.960485,-91.136212,-4.6E-02));
#5471 = DIRECTION('',(-0.,-0.,-1.));
#5472 = DIRECTION('',(-7.479397218527E-15,-1.,0.));
#5473 = ADVANCED_FACE('',(#5474),#5485,.F.);
#5474 = FACE_BOUND('',#5475,.T.);
#5475 = EDGE_LOOP('',(#5476,#5477,#5483,#5484));
#5476 = ORIENTED_EDGE('',*,*,#864,.T.);
#5477 = ORIENTED_EDGE('',*,*,#5478,.T.);
#5478 = EDGE_CURVE('',#865,#2910,#5479,.T.);
#5479 = LINE('',#5480,#5481);
#5480 = CARTESIAN_POINT('',(60.691806,-90.385207,-4.6E-02));
#5481 = VECTOR('',#5482,1.);
#5482 = DIRECTION('',(0.,0.,1.));
#5483 = ORIENTED_EDGE('',*,*,#2909,.F.);
#5484 = ORIENTED_EDGE('',*,*,#5478,.F.);
#5485 = CYLINDRICAL_SURFACE('',#5486,1.5);
#5486 = AXIS2_PLACEMENT_3D('',#5487,#5488,#5489);
#5487 = CARTESIAN_POINT('',(60.691806,-88.885207,-4.6E-02));
#5488 = DIRECTION('',(-0.,-0.,-1.));
#5489 = DIRECTION('',(-0.,-1.,0.));
#5490 = ADVANCED_FACE('',(#5491),#5502,.F.);
#5491 = FACE_BOUND('',#5492,.T.);
#5492 = EDGE_LOOP('',(#5493,#5494,#5500,#5501));
#5493 = ORIENTED_EDGE('',*,*,#875,.T.);
#5494 = ORIENTED_EDGE('',*,*,#5495,.T.);
#5495 = EDGE_CURVE('',#876,#2921,#5496,.T.);
#5496 = LINE('',#5497,#5498);
#5497 = CARTESIAN_POINT('',(67.409794,-89.103511,-4.6E-02));
#5498 = VECTOR('',#5499,1.);
#5499 = DIRECTION('',(0.,0.,1.));
#5500 = ORIENTED_EDGE('',*,*,#2920,.F.);
#5501 = ORIENTED_EDGE('',*,*,#5495,.F.);
#5502 = CYLINDRICAL_SURFACE('',#5503,1.5);
#5503 = AXIS2_PLACEMENT_3D('',#5504,#5505,#5506);
#5504 = CARTESIAN_POINT('',(67.409794,-87.603511,-4.6E-02));
#5505 = DIRECTION('',(-0.,-0.,-1.));
#5506 = DIRECTION('',(-0.,-1.,0.));
#5507 = ADVANCED_FACE('',(#5508),#5519,.F.);
#5508 = FACE_BOUND('',#5509,.T.);
#5509 = EDGE_LOOP('',(#5510,#5511,#5517,#5518));
#5510 = ORIENTED_EDGE('',*,*,#886,.T.);
#5511 = ORIENTED_EDGE('',*,*,#5512,.T.);
#5512 = EDGE_CURVE('',#887,#2932,#5513,.T.);
#5513 = LINE('',#5514,#5515);
#5514 = CARTESIAN_POINT('',(26.68348,-86.708454,-4.6E-02));
#5515 = VECTOR('',#5516,1.);
#5516 = DIRECTION('',(0.,0.,1.));
#5517 = ORIENTED_EDGE('',*,*,#2931,.F.);
#5518 = ORIENTED_EDGE('',*,*,#5512,.F.);
#5519 = CYLINDRICAL_SURFACE('',#5520,2.05);
#5520 = AXIS2_PLACEMENT_3D('',#5521,#5522,#5523);
#5521 = CARTESIAN_POINT('',(26.68348,-84.658454,-4.6E-02));
#5522 = DIRECTION('',(-0.,-0.,-1.));
#5523 = DIRECTION('',(-0.,-1.,0.));
#5524 = ADVANCED_FACE('',(#5525),#5536,.F.);
#5525 = FACE_BOUND('',#5526,.T.);
#5526 = EDGE_LOOP('',(#5527,#5528,#5534,#5535));
#5527 = ORIENTED_EDGE('',*,*,#897,.T.);
#5528 = ORIENTED_EDGE('',*,*,#5529,.T.);
#5529 = EDGE_CURVE('',#898,#2943,#5530,.T.);
#5530 = LINE('',#5531,#5532);
#5531 = CARTESIAN_POINT('',(21.696814,-84.639144,-4.6E-02));
#5532 = VECTOR('',#5533,1.);
#5533 = DIRECTION('',(0.,0.,1.));
#5534 = ORIENTED_EDGE('',*,*,#2942,.F.);
#5535 = ORIENTED_EDGE('',*,*,#5529,.F.);
#5536 = CYLINDRICAL_SURFACE('',#5537,0.95);
#5537 = AXIS2_PLACEMENT_3D('',#5538,#5539,#5540);
#5538 = CARTESIAN_POINT('',(21.696814,-83.689144,-4.6E-02));
#5539 = DIRECTION('',(-0.,-0.,-1.));
#5540 = DIRECTION('',(-0.,-1.,0.));
#5541 = ADVANCED_FACE('',(#5542),#5553,.F.);
#5542 = FACE_BOUND('',#5543,.T.);
#5543 = EDGE_LOOP('',(#5544,#5545,#5551,#5552));
#5544 = ORIENTED_EDGE('',*,*,#908,.T.);
#5545 = ORIENTED_EDGE('',*,*,#5546,.T.);
#5546 = EDGE_CURVE('',#909,#2954,#5547,.T.);
#5547 = LINE('',#5548,#5549);
#5548 = CARTESIAN_POINT('',(31.670146,-86.577764,-4.6E-02));
#5549 = VECTOR('',#5550,1.);
#5550 = DIRECTION('',(0.,0.,1.));
#5551 = ORIENTED_EDGE('',*,*,#2953,.F.);
#5552 = ORIENTED_EDGE('',*,*,#5546,.F.);
#5553 = CYLINDRICAL_SURFACE('',#5554,0.95);
#5554 = AXIS2_PLACEMENT_3D('',#5555,#5556,#5557);
#5555 = CARTESIAN_POINT('',(31.670146,-85.627764,-4.6E-02));
#5556 = DIRECTION('',(-0.,-0.,-1.));
#5557 = DIRECTION('',(-0.,-1.,0.));
#5558 = ADVANCED_FACE('',(#5559),#5570,.F.);
#5559 = FACE_BOUND('',#5560,.T.);
#5560 = EDGE_LOOP('',(#5561,#5562,#5568,#5569));
#5561 = ORIENTED_EDGE('',*,*,#919,.T.);
#5562 = ORIENTED_EDGE('',*,*,#5563,.T.);
#5563 = EDGE_CURVE('',#920,#2965,#5564,.T.);
#5564 = LINE('',#5565,#5566);
#5565 = CARTESIAN_POINT('',(23.428135,-82.938139,-4.6E-02));
#5566 = VECTOR('',#5567,1.);
#5567 = DIRECTION('',(0.,0.,1.));
#5568 = ORIENTED_EDGE('',*,*,#2964,.F.);
#5569 = ORIENTED_EDGE('',*,*,#5563,.F.);
#5570 = CYLINDRICAL_SURFACE('',#5571,1.5);
#5571 = AXIS2_PLACEMENT_3D('',#5572,#5573,#5574);
#5572 = CARTESIAN_POINT('',(23.428135,-81.438139,-4.6E-02));
#5573 = DIRECTION('',(-0.,-0.,-1.));
#5574 = DIRECTION('',(-0.,-1.,0.));
#5575 = ADVANCED_FACE('',(#5576),#5587,.F.);
#5576 = FACE_BOUND('',#5577,.T.);
#5577 = EDGE_LOOP('',(#5578,#5579,#5585,#5586));
#5578 = ORIENTED_EDGE('',*,*,#930,.T.);
#5579 = ORIENTED_EDGE('',*,*,#5580,.T.);
#5580 = EDGE_CURVE('',#931,#2976,#5581,.T.);
#5581 = LINE('',#5582,#5583);
#5582 = CARTESIAN_POINT('',(30.146123,-81.656443,-4.6E-02));
#5583 = VECTOR('',#5584,1.);
#5584 = DIRECTION('',(0.,0.,1.));
#5585 = ORIENTED_EDGE('',*,*,#2975,.F.);
#5586 = ORIENTED_EDGE('',*,*,#5580,.F.);
#5587 = CYLINDRICAL_SURFACE('',#5588,1.5);
#5588 = AXIS2_PLACEMENT_3D('',#5589,#5590,#5591);
#5589 = CARTESIAN_POINT('',(30.146123,-80.156443,-4.6E-02));
#5590 = DIRECTION('',(-0.,-0.,-1.));
#5591 = DIRECTION('',(-0.,-1.,0.));
#5592 = ADVANCED_FACE('',(#5593),#5604,.F.);
#5593 = FACE_BOUND('',#5594,.T.);
#5594 = EDGE_LOOP('',(#5595,#5596,#5602,#5603));
#5595 = ORIENTED_EDGE('',*,*,#941,.T.);
#5596 = ORIENTED_EDGE('',*,*,#5597,.T.);
#5597 = EDGE_CURVE('',#942,#2987,#5598,.T.);
#5598 = LINE('',#5599,#5600);
#5599 = CARTESIAN_POINT('',(52.706175,-77.932796,-4.6E-02));
#5600 = VECTOR('',#5601,1.);
#5601 = DIRECTION('',(0.,0.,1.));
#5602 = ORIENTED_EDGE('',*,*,#2986,.F.);
#5603 = ORIENTED_EDGE('',*,*,#5597,.F.);
#5604 = CYLINDRICAL_SURFACE('',#5605,0.95);
#5605 = AXIS2_PLACEMENT_3D('',#5606,#5607,#5608);
#5606 = CARTESIAN_POINT('',(52.706175,-76.982796,-4.6E-02));
#5607 = DIRECTION('',(-0.,-0.,-1.));
#5608 = DIRECTION('',(-0.,-1.,0.));
#5609 = ADVANCED_FACE('',(#5610),#5621,.F.);
#5610 = FACE_BOUND('',#5611,.T.);
#5611 = EDGE_LOOP('',(#5612,#5613,#5619,#5620));
#5612 = ORIENTED_EDGE('',*,*,#952,.T.);
#5613 = ORIENTED_EDGE('',*,*,#5614,.T.);
#5614 = EDGE_CURVE('',#953,#2998,#5615,.T.);
#5615 = LINE('',#5616,#5617);
#5616 = CARTESIAN_POINT('',(42.732843,-75.994176,-4.6E-02));
#5617 = VECTOR('',#5618,1.);
#5618 = DIRECTION('',(0.,0.,1.));
#5619 = ORIENTED_EDGE('',*,*,#2997,.F.);
#5620 = ORIENTED_EDGE('',*,*,#5614,.F.);
#5621 = CYLINDRICAL_SURFACE('',#5622,0.95);
#5622 = AXIS2_PLACEMENT_3D('',#5623,#5624,#5625);
#5623 = CARTESIAN_POINT('',(42.732843,-75.044176,-4.6E-02));
#5624 = DIRECTION('',(-0.,-0.,-1.));
#5625 = DIRECTION('',(-0.,-1.,0.));
#5626 = ADVANCED_FACE('',(#5627),#5638,.F.);
#5627 = FACE_BOUND('',#5628,.T.);
#5628 = EDGE_LOOP('',(#5629,#5630,#5636,#5637));
#5629 = ORIENTED_EDGE('',*,*,#963,.T.);
#5630 = ORIENTED_EDGE('',*,*,#5631,.T.);
#5631 = EDGE_CURVE('',#964,#3009,#5632,.T.);
#5632 = LINE('',#5633,#5634);
#5633 = CARTESIAN_POINT('',(47.719509,-78.063486,-4.6E-02));
#5634 = VECTOR('',#5635,1.);
#5635 = DIRECTION('',(0.,0.,1.));
#5636 = ORIENTED_EDGE('',*,*,#3008,.F.);
#5637 = ORIENTED_EDGE('',*,*,#5631,.F.);
#5638 = CYLINDRICAL_SURFACE('',#5639,2.05);
#5639 = AXIS2_PLACEMENT_3D('',#5640,#5641,#5642);
#5640 = CARTESIAN_POINT('',(47.719509,-76.013486,-4.6E-02));
#5641 = DIRECTION('',(-0.,-0.,-1.));
#5642 = DIRECTION('',(-0.,-1.,0.));
#5643 = ADVANCED_FACE('',(#5644),#5655,.F.);
#5644 = FACE_BOUND('',#5645,.T.);
#5645 = EDGE_LOOP('',(#5646,#5647,#5653,#5654));
#5646 = ORIENTED_EDGE('',*,*,#974,.T.);
#5647 = ORIENTED_EDGE('',*,*,#5648,.T.);
#5648 = EDGE_CURVE('',#975,#3020,#5649,.T.);
#5649 = LINE('',#5650,#5651);
#5650 = CARTESIAN_POINT('',(79.843867,-84.226545,-4.6E-02));
#5651 = VECTOR('',#5652,1.);
#5652 = DIRECTION('',(0.,0.,1.));
#5653 = ORIENTED_EDGE('',*,*,#3019,.F.);
#5654 = ORIENTED_EDGE('',*,*,#5648,.F.);
#5655 = CYLINDRICAL_SURFACE('',#5656,0.95);
#5656 = AXIS2_PLACEMENT_3D('',#5657,#5658,#5659);
#5657 = CARTESIAN_POINT('',(79.843867,-83.276545,-4.6E-02));
#5658 = DIRECTION('',(-0.,-0.,-1.));
#5659 = DIRECTION('',(-0.,-1.,0.));
#5660 = ADVANCED_FACE('',(#5661),#5672,.F.);
#5661 = FACE_BOUND('',#5662,.T.);
#5662 = EDGE_LOOP('',(#5663,#5664,#5670,#5671));
#5663 = ORIENTED_EDGE('',*,*,#985,.T.);
#5664 = ORIENTED_EDGE('',*,*,#5665,.T.);
#5665 = EDGE_CURVE('',#986,#3031,#5666,.T.);
#5666 = LINE('',#5667,#5668);
#5667 = CARTESIAN_POINT('',(81.575188,-82.52554,-4.6E-02));
#5668 = VECTOR('',#5669,1.);
#5669 = DIRECTION('',(0.,0.,1.));
#5670 = ORIENTED_EDGE('',*,*,#3030,.F.);
#5671 = ORIENTED_EDGE('',*,*,#5665,.F.);
#5672 = CYLINDRICAL_SURFACE('',#5673,1.5);
#5673 = AXIS2_PLACEMENT_3D('',#5674,#5675,#5676);
#5674 = CARTESIAN_POINT('',(81.575188,-81.02554,-4.6E-02));
#5675 = DIRECTION('',(-0.,-0.,-1.));
#5676 = DIRECTION('',(-0.,-1.,0.));
#5677 = ADVANCED_FACE('',(#5678),#5689,.F.);
#5678 = FACE_BOUND('',#5679,.T.);
#5679 = EDGE_LOOP('',(#5680,#5681,#5687,#5688));
#5680 = ORIENTED_EDGE('',*,*,#996,.T.);
#5681 = ORIENTED_EDGE('',*,*,#5682,.T.);
#5682 = EDGE_CURVE('',#997,#3042,#5683,.T.);
#5683 = LINE('',#5684,#5685);
#5684 = CARTESIAN_POINT('',(67.572522,-75.504605,-4.6E-02));
#5685 = VECTOR('',#5686,1.);
#5686 = DIRECTION('',(0.,0.,1.));
#5687 = ORIENTED_EDGE('',*,*,#3041,.F.);
#5688 = ORIENTED_EDGE('',*,*,#5682,.F.);
#5689 = CYLINDRICAL_SURFACE('',#5690,2.05);
#5690 = AXIS2_PLACEMENT_3D('',#5691,#5692,#5693);
#5691 = CARTESIAN_POINT('',(67.572522,-73.454605,-4.6E-02));
#5692 = DIRECTION('',(-0.,0.,-1.));
#5693 = DIRECTION('',(6.932124251318E-15,-1.,-0.));
#5694 = ADVANCED_FACE('',(#5695),#5706,.F.);
#5695 = FACE_BOUND('',#5696,.T.);
#5696 = EDGE_LOOP('',(#5697,#5698,#5704,#5705));
#5697 = ORIENTED_EDGE('',*,*,#1007,.T.);
#5698 = ORIENTED_EDGE('',*,*,#5699,.T.);
#5699 = EDGE_CURVE('',#1008,#3053,#5700,.T.);
#5700 = LINE('',#5701,#5702);
#5701 = CARTESIAN_POINT('',(72.559188,-75.373915,-4.6E-02));
#5702 = VECTOR('',#5703,1.);
#5703 = DIRECTION('',(0.,0.,1.));
#5704 = ORIENTED_EDGE('',*,*,#3052,.F.);
#5705 = ORIENTED_EDGE('',*,*,#5699,.F.);
#5706 = CYLINDRICAL_SURFACE('',#5707,0.95);
#5707 = AXIS2_PLACEMENT_3D('',#5708,#5709,#5710);
#5708 = CARTESIAN_POINT('',(72.559188,-74.423915,-4.6E-02));
#5709 = DIRECTION('',(-0.,-0.,-1.));
#5710 = DIRECTION('',(-0.,-1.,0.));
#5711 = ADVANCED_FACE('',(#5712),#5723,.F.);
#5712 = FACE_BOUND('',#5713,.T.);
#5713 = EDGE_LOOP('',(#5714,#5715,#5721,#5722));
#5714 = ORIENTED_EDGE('',*,*,#1018,.T.);
#5715 = ORIENTED_EDGE('',*,*,#5716,.T.);
#5716 = EDGE_CURVE('',#1019,#3064,#5717,.T.);
#5717 = LINE('',#5718,#5719);
#5718 = CARTESIAN_POINT('',(97.15912,-94.723306,-4.6E-02));
#5719 = VECTOR('',#5720,1.);
#5720 = DIRECTION('',(0.,0.,1.));
#5721 = ORIENTED_EDGE('',*,*,#3063,.F.);
#5722 = ORIENTED_EDGE('',*,*,#5716,.F.);
#5723 = CYLINDRICAL_SURFACE('',#5724,0.95);
#5724 = AXIS2_PLACEMENT_3D('',#5725,#5726,#5727);
#5725 = CARTESIAN_POINT('',(97.15912,-93.773306,-4.6E-02));
#5726 = DIRECTION('',(-0.,-0.,-1.));
#5727 = DIRECTION('',(-0.,-1.,0.));
#5728 = ADVANCED_FACE('',(#5729),#5740,.F.);
#5729 = FACE_BOUND('',#5730,.T.);
#5730 = EDGE_LOOP('',(#5731,#5732,#5738,#5739));
#5731 = ORIENTED_EDGE('',*,*,#1029,.T.);
#5732 = ORIENTED_EDGE('',*,*,#5733,.T.);
#5733 = EDGE_CURVE('',#1030,#3075,#5734,.T.);
#5734 = LINE('',#5735,#5736);
#5735 = CARTESIAN_POINT('',(107.132452,-96.661926,-4.6E-02));
#5736 = VECTOR('',#5737,1.);
#5737 = DIRECTION('',(0.,0.,1.));
#5738 = ORIENTED_EDGE('',*,*,#3074,.F.);
#5739 = ORIENTED_EDGE('',*,*,#5733,.F.);
#5740 = CYLINDRICAL_SURFACE('',#5741,0.95);
#5741 = AXIS2_PLACEMENT_3D('',#5742,#5743,#5744);
#5742 = CARTESIAN_POINT('',(107.132452,-95.711926,-4.6E-02));
#5743 = DIRECTION('',(-0.,-0.,-1.));
#5744 = DIRECTION('',(-0.,-1.,0.));
#5745 = ADVANCED_FACE('',(#5746),#5757,.F.);
#5746 = FACE_BOUND('',#5747,.T.);
#5747 = EDGE_LOOP('',(#5748,#5749,#5755,#5756));
#5748 = ORIENTED_EDGE('',*,*,#1040,.T.);
#5749 = ORIENTED_EDGE('',*,*,#5750,.T.);
#5750 = EDGE_CURVE('',#1041,#3086,#5751,.T.);
#5751 = LINE('',#5752,#5753);
#5752 = CARTESIAN_POINT('',(102.145786,-96.792616,-4.6E-02));
#5753 = VECTOR('',#5754,1.);
#5754 = DIRECTION('',(0.,0.,1.));
#5755 = ORIENTED_EDGE('',*,*,#3085,.F.);
#5756 = ORIENTED_EDGE('',*,*,#5750,.F.);
#5757 = CYLINDRICAL_SURFACE('',#5758,2.05);
#5758 = AXIS2_PLACEMENT_3D('',#5759,#5760,#5761);
#5759 = CARTESIAN_POINT('',(102.145786,-94.742616,-4.6E-02));
#5760 = DIRECTION('',(-0.,-0.,-1.));
#5761 = DIRECTION('',(-0.,-1.,0.));
#5762 = ADVANCED_FACE('',(#5763),#5774,.F.);
#5763 = FACE_BOUND('',#5764,.T.);
#5764 = EDGE_LOOP('',(#5765,#5766,#5772,#5773));
#5765 = ORIENTED_EDGE('',*,*,#1051,.T.);
#5766 = ORIENTED_EDGE('',*,*,#5767,.T.);
#5767 = EDGE_CURVE('',#1052,#3097,#5768,.T.);
#5768 = LINE('',#5769,#5770);
#5769 = CARTESIAN_POINT('',(98.890441,-93.022301,-4.6E-02));
#5770 = VECTOR('',#5771,1.);
#5771 = DIRECTION('',(0.,0.,1.));
#5772 = ORIENTED_EDGE('',*,*,#3096,.F.);
#5773 = ORIENTED_EDGE('',*,*,#5767,.F.);
#5774 = CYLINDRICAL_SURFACE('',#5775,1.5);
#5775 = AXIS2_PLACEMENT_3D('',#5776,#5777,#5778);
#5776 = CARTESIAN_POINT('',(98.890441,-91.522301,-4.6E-02));
#5777 = DIRECTION('',(-0.,-0.,-1.));
#5778 = DIRECTION('',(-0.,-1.,0.));
#5779 = ADVANCED_FACE('',(#5780),#5791,.F.);
#5780 = FACE_BOUND('',#5781,.T.);
#5781 = EDGE_LOOP('',(#5782,#5783,#5789,#5790));
#5782 = ORIENTED_EDGE('',*,*,#1062,.T.);
#5783 = ORIENTED_EDGE('',*,*,#5784,.T.);
#5784 = EDGE_CURVE('',#1063,#3108,#5785,.T.);
#5785 = LINE('',#5786,#5787);
#5786 = CARTESIAN_POINT('',(105.608429,-91.740605,-4.6E-02));
#5787 = VECTOR('',#5788,1.);
#5788 = DIRECTION('',(0.,0.,1.));
#5789 = ORIENTED_EDGE('',*,*,#3107,.F.);
#5790 = ORIENTED_EDGE('',*,*,#5784,.F.);
#5791 = CYLINDRICAL_SURFACE('',#5792,1.5);
#5792 = AXIS2_PLACEMENT_3D('',#5793,#5794,#5795);
#5793 = CARTESIAN_POINT('',(105.608429,-90.240605,-4.6E-02));
#5794 = DIRECTION('',(-0.,-0.,-1.));
#5795 = DIRECTION('',(-0.,-1.,0.));
#5796 = ADVANCED_FACE('',(#5797),#5808,.F.);
#5797 = FACE_BOUND('',#5798,.T.);
#5798 = EDGE_LOOP('',(#5799,#5800,#5806,#5807));
#5799 = ORIENTED_EDGE('',*,*,#1073,.T.);
#5800 = ORIENTED_EDGE('',*,*,#5801,.T.);
#5801 = EDGE_CURVE('',#1074,#3119,#5802,.T.);
#5802 = LINE('',#5803,#5804);
#5803 = CARTESIAN_POINT('',(141.151157,-97.747799,-4.6E-02));
#5804 = VECTOR('',#5805,1.);
#5805 = DIRECTION('',(0.,0.,1.));
#5806 = ORIENTED_EDGE('',*,*,#3118,.F.);
#5807 = ORIENTED_EDGE('',*,*,#5801,.F.);
#5808 = CYLINDRICAL_SURFACE('',#5809,0.5461);
#5809 = AXIS2_PLACEMENT_3D('',#5810,#5811,#5812);
#5810 = CARTESIAN_POINT('',(141.151157,-97.201699,-4.6E-02));
#5811 = DIRECTION('',(-0.,-0.,-1.));
#5812 = DIRECTION('',(-0.,-1.,0.));
#5813 = ADVANCED_FACE('',(#5814),#5825,.F.);
#5814 = FACE_BOUND('',#5815,.T.);
#5815 = EDGE_LOOP('',(#5816,#5817,#5823,#5824));
#5816 = ORIENTED_EDGE('',*,*,#1084,.T.);
#5817 = ORIENTED_EDGE('',*,*,#5818,.T.);
#5818 = EDGE_CURVE('',#1085,#3130,#5819,.T.);
#5819 = LINE('',#5820,#5821);
#5820 = CARTESIAN_POINT('',(141.151157,-95.207799,-4.6E-02));
#5821 = VECTOR('',#5822,1.);
#5822 = DIRECTION('',(0.,0.,1.));
#5823 = ORIENTED_EDGE('',*,*,#3129,.F.);
#5824 = ORIENTED_EDGE('',*,*,#5818,.F.);
#5825 = CYLINDRICAL_SURFACE('',#5826,0.5461);
#5826 = AXIS2_PLACEMENT_3D('',#5827,#5828,#5829);
#5827 = CARTESIAN_POINT('',(141.151157,-94.661699,-4.6E-02));
#5828 = DIRECTION('',(-0.,-0.,-1.));
#5829 = DIRECTION('',(-0.,-1.,0.));
#5830 = ADVANCED_FACE('',(#5831),#5842,.F.);
#5831 = FACE_BOUND('',#5832,.T.);
#5832 = EDGE_LOOP('',(#5833,#5834,#5840,#5841));
#5833 = ORIENTED_EDGE('',*,*,#1095,.T.);
#5834 = ORIENTED_EDGE('',*,*,#5835,.T.);
#5835 = EDGE_CURVE('',#1096,#3141,#5836,.T.);
#5836 = LINE('',#5837,#5838);
#5837 = CARTESIAN_POINT('',(141.151157,-92.667799,-4.6E-02));
#5838 = VECTOR('',#5839,1.);
#5839 = DIRECTION('',(0.,0.,1.));
#5840 = ORIENTED_EDGE('',*,*,#3140,.F.);
#5841 = ORIENTED_EDGE('',*,*,#5835,.F.);
#5842 = CYLINDRICAL_SURFACE('',#5843,0.5461);
#5843 = AXIS2_PLACEMENT_3D('',#5844,#5845,#5846);
#5844 = CARTESIAN_POINT('',(141.151157,-92.121699,-4.6E-02));
#5845 = DIRECTION('',(-0.,-0.,-1.));
#5846 = DIRECTION('',(-0.,-1.,0.));
#5847 = ADVANCED_FACE('',(#5848),#5859,.F.);
#5848 = FACE_BOUND('',#5849,.T.);
#5849 = EDGE_LOOP('',(#5850,#5851,#5857,#5858));
#5850 = ORIENTED_EDGE('',*,*,#1106,.T.);
#5851 = ORIENTED_EDGE('',*,*,#5852,.T.);
#5852 = EDGE_CURVE('',#1107,#3152,#5853,.T.);
#5853 = LINE('',#5854,#5855);
#5854 = CARTESIAN_POINT('',(84.830533,-86.295855,-4.6E-02));
#5855 = VECTOR('',#5856,1.);
#5856 = DIRECTION('',(0.,0.,1.));
#5857 = ORIENTED_EDGE('',*,*,#3151,.F.);
#5858 = ORIENTED_EDGE('',*,*,#5852,.F.);
#5859 = CYLINDRICAL_SURFACE('',#5860,2.05);
#5860 = AXIS2_PLACEMENT_3D('',#5861,#5862,#5863);
#5861 = CARTESIAN_POINT('',(84.830533,-84.245855,-4.6E-02));
#5862 = DIRECTION('',(-0.,-0.,-1.));
#5863 = DIRECTION('',(-0.,-1.,0.));
#5864 = ADVANCED_FACE('',(#5865),#5876,.F.);
#5865 = FACE_BOUND('',#5866,.T.);
#5866 = EDGE_LOOP('',(#5867,#5868,#5874,#5875));
#5867 = ORIENTED_EDGE('',*,*,#1117,.T.);
#5868 = ORIENTED_EDGE('',*,*,#5869,.T.);
#5869 = EDGE_CURVE('',#1118,#3163,#5870,.T.);
#5870 = LINE('',#5871,#5872);
#5871 = CARTESIAN_POINT('',(89.817199,-86.165165,-4.6E-02));
#5872 = VECTOR('',#5873,1.);
#5873 = DIRECTION('',(0.,0.,1.));
#5874 = ORIENTED_EDGE('',*,*,#3162,.F.);
#5875 = ORIENTED_EDGE('',*,*,#5869,.F.);
#5876 = CYLINDRICAL_SURFACE('',#5877,0.95);
#5877 = AXIS2_PLACEMENT_3D('',#5878,#5879,#5880);
#5878 = CARTESIAN_POINT('',(89.817199,-85.215165,-4.6E-02));
#5879 = DIRECTION('',(-0.,-0.,-1.));
#5880 = DIRECTION('',(-0.,-1.,0.));
#5881 = ADVANCED_FACE('',(#5882),#5893,.F.);
#5882 = FACE_BOUND('',#5883,.T.);
#5883 = EDGE_LOOP('',(#5884,#5885,#5891,#5892));
#5884 = ORIENTED_EDGE('',*,*,#1128,.T.);
#5885 = ORIENTED_EDGE('',*,*,#5886,.T.);
#5886 = EDGE_CURVE('',#1129,#3174,#5887,.T.);
#5887 = LINE('',#5888,#5889);
#5888 = CARTESIAN_POINT('',(88.293176,-81.243844,-4.6E-02));
#5889 = VECTOR('',#5890,1.);
#5890 = DIRECTION('',(0.,0.,1.));
#5891 = ORIENTED_EDGE('',*,*,#3173,.F.);
#5892 = ORIENTED_EDGE('',*,*,#5886,.F.);
#5893 = CYLINDRICAL_SURFACE('',#5894,1.5);
#5894 = AXIS2_PLACEMENT_3D('',#5895,#5896,#5897);
#5895 = CARTESIAN_POINT('',(88.293176,-79.743844,-4.6E-02));
#5896 = DIRECTION('',(-0.,-0.,-1.));
#5897 = DIRECTION('',(-0.,-1.,0.));
#5898 = ADVANCED_FACE('',(#5899),#5910,.F.);
#5899 = FACE_BOUND('',#5900,.T.);
#5900 = EDGE_LOOP('',(#5901,#5902,#5908,#5909));
#5901 = ORIENTED_EDGE('',*,*,#1139,.T.);
#5902 = ORIENTED_EDGE('',*,*,#5903,.T.);
#5903 = EDGE_CURVE('',#1140,#3185,#5904,.T.);
#5904 = LINE('',#5905,#5906);
#5905 = CARTESIAN_POINT('',(110.757823,-78.011009,-4.6E-02));
#5906 = VECTOR('',#5907,1.);
#5907 = DIRECTION('',(0.,0.,1.));
#5908 = ORIENTED_EDGE('',*,*,#3184,.F.);
#5909 = ORIENTED_EDGE('',*,*,#5903,.F.);
#5910 = CYLINDRICAL_SURFACE('',#5911,0.95);
#5911 = AXIS2_PLACEMENT_3D('',#5912,#5913,#5914);
#5912 = CARTESIAN_POINT('',(110.757823,-77.061009,-4.6E-02));
#5913 = DIRECTION('',(-0.,-0.,-1.));
#5914 = DIRECTION('',(-0.,-1.,0.));
#5915 = ADVANCED_FACE('',(#5916),#5927,.F.);
#5916 = FACE_BOUND('',#5917,.T.);
#5917 = EDGE_LOOP('',(#5918,#5919,#5925,#5926));
#5918 = ORIENTED_EDGE('',*,*,#1150,.T.);
#5919 = ORIENTED_EDGE('',*,*,#5920,.T.);
#5920 = EDGE_CURVE('',#1151,#3196,#5921,.T.);
#5921 = LINE('',#5922,#5923);
#5922 = CARTESIAN_POINT('',(100.784491,-76.072389,-4.6E-02));
#5923 = VECTOR('',#5924,1.);
#5924 = DIRECTION('',(0.,0.,1.));
#5925 = ORIENTED_EDGE('',*,*,#3195,.F.);
#5926 = ORIENTED_EDGE('',*,*,#5920,.F.);
#5927 = CYLINDRICAL_SURFACE('',#5928,0.95);
#5928 = AXIS2_PLACEMENT_3D('',#5929,#5930,#5931);
#5929 = CARTESIAN_POINT('',(100.784491,-75.122389,-4.6E-02));
#5930 = DIRECTION('',(-0.,-0.,-1.));
#5931 = DIRECTION('',(-0.,-1.,0.));
#5932 = ADVANCED_FACE('',(#5933),#5944,.F.);
#5933 = FACE_BOUND('',#5934,.T.);
#5934 = EDGE_LOOP('',(#5935,#5936,#5942,#5943));
#5935 = ORIENTED_EDGE('',*,*,#1161,.T.);
#5936 = ORIENTED_EDGE('',*,*,#5937,.T.);
#5937 = EDGE_CURVE('',#1162,#3207,#5938,.T.);
#5938 = LINE('',#5939,#5940);
#5939 = CARTESIAN_POINT('',(105.771157,-78.141699,-4.6E-02));
#5940 = VECTOR('',#5941,1.);
#5941 = DIRECTION('',(0.,0.,1.));
#5942 = ORIENTED_EDGE('',*,*,#3206,.F.);
#5943 = ORIENTED_EDGE('',*,*,#5937,.F.);
#5944 = CYLINDRICAL_SURFACE('',#5945,2.05);
#5945 = AXIS2_PLACEMENT_3D('',#5946,#5947,#5948);
#5946 = CARTESIAN_POINT('',(105.771157,-76.091699,-4.6E-02));
#5947 = DIRECTION('',(-0.,-0.,-1.));
#5948 = DIRECTION('',(-0.,-1.,0.));
#5949 = ADVANCED_FACE('',(#5950),#5961,.F.);
#5950 = FACE_BOUND('',#5951,.T.);
#5951 = EDGE_LOOP('',(#5952,#5953,#5959,#5960));
#5952 = ORIENTED_EDGE('',*,*,#1172,.T.);
#5953 = ORIENTED_EDGE('',*,*,#5954,.T.);
#5954 = EDGE_CURVE('',#1173,#3218,#5955,.T.);
#5955 = LINE('',#5956,#5957);
#5956 = CARTESIAN_POINT('',(35.295517,-67.926848,-4.6E-02));
#5957 = VECTOR('',#5958,1.);
#5958 = DIRECTION('',(0.,0.,1.));
#5959 = ORIENTED_EDGE('',*,*,#3217,.F.);
#5960 = ORIENTED_EDGE('',*,*,#5954,.F.);
#5961 = CYLINDRICAL_SURFACE('',#5962,0.95);
#5962 = AXIS2_PLACEMENT_3D('',#5963,#5964,#5965);
#5963 = CARTESIAN_POINT('',(35.295517,-66.976848,-4.6E-02));
#5964 = DIRECTION('',(-0.,-0.,-1.));
#5965 = DIRECTION('',(-7.479397218527E-15,-1.,0.));
#5966 = ADVANCED_FACE('',(#5967),#5978,.F.);
#5967 = FACE_BOUND('',#5968,.T.);
#5968 = EDGE_LOOP('',(#5969,#5970,#5976,#5977));
#5969 = ORIENTED_EDGE('',*,*,#1183,.T.);
#5970 = ORIENTED_EDGE('',*,*,#5971,.T.);
#5971 = EDGE_CURVE('',#1184,#3229,#5972,.T.);
#5972 = LINE('',#5973,#5974);
#5973 = CARTESIAN_POINT('',(44.464164,-74.293171,-4.6E-02));
#5974 = VECTOR('',#5975,1.);
#5975 = DIRECTION('',(0.,0.,1.));
#5976 = ORIENTED_EDGE('',*,*,#3228,.F.);
#5977 = ORIENTED_EDGE('',*,*,#5971,.F.);
#5978 = CYLINDRICAL_SURFACE('',#5979,1.5);
#5979 = AXIS2_PLACEMENT_3D('',#5980,#5981,#5982);
#5980 = CARTESIAN_POINT('',(44.464164,-72.793171,-4.6E-02));
#5981 = DIRECTION('',(-0.,-0.,-1.));
#5982 = DIRECTION('',(-0.,-1.,0.));
#5983 = ADVANCED_FACE('',(#5984),#5995,.F.);
#5984 = FACE_BOUND('',#5985,.T.);
#5985 = EDGE_LOOP('',(#5986,#5987,#5993,#5994));
#5986 = ORIENTED_EDGE('',*,*,#1194,.T.);
#5987 = ORIENTED_EDGE('',*,*,#5988,.T.);
#5988 = EDGE_CURVE('',#1195,#3240,#5989,.T.);
#5989 = LINE('',#5990,#5991);
#5990 = CARTESIAN_POINT('',(51.182152,-73.011475,-4.6E-02));
#5991 = VECTOR('',#5992,1.);
#5992 = DIRECTION('',(0.,0.,1.));
#5993 = ORIENTED_EDGE('',*,*,#3239,.F.);
#5994 = ORIENTED_EDGE('',*,*,#5988,.F.);
#5995 = CYLINDRICAL_SURFACE('',#5996,1.5);
#5996 = AXIS2_PLACEMENT_3D('',#5997,#5998,#5999);
#5997 = CARTESIAN_POINT('',(51.182152,-71.511475,-4.6E-02));
#5998 = DIRECTION('',(-0.,-0.,-1.));
#5999 = DIRECTION('',(-0.,-1.,0.));
#6000 = ADVANCED_FACE('',(#6001),#6012,.F.);
#6001 = FACE_BOUND('',#6002,.T.);
#6002 = EDGE_LOOP('',(#6003,#6004,#6010,#6011));
#6003 = ORIENTED_EDGE('',*,*,#1205,.T.);
#6004 = ORIENTED_EDGE('',*,*,#6005,.T.);
#6005 = EDGE_CURVE('',#1206,#3251,#6006,.T.);
#6006 = LINE('',#6007,#6008);
#6007 = CARTESIAN_POINT('',(25.322185,-65.988228,-4.6E-02));
#6008 = VECTOR('',#6009,1.);
#6009 = DIRECTION('',(0.,0.,1.));
#6010 = ORIENTED_EDGE('',*,*,#3250,.F.);
#6011 = ORIENTED_EDGE('',*,*,#6005,.F.);
#6012 = CYLINDRICAL_SURFACE('',#6013,0.95);
#6013 = AXIS2_PLACEMENT_3D('',#6014,#6015,#6016);
#6014 = CARTESIAN_POINT('',(25.322185,-65.038228,-4.6E-02));
#6015 = DIRECTION('',(-0.,-0.,-1.));
#6016 = DIRECTION('',(-0.,-1.,0.));
#6017 = ADVANCED_FACE('',(#6018),#6029,.F.);
#6018 = FACE_BOUND('',#6019,.T.);
#6019 = EDGE_LOOP('',(#6020,#6021,#6027,#6028));
#6020 = ORIENTED_EDGE('',*,*,#1216,.T.);
#6021 = ORIENTED_EDGE('',*,*,#6022,.T.);
#6022 = EDGE_CURVE('',#1217,#3262,#6023,.T.);
#6023 = LINE('',#6024,#6025);
#6024 = CARTESIAN_POINT('',(30.308851,-68.057538,-4.6E-02));
#6025 = VECTOR('',#6026,1.);
#6026 = DIRECTION('',(0.,0.,1.));
#6027 = ORIENTED_EDGE('',*,*,#3261,.F.);
#6028 = ORIENTED_EDGE('',*,*,#6022,.F.);
#6029 = CYLINDRICAL_SURFACE('',#6030,2.05);
#6030 = AXIS2_PLACEMENT_3D('',#6031,#6032,#6033);
#6031 = CARTESIAN_POINT('',(30.308851,-66.007538,-4.6E-02));
#6032 = DIRECTION('',(-0.,-0.,-1.));
#6033 = DIRECTION('',(-0.,-1.,0.));
#6034 = ADVANCED_FACE('',(#6035),#6046,.F.);
#6035 = FACE_BOUND('',#6036,.T.);
#6036 = EDGE_LOOP('',(#6037,#6038,#6044,#6045));
#6037 = ORIENTED_EDGE('',*,*,#1227,.T.);
#6038 = ORIENTED_EDGE('',*,*,#6039,.T.);
#6039 = EDGE_CURVE('',#1228,#3273,#6040,.T.);
#6040 = LINE('',#6041,#6042);
#6041 = CARTESIAN_POINT('',(27.053506,-64.287223,-4.6E-02));
#6042 = VECTOR('',#6043,1.);
#6043 = DIRECTION('',(0.,0.,1.));
#6044 = ORIENTED_EDGE('',*,*,#3272,.F.);
#6045 = ORIENTED_EDGE('',*,*,#6039,.F.);
#6046 = CYLINDRICAL_SURFACE('',#6047,1.5);
#6047 = AXIS2_PLACEMENT_3D('',#6048,#6049,#6050);
#6048 = CARTESIAN_POINT('',(27.053506,-62.787223,-4.6E-02));
#6049 = DIRECTION('',(-0.,-0.,-1.));
#6050 = DIRECTION('',(-0.,-1.,0.));
#6051 = ADVANCED_FACE('',(#6052),#6063,.F.);
#6052 = FACE_BOUND('',#6053,.T.);
#6053 = EDGE_LOOP('',(#6054,#6055,#6061,#6062));
#6054 = ORIENTED_EDGE('',*,*,#1238,.T.);
#6055 = ORIENTED_EDGE('',*,*,#6056,.T.);
#6056 = EDGE_CURVE('',#1239,#3284,#6057,.T.);
#6057 = LINE('',#6058,#6059);
#6058 = CARTESIAN_POINT('',(33.771494,-63.005527,-4.6E-02));
#6059 = VECTOR('',#6060,1.);
#6060 = DIRECTION('',(0.,0.,1.));
#6061 = ORIENTED_EDGE('',*,*,#3283,.F.);
#6062 = ORIENTED_EDGE('',*,*,#6056,.F.);
#6063 = CYLINDRICAL_SURFACE('',#6064,1.5);
#6064 = AXIS2_PLACEMENT_3D('',#6065,#6066,#6067);
#6065 = CARTESIAN_POINT('',(33.771494,-61.505527,-4.6E-02));
#6066 = DIRECTION('',(-0.,-0.,-1.));
#6067 = DIRECTION('',(-0.,-1.,0.));
#6068 = ADVANCED_FACE('',(#6069),#6080,.F.);
#6069 = FACE_BOUND('',#6070,.T.);
#6070 = EDGE_LOOP('',(#6071,#6072,#6078,#6079));
#6071 = ORIENTED_EDGE('',*,*,#1249,.T.);
#6072 = ORIENTED_EDGE('',*,*,#6073,.T.);
#6073 = EDGE_CURVE('',#1250,#3295,#6074,.T.);
#6074 = LINE('',#6075,#6076);
#6075 = CARTESIAN_POINT('',(62.585856,-73.435295,-4.6E-02));
#6076 = VECTOR('',#6077,1.);
#6077 = DIRECTION('',(0.,0.,1.));
#6078 = ORIENTED_EDGE('',*,*,#3294,.F.);
#6079 = ORIENTED_EDGE('',*,*,#6073,.F.);
#6080 = CYLINDRICAL_SURFACE('',#6081,0.95);
#6081 = AXIS2_PLACEMENT_3D('',#6082,#6083,#6084);
#6082 = CARTESIAN_POINT('',(62.585856,-72.485295,-4.6E-02));
#6083 = DIRECTION('',(-0.,-0.,-1.));
#6084 = DIRECTION('',(-0.,-1.,0.));
#6085 = ADVANCED_FACE('',(#6086),#6097,.F.);
#6086 = FACE_BOUND('',#6087,.T.);
#6087 = EDGE_LOOP('',(#6088,#6089,#6095,#6096));
#6088 = ORIENTED_EDGE('',*,*,#1260,.T.);
#6089 = ORIENTED_EDGE('',*,*,#6090,.T.);
#6090 = EDGE_CURVE('',#1261,#3306,#6091,.T.);
#6091 = LINE('',#6092,#6093);
#6092 = CARTESIAN_POINT('',(64.317177,-71.73429,-4.6E-02));
#6093 = VECTOR('',#6094,1.);
#6094 = DIRECTION('',(0.,0.,1.));
#6095 = ORIENTED_EDGE('',*,*,#3305,.F.);
#6096 = ORIENTED_EDGE('',*,*,#6090,.F.);
#6097 = CYLINDRICAL_SURFACE('',#6098,1.5);
#6098 = AXIS2_PLACEMENT_3D('',#6099,#6100,#6101);
#6099 = CARTESIAN_POINT('',(64.317177,-70.23429,-4.6E-02));
#6100 = DIRECTION('',(-0.,-0.,-1.));
#6101 = DIRECTION('',(-0.,-1.,0.));
#6102 = ADVANCED_FACE('',(#6103),#6114,.F.);
#6103 = FACE_BOUND('',#6104,.T.);
#6104 = EDGE_LOOP('',(#6105,#6106,#6112,#6113));
#6105 = ORIENTED_EDGE('',*,*,#1271,.T.);
#6106 = ORIENTED_EDGE('',*,*,#6107,.T.);
#6107 = EDGE_CURVE('',#1272,#3317,#6108,.T.);
#6108 = LINE('',#6109,#6110);
#6109 = CARTESIAN_POINT('',(71.035165,-70.452594,-4.6E-02));
#6110 = VECTOR('',#6111,1.);
#6111 = DIRECTION('',(0.,0.,1.));
#6112 = ORIENTED_EDGE('',*,*,#3316,.F.);
#6113 = ORIENTED_EDGE('',*,*,#6107,.F.);
#6114 = CYLINDRICAL_SURFACE('',#6115,1.5);
#6115 = AXIS2_PLACEMENT_3D('',#6116,#6117,#6118);
#6116 = CARTESIAN_POINT('',(71.035165,-68.952594,-4.6E-02));
#6117 = DIRECTION('',(-0.,-0.,-1.));
#6118 = DIRECTION('',(-0.,-1.,0.));
#6119 = ADVANCED_FACE('',(#6120),#6131,.F.);
#6120 = FACE_BOUND('',#6121,.T.);
#6121 = EDGE_LOOP('',(#6122,#6123,#6129,#6130));
#6122 = ORIENTED_EDGE('',*,*,#1282,.T.);
#6123 = ORIENTED_EDGE('',*,*,#6124,.T.);
#6124 = EDGE_CURVE('',#1283,#3328,#6125,.T.);
#6125 = LINE('',#6126,#6127);
#6126 = CARTESIAN_POINT('',(83.469238,-65.575628,-4.6E-02));
#6127 = VECTOR('',#6128,1.);
#6128 = DIRECTION('',(0.,0.,1.));
#6129 = ORIENTED_EDGE('',*,*,#3327,.F.);
#6130 = ORIENTED_EDGE('',*,*,#6124,.F.);
#6131 = CYLINDRICAL_SURFACE('',#6132,0.95);
#6132 = AXIS2_PLACEMENT_3D('',#6133,#6134,#6135);
#6133 = CARTESIAN_POINT('',(83.469238,-64.625628,-4.6E-02));
#6134 = DIRECTION('',(-0.,-0.,-1.));
#6135 = DIRECTION('',(-0.,-1.,0.));
#6136 = ADVANCED_FACE('',(#6137),#6148,.F.);
#6137 = FACE_BOUND('',#6138,.T.);
#6138 = EDGE_LOOP('',(#6139,#6140,#6146,#6147));
#6139 = ORIENTED_EDGE('',*,*,#1293,.T.);
#6140 = ORIENTED_EDGE('',*,*,#6141,.T.);
#6141 = EDGE_CURVE('',#1294,#3339,#6142,.T.);
#6142 = LINE('',#6143,#6144);
#6143 = CARTESIAN_POINT('',(51.34488,-59.412569,-4.6E-02));
#6144 = VECTOR('',#6145,1.);
#6145 = DIRECTION('',(0.,0.,1.));
#6146 = ORIENTED_EDGE('',*,*,#3338,.F.);
#6147 = ORIENTED_EDGE('',*,*,#6141,.F.);
#6148 = CYLINDRICAL_SURFACE('',#6149,2.05);
#6149 = AXIS2_PLACEMENT_3D('',#6150,#6151,#6152);
#6150 = CARTESIAN_POINT('',(51.34488,-57.362569,-4.6E-02));
#6151 = DIRECTION('',(-0.,-0.,-1.));
#6152 = DIRECTION('',(-0.,-1.,0.));
#6153 = ADVANCED_FACE('',(#6154),#6165,.F.);
#6154 = FACE_BOUND('',#6155,.T.);
#6155 = EDGE_LOOP('',(#6156,#6157,#6163,#6164));
#6156 = ORIENTED_EDGE('',*,*,#1304,.T.);
#6157 = ORIENTED_EDGE('',*,*,#6158,.T.);
#6158 = EDGE_CURVE('',#1305,#3350,#6159,.T.);
#6159 = LINE('',#6160,#6161);
#6160 = CARTESIAN_POINT('',(46.358214,-57.343259,-4.6E-02));
#6161 = VECTOR('',#6162,1.);
#6162 = DIRECTION('',(0.,0.,1.));
#6163 = ORIENTED_EDGE('',*,*,#3349,.F.);
#6164 = ORIENTED_EDGE('',*,*,#6158,.F.);
#6165 = CYLINDRICAL_SURFACE('',#6166,0.95);
#6166 = AXIS2_PLACEMENT_3D('',#6167,#6168,#6169);
#6167 = CARTESIAN_POINT('',(46.358214,-56.393259,-4.6E-02));
#6168 = DIRECTION('',(-0.,-0.,-1.));
#6169 = DIRECTION('',(-7.479397218527E-15,-1.,0.));
#6170 = ADVANCED_FACE('',(#6171),#6182,.F.);
#6171 = FACE_BOUND('',#6172,.T.);
#6172 = EDGE_LOOP('',(#6173,#6174,#6180,#6181));
#6173 = ORIENTED_EDGE('',*,*,#1315,.T.);
#6174 = ORIENTED_EDGE('',*,*,#6175,.T.);
#6175 = EDGE_CURVE('',#1316,#3361,#6176,.T.);
#6176 = LINE('',#6177,#6178);
#6177 = CARTESIAN_POINT('',(48.089535,-55.642254,-4.6E-02));
#6178 = VECTOR('',#6179,1.);
#6179 = DIRECTION('',(0.,0.,1.));
#6180 = ORIENTED_EDGE('',*,*,#3360,.F.);
#6181 = ORIENTED_EDGE('',*,*,#6175,.F.);
#6182 = CYLINDRICAL_SURFACE('',#6183,1.5);
#6183 = AXIS2_PLACEMENT_3D('',#6184,#6185,#6186);
#6184 = CARTESIAN_POINT('',(48.089535,-54.142254,-4.6E-02));
#6185 = DIRECTION('',(-0.,-0.,-1.));
#6186 = DIRECTION('',(-0.,-1.,0.));
#6187 = ADVANCED_FACE('',(#6188),#6199,.F.);
#6188 = FACE_BOUND('',#6189,.T.);
#6189 = EDGE_LOOP('',(#6190,#6191,#6197,#6198));
#6190 = ORIENTED_EDGE('',*,*,#1326,.T.);
#6191 = ORIENTED_EDGE('',*,*,#6192,.T.);
#6192 = EDGE_CURVE('',#1327,#3372,#6193,.T.);
#6193 = LINE('',#6194,#6195);
#6194 = CARTESIAN_POINT('',(56.331546,-59.281879,-4.6E-02));
#6195 = VECTOR('',#6196,1.);
#6196 = DIRECTION('',(0.,0.,1.));
#6197 = ORIENTED_EDGE('',*,*,#3371,.F.);
#6198 = ORIENTED_EDGE('',*,*,#6192,.F.);
#6199 = CYLINDRICAL_SURFACE('',#6200,0.95);
#6200 = AXIS2_PLACEMENT_3D('',#6201,#6202,#6203);
#6201 = CARTESIAN_POINT('',(56.331546,-58.331879,-4.6E-02));
#6202 = DIRECTION('',(-0.,-0.,-1.));
#6203 = DIRECTION('',(-0.,-1.,0.));
#6204 = ADVANCED_FACE('',(#6205),#6216,.F.);
#6205 = FACE_BOUND('',#6206,.T.);
#6206 = EDGE_LOOP('',(#6207,#6208,#6214,#6215));
#6207 = ORIENTED_EDGE('',*,*,#1337,.T.);
#6208 = ORIENTED_EDGE('',*,*,#6209,.T.);
#6209 = EDGE_CURVE('',#1338,#3383,#6210,.T.);
#6210 = LINE('',#6211,#6212);
#6211 = CARTESIAN_POINT('',(76.184559,-56.722999,-4.6E-02));
#6212 = VECTOR('',#6213,1.);
#6213 = DIRECTION('',(0.,0.,1.));
#6214 = ORIENTED_EDGE('',*,*,#3382,.F.);
#6215 = ORIENTED_EDGE('',*,*,#6209,.F.);
#6216 = CYLINDRICAL_SURFACE('',#6217,0.95);
#6217 = AXIS2_PLACEMENT_3D('',#6218,#6219,#6220);
#6218 = CARTESIAN_POINT('',(76.184559,-55.772999,-4.6E-02));
#6219 = DIRECTION('',(-0.,-0.,-1.));
#6220 = DIRECTION('',(-1.495879443705E-14,-1.,0.));
#6221 = ADVANCED_FACE('',(#6222),#6233,.F.);
#6222 = FACE_BOUND('',#6223,.T.);
#6223 = EDGE_LOOP('',(#6224,#6225,#6231,#6232));
#6224 = ORIENTED_EDGE('',*,*,#1348,.T.);
#6225 = ORIENTED_EDGE('',*,*,#6226,.T.);
#6226 = EDGE_CURVE('',#1349,#3394,#6227,.T.);
#6227 = LINE('',#6228,#6229);
#6228 = CARTESIAN_POINT('',(71.197893,-56.853689,-4.6E-02));
#6229 = VECTOR('',#6230,1.);
#6230 = DIRECTION('',(0.,0.,1.));
#6231 = ORIENTED_EDGE('',*,*,#3393,.F.);
#6232 = ORIENTED_EDGE('',*,*,#6226,.F.);
#6233 = CYLINDRICAL_SURFACE('',#6234,2.05);
#6234 = AXIS2_PLACEMENT_3D('',#6235,#6236,#6237);
#6235 = CARTESIAN_POINT('',(71.197893,-54.803689,-4.6E-02));
#6236 = DIRECTION('',(-0.,-0.,-1.));
#6237 = DIRECTION('',(-0.,-1.,0.));
#6238 = ADVANCED_FACE('',(#6239),#6250,.F.);
#6239 = FACE_BOUND('',#6240,.T.);
#6240 = EDGE_LOOP('',(#6241,#6242,#6248,#6249));
#6241 = ORIENTED_EDGE('',*,*,#1359,.T.);
#6242 = ORIENTED_EDGE('',*,*,#6243,.T.);
#6243 = EDGE_CURVE('',#1360,#3405,#6244,.T.);
#6244 = LINE('',#6245,#6246);
#6245 = CARTESIAN_POINT('',(54.807523,-54.360558,-4.6E-02));
#6246 = VECTOR('',#6247,1.);
#6247 = DIRECTION('',(0.,0.,1.));
#6248 = ORIENTED_EDGE('',*,*,#3404,.F.);
#6249 = ORIENTED_EDGE('',*,*,#6243,.F.);
#6250 = CYLINDRICAL_SURFACE('',#6251,1.5);
#6251 = AXIS2_PLACEMENT_3D('',#6252,#6253,#6254);
#6252 = CARTESIAN_POINT('',(54.807523,-52.860558,-4.6E-02));
#6253 = DIRECTION('',(-0.,-0.,-1.));
#6254 = DIRECTION('',(-0.,-1.,0.));
#6255 = ADVANCED_FACE('',(#6256),#6267,.F.);
#6256 = FACE_BOUND('',#6257,.T.);
#6257 = EDGE_LOOP('',(#6258,#6259,#6265,#6266));
#6258 = ORIENTED_EDGE('',*,*,#1370,.T.);
#6259 = ORIENTED_EDGE('',*,*,#6260,.T.);
#6260 = EDGE_CURVE('',#1371,#3416,#6261,.T.);
#6261 = LINE('',#6262,#6263);
#6262 = CARTESIAN_POINT('',(66.211227,-54.784379,-4.6E-02));
#6263 = VECTOR('',#6264,1.);
#6264 = DIRECTION('',(0.,0.,1.));
#6265 = ORIENTED_EDGE('',*,*,#3415,.F.);
#6266 = ORIENTED_EDGE('',*,*,#6260,.F.);
#6267 = CYLINDRICAL_SURFACE('',#6268,0.95);
#6268 = AXIS2_PLACEMENT_3D('',#6269,#6270,#6271);
#6269 = CARTESIAN_POINT('',(66.211227,-53.834379,-4.6E-02));
#6270 = DIRECTION('',(-0.,-0.,-1.));
#6271 = DIRECTION('',(-1.495879443705E-14,-1.,0.));
#6272 = ADVANCED_FACE('',(#6273),#6284,.F.);
#6273 = FACE_BOUND('',#6274,.T.);
#6274 = EDGE_LOOP('',(#6275,#6276,#6282,#6283));
#6275 = ORIENTED_EDGE('',*,*,#1381,.T.);
#6276 = ORIENTED_EDGE('',*,*,#6277,.T.);
#6277 = EDGE_CURVE('',#1382,#3427,#6278,.T.);
#6278 = LINE('',#6279,#6280);
#6279 = CARTESIAN_POINT('',(67.942548,-53.083374,-4.6E-02));
#6280 = VECTOR('',#6281,1.);
#6281 = DIRECTION('',(0.,0.,1.));
#6282 = ORIENTED_EDGE('',*,*,#3426,.F.);
#6283 = ORIENTED_EDGE('',*,*,#6277,.F.);
#6284 = CYLINDRICAL_SURFACE('',#6285,1.5);
#6285 = AXIS2_PLACEMENT_3D('',#6286,#6287,#6288);
#6286 = CARTESIAN_POINT('',(67.942548,-51.583374,-4.6E-02));
#6287 = DIRECTION('',(-0.,-0.,-1.));
#6288 = DIRECTION('',(-0.,-1.,0.));
#6289 = ADVANCED_FACE('',(#6290),#6301,.F.);
#6290 = FACE_BOUND('',#6291,.T.);
#6291 = EDGE_LOOP('',(#6292,#6293,#6299,#6300));
#6292 = ORIENTED_EDGE('',*,*,#1392,.T.);
#6293 = ORIENTED_EDGE('',*,*,#6294,.T.);
#6294 = EDGE_CURVE('',#1393,#3438,#6295,.T.);
#6295 = LINE('',#6296,#6297);
#6296 = CARTESIAN_POINT('',(74.660536,-51.801678,-4.6E-02));
#6297 = VECTOR('',#6298,1.);
#6298 = DIRECTION('',(0.,0.,1.));
#6299 = ORIENTED_EDGE('',*,*,#3437,.F.);
#6300 = ORIENTED_EDGE('',*,*,#6294,.F.);
#6301 = CYLINDRICAL_SURFACE('',#6302,1.5);
#6302 = AXIS2_PLACEMENT_3D('',#6303,#6304,#6305);
#6303 = CARTESIAN_POINT('',(74.660536,-50.301678,-4.6E-02));
#6304 = DIRECTION('',(-0.,-0.,-1.));
#6305 = DIRECTION('',(-0.,-1.,0.));
#6306 = ADVANCED_FACE('',(#6307),#6318,.F.);
#6307 = FACE_BOUND('',#6308,.T.);
#6308 = EDGE_LOOP('',(#6309,#6310,#6316,#6317));
#6309 = ORIENTED_EDGE('',*,*,#1403,.T.);
#6310 = ORIENTED_EDGE('',*,*,#6311,.T.);
#6311 = EDGE_CURVE('',#1404,#3449,#6312,.T.);
#6312 = LINE('',#6313,#6314);
#6313 = CARTESIAN_POINT('',(102.515812,-74.371384,-4.6E-02));
#6314 = VECTOR('',#6315,1.);
#6315 = DIRECTION('',(0.,0.,1.));
#6316 = ORIENTED_EDGE('',*,*,#3448,.F.);
#6317 = ORIENTED_EDGE('',*,*,#6311,.F.);
#6318 = CYLINDRICAL_SURFACE('',#6319,1.5);
#6319 = AXIS2_PLACEMENT_3D('',#6320,#6321,#6322);
#6320 = CARTESIAN_POINT('',(102.515812,-72.871384,-4.6E-02));
#6321 = DIRECTION('',(-0.,-0.,-1.));
#6322 = DIRECTION('',(-0.,-1.,0.));
#6323 = ADVANCED_FACE('',(#6324),#6335,.F.);
#6324 = FACE_BOUND('',#6325,.T.);
#6325 = EDGE_LOOP('',(#6326,#6327,#6333,#6334));
#6326 = ORIENTED_EDGE('',*,*,#1414,.T.);
#6327 = ORIENTED_EDGE('',*,*,#6328,.T.);
#6328 = EDGE_CURVE('',#1415,#3460,#6329,.T.);
#6329 = LINE('',#6330,#6331);
#6330 = CARTESIAN_POINT('',(109.2338,-73.089688,-4.6E-02));
#6331 = VECTOR('',#6332,1.);
#6332 = DIRECTION('',(0.,0.,1.));
#6333 = ORIENTED_EDGE('',*,*,#3459,.F.);
#6334 = ORIENTED_EDGE('',*,*,#6328,.F.);
#6335 = CYLINDRICAL_SURFACE('',#6336,1.5);
#6336 = AXIS2_PLACEMENT_3D('',#6337,#6338,#6339);
#6337 = CARTESIAN_POINT('',(109.2338,-71.589688,-4.6E-02));
#6338 = DIRECTION('',(-0.,-0.,-1.));
#6339 = DIRECTION('',(-0.,-1.,0.));
#6340 = ADVANCED_FACE('',(#6341),#6352,.F.);
#6341 = FACE_BOUND('',#6342,.T.);
#6342 = EDGE_LOOP('',(#6343,#6344,#6350,#6351));
#6343 = ORIENTED_EDGE('',*,*,#1425,.T.);
#6344 = ORIENTED_EDGE('',*,*,#6345,.T.);
#6345 = EDGE_CURVE('',#1426,#3471,#6346,.T.);
#6346 = LINE('',#6347,#6348);
#6347 = CARTESIAN_POINT('',(88.455904,-67.644938,-4.6E-02));
#6348 = VECTOR('',#6349,1.);
#6349 = DIRECTION('',(0.,0.,1.));
#6350 = ORIENTED_EDGE('',*,*,#3470,.F.);
#6351 = ORIENTED_EDGE('',*,*,#6345,.F.);
#6352 = CYLINDRICAL_SURFACE('',#6353,2.05);
#6353 = AXIS2_PLACEMENT_3D('',#6354,#6355,#6356);
#6354 = CARTESIAN_POINT('',(88.455904,-65.594938,-4.6E-02));
#6355 = DIRECTION('',(-0.,-0.,-1.));
#6356 = DIRECTION('',(-0.,-1.,0.));
#6357 = ADVANCED_FACE('',(#6358),#6369,.F.);
#6358 = FACE_BOUND('',#6359,.T.);
#6359 = EDGE_LOOP('',(#6360,#6361,#6367,#6368));
#6360 = ORIENTED_EDGE('',*,*,#1436,.T.);
#6361 = ORIENTED_EDGE('',*,*,#6362,.T.);
#6362 = EDGE_CURVE('',#1437,#3482,#6363,.T.);
#6363 = LINE('',#6364,#6365);
#6364 = CARTESIAN_POINT('',(93.44257,-67.514248,-4.6E-02));
#6365 = VECTOR('',#6366,1.);
#6366 = DIRECTION('',(0.,0.,1.));
#6367 = ORIENTED_EDGE('',*,*,#3481,.F.);
#6368 = ORIENTED_EDGE('',*,*,#6362,.F.);
#6369 = CYLINDRICAL_SURFACE('',#6370,0.95);
#6370 = AXIS2_PLACEMENT_3D('',#6371,#6372,#6373);
#6371 = CARTESIAN_POINT('',(93.44257,-66.564248,-4.6E-02));
#6372 = DIRECTION('',(-0.,-0.,-1.));
#6373 = DIRECTION('',(-0.,-1.,0.));
#6374 = ADVANCED_FACE('',(#6375),#6386,.F.);
#6375 = FACE_BOUND('',#6376,.T.);
#6376 = EDGE_LOOP('',(#6377,#6378,#6384,#6385));
#6377 = ORIENTED_EDGE('',*,*,#1447,.T.);
#6378 = ORIENTED_EDGE('',*,*,#6379,.T.);
#6379 = EDGE_CURVE('',#1448,#3493,#6380,.T.);
#6380 = LINE('',#6381,#6382);
#6381 = CARTESIAN_POINT('',(85.200559,-63.874623,-4.6E-02));
#6382 = VECTOR('',#6383,1.);
#6383 = DIRECTION('',(0.,0.,1.));
#6384 = ORIENTED_EDGE('',*,*,#3492,.F.);
#6385 = ORIENTED_EDGE('',*,*,#6379,.F.);
#6386 = CYLINDRICAL_SURFACE('',#6387,1.5);
#6387 = AXIS2_PLACEMENT_3D('',#6388,#6389,#6390);
#6388 = CARTESIAN_POINT('',(85.200559,-62.374623,-4.6E-02));
#6389 = DIRECTION('',(-0.,-0.,-1.));
#6390 = DIRECTION('',(-0.,-1.,0.));
#6391 = ADVANCED_FACE('',(#6392),#6403,.F.);
#6392 = FACE_BOUND('',#6393,.T.);
#6393 = EDGE_LOOP('',(#6394,#6395,#6401,#6402));
#6394 = ORIENTED_EDGE('',*,*,#1458,.T.);
#6395 = ORIENTED_EDGE('',*,*,#6396,.T.);
#6396 = EDGE_CURVE('',#1459,#3504,#6397,.T.);
#6397 = LINE('',#6398,#6399);
#6398 = CARTESIAN_POINT('',(91.918547,-62.592927,-4.6E-02));
#6399 = VECTOR('',#6400,1.);
#6400 = DIRECTION('',(0.,0.,1.));
#6401 = ORIENTED_EDGE('',*,*,#3503,.F.);
#6402 = ORIENTED_EDGE('',*,*,#6396,.F.);
#6403 = CYLINDRICAL_SURFACE('',#6404,1.5);
#6404 = AXIS2_PLACEMENT_3D('',#6405,#6406,#6407);
#6405 = CARTESIAN_POINT('',(91.918547,-61.092927,-4.6E-02));
#6406 = DIRECTION('',(-0.,-0.,-1.));
#6407 = DIRECTION('',(-0.,-1.,0.));
#6408 = ADVANCED_FACE('',(#6409),#6420,.F.);
#6409 = FACE_BOUND('',#6410,.T.);
#6410 = EDGE_LOOP('',(#6411,#6412,#6418,#6419));
#6411 = ORIENTED_EDGE('',*,*,#1469,.T.);
#6412 = ORIENTED_EDGE('',*,*,#6413,.T.);
#6413 = EDGE_CURVE('',#1470,#3515,#6414,.T.);
#6414 = LINE('',#6415,#6416);
#6415 = CARTESIAN_POINT('',(156.391157,-97.747799,-4.6E-02));
#6416 = VECTOR('',#6417,1.);
#6417 = DIRECTION('',(0.,0.,1.));
#6418 = ORIENTED_EDGE('',*,*,#3514,.F.);
#6419 = ORIENTED_EDGE('',*,*,#6413,.F.);
#6420 = CYLINDRICAL_SURFACE('',#6421,0.5461);
#6421 = AXIS2_PLACEMENT_3D('',#6422,#6423,#6424);
#6422 = CARTESIAN_POINT('',(156.391157,-97.201699,-4.6E-02));
#6423 = DIRECTION('',(-0.,-0.,-1.));
#6424 = DIRECTION('',(-0.,-1.,0.));
#6425 = ADVANCED_FACE('',(#6426),#6437,.F.);
#6426 = FACE_BOUND('',#6427,.T.);
#6427 = EDGE_LOOP('',(#6428,#6429,#6435,#6436));
#6428 = ORIENTED_EDGE('',*,*,#1480,.T.);
#6429 = ORIENTED_EDGE('',*,*,#6430,.T.);
#6430 = EDGE_CURVE('',#1481,#3526,#6431,.T.);
#6431 = LINE('',#6432,#6433);
#6432 = CARTESIAN_POINT('',(156.391157,-95.207799,-4.6E-02));
#6433 = VECTOR('',#6434,1.);
#6434 = DIRECTION('',(0.,0.,1.));
#6435 = ORIENTED_EDGE('',*,*,#3525,.F.);
#6436 = ORIENTED_EDGE('',*,*,#6430,.F.);
#6437 = CYLINDRICAL_SURFACE('',#6438,0.5461);
#6438 = AXIS2_PLACEMENT_3D('',#6439,#6440,#6441);
#6439 = CARTESIAN_POINT('',(156.391157,-94.661699,-4.6E-02));
#6440 = DIRECTION('',(-0.,-0.,-1.));
#6441 = DIRECTION('',(-0.,-1.,0.));
#6442 = ADVANCED_FACE('',(#6443),#6454,.F.);
#6443 = FACE_BOUND('',#6444,.T.);
#6444 = EDGE_LOOP('',(#6445,#6446,#6452,#6453));
#6445 = ORIENTED_EDGE('',*,*,#1491,.T.);
#6446 = ORIENTED_EDGE('',*,*,#6447,.T.);
#6447 = EDGE_CURVE('',#1492,#3537,#6448,.T.);
#6448 = LINE('',#6449,#6450);
#6449 = CARTESIAN_POINT('',(156.391157,-92.667799,-4.6E-02));
#6450 = VECTOR('',#6451,1.);
#6451 = DIRECTION('',(0.,0.,1.));
#6452 = ORIENTED_EDGE('',*,*,#3536,.F.);
#6453 = ORIENTED_EDGE('',*,*,#6447,.F.);
#6454 = CYLINDRICAL_SURFACE('',#6455,0.5461);
#6455 = AXIS2_PLACEMENT_3D('',#6456,#6457,#6458);
#6456 = CARTESIAN_POINT('',(156.391157,-92.121699,-4.6E-02));
#6457 = DIRECTION('',(-0.,-0.,-1.));
#6458 = DIRECTION('',(-0.,-1.,0.));
#6459 = ADVANCED_FACE('',(#6460),#6471,.F.);
#6460 = FACE_BOUND('',#6461,.T.);
#6461 = EDGE_LOOP('',(#6462,#6463,#6469,#6470));
#6462 = ORIENTED_EDGE('',*,*,#1502,.T.);
#6463 = ORIENTED_EDGE('',*,*,#6464,.T.);
#6464 = EDGE_CURVE('',#1503,#3548,#6465,.T.);
#6465 = LINE('',#6466,#6467);
#6466 = CARTESIAN_POINT('',(190.409862,-96.661926,-4.6E-02));
#6467 = VECTOR('',#6468,1.);
#6468 = DIRECTION('',(0.,0.,1.));
#6469 = ORIENTED_EDGE('',*,*,#3547,.F.);
#6470 = ORIENTED_EDGE('',*,*,#6464,.F.);
#6471 = CYLINDRICAL_SURFACE('',#6472,0.95);
#6472 = AXIS2_PLACEMENT_3D('',#6473,#6474,#6475);
#6473 = CARTESIAN_POINT('',(190.409862,-95.711926,-4.6E-02));
#6474 = DIRECTION('',(-0.,0.,-1.));
#6475 = DIRECTION('',(2.991758887411E-14,-1.,-0.));
#6476 = ADVANCED_FACE('',(#6477),#6488,.F.);
#6477 = FACE_BOUND('',#6478,.T.);
#6478 = EDGE_LOOP('',(#6479,#6480,#6486,#6487));
#6479 = ORIENTED_EDGE('',*,*,#1513,.T.);
#6480 = ORIENTED_EDGE('',*,*,#6481,.T.);
#6481 = EDGE_CURVE('',#1514,#3559,#6482,.T.);
#6482 = LINE('',#6483,#6484);
#6483 = CARTESIAN_POINT('',(195.396528,-96.792616,-4.6E-02));
#6484 = VECTOR('',#6485,1.);
#6485 = DIRECTION('',(0.,0.,1.));
#6486 = ORIENTED_EDGE('',*,*,#3558,.F.);
#6487 = ORIENTED_EDGE('',*,*,#6481,.F.);
#6488 = CYLINDRICAL_SURFACE('',#6489,2.05);
#6489 = AXIS2_PLACEMENT_3D('',#6490,#6491,#6492);
#6490 = CARTESIAN_POINT('',(195.396528,-94.742616,-4.6E-02));
#6491 = DIRECTION('',(-0.,-0.,-1.));
#6492 = DIRECTION('',(-0.,-1.,0.));
#6493 = ADVANCED_FACE('',(#6494),#6505,.F.);
#6494 = FACE_BOUND('',#6495,.T.);
#6495 = EDGE_LOOP('',(#6496,#6497,#6503,#6504));
#6496 = ORIENTED_EDGE('',*,*,#1524,.T.);
#6497 = ORIENTED_EDGE('',*,*,#6498,.T.);
#6498 = EDGE_CURVE('',#1525,#3570,#6499,.T.);
#6499 = LINE('',#6500,#6501);
#6500 = CARTESIAN_POINT('',(191.171874,-94.476265,-4.6E-02));
#6501 = VECTOR('',#6502,1.);
#6502 = DIRECTION('',(0.,0.,1.));
#6503 = ORIENTED_EDGE('',*,*,#3569,.F.);
#6504 = ORIENTED_EDGE('',*,*,#6498,.F.);
#6505 = CYLINDRICAL_SURFACE('',#6506,1.5);
#6506 = AXIS2_PLACEMENT_3D('',#6507,#6508,#6509);
#6507 = CARTESIAN_POINT('',(191.171874,-92.976265,-4.6E-02));
#6508 = DIRECTION('',(-0.,-0.,-1.));
#6509 = DIRECTION('',(-0.,-1.,0.));
#6510 = ADVANCED_FACE('',(#6511),#6522,.F.);
#6511 = FACE_BOUND('',#6512,.T.);
#6512 = EDGE_LOOP('',(#6513,#6514,#6520,#6521));
#6513 = ORIENTED_EDGE('',*,*,#1535,.T.);
#6514 = ORIENTED_EDGE('',*,*,#6515,.T.);
#6515 = EDGE_CURVE('',#1536,#3581,#6516,.T.);
#6516 = LINE('',#6517,#6518);
#6517 = CARTESIAN_POINT('',(200.383194,-94.723306,-4.6E-02));
#6518 = VECTOR('',#6519,1.);
#6519 = DIRECTION('',(0.,0.,1.));
#6520 = ORIENTED_EDGE('',*,*,#3580,.F.);
#6521 = ORIENTED_EDGE('',*,*,#6515,.F.);
#6522 = CYLINDRICAL_SURFACE('',#6523,0.95);
#6523 = AXIS2_PLACEMENT_3D('',#6524,#6525,#6526);
#6524 = CARTESIAN_POINT('',(200.383194,-93.773306,-4.6E-02));
#6525 = DIRECTION('',(-0.,-0.,-1.));
#6526 = DIRECTION('',(-0.,-1.,0.));
#6527 = ADVANCED_FACE('',(#6528),#6539,.F.);
#6528 = FACE_BOUND('',#6529,.T.);
#6529 = EDGE_LOOP('',(#6530,#6531,#6537,#6538));
#6530 = ORIENTED_EDGE('',*,*,#1546,.T.);
#6531 = ORIENTED_EDGE('',*,*,#6532,.T.);
#6532 = EDGE_CURVE('',#1547,#3592,#6533,.T.);
#6533 = LINE('',#6534,#6535);
#6534 = CARTESIAN_POINT('',(196.920551,-90.771295,-4.6E-02));
#6535 = VECTOR('',#6536,1.);
#6536 = DIRECTION('',(0.,0.,1.));
#6537 = ORIENTED_EDGE('',*,*,#3591,.F.);
#6538 = ORIENTED_EDGE('',*,*,#6532,.F.);
#6539 = CYLINDRICAL_SURFACE('',#6540,1.5);
#6540 = AXIS2_PLACEMENT_3D('',#6541,#6542,#6543);
#6541 = CARTESIAN_POINT('',(196.920551,-89.271295,-4.6E-02));
#6542 = DIRECTION('',(-0.,-0.,-1.));
#6543 = DIRECTION('',(-0.,-1.,0.));
#6544 = ADVANCED_FACE('',(#6545),#6556,.F.);
#6545 = FACE_BOUND('',#6546,.T.);
#6546 = EDGE_LOOP('',(#6547,#6548,#6554,#6555));
#6547 = ORIENTED_EDGE('',*,*,#1557,.T.);
#6548 = ORIENTED_EDGE('',*,*,#6549,.T.);
#6549 = EDGE_CURVE('',#1558,#3603,#6550,.T.);
#6550 = LINE('',#6551,#6552);
#6551 = CARTESIAN_POINT('',(207.725116,-86.165165,-4.6E-02));
#6552 = VECTOR('',#6553,1.);
#6553 = DIRECTION('',(0.,0.,1.));
#6554 = ORIENTED_EDGE('',*,*,#3602,.F.);
#6555 = ORIENTED_EDGE('',*,*,#6549,.F.);
#6556 = CYLINDRICAL_SURFACE('',#6557,0.95);
#6557 = AXIS2_PLACEMENT_3D('',#6558,#6559,#6560);
#6558 = CARTESIAN_POINT('',(207.725116,-85.215165,-4.6E-02));
#6559 = DIRECTION('',(-0.,-0.,-1.));
#6560 = DIRECTION('',(-0.,-1.,0.));
#6561 = ADVANCED_FACE('',(#6562),#6573,.F.);
#6562 = FACE_BOUND('',#6563,.T.);
#6563 = EDGE_LOOP('',(#6564,#6565,#6571,#6572));
#6564 = ORIENTED_EDGE('',*,*,#1568,.T.);
#6565 = ORIENTED_EDGE('',*,*,#6566,.T.);
#6566 = EDGE_CURVE('',#1569,#3614,#6567,.T.);
#6567 = LINE('',#6568,#6569);
#6568 = CARTESIAN_POINT('',(212.711782,-86.295855,-4.6E-02));
#6569 = VECTOR('',#6570,1.);
#6570 = DIRECTION('',(0.,0.,1.));
#6571 = ORIENTED_EDGE('',*,*,#3613,.F.);
#6572 = ORIENTED_EDGE('',*,*,#6566,.F.);
#6573 = CYLINDRICAL_SURFACE('',#6574,2.05);
#6574 = AXIS2_PLACEMENT_3D('',#6575,#6576,#6577);
#6575 = CARTESIAN_POINT('',(212.711782,-84.245855,-4.6E-02));
#6576 = DIRECTION('',(-0.,-0.,-1.));
#6577 = DIRECTION('',(-0.,-1.,0.));
#6578 = ADVANCED_FACE('',(#6579),#6590,.F.);
#6579 = FACE_BOUND('',#6580,.T.);
#6580 = EDGE_LOOP('',(#6581,#6582,#6588,#6589));
#6581 = ORIENTED_EDGE('',*,*,#1579,.T.);
#6582 = ORIENTED_EDGE('',*,*,#6583,.T.);
#6583 = EDGE_CURVE('',#1580,#3625,#6584,.T.);
#6584 = LINE('',#6585,#6586);
#6585 = CARTESIAN_POINT('',(208.487128,-83.979504,-4.6E-02));
#6586 = VECTOR('',#6587,1.);
#6587 = DIRECTION('',(0.,0.,1.));
#6588 = ORIENTED_EDGE('',*,*,#3624,.F.);
#6589 = ORIENTED_EDGE('',*,*,#6583,.F.);
#6590 = CYLINDRICAL_SURFACE('',#6591,1.5);
#6591 = AXIS2_PLACEMENT_3D('',#6592,#6593,#6594);
#6592 = CARTESIAN_POINT('',(208.487128,-82.479504,-4.6E-02));
#6593 = DIRECTION('',(-0.,-0.,-1.));
#6594 = DIRECTION('',(-0.,-1.,0.));
#6595 = ADVANCED_FACE('',(#6596),#6607,.F.);
#6596 = FACE_BOUND('',#6597,.T.);
#6597 = EDGE_LOOP('',(#6598,#6599,#6605,#6606));
#6598 = ORIENTED_EDGE('',*,*,#1590,.T.);
#6599 = ORIENTED_EDGE('',*,*,#6600,.T.);
#6600 = EDGE_CURVE('',#1591,#3636,#6601,.T.);
#6601 = LINE('',#6602,#6603);
#6602 = CARTESIAN_POINT('',(186.784491,-78.011009,-4.6E-02));
#6603 = VECTOR('',#6604,1.);
#6604 = DIRECTION('',(0.,0.,1.));
#6605 = ORIENTED_EDGE('',*,*,#3635,.F.);
#6606 = ORIENTED_EDGE('',*,*,#6600,.F.);
#6607 = CYLINDRICAL_SURFACE('',#6608,0.95);
#6608 = AXIS2_PLACEMENT_3D('',#6609,#6610,#6611);
#6609 = CARTESIAN_POINT('',(186.784491,-77.061009,-4.6E-02));
#6610 = DIRECTION('',(-0.,-0.,-1.));
#6611 = DIRECTION('',(-0.,-1.,0.));
#6612 = ADVANCED_FACE('',(#6613),#6624,.F.);
#6613 = FACE_BOUND('',#6614,.T.);
#6614 = EDGE_LOOP('',(#6615,#6616,#6622,#6623));
#6615 = ORIENTED_EDGE('',*,*,#1601,.T.);
#6616 = ORIENTED_EDGE('',*,*,#6617,.T.);
#6617 = EDGE_CURVE('',#1602,#3647,#6618,.T.);
#6618 = LINE('',#6619,#6620);
#6619 = CARTESIAN_POINT('',(187.546503,-75.825348,-4.6E-02));
#6620 = VECTOR('',#6621,1.);
#6621 = DIRECTION('',(0.,0.,1.));
#6622 = ORIENTED_EDGE('',*,*,#3646,.F.);
#6623 = ORIENTED_EDGE('',*,*,#6617,.F.);
#6624 = CYLINDRICAL_SURFACE('',#6625,1.5);
#6625 = AXIS2_PLACEMENT_3D('',#6626,#6627,#6628);
#6626 = CARTESIAN_POINT('',(187.546503,-74.325348,-4.6E-02));
#6627 = DIRECTION('',(-0.,-0.,-1.));
#6628 = DIRECTION('',(-0.,-1.,0.));
#6629 = ADVANCED_FACE('',(#6630),#6641,.F.);
#6630 = FACE_BOUND('',#6631,.T.);
#6631 = EDGE_LOOP('',(#6632,#6633,#6639,#6640));
#6632 = ORIENTED_EDGE('',*,*,#1612,.T.);
#6633 = ORIENTED_EDGE('',*,*,#6634,.T.);
#6634 = EDGE_CURVE('',#1613,#3658,#6635,.T.);
#6635 = LINE('',#6636,#6637);
#6636 = CARTESIAN_POINT('',(191.771157,-78.141699,-4.6E-02));
#6637 = VECTOR('',#6638,1.);
#6638 = DIRECTION('',(0.,0.,1.));
#6639 = ORIENTED_EDGE('',*,*,#3657,.F.);
#6640 = ORIENTED_EDGE('',*,*,#6634,.F.);
#6641 = CYLINDRICAL_SURFACE('',#6642,2.05);
#6642 = AXIS2_PLACEMENT_3D('',#6643,#6644,#6645);
#6643 = CARTESIAN_POINT('',(191.771157,-76.091699,-4.6E-02));
#6644 = DIRECTION('',(-0.,-0.,-1.));
#6645 = DIRECTION('',(-1.386424850264E-14,-1.,0.));
#6646 = ADVANCED_FACE('',(#6647),#6658,.F.);
#6647 = FACE_BOUND('',#6648,.T.);
#6648 = EDGE_LOOP('',(#6649,#6650,#6656,#6657));
#6649 = ORIENTED_EDGE('',*,*,#1623,.T.);
#6650 = ORIENTED_EDGE('',*,*,#6651,.T.);
#6651 = EDGE_CURVE('',#1624,#3669,#6652,.T.);
#6652 = LINE('',#6653,#6654);
#6653 = CARTESIAN_POINT('',(196.757823,-76.072389,-4.6E-02));
#6654 = VECTOR('',#6655,1.);
#6655 = DIRECTION('',(0.,0.,1.));
#6656 = ORIENTED_EDGE('',*,*,#3668,.F.);
#6657 = ORIENTED_EDGE('',*,*,#6651,.F.);
#6658 = CYLINDRICAL_SURFACE('',#6659,0.95);
#6659 = AXIS2_PLACEMENT_3D('',#6660,#6661,#6662);
#6660 = CARTESIAN_POINT('',(196.757823,-75.122389,-4.6E-02));
#6661 = DIRECTION('',(-0.,-0.,-1.));
#6662 = DIRECTION('',(-0.,-1.,0.));
#6663 = ADVANCED_FACE('',(#6664),#6675,.F.);
#6664 = FACE_BOUND('',#6665,.T.);
#6665 = EDGE_LOOP('',(#6666,#6667,#6673,#6674));
#6666 = ORIENTED_EDGE('',*,*,#1634,.T.);
#6667 = ORIENTED_EDGE('',*,*,#6668,.T.);
#6668 = EDGE_CURVE('',#1635,#3680,#6669,.T.);
#6669 = LINE('',#6670,#6671);
#6670 = CARTESIAN_POINT('',(217.861176,-98.92545,-4.6E-02));
#6671 = VECTOR('',#6672,1.);
#6672 = DIRECTION('',(0.,0.,1.));
#6673 = ORIENTED_EDGE('',*,*,#3679,.F.);
#6674 = ORIENTED_EDGE('',*,*,#6668,.F.);
#6675 = CYLINDRICAL_SURFACE('',#6676,1.5);
#6676 = AXIS2_PLACEMENT_3D('',#6677,#6678,#6679);
#6677 = CARTESIAN_POINT('',(217.861176,-97.42545,-4.6E-02));
#6678 = DIRECTION('',(-0.,-0.,-1.));
#6679 = DIRECTION('',(-0.,-1.,0.));
#6680 = ADVANCED_FACE('',(#6681),#6692,.F.);
#6681 = FACE_BOUND('',#6682,.T.);
#6682 = EDGE_LOOP('',(#6683,#6684,#6690,#6691));
#6683 = ORIENTED_EDGE('',*,*,#1645,.T.);
#6684 = ORIENTED_EDGE('',*,*,#6685,.T.);
#6685 = EDGE_CURVE('',#1646,#3691,#6686,.T.);
#6686 = LINE('',#6687,#6688);
#6687 = CARTESIAN_POINT('',(228.608497,-94.024832,-4.6E-02));
#6688 = VECTOR('',#6689,1.);
#6689 = DIRECTION('',(0.,0.,1.));
#6690 = ORIENTED_EDGE('',*,*,#3690,.F.);
#6691 = ORIENTED_EDGE('',*,*,#6685,.F.);
#6692 = CYLINDRICAL_SURFACE('',#6693,0.95);
#6693 = AXIS2_PLACEMENT_3D('',#6694,#6695,#6696);
#6694 = CARTESIAN_POINT('',(228.608497,-93.074832,-4.6E-02));
#6695 = DIRECTION('',(-0.,-0.,-1.));
#6696 = DIRECTION('',(-0.,-1.,0.));
#6697 = ADVANCED_FACE('',(#6698),#6709,.F.);
#6698 = FACE_BOUND('',#6699,.T.);
#6699 = EDGE_LOOP('',(#6700,#6701,#6707,#6708));
#6700 = ORIENTED_EDGE('',*,*,#1656,.T.);
#6701 = ORIENTED_EDGE('',*,*,#6702,.T.);
#6702 = EDGE_CURVE('',#1657,#3702,#6703,.T.);
#6703 = LINE('',#6704,#6705);
#6704 = CARTESIAN_POINT('',(233.595163,-94.155522,-4.6E-02));
#6705 = VECTOR('',#6706,1.);
#6706 = DIRECTION('',(0.,0.,1.));
#6707 = ORIENTED_EDGE('',*,*,#3701,.F.);
#6708 = ORIENTED_EDGE('',*,*,#6702,.F.);
#6709 = CYLINDRICAL_SURFACE('',#6710,2.05);
#6710 = AXIS2_PLACEMENT_3D('',#6711,#6712,#6713);
#6711 = CARTESIAN_POINT('',(233.595163,-92.105522,-4.6E-02));
#6712 = DIRECTION('',(-0.,-0.,-1.));
#6713 = DIRECTION('',(-0.,-1.,0.));
#6714 = ADVANCED_FACE('',(#6715),#6726,.F.);
#6715 = FACE_BOUND('',#6716,.T.);
#6716 = EDGE_LOOP('',(#6717,#6718,#6724,#6725));
#6717 = ORIENTED_EDGE('',*,*,#1667,.T.);
#6718 = ORIENTED_EDGE('',*,*,#6719,.T.);
#6719 = EDGE_CURVE('',#1668,#3713,#6720,.T.);
#6720 = LINE('',#6721,#6722);
#6721 = CARTESIAN_POINT('',(229.370509,-91.839171,-4.6E-02));
#6722 = VECTOR('',#6723,1.);
#6723 = DIRECTION('',(0.,0.,1.));
#6724 = ORIENTED_EDGE('',*,*,#3712,.F.);
#6725 = ORIENTED_EDGE('',*,*,#6719,.F.);
#6726 = CYLINDRICAL_SURFACE('',#6727,1.5);
#6727 = AXIS2_PLACEMENT_3D('',#6728,#6729,#6730);
#6728 = CARTESIAN_POINT('',(229.370509,-90.339171,-4.6E-02));
#6729 = DIRECTION('',(-0.,-0.,-1.));
#6730 = DIRECTION('',(-0.,-1.,0.));
#6731 = ADVANCED_FACE('',(#6732),#6743,.F.);
#6732 = FACE_BOUND('',#6733,.T.);
#6733 = EDGE_LOOP('',(#6734,#6735,#6741,#6742));
#6734 = ORIENTED_EDGE('',*,*,#1678,.T.);
#6735 = ORIENTED_EDGE('',*,*,#6736,.T.);
#6736 = EDGE_CURVE('',#1679,#3724,#6737,.T.);
#6737 = LINE('',#6738,#6739);
#6738 = CARTESIAN_POINT('',(238.581829,-92.086212,-4.6E-02));
#6739 = VECTOR('',#6740,1.);
#6740 = DIRECTION('',(0.,0.,1.));
#6741 = ORIENTED_EDGE('',*,*,#3723,.F.);
#6742 = ORIENTED_EDGE('',*,*,#6736,.F.);
#6743 = CYLINDRICAL_SURFACE('',#6744,0.95);
#6744 = AXIS2_PLACEMENT_3D('',#6745,#6746,#6747);
#6745 = CARTESIAN_POINT('',(238.581829,-91.136212,-4.6E-02));
#6746 = DIRECTION('',(-0.,-0.,-1.));
#6747 = DIRECTION('',(-0.,-1.,0.));
#6748 = ADVANCED_FACE('',(#6749),#6760,.F.);
#6749 = FACE_BOUND('',#6750,.T.);
#6750 = EDGE_LOOP('',(#6751,#6752,#6758,#6759));
#6751 = ORIENTED_EDGE('',*,*,#1689,.T.);
#6752 = ORIENTED_EDGE('',*,*,#6753,.T.);
#6753 = EDGE_CURVE('',#1690,#3735,#6754,.T.);
#6754 = LINE('',#6755,#6756);
#6755 = CARTESIAN_POINT('',(235.119186,-88.134201,-4.6E-02));
#6756 = VECTOR('',#6757,1.);
#6757 = DIRECTION('',(0.,0.,1.));
#6758 = ORIENTED_EDGE('',*,*,#3734,.F.);
#6759 = ORIENTED_EDGE('',*,*,#6753,.F.);
#6760 = CYLINDRICAL_SURFACE('',#6761,1.5);
#6761 = AXIS2_PLACEMENT_3D('',#6762,#6763,#6764);
#6762 = CARTESIAN_POINT('',(235.119186,-86.634201,-4.6E-02));
#6763 = DIRECTION('',(-0.,-0.,-1.));
#6764 = DIRECTION('',(-0.,-1.,0.));
#6765 = ADVANCED_FACE('',(#6766),#6777,.F.);
#6766 = FACE_BOUND('',#6767,.T.);
#6767 = EDGE_LOOP('',(#6768,#6769,#6775,#6776));
#6768 = ORIENTED_EDGE('',*,*,#1700,.T.);
#6769 = ORIENTED_EDGE('',*,*,#6770,.T.);
#6770 = EDGE_CURVE('',#1701,#3746,#6771,.T.);
#6771 = LINE('',#6772,#6773);
#6772 = CARTESIAN_POINT('',(248.461511,-96.583712,-4.6E-02));
#6773 = VECTOR('',#6774,1.);
#6774 = DIRECTION('',(0.,0.,1.));
#6775 = ORIENTED_EDGE('',*,*,#3745,.F.);
#6776 = ORIENTED_EDGE('',*,*,#6770,.F.);
#6777 = CYLINDRICAL_SURFACE('',#6778,0.95);
#6778 = AXIS2_PLACEMENT_3D('',#6779,#6780,#6781);
#6779 = CARTESIAN_POINT('',(248.461511,-95.633712,-4.6E-02));
#6780 = DIRECTION('',(-0.,-0.,-1.));
#6781 = DIRECTION('',(-0.,-1.,0.));
#6782 = ADVANCED_FACE('',(#6783),#6794,.F.);
#6783 = FACE_BOUND('',#6784,.T.);
#6784 = EDGE_LOOP('',(#6785,#6786,#6792,#6793));
#6785 = ORIENTED_EDGE('',*,*,#1711,.T.);
#6786 = ORIENTED_EDGE('',*,*,#6787,.T.);
#6787 = EDGE_CURVE('',#1712,#3757,#6788,.T.);
#6788 = LINE('',#6789,#6790);
#6789 = CARTESIAN_POINT('',(249.223523,-94.398051,-4.6E-02));
#6790 = VECTOR('',#6791,1.);
#6791 = DIRECTION('',(0.,0.,1.));
#6792 = ORIENTED_EDGE('',*,*,#3756,.F.);
#6793 = ORIENTED_EDGE('',*,*,#6787,.F.);
#6794 = CYLINDRICAL_SURFACE('',#6795,1.5);
#6795 = AXIS2_PLACEMENT_3D('',#6796,#6797,#6798);
#6796 = CARTESIAN_POINT('',(249.223523,-92.898051,-4.6E-02));
#6797 = DIRECTION('',(-0.,-0.,-1.));
#6798 = DIRECTION('',(-0.,-1.,0.));
#6799 = ADVANCED_FACE('',(#6800),#6811,.F.);
#6800 = FACE_BOUND('',#6801,.T.);
#6801 = EDGE_LOOP('',(#6802,#6803,#6809,#6810));
#6802 = ORIENTED_EDGE('',*,*,#1722,.T.);
#6803 = ORIENTED_EDGE('',*,*,#6804,.T.);
#6804 = EDGE_CURVE('',#1723,#3768,#6805,.T.);
#6805 = LINE('',#6806,#6807);
#6806 = CARTESIAN_POINT('',(253.448177,-96.714402,-4.6E-02));
#6807 = VECTOR('',#6808,1.);
#6808 = DIRECTION('',(0.,0.,1.));
#6809 = ORIENTED_EDGE('',*,*,#3767,.F.);
#6810 = ORIENTED_EDGE('',*,*,#6804,.F.);
#6811 = CYLINDRICAL_SURFACE('',#6812,2.05);
#6812 = AXIS2_PLACEMENT_3D('',#6813,#6814,#6815);
#6813 = CARTESIAN_POINT('',(253.448177,-94.664402,-4.6E-02));
#6814 = DIRECTION('',(-0.,-0.,-1.));
#6815 = DIRECTION('',(-0.,-1.,0.));
#6816 = ADVANCED_FACE('',(#6817),#6828,.F.);
#6817 = FACE_BOUND('',#6818,.T.);
#6818 = EDGE_LOOP('',(#6819,#6820,#6826,#6827));
#6819 = ORIENTED_EDGE('',*,*,#1733,.T.);
#6820 = ORIENTED_EDGE('',*,*,#6821,.T.);
#6821 = EDGE_CURVE('',#1734,#3779,#6822,.T.);
#6822 = LINE('',#6823,#6824);
#6823 = CARTESIAN_POINT('',(258.434843,-94.645092,-4.6E-02));
#6824 = VECTOR('',#6825,1.);
#6825 = DIRECTION('',(0.,0.,1.));
#6826 = ORIENTED_EDGE('',*,*,#3778,.F.);
#6827 = ORIENTED_EDGE('',*,*,#6821,.F.);
#6828 = CYLINDRICAL_SURFACE('',#6829,0.95);
#6829 = AXIS2_PLACEMENT_3D('',#6830,#6831,#6832);
#6830 = CARTESIAN_POINT('',(258.434843,-93.695092,-4.6E-02));
#6831 = DIRECTION('',(-0.,-0.,-1.));
#6832 = DIRECTION('',(-0.,-1.,0.));
#6833 = ADVANCED_FACE('',(#6834),#6845,.F.);
#6834 = FACE_BOUND('',#6835,.T.);
#6835 = EDGE_LOOP('',(#6836,#6837,#6843,#6844));
#6836 = ORIENTED_EDGE('',*,*,#1744,.T.);
#6837 = ORIENTED_EDGE('',*,*,#6838,.T.);
#6838 = EDGE_CURVE('',#1745,#3790,#6839,.T.);
#6839 = LINE('',#6840,#6841);
#6840 = CARTESIAN_POINT('',(254.9722,-90.693081,-4.6E-02));
#6841 = VECTOR('',#6842,1.);
#6842 = DIRECTION('',(0.,0.,1.));
#6843 = ORIENTED_EDGE('',*,*,#3789,.F.);
#6844 = ORIENTED_EDGE('',*,*,#6838,.F.);
#6845 = CYLINDRICAL_SURFACE('',#6846,1.5);
#6846 = AXIS2_PLACEMENT_3D('',#6847,#6848,#6849);
#6847 = CARTESIAN_POINT('',(254.9722,-89.193081,-4.6E-02));
#6848 = DIRECTION('',(-0.,-0.,-1.));
#6849 = DIRECTION('',(-0.,-1.,0.));
#6850 = ADVANCED_FACE('',(#6851),#6862,.F.);
#6851 = FACE_BOUND('',#6852,.T.);
#6852 = EDGE_LOOP('',(#6853,#6854,#6860,#6861));
#6853 = ORIENTED_EDGE('',*,*,#1755,.T.);
#6854 = ORIENTED_EDGE('',*,*,#6855,.T.);
#6855 = EDGE_CURVE('',#1756,#3801,#6856,.T.);
#6856 = LINE('',#6857,#6858);
#6857 = CARTESIAN_POINT('',(217.698448,-84.226545,-4.6E-02));
#6858 = VECTOR('',#6859,1.);
#6859 = DIRECTION('',(0.,0.,1.));
#6860 = ORIENTED_EDGE('',*,*,#3800,.F.);
#6861 = ORIENTED_EDGE('',*,*,#6855,.F.);
#6862 = CYLINDRICAL_SURFACE('',#6863,0.95);
#6863 = AXIS2_PLACEMENT_3D('',#6864,#6865,#6866);
#6864 = CARTESIAN_POINT('',(217.698448,-83.276545,-4.6E-02));
#6865 = DIRECTION('',(-0.,0.,-1.));
#6866 = DIRECTION('',(2.991758887411E-14,-1.,-0.));
#6867 = ADVANCED_FACE('',(#6868),#6879,.F.);
#6868 = FACE_BOUND('',#6869,.T.);
#6869 = EDGE_LOOP('',(#6870,#6871,#6877,#6878));
#6870 = ORIENTED_EDGE('',*,*,#1766,.T.);
#6871 = ORIENTED_EDGE('',*,*,#6872,.T.);
#6872 = EDGE_CURVE('',#1767,#3812,#6873,.T.);
#6873 = LINE('',#6874,#6875);
#6874 = CARTESIAN_POINT('',(214.235805,-80.274534,-4.6E-02));
#6875 = VECTOR('',#6876,1.);
#6876 = DIRECTION('',(0.,0.,1.));
#6877 = ORIENTED_EDGE('',*,*,#3811,.F.);
#6878 = ORIENTED_EDGE('',*,*,#6872,.F.);
#6879 = CYLINDRICAL_SURFACE('',#6880,1.5);
#6880 = AXIS2_PLACEMENT_3D('',#6881,#6882,#6883);
#6881 = CARTESIAN_POINT('',(214.235805,-78.774534,-4.6E-02));
#6882 = DIRECTION('',(-0.,-0.,-1.));
#6883 = DIRECTION('',(-0.,-1.,0.));
#6884 = ADVANCED_FACE('',(#6885),#6896,.F.);
#6885 = FACE_BOUND('',#6886,.T.);
#6886 = EDGE_LOOP('',(#6887,#6888,#6894,#6895));
#6887 = ORIENTED_EDGE('',*,*,#1777,.T.);
#6888 = ORIENTED_EDGE('',*,*,#6889,.T.);
#6889 = EDGE_CURVE('',#1778,#3823,#6890,.T.);
#6890 = LINE('',#6891,#6892);
#6891 = CARTESIAN_POINT('',(224.983126,-75.373915,-4.6E-02));
#6892 = VECTOR('',#6893,1.);
#6893 = DIRECTION('',(0.,0.,1.));
#6894 = ORIENTED_EDGE('',*,*,#3822,.F.);
#6895 = ORIENTED_EDGE('',*,*,#6889,.F.);
#6896 = CYLINDRICAL_SURFACE('',#6897,0.95);
#6897 = AXIS2_PLACEMENT_3D('',#6898,#6899,#6900);
#6898 = CARTESIAN_POINT('',(224.983126,-74.423915,-4.6E-02));
#6899 = DIRECTION('',(-0.,-0.,-1.));
#6900 = DIRECTION('',(-0.,-1.,0.));
#6901 = ADVANCED_FACE('',(#6902),#6913,.F.);
#6902 = FACE_BOUND('',#6903,.T.);
#6903 = EDGE_LOOP('',(#6904,#6905,#6911,#6912));
#6904 = ORIENTED_EDGE('',*,*,#1788,.T.);
#6905 = ORIENTED_EDGE('',*,*,#6906,.T.);
#6906 = EDGE_CURVE('',#1789,#3834,#6907,.T.);
#6907 = LINE('',#6908,#6909);
#6908 = CARTESIAN_POINT('',(229.969792,-75.504605,-4.6E-02));
#6909 = VECTOR('',#6910,1.);
#6910 = DIRECTION('',(0.,0.,1.));
#6911 = ORIENTED_EDGE('',*,*,#3833,.F.);
#6912 = ORIENTED_EDGE('',*,*,#6906,.F.);
#6913 = CYLINDRICAL_SURFACE('',#6914,2.05);
#6914 = AXIS2_PLACEMENT_3D('',#6915,#6916,#6917);
#6915 = CARTESIAN_POINT('',(229.969792,-73.454605,-4.6E-02));
#6916 = DIRECTION('',(-0.,0.,-1.));
#6917 = DIRECTION('',(1.386424850264E-14,-1.,-0.));
#6918 = ADVANCED_FACE('',(#6919),#6930,.F.);
#6919 = FACE_BOUND('',#6920,.T.);
#6920 = EDGE_LOOP('',(#6921,#6922,#6928,#6929));
#6921 = ORIENTED_EDGE('',*,*,#1799,.T.);
#6922 = ORIENTED_EDGE('',*,*,#6923,.T.);
#6923 = EDGE_CURVE('',#1800,#3845,#6924,.T.);
#6924 = LINE('',#6925,#6926);
#6925 = CARTESIAN_POINT('',(265.872169,-86.577764,-4.6E-02));
#6926 = VECTOR('',#6927,1.);
#6927 = DIRECTION('',(0.,0.,1.));
#6928 = ORIENTED_EDGE('',*,*,#3844,.F.);
#6929 = ORIENTED_EDGE('',*,*,#6923,.F.);
#6930 = CYLINDRICAL_SURFACE('',#6931,0.95);
#6931 = AXIS2_PLACEMENT_3D('',#6932,#6933,#6934);
#6932 = CARTESIAN_POINT('',(265.872169,-85.627764,-4.6E-02));
#6933 = DIRECTION('',(-0.,-0.,-1.));
#6934 = DIRECTION('',(-0.,-1.,0.));
#6935 = ADVANCED_FACE('',(#6936),#6947,.F.);
#6936 = FACE_BOUND('',#6937,.T.);
#6937 = EDGE_LOOP('',(#6938,#6939,#6945,#6946));
#6938 = ORIENTED_EDGE('',*,*,#1810,.T.);
#6939 = ORIENTED_EDGE('',*,*,#6940,.T.);
#6940 = EDGE_CURVE('',#1811,#3856,#6941,.T.);
#6941 = LINE('',#6942,#6943);
#6942 = CARTESIAN_POINT('',(266.634181,-84.392103,-4.6E-02));
#6943 = VECTOR('',#6944,1.);
#6944 = DIRECTION('',(0.,0.,1.));
#6945 = ORIENTED_EDGE('',*,*,#3855,.F.);
#6946 = ORIENTED_EDGE('',*,*,#6940,.F.);
#6947 = CYLINDRICAL_SURFACE('',#6948,1.5);
#6948 = AXIS2_PLACEMENT_3D('',#6949,#6950,#6951);
#6949 = CARTESIAN_POINT('',(266.634181,-82.892103,-4.6E-02));
#6950 = DIRECTION('',(-0.,-0.,-1.));
#6951 = DIRECTION('',(-0.,-1.,0.));
#6952 = ADVANCED_FACE('',(#6953),#6964,.F.);
#6953 = FACE_BOUND('',#6954,.T.);
#6954 = EDGE_LOOP('',(#6955,#6956,#6962,#6963));
#6955 = ORIENTED_EDGE('',*,*,#1821,.T.);
#6956 = ORIENTED_EDGE('',*,*,#6957,.T.);
#6957 = EDGE_CURVE('',#1822,#3867,#6958,.T.);
#6958 = LINE('',#6959,#6960);
#6959 = CARTESIAN_POINT('',(270.858835,-86.708454,-4.6E-02));
#6960 = VECTOR('',#6961,1.);
#6961 = DIRECTION('',(0.,0.,1.));
#6962 = ORIENTED_EDGE('',*,*,#3866,.F.);
#6963 = ORIENTED_EDGE('',*,*,#6957,.F.);
#6964 = CYLINDRICAL_SURFACE('',#6965,2.05);
#6965 = AXIS2_PLACEMENT_3D('',#6966,#6967,#6968);
#6966 = CARTESIAN_POINT('',(270.858835,-84.658454,-4.6E-02));
#6967 = DIRECTION('',(-0.,-0.,-1.));
#6968 = DIRECTION('',(-0.,-1.,0.));
#6969 = ADVANCED_FACE('',(#6970),#6981,.F.);
#6970 = FACE_BOUND('',#6971,.T.);
#6971 = EDGE_LOOP('',(#6972,#6973,#6979,#6980));
#6972 = ORIENTED_EDGE('',*,*,#1832,.T.);
#6973 = ORIENTED_EDGE('',*,*,#6974,.T.);
#6974 = EDGE_CURVE('',#1833,#3878,#6975,.T.);
#6975 = LINE('',#6976,#6977);
#6976 = CARTESIAN_POINT('',(275.845501,-84.639144,-4.6E-02));
#6977 = VECTOR('',#6978,1.);
#6978 = DIRECTION('',(0.,0.,1.));
#6979 = ORIENTED_EDGE('',*,*,#3877,.F.);
#6980 = ORIENTED_EDGE('',*,*,#6974,.F.);
#6981 = CYLINDRICAL_SURFACE('',#6982,0.95);
#6982 = AXIS2_PLACEMENT_3D('',#6983,#6984,#6985);
#6983 = CARTESIAN_POINT('',(275.845501,-83.689144,-4.6E-02));
#6984 = DIRECTION('',(-0.,-0.,-1.));
#6985 = DIRECTION('',(-0.,-1.,0.));
#6986 = ADVANCED_FACE('',(#6987),#6998,.F.);
#6987 = FACE_BOUND('',#6988,.T.);
#6988 = EDGE_LOOP('',(#6989,#6990,#6996,#6997));
#6989 = ORIENTED_EDGE('',*,*,#1843,.T.);
#6990 = ORIENTED_EDGE('',*,*,#6991,.T.);
#6991 = EDGE_CURVE('',#1844,#3889,#6992,.T.);
#6992 = LINE('',#6993,#6994);
#6993 = CARTESIAN_POINT('',(244.83614,-77.932796,-4.6E-02));
#6994 = VECTOR('',#6995,1.);
#6995 = DIRECTION('',(0.,0.,1.));
#6996 = ORIENTED_EDGE('',*,*,#3888,.F.);
#6997 = ORIENTED_EDGE('',*,*,#6991,.F.);
#6998 = CYLINDRICAL_SURFACE('',#6999,0.95);
#6999 = AXIS2_PLACEMENT_3D('',#7000,#7001,#7002);
#7000 = CARTESIAN_POINT('',(244.83614,-76.982796,-4.6E-02));
#7001 = DIRECTION('',(-0.,-0.,-1.));
#7002 = DIRECTION('',(-0.,-1.,0.));
#7003 = ADVANCED_FACE('',(#7004),#7015,.F.);
#7004 = FACE_BOUND('',#7005,.T.);
#7005 = EDGE_LOOP('',(#7006,#7007,#7013,#7014));
#7006 = ORIENTED_EDGE('',*,*,#1854,.T.);
#7007 = ORIENTED_EDGE('',*,*,#7008,.T.);
#7008 = EDGE_CURVE('',#1855,#3900,#7009,.T.);
#7009 = LINE('',#7010,#7011);
#7010 = CARTESIAN_POINT('',(249.822806,-78.063486,-4.6E-02));
#7011 = VECTOR('',#7012,1.);
#7012 = DIRECTION('',(0.,0.,1.));
#7013 = ORIENTED_EDGE('',*,*,#3899,.F.);
#7014 = ORIENTED_EDGE('',*,*,#7008,.F.);
#7015 = CYLINDRICAL_SURFACE('',#7016,2.05);
#7016 = AXIS2_PLACEMENT_3D('',#7017,#7018,#7019);
#7017 = CARTESIAN_POINT('',(249.822806,-76.013486,-4.6E-02));
#7018 = DIRECTION('',(-0.,-0.,-1.));
#7019 = DIRECTION('',(-0.,-1.,0.));
#7020 = ADVANCED_FACE('',(#7021),#7032,.F.);
#7021 = FACE_BOUND('',#7022,.T.);
#7022 = EDGE_LOOP('',(#7023,#7024,#7030,#7031));
#7023 = ORIENTED_EDGE('',*,*,#1865,.T.);
#7024 = ORIENTED_EDGE('',*,*,#7025,.T.);
#7025 = EDGE_CURVE('',#1866,#3911,#7026,.T.);
#7026 = LINE('',#7027,#7028);
#7027 = CARTESIAN_POINT('',(245.598152,-75.747135,-4.6E-02));
#7028 = VECTOR('',#7029,1.);
#7029 = DIRECTION('',(0.,0.,1.));
#7030 = ORIENTED_EDGE('',*,*,#3910,.F.);
#7031 = ORIENTED_EDGE('',*,*,#7025,.F.);
#7032 = CYLINDRICAL_SURFACE('',#7033,1.5);
#7033 = AXIS2_PLACEMENT_3D('',#7034,#7035,#7036);
#7034 = CARTESIAN_POINT('',(245.598152,-74.247135,-4.6E-02));
#7035 = DIRECTION('',(-0.,-0.,-1.));
#7036 = DIRECTION('',(-0.,-1.,0.));
#7037 = ADVANCED_FACE('',(#7038),#7049,.F.);
#7038 = FACE_BOUND('',#7039,.T.);
#7039 = EDGE_LOOP('',(#7040,#7041,#7047,#7048));
#7040 = ORIENTED_EDGE('',*,*,#1876,.T.);
#7041 = ORIENTED_EDGE('',*,*,#7042,.T.);
#7042 = EDGE_CURVE('',#1877,#3922,#7043,.T.);
#7043 = LINE('',#7044,#7045);
#7044 = CARTESIAN_POINT('',(254.809472,-75.994176,-4.6E-02));
#7045 = VECTOR('',#7046,1.);
#7046 = DIRECTION('',(0.,0.,1.));
#7047 = ORIENTED_EDGE('',*,*,#3921,.F.);
#7048 = ORIENTED_EDGE('',*,*,#7042,.F.);
#7049 = CYLINDRICAL_SURFACE('',#7050,0.95);
#7050 = AXIS2_PLACEMENT_3D('',#7051,#7052,#7053);
#7051 = CARTESIAN_POINT('',(254.809472,-75.044176,-4.6E-02));
#7052 = DIRECTION('',(-0.,-0.,-1.));
#7053 = DIRECTION('',(-0.,-1.,0.));
#7054 = ADVANCED_FACE('',(#7055),#7066,.F.);
#7055 = FACE_BOUND('',#7056,.T.);
#7056 = EDGE_LOOP('',(#7057,#7058,#7064,#7065));
#7057 = ORIENTED_EDGE('',*,*,#1887,.T.);
#7058 = ORIENTED_EDGE('',*,*,#7059,.T.);
#7059 = EDGE_CURVE('',#1888,#3933,#7060,.T.);
#7060 = LINE('',#7061,#7062);
#7061 = CARTESIAN_POINT('',(272.382858,-80.687133,-4.6E-02));
#7062 = VECTOR('',#7063,1.);
#7063 = DIRECTION('',(0.,0.,1.));
#7064 = ORIENTED_EDGE('',*,*,#3932,.F.);
#7065 = ORIENTED_EDGE('',*,*,#7059,.F.);
#7066 = CYLINDRICAL_SURFACE('',#7067,1.5);
#7067 = AXIS2_PLACEMENT_3D('',#7068,#7069,#7070);
#7068 = CARTESIAN_POINT('',(272.382858,-79.187133,-4.6E-02));
#7069 = DIRECTION('',(-0.,-0.,-1.));
#7070 = DIRECTION('',(-0.,-1.,0.));
#7071 = ADVANCED_FACE('',(#7072),#7083,.F.);
#7072 = FACE_BOUND('',#7073,.T.);
#7073 = EDGE_LOOP('',(#7074,#7075,#7081,#7082));
#7074 = ORIENTED_EDGE('',*,*,#1898,.T.);
#7075 = ORIENTED_EDGE('',*,*,#7076,.T.);
#7076 = EDGE_CURVE('',#1899,#3944,#7077,.T.);
#7077 = LINE('',#7078,#7079);
#7078 = CARTESIAN_POINT('',(193.29518,-72.120378,-4.6E-02));
#7079 = VECTOR('',#7080,1.);
#7080 = DIRECTION('',(0.,0.,1.));
#7081 = ORIENTED_EDGE('',*,*,#3943,.F.);
#7082 = ORIENTED_EDGE('',*,*,#7076,.F.);
#7083 = CYLINDRICAL_SURFACE('',#7084,1.5);
#7084 = AXIS2_PLACEMENT_3D('',#7085,#7086,#7087);
#7085 = CARTESIAN_POINT('',(193.29518,-70.620378,-4.6E-02));
#7086 = DIRECTION('',(-0.,-0.,-1.));
#7087 = DIRECTION('',(-0.,-1.,0.));
#7088 = ADVANCED_FACE('',(#7089),#7100,.F.);
#7089 = FACE_BOUND('',#7090,.T.);
#7090 = EDGE_LOOP('',(#7091,#7092,#7098,#7099));
#7091 = ORIENTED_EDGE('',*,*,#1909,.T.);
#7092 = ORIENTED_EDGE('',*,*,#7093,.T.);
#7093 = EDGE_CURVE('',#1910,#3955,#7094,.T.);
#7094 = LINE('',#7095,#7096);
#7095 = CARTESIAN_POINT('',(204.099745,-67.514248,-4.6E-02));
#7096 = VECTOR('',#7097,1.);
#7097 = DIRECTION('',(0.,0.,1.));
#7098 = ORIENTED_EDGE('',*,*,#3954,.F.);
#7099 = ORIENTED_EDGE('',*,*,#7093,.F.);
#7100 = CYLINDRICAL_SURFACE('',#7101,0.95);
#7101 = AXIS2_PLACEMENT_3D('',#7102,#7103,#7104);
#7102 = CARTESIAN_POINT('',(204.099745,-66.564248,-4.6E-02));
#7103 = DIRECTION('',(-0.,0.,-1.));
#7104 = DIRECTION('',(2.991758887411E-14,-1.,-0.));
#7105 = ADVANCED_FACE('',(#7106),#7117,.F.);
#7106 = FACE_BOUND('',#7107,.T.);
#7107 = EDGE_LOOP('',(#7108,#7109,#7115,#7116));
#7108 = ORIENTED_EDGE('',*,*,#1920,.T.);
#7109 = ORIENTED_EDGE('',*,*,#7110,.T.);
#7110 = EDGE_CURVE('',#1921,#3966,#7111,.T.);
#7111 = LINE('',#7112,#7113);
#7112 = CARTESIAN_POINT('',(209.086411,-67.644938,-4.6E-02));
#7113 = VECTOR('',#7114,1.);
#7114 = DIRECTION('',(0.,0.,1.));
#7115 = ORIENTED_EDGE('',*,*,#3965,.F.);
#7116 = ORIENTED_EDGE('',*,*,#7110,.F.);
#7117 = CYLINDRICAL_SURFACE('',#7118,2.05);
#7118 = AXIS2_PLACEMENT_3D('',#7119,#7120,#7121);
#7119 = CARTESIAN_POINT('',(209.086411,-65.594938,-4.6E-02));
#7120 = DIRECTION('',(-0.,-0.,-1.));
#7121 = DIRECTION('',(-0.,-1.,0.));
#7122 = ADVANCED_FACE('',(#7123),#7134,.F.);
#7123 = FACE_BOUND('',#7124,.T.);
#7124 = EDGE_LOOP('',(#7125,#7126,#7132,#7133));
#7125 = ORIENTED_EDGE('',*,*,#1931,.T.);
#7126 = ORIENTED_EDGE('',*,*,#7127,.T.);
#7127 = EDGE_CURVE('',#1932,#3977,#7128,.T.);
#7128 = LINE('',#7129,#7130);
#7129 = CARTESIAN_POINT('',(204.861757,-65.328587,-4.6E-02));
#7130 = VECTOR('',#7131,1.);
#7131 = DIRECTION('',(0.,0.,1.));
#7132 = ORIENTED_EDGE('',*,*,#3976,.F.);
#7133 = ORIENTED_EDGE('',*,*,#7127,.F.);
#7134 = CYLINDRICAL_SURFACE('',#7135,1.5);
#7135 = AXIS2_PLACEMENT_3D('',#7136,#7137,#7138);
#7136 = CARTESIAN_POINT('',(204.861757,-63.828587,-4.6E-02));
#7137 = DIRECTION('',(-0.,-0.,-1.));
#7138 = DIRECTION('',(-0.,-1.,0.));
#7139 = ADVANCED_FACE('',(#7140),#7151,.F.);
#7140 = FACE_BOUND('',#7141,.T.);
#7141 = EDGE_LOOP('',(#7142,#7143,#7149,#7150));
#7142 = ORIENTED_EDGE('',*,*,#1942,.T.);
#7143 = ORIENTED_EDGE('',*,*,#7144,.T.);
#7144 = EDGE_CURVE('',#1943,#3988,#7145,.T.);
#7145 = LINE('',#7146,#7147);
#7146 = CARTESIAN_POINT('',(210.610434,-61.623617,-4.6E-02));
#7147 = VECTOR('',#7148,1.);
#7148 = DIRECTION('',(0.,0.,1.));
#7149 = ORIENTED_EDGE('',*,*,#3987,.F.);
#7150 = ORIENTED_EDGE('',*,*,#7144,.F.);
#7151 = CYLINDRICAL_SURFACE('',#7152,1.5);
#7152 = AXIS2_PLACEMENT_3D('',#7153,#7154,#7155);
#7153 = CARTESIAN_POINT('',(210.610434,-60.123617,-4.6E-02));
#7154 = DIRECTION('',(-0.,-0.,-1.));
#7155 = DIRECTION('',(-0.,-1.,0.));
#7156 = ADVANCED_FACE('',(#7157),#7168,.F.);
#7157 = FACE_BOUND('',#7158,.T.);
#7158 = EDGE_LOOP('',(#7159,#7160,#7166,#7167));
#7159 = ORIENTED_EDGE('',*,*,#1953,.T.);
#7160 = ORIENTED_EDGE('',*,*,#7161,.T.);
#7161 = EDGE_CURVE('',#1954,#3999,#7162,.T.);
#7162 = LINE('',#7163,#7164);
#7163 = CARTESIAN_POINT('',(225.745138,-73.188254,-4.6E-02));
#7164 = VECTOR('',#7165,1.);
#7165 = DIRECTION('',(0.,0.,1.));
#7166 = ORIENTED_EDGE('',*,*,#3998,.F.);
#7167 = ORIENTED_EDGE('',*,*,#7161,.F.);
#7168 = CYLINDRICAL_SURFACE('',#7169,1.5);
#7169 = AXIS2_PLACEMENT_3D('',#7170,#7171,#7172);
#7170 = CARTESIAN_POINT('',(225.745138,-71.688254,-4.6E-02));
#7171 = DIRECTION('',(-0.,-0.,-1.));
#7172 = DIRECTION('',(-0.,-1.,0.));
#7173 = ADVANCED_FACE('',(#7174),#7185,.F.);
#7174 = FACE_BOUND('',#7175,.T.);
#7175 = EDGE_LOOP('',(#7176,#7177,#7183,#7184));
#7176 = ORIENTED_EDGE('',*,*,#1964,.T.);
#7177 = ORIENTED_EDGE('',*,*,#7178,.T.);
#7178 = EDGE_CURVE('',#1965,#4010,#7179,.T.);
#7179 = LINE('',#7180,#7181);
#7180 = CARTESIAN_POINT('',(234.956458,-73.435295,-4.6E-02));
#7181 = VECTOR('',#7182,1.);
#7182 = DIRECTION('',(0.,0.,1.));
#7183 = ORIENTED_EDGE('',*,*,#4009,.F.);
#7184 = ORIENTED_EDGE('',*,*,#7178,.F.);
#7185 = CYLINDRICAL_SURFACE('',#7186,0.95);
#7186 = AXIS2_PLACEMENT_3D('',#7187,#7188,#7189);
#7187 = CARTESIAN_POINT('',(234.956458,-72.485295,-4.6E-02));
#7188 = DIRECTION('',(-0.,-0.,-1.));
#7189 = DIRECTION('',(-0.,-1.,0.));
#7190 = ADVANCED_FACE('',(#7191),#7202,.F.);
#7191 = FACE_BOUND('',#7192,.T.);
#7192 = EDGE_LOOP('',(#7193,#7194,#7200,#7201));
#7193 = ORIENTED_EDGE('',*,*,#1975,.T.);
#7194 = ORIENTED_EDGE('',*,*,#7195,.T.);
#7195 = EDGE_CURVE('',#1976,#4021,#7196,.T.);
#7196 = LINE('',#7197,#7198);
#7197 = CARTESIAN_POINT('',(231.493815,-69.483284,-4.6E-02));
#7198 = VECTOR('',#7199,1.);
#7199 = DIRECTION('',(0.,0.,1.));
#7200 = ORIENTED_EDGE('',*,*,#4020,.F.);
#7201 = ORIENTED_EDGE('',*,*,#7195,.F.);
#7202 = CYLINDRICAL_SURFACE('',#7203,1.5);
#7203 = AXIS2_PLACEMENT_3D('',#7204,#7205,#7206);
#7204 = CARTESIAN_POINT('',(231.493815,-67.983284,-4.6E-02));
#7205 = DIRECTION('',(-0.,-0.,-1.));
#7206 = DIRECTION('',(-0.,-1.,0.));
#7207 = ADVANCED_FACE('',(#7208),#7219,.F.);
#7208 = FACE_BOUND('',#7209,.T.);
#7209 = EDGE_LOOP('',(#7210,#7211,#7217,#7218));
#7210 = ORIENTED_EDGE('',*,*,#1986,.T.);
#7211 = ORIENTED_EDGE('',*,*,#7212,.T.);
#7212 = EDGE_CURVE('',#1987,#4032,#7213,.T.);
#7213 = LINE('',#7214,#7215);
#7214 = CARTESIAN_POINT('',(214.073077,-65.575628,-4.6E-02));
#7215 = VECTOR('',#7216,1.);
#7216 = DIRECTION('',(0.,0.,1.));
#7217 = ORIENTED_EDGE('',*,*,#4031,.F.);
#7218 = ORIENTED_EDGE('',*,*,#7212,.F.);
#7219 = CYLINDRICAL_SURFACE('',#7220,0.95);
#7220 = AXIS2_PLACEMENT_3D('',#7221,#7222,#7223);
#7221 = CARTESIAN_POINT('',(214.073077,-64.625628,-4.6E-02));
#7222 = DIRECTION('',(-0.,-0.,-1.));
#7223 = DIRECTION('',(-0.,-1.,0.));
#7224 = ADVANCED_FACE('',(#7225),#7236,.F.);
#7225 = FACE_BOUND('',#7226,.T.);
#7226 = EDGE_LOOP('',(#7227,#7228,#7234,#7235));
#7227 = ORIENTED_EDGE('',*,*,#1997,.T.);
#7228 = ORIENTED_EDGE('',*,*,#7229,.T.);
#7229 = EDGE_CURVE('',#1998,#4043,#7230,.T.);
#7230 = LINE('',#7231,#7232);
#7231 = CARTESIAN_POINT('',(251.346829,-72.042165,-4.6E-02));
#7232 = VECTOR('',#7233,1.);
#7233 = DIRECTION('',(0.,0.,1.));
#7234 = ORIENTED_EDGE('',*,*,#4042,.F.);
#7235 = ORIENTED_EDGE('',*,*,#7229,.F.);
#7236 = CYLINDRICAL_SURFACE('',#7237,1.5);
#7237 = AXIS2_PLACEMENT_3D('',#7238,#7239,#7240);
#7238 = CARTESIAN_POINT('',(251.346829,-70.542165,-4.6E-02));
#7239 = DIRECTION('',(-0.,-0.,-1.));
#7240 = DIRECTION('',(-0.,-1.,0.));
#7241 = ADVANCED_FACE('',(#7242),#7253,.F.);
#7242 = FACE_BOUND('',#7243,.T.);
#7243 = EDGE_LOOP('',(#7244,#7245,#7251,#7252));
#7244 = ORIENTED_EDGE('',*,*,#2008,.T.);
#7245 = ORIENTED_EDGE('',*,*,#7246,.T.);
#7246 = EDGE_CURVE('',#2009,#4054,#7247,.T.);
#7247 = LINE('',#7248,#7249);
#7248 = CARTESIAN_POINT('',(262.246798,-67.926848,-4.6E-02));
#7249 = VECTOR('',#7250,1.);
#7250 = DIRECTION('',(0.,0.,1.));
#7251 = ORIENTED_EDGE('',*,*,#4053,.F.);
#7252 = ORIENTED_EDGE('',*,*,#7246,.F.);
#7253 = CYLINDRICAL_SURFACE('',#7254,0.95);
#7254 = AXIS2_PLACEMENT_3D('',#7255,#7256,#7257);
#7255 = CARTESIAN_POINT('',(262.246798,-66.976848,-4.6E-02));
#7256 = DIRECTION('',(-0.,-0.,-1.));
#7257 = DIRECTION('',(-0.,-1.,0.));
#7258 = ADVANCED_FACE('',(#7259),#7270,.F.);
#7259 = FACE_BOUND('',#7260,.T.);
#7260 = EDGE_LOOP('',(#7261,#7262,#7268,#7269));
#7261 = ORIENTED_EDGE('',*,*,#2019,.T.);
#7262 = ORIENTED_EDGE('',*,*,#7263,.T.);
#7263 = EDGE_CURVE('',#2020,#4065,#7264,.T.);
#7264 = LINE('',#7265,#7266);
#7265 = CARTESIAN_POINT('',(267.233464,-68.057538,-4.6E-02));
#7266 = VECTOR('',#7267,1.);
#7267 = DIRECTION('',(0.,0.,1.));
#7268 = ORIENTED_EDGE('',*,*,#4064,.F.);
#7269 = ORIENTED_EDGE('',*,*,#7263,.F.);
#7270 = CYLINDRICAL_SURFACE('',#7271,2.05);
#7271 = AXIS2_PLACEMENT_3D('',#7272,#7273,#7274);
#7272 = CARTESIAN_POINT('',(267.233464,-66.007538,-4.6E-02));
#7273 = DIRECTION('',(-0.,-0.,-1.));
#7274 = DIRECTION('',(-0.,-1.,0.));
#7275 = ADVANCED_FACE('',(#7276),#7287,.F.);
#7276 = FACE_BOUND('',#7277,.T.);
#7277 = EDGE_LOOP('',(#7278,#7279,#7285,#7286));
#7278 = ORIENTED_EDGE('',*,*,#2030,.T.);
#7279 = ORIENTED_EDGE('',*,*,#7280,.T.);
#7280 = EDGE_CURVE('',#2031,#4076,#7281,.T.);
#7281 = LINE('',#7282,#7283);
#7282 = CARTESIAN_POINT('',(263.00881,-65.741187,-4.6E-02));
#7283 = VECTOR('',#7284,1.);
#7284 = DIRECTION('',(0.,0.,1.));
#7285 = ORIENTED_EDGE('',*,*,#4075,.F.);
#7286 = ORIENTED_EDGE('',*,*,#7280,.F.);
#7287 = CYLINDRICAL_SURFACE('',#7288,1.5);
#7288 = AXIS2_PLACEMENT_3D('',#7289,#7290,#7291);
#7289 = CARTESIAN_POINT('',(263.00881,-64.241187,-4.6E-02));
#7290 = DIRECTION('',(-0.,-0.,-1.));
#7291 = DIRECTION('',(-0.,-1.,0.));
#7292 = ADVANCED_FACE('',(#7293),#7304,.F.);
#7293 = FACE_BOUND('',#7294,.T.);
#7294 = EDGE_LOOP('',(#7295,#7296,#7302,#7303));
#7295 = ORIENTED_EDGE('',*,*,#2041,.T.);
#7296 = ORIENTED_EDGE('',*,*,#7297,.T.);
#7297 = EDGE_CURVE('',#2042,#4087,#7298,.T.);
#7298 = LINE('',#7299,#7300);
#7299 = CARTESIAN_POINT('',(272.22013,-65.988228,-4.6E-02));
#7300 = VECTOR('',#7301,1.);
#7301 = DIRECTION('',(0.,0.,1.));
#7302 = ORIENTED_EDGE('',*,*,#4086,.F.);
#7303 = ORIENTED_EDGE('',*,*,#7297,.F.);
#7304 = CYLINDRICAL_SURFACE('',#7305,0.95);
#7305 = AXIS2_PLACEMENT_3D('',#7306,#7307,#7308);
#7306 = CARTESIAN_POINT('',(272.22013,-65.038228,-4.6E-02));
#7307 = DIRECTION('',(-0.,-0.,-1.));
#7308 = DIRECTION('',(-0.,-1.,0.));
#7309 = ADVANCED_FACE('',(#7310),#7321,.F.);
#7310 = FACE_BOUND('',#7311,.T.);
#7311 = EDGE_LOOP('',(#7312,#7313,#7319,#7320));
#7312 = ORIENTED_EDGE('',*,*,#2052,.T.);
#7313 = ORIENTED_EDGE('',*,*,#7314,.T.);
#7314 = EDGE_CURVE('',#2053,#4098,#7315,.T.);
#7315 = LINE('',#7316,#7317);
#7316 = CARTESIAN_POINT('',(268.757487,-62.036217,-4.6E-02));
#7317 = VECTOR('',#7318,1.);
#7318 = DIRECTION('',(0.,0.,1.));
#7319 = ORIENTED_EDGE('',*,*,#4097,.F.);
#7320 = ORIENTED_EDGE('',*,*,#7314,.F.);
#7321 = CYLINDRICAL_SURFACE('',#7322,1.5);
#7322 = AXIS2_PLACEMENT_3D('',#7323,#7324,#7325);
#7323 = CARTESIAN_POINT('',(268.757487,-60.536217,-4.6E-02));
#7324 = DIRECTION('',(-0.,-0.,-1.));
#7325 = DIRECTION('',(-0.,-1.,0.));
#7326 = ADVANCED_FACE('',(#7327),#7338,.F.);
#7327 = FACE_BOUND('',#7328,.T.);
#7328 = EDGE_LOOP('',(#7329,#7330,#7336,#7337));
#7329 = ORIENTED_EDGE('',*,*,#2063,.T.);
#7330 = ORIENTED_EDGE('',*,*,#7331,.T.);
#7331 = EDGE_CURVE('',#2064,#4109,#7332,.T.);
#7332 = LINE('',#7333,#7334);
#7333 = CARTESIAN_POINT('',(221.357756,-56.722999,-4.6E-02));
#7334 = VECTOR('',#7335,1.);
#7335 = DIRECTION('',(0.,0.,1.));
#7336 = ORIENTED_EDGE('',*,*,#4108,.F.);
#7337 = ORIENTED_EDGE('',*,*,#7331,.F.);
#7338 = CYLINDRICAL_SURFACE('',#7339,0.95);
#7339 = AXIS2_PLACEMENT_3D('',#7340,#7341,#7342);
#7340 = CARTESIAN_POINT('',(221.357756,-55.772999,-4.6E-02));
#7341 = DIRECTION('',(-0.,-0.,-1.));
#7342 = DIRECTION('',(-0.,-1.,0.));
#7343 = ADVANCED_FACE('',(#7344),#7355,.F.);
#7344 = FACE_BOUND('',#7345,.T.);
#7345 = EDGE_LOOP('',(#7346,#7347,#7353,#7354));
#7346 = ORIENTED_EDGE('',*,*,#2074,.T.);
#7347 = ORIENTED_EDGE('',*,*,#7348,.T.);
#7348 = EDGE_CURVE('',#2075,#4120,#7349,.T.);
#7349 = LINE('',#7350,#7351);
#7350 = CARTESIAN_POINT('',(226.344422,-56.853689,-4.6E-02));
#7351 = VECTOR('',#7352,1.);
#7352 = DIRECTION('',(0.,0.,1.));
#7353 = ORIENTED_EDGE('',*,*,#4119,.F.);
#7354 = ORIENTED_EDGE('',*,*,#7348,.F.);
#7355 = CYLINDRICAL_SURFACE('',#7356,2.05);
#7356 = AXIS2_PLACEMENT_3D('',#7357,#7358,#7359);
#7357 = CARTESIAN_POINT('',(226.344422,-54.803689,-4.6E-02));
#7358 = DIRECTION('',(-0.,-0.,-1.));
#7359 = DIRECTION('',(-0.,-1.,0.));
#7360 = ADVANCED_FACE('',(#7361),#7372,.F.);
#7361 = FACE_BOUND('',#7362,.T.);
#7362 = EDGE_LOOP('',(#7363,#7364,#7370,#7371));
#7363 = ORIENTED_EDGE('',*,*,#2085,.T.);
#7364 = ORIENTED_EDGE('',*,*,#7365,.T.);
#7365 = EDGE_CURVE('',#2086,#4131,#7366,.T.);
#7366 = LINE('',#7367,#7368);
#7367 = CARTESIAN_POINT('',(241.210769,-59.281879,-4.6E-02));
#7368 = VECTOR('',#7369,1.);
#7369 = DIRECTION('',(0.,0.,1.));
#7370 = ORIENTED_EDGE('',*,*,#4130,.F.);
#7371 = ORIENTED_EDGE('',*,*,#7365,.F.);
#7372 = CYLINDRICAL_SURFACE('',#7373,0.95);
#7373 = AXIS2_PLACEMENT_3D('',#7374,#7375,#7376);
#7374 = CARTESIAN_POINT('',(241.210769,-58.331879,-4.6E-02));
#7375 = DIRECTION('',(-0.,-0.,-1.));
#7376 = DIRECTION('',(-0.,-1.,0.));
#7377 = ADVANCED_FACE('',(#7378),#7389,.F.);
#7378 = FACE_BOUND('',#7379,.T.);
#7379 = EDGE_LOOP('',(#7380,#7381,#7387,#7388));
#7380 = ORIENTED_EDGE('',*,*,#2096,.T.);
#7381 = ORIENTED_EDGE('',*,*,#7382,.T.);
#7382 = EDGE_CURVE('',#2097,#4142,#7383,.T.);
#7383 = LINE('',#7384,#7385);
#7384 = CARTESIAN_POINT('',(241.972781,-57.096218,-4.6E-02));
#7385 = VECTOR('',#7386,1.);
#7386 = DIRECTION('',(0.,0.,1.));
#7387 = ORIENTED_EDGE('',*,*,#4141,.F.);
#7388 = ORIENTED_EDGE('',*,*,#7382,.F.);
#7389 = CYLINDRICAL_SURFACE('',#7390,1.5);
#7390 = AXIS2_PLACEMENT_3D('',#7391,#7392,#7393);
#7391 = CARTESIAN_POINT('',(241.972781,-55.596218,-4.6E-02));
#7392 = DIRECTION('',(-0.,-0.,-1.));
#7393 = DIRECTION('',(-0.,-1.,0.));
#7394 = ADVANCED_FACE('',(#7395),#7406,.F.);
#7395 = FACE_BOUND('',#7396,.T.);
#7396 = EDGE_LOOP('',(#7397,#7398,#7404,#7405));
#7397 = ORIENTED_EDGE('',*,*,#2107,.T.);
#7398 = ORIENTED_EDGE('',*,*,#7399,.T.);
#7399 = EDGE_CURVE('',#2108,#4153,#7400,.T.);
#7400 = LINE('',#7401,#7402);
#7401 = CARTESIAN_POINT('',(222.119768,-54.537338,-4.6E-02));
#7402 = VECTOR('',#7403,1.);
#7403 = DIRECTION('',(0.,0.,1.));
#7404 = ORIENTED_EDGE('',*,*,#4152,.F.);
#7405 = ORIENTED_EDGE('',*,*,#7399,.F.);
#7406 = CYLINDRICAL_SURFACE('',#7407,1.5);
#7407 = AXIS2_PLACEMENT_3D('',#7408,#7409,#7410);
#7408 = CARTESIAN_POINT('',(222.119768,-53.037338,-4.6E-02));
#7409 = DIRECTION('',(-0.,-0.,-1.));
#7410 = DIRECTION('',(-0.,-1.,0.));
#7411 = ADVANCED_FACE('',(#7412),#7423,.F.);
#7412 = FACE_BOUND('',#7413,.T.);
#7413 = EDGE_LOOP('',(#7414,#7415,#7421,#7422));
#7414 = ORIENTED_EDGE('',*,*,#2118,.T.);
#7415 = ORIENTED_EDGE('',*,*,#7416,.T.);
#7416 = EDGE_CURVE('',#2119,#4164,#7417,.T.);
#7417 = LINE('',#7418,#7419);
#7418 = CARTESIAN_POINT('',(227.868445,-50.832368,-4.6E-02));
#7419 = VECTOR('',#7420,1.);
#7420 = DIRECTION('',(0.,0.,1.));
#7421 = ORIENTED_EDGE('',*,*,#4163,.F.);
#7422 = ORIENTED_EDGE('',*,*,#7416,.F.);
#7423 = CYLINDRICAL_SURFACE('',#7424,1.5);
#7424 = AXIS2_PLACEMENT_3D('',#7425,#7426,#7427);
#7425 = CARTESIAN_POINT('',(227.868445,-49.332368,-4.6E-02));
#7426 = DIRECTION('',(-0.,-0.,-1.));
#7427 = DIRECTION('',(-0.,-1.,0.));
#7428 = ADVANCED_FACE('',(#7429),#7440,.F.);
#7429 = FACE_BOUND('',#7430,.T.);
#7430 = EDGE_LOOP('',(#7431,#7432,#7438,#7439));
#7431 = ORIENTED_EDGE('',*,*,#2129,.T.);
#7432 = ORIENTED_EDGE('',*,*,#7433,.T.);
#7433 = EDGE_CURVE('',#2130,#4175,#7434,.T.);
#7434 = LINE('',#7435,#7436);
#7435 = CARTESIAN_POINT('',(231.331088,-54.784379,-4.6E-02));
#7436 = VECTOR('',#7437,1.);
#7437 = DIRECTION('',(0.,0.,1.));
#7438 = ORIENTED_EDGE('',*,*,#4174,.F.);
#7439 = ORIENTED_EDGE('',*,*,#7433,.F.);
#7440 = CYLINDRICAL_SURFACE('',#7441,0.95);
#7441 = AXIS2_PLACEMENT_3D('',#7442,#7443,#7444);
#7442 = CARTESIAN_POINT('',(231.331088,-53.834379,-4.6E-02));
#7443 = DIRECTION('',(-0.,-0.,-1.));
#7444 = DIRECTION('',(-2.991758887411E-14,-1.,0.));
#7445 = ADVANCED_FACE('',(#7446),#7457,.F.);
#7446 = FACE_BOUND('',#7447,.T.);
#7447 = EDGE_LOOP('',(#7448,#7449,#7455,#7456));
#7448 = ORIENTED_EDGE('',*,*,#2140,.T.);
#7449 = ORIENTED_EDGE('',*,*,#7450,.T.);
#7450 = EDGE_CURVE('',#2141,#4186,#7451,.T.);
#7451 = LINE('',#7452,#7453);
#7452 = CARTESIAN_POINT('',(246.197435,-59.412569,-4.6E-02));
#7453 = VECTOR('',#7454,1.);
#7454 = DIRECTION('',(0.,0.,1.));
#7455 = ORIENTED_EDGE('',*,*,#4185,.F.);
#7456 = ORIENTED_EDGE('',*,*,#7450,.F.);
#7457 = CYLINDRICAL_SURFACE('',#7458,2.05);
#7458 = AXIS2_PLACEMENT_3D('',#7459,#7460,#7461);
#7459 = CARTESIAN_POINT('',(246.197435,-57.362569,-4.6E-02));
#7460 = DIRECTION('',(-0.,0.,-1.));
#7461 = DIRECTION('',(1.386424850264E-14,-1.,-0.));
#7462 = ADVANCED_FACE('',(#7463),#7474,.F.);
#7463 = FACE_BOUND('',#7464,.T.);
#7464 = EDGE_LOOP('',(#7465,#7466,#7472,#7473));
#7465 = ORIENTED_EDGE('',*,*,#2151,.T.);
#7466 = ORIENTED_EDGE('',*,*,#7467,.T.);
#7467 = EDGE_CURVE('',#2152,#4197,#7468,.T.);
#7468 = LINE('',#7469,#7470);
#7469 = CARTESIAN_POINT('',(251.184101,-57.343259,-4.6E-02));
#7470 = VECTOR('',#7471,1.);
#7471 = DIRECTION('',(0.,0.,1.));
#7472 = ORIENTED_EDGE('',*,*,#4196,.F.);
#7473 = ORIENTED_EDGE('',*,*,#7467,.F.);
#7474 = CYLINDRICAL_SURFACE('',#7475,0.95);
#7475 = AXIS2_PLACEMENT_3D('',#7476,#7477,#7478);
#7476 = CARTESIAN_POINT('',(251.184101,-56.393259,-4.6E-02));
#7477 = DIRECTION('',(-0.,-0.,-1.));
#7478 = DIRECTION('',(-0.,-1.,0.));
#7479 = ADVANCED_FACE('',(#7480),#7491,.F.);
#7480 = FACE_BOUND('',#7481,.T.);
#7481 = EDGE_LOOP('',(#7482,#7483,#7489,#7490));
#7482 = ORIENTED_EDGE('',*,*,#2162,.T.);
#7483 = ORIENTED_EDGE('',*,*,#7484,.T.);
#7484 = EDGE_CURVE('',#2163,#4208,#7485,.T.);
#7485 = LINE('',#7486,#7487);
#7486 = CARTESIAN_POINT('',(247.721458,-53.391248,-4.6E-02));
#7487 = VECTOR('',#7488,1.);
#7488 = DIRECTION('',(0.,0.,1.));
#7489 = ORIENTED_EDGE('',*,*,#4207,.F.);
#7490 = ORIENTED_EDGE('',*,*,#7484,.F.);
#7491 = CYLINDRICAL_SURFACE('',#7492,1.5);
#7492 = AXIS2_PLACEMENT_3D('',#7493,#7494,#7495);
#7493 = CARTESIAN_POINT('',(247.721458,-51.891248,-4.6E-02));
#7494 = DIRECTION('',(-0.,-0.,-1.));
#7495 = DIRECTION('',(-0.,-1.,0.));
#7496 = ( GEOMETRIC_REPRESENTATION_CONTEXT(3) 
GLOBAL_UNCERTAINTY_ASSIGNED_CONTEXT((#7500)) 
GLOBAL_UNIT_ASSIGNED_CONTEXT((#7497,#7498,#7499)) REPRESENTATION_CONTEXT
('Context #1','3D Context with UNIT and UNCERTAINTY') );
#7497 = ( LENGTH_UNIT() NAMED_UNIT(*) SI_UNIT(.MILLI.,.METRE.) );
#7498 = ( NAMED_UNIT(*) PLANE_ANGLE_UNIT() SI_UNIT($,.RADIAN.) );
#7499 = ( NAMED_UNIT(*) SI_UNIT($,.STERADIAN.) SOLID_ANGLE_UNIT() );
#7500 = UNCERTAINTY_MEASURE_WITH_UNIT(LENGTH_MEASURE(1.E-07),#7497,
  'distance_accuracy_value','confusion accuracy');
#7501 = SHAPE_DEFINITION_REPRESENTATION(#7502,#25);
#7502 = PRODUCT_DEFINITION_SHAPE('','',#7503);
#7503 = PRODUCT_DEFINITION('design','',#7504,#7507);
#7504 = PRODUCT_DEFINITION_FORMATION('','',#7505);
#7505 = PRODUCT('kicad_poc_PCB','kicad_poc_PCB','',(#7506));
#7506 = PRODUCT_CONTEXT('',#2,'mechanical');
#7507 = PRODUCT_DEFINITION_CONTEXT('part definition',#2,'design');
#7508 = CONTEXT_DEPENDENT_SHAPE_REPRESENTATION(#7509,#7511);
#7509 = ( REPRESENTATION_RELATIONSHIP('','',#25,#10) 
REPRESENTATION_RELATIONSHIP_WITH_TRANSFORMATION(#7510) 
SHAPE_REPRESENTATION_RELATIONSHIP() );
#7510 = ITEM_DEFINED_TRANSFORMATION('','',#11,#15);
#7511 = PRODUCT_DEFINITION_SHAPE('Placement','Placement of an item',
  #7512);
#7512 = NEXT_ASSEMBLY_USAGE_OCCURRENCE('1','','',#5,#7503,$);
#7513 = PRODUCT_RELATED_PRODUCT_CATEGORY('part',$,(#7505));
#7514 = MECHANICAL_DESIGN_GEOMETRIC_PRESENTATION_REPRESENTATION('',(
    #7515),#7496);
#7515 = STYLED_ITEM('color',(#7516),#26);
#7516 = PRESENTATION_STYLE_ASSIGNMENT((#7517));
#7517 = SURFACE_STYLE_USAGE(.BOTH.,#7518);
#7518 = SURFACE_SIDE_STYLE('',(#7519));
#7519 = SURFACE_STYLE_FILL_AREA(#7520);
#7520 = FILL_AREA_STYLE('',(#7521));
#7521 = FILL_AREA_STYLE_COLOUR('',#7522);
#7522 = COLOUR_RGB('',0.313304153717,0.484529207832,0.410020903123);
ENDSEC;
END-ISO-10303-21;
